[INFO] [launch]: All log files can be found below /home/robot/.ros/log/2025-09-05-17-26-56-043286-robot-pc04-9045
[INFO] [launch]: Default logging verbosity is set to INFO
[INFO] [async_slam_toolbox_node-1]: process started with pid [9060]
[INFO] [controller_server-2]: process started with pid [9062]
[INFO] [smoother_server-3]: process started with pid [9064]
[INFO] [planner_server-4]: process started with pid [9066]
[INFO] [behavior_server-5]: process started with pid [9068]
[INFO] [bt_navigator-6]: process started with pid [9070]
[INFO] [waypoint_follower-7]: process started with pid [9072]
[INFO] [velocity_smoother-8]: process started with pid [9074]
[INFO] [lifecycle_manager-9]: process started with pid [9076]
[INFO] [explore-10]: process started with pid [9078]
[INFO] [rviz2-11]: process started with pid [9080]
[async_slam_toolbox_node-1] [INFO] [1757086016.150650539] [slam]: Node using stack size 40000000
[planner_server-4] [INFO] [1757086016.153492983] [planner_server]: 
[planner_server-4] 	planner_server lifecycle node launched. 
[planner_server-4] 	Waiting on external lifecycle transitions to activate
[planner_server-4] 	See https://design.ros2.org/articles/node_lifecycle.html for more information.
[planner_server-4] [INFO] [1757086016.154347762] [planner_server]: Creating
[lifecycle_manager-9] [INFO] [1757086016.155123934] [lifecycle_manager_navigation]: Creating
[lifecycle_manager-9] [INFO] [1757086016.156389903] [lifecycle_manager_navigation]: [34m[1mCreating and initializing lifecycle service clients[0m[0m
[velocity_smoother-8] [INFO] [1757086016.156755765] [velocity_smoother]: 
[velocity_smoother-8] 	velocity_smoother lifecycle node launched. 
[velocity_smoother-8] 	Waiting on external lifecycle transitions to activate
[velocity_smoother-8] 	See https://design.ros2.org/articles/node_lifecycle.html for more information.
[waypoint_follower-7] [INFO] [1757086016.157139674] [waypoint_follower]: 
[waypoint_follower-7] 	waypoint_follower lifecycle node launched. 
[waypoint_follower-7] 	Waiting on external lifecycle transitions to activate
[waypoint_follower-7] 	See https://design.ros2.org/articles/node_lifecycle.html for more information.
[controller_server-2] [INFO] [1757086016.157341685] [controller_server]: 
[controller_server-2] 	controller_server lifecycle node launched. 
[controller_server-2] 	Waiting on external lifecycle transitions to activate
[controller_server-2] 	See https://design.ros2.org/articles/node_lifecycle.html for more information.
[waypoint_follower-7] [INFO] [1757086016.157610007] [waypoint_follower]: Creating
[smoother_server-3] [INFO] [1757086016.157665285] [smoother_server]: 
[smoother_server-3] 	smoother_server lifecycle node launched. 
[smoother_server-3] 	Waiting on external lifecycle transitions to activate
[smoother_server-3] 	See https://design.ros2.org/articles/node_lifecycle.html for more information.
[smoother_server-3] [INFO] [1757086016.158344346] [smoother_server]: Creating smoother server
[behavior_server-5] [INFO] [1757086016.158610960] [behavior_server]: 
[behavior_server-5] 	behavior_server lifecycle node launched. 
[behavior_server-5] 	Waiting on external lifecycle transitions to activate
[behavior_server-5] 	See https://design.ros2.org/articles/node_lifecycle.html for more information.
[controller_server-2] [INFO] [1757086016.159298246] [controller_server]: Creating controller server
[bt_navigator-6] [INFO] [1757086016.159381284] [bt_navigator]: 
[bt_navigator-6] 	bt_navigator lifecycle node launched. 
[bt_navigator-6] 	Waiting on external lifecycle transitions to activate
[bt_navigator-6] 	See https://design.ros2.org/articles/node_lifecycle.html for more information.
[bt_navigator-6] [INFO] [1757086016.159443584] [bt_navigator]: Creating
[planner_server-4] [INFO] [1757086016.159858031] [global_costmap.global_costmap]: 
[planner_server-4] 	global_costmap lifecycle node launched. 
[planner_server-4] 	Waiting on external lifecycle transitions to activate
[planner_server-4] 	See https://design.ros2.org/articles/node_lifecycle.html for more information.
[planner_server-4] [INFO] [1757086016.160098501] [global_costmap.global_costmap]: Creating Costmap
[explore-10] [INFO] [1757086016.161075937] [explore_node]: Waiting for costmap to become available, topic: map
[lifecycle_manager-9] [INFO] [1757086016.162723406] [lifecycle_manager_navigation]: [34m[1mStarting managed nodes bringup...[0m[0m
[lifecycle_manager-9] [INFO] [1757086016.162748239] [lifecycle_manager_navigation]: [34m[1mConfiguring controller_server[0m[0m
[controller_server-2] [INFO] [1757086016.163102165] [local_costmap.local_costmap]: 
[controller_server-2] 	local_costmap lifecycle node launched. 
[controller_server-2] 	Waiting on external lifecycle transitions to activate
[controller_server-2] 	See https://design.ros2.org/articles/node_lifecycle.html for more information.
[controller_server-2] [INFO] [1757086016.163313502] [local_costmap.local_costmap]: Creating Costmap
[controller_server-2] [INFO] [1757086016.163783121] [controller_server]: Configuring controller interface
[controller_server-2] [INFO] [1757086016.163827016] [controller_server]: getting goal checker plugins..
[controller_server-2] [INFO] [1757086016.163868727] [controller_server]: Controller frequency set to 10.0000Hz
[controller_server-2] [INFO] [1757086016.163879914] [local_costmap.local_costmap]: Configuring
[async_slam_toolbox_node-1] [INFO] [1757086016.164070949] [slam]: Using solver plugin solver_plugins::CeresSolver
[async_slam_toolbox_node-1] [INFO] [1757086016.164163801] [slam]: CeresSolver: Using SCHUR_JACOBI preconditioner.
[controller_server-2] [INFO] [1757086016.165466441] [local_costmap.local_costmap]: Using plugin "obstacle_layer"
[controller_server-2] [INFO] [1757086016.166915808] [local_costmap.local_costmap]: Subscribed to Topics: scan
[controller_server-2] [INFO] [1757086016.167990225] [local_costmap.local_costmap]: Initialized plugin "obstacle_layer"
[controller_server-2] [INFO] [1757086016.168001877] [local_costmap.local_costmap]: Using plugin "inflation_layer"
[controller_server-2] [INFO] [1757086016.168423509] [local_costmap.local_costmap]: Initialized plugin "inflation_layer"
[controller_server-2] [INFO] [1757086016.171476326] [controller_server]: Created progress_checker : progress_checker of type nav2_controller::SimpleProgressChecker
[controller_server-2] [INFO] [1757086016.171721739] [controller_server]: Created goal checker : goal_checker of type nav2_controller::SimpleGoalChecker
[controller_server-2] [INFO] [1757086016.171818660] [controller_server]: Controller Server has goal_checker  goal checkers available.
[controller_server-2] [INFO] [1757086016.172090862] [controller_server]: Created controller : FollowPath of type nav2_regulated_pure_pursuit_controller::RegulatedPurePursuitController
[controller_server-2] [INFO] [1757086016.173213174] [controller_server]: Controller Server has FollowPath  controllers available.
[lifecycle_manager-9] [INFO] [1757086016.175037354] [lifecycle_manager_navigation]: [34m[1mConfiguring smoother_server[0m[0m
[smoother_server-3] [INFO] [1757086016.175162688] [smoother_server]: Configuring smoother server
[smoother_server-3] [INFO] [1757086016.179850088] [smoother_server]: Created smoother : simple_smoother of type nav2_smoother::SimpleSmoother
[smoother_server-3] [INFO] [1757086016.180077987] [smoother_server]: Smoother Server has simple_smoother  smoothers available.
[lifecycle_manager-9] [INFO] [1757086016.182688809] [lifecycle_manager_navigation]: [34m[1mConfiguring planner_server[0m[0m
[planner_server-4] [INFO] [1757086016.182807117] [planner_server]: Configuring
[planner_server-4] [INFO] [1757086016.182840799] [global_costmap.global_costmap]: Configuring
[planner_server-4] [INFO] [1757086016.185657804] [global_costmap.global_costmap]: Using plugin "static_layer"
[planner_server-4] [INFO] [1757086016.188026531] [global_costmap.global_costmap]: Subscribing to the map topic (/map) with transient local durability
[planner_server-4] [INFO] [1757086016.189620157] [global_costmap.global_costmap]: Initialized plugin "static_layer"
[planner_server-4] [INFO] [1757086016.189638639] [global_costmap.global_costmap]: Using plugin "obstacle_layer"
[planner_server-4] [INFO] [1757086016.189901066] [global_costmap.global_costmap]: Subscribed to Topics: scan
[planner_server-4] [INFO] [1757086016.191317031] [global_costmap.global_costmap]: Initialized plugin "obstacle_layer"
[planner_server-4] [INFO] [1757086016.191329103] [global_costmap.global_costmap]: Using plugin "inflation_layer"
[planner_server-4] [INFO] [1757086016.191683823] [global_costmap.global_costmap]: Initialized plugin "inflation_layer"
[planner_server-4] [INFO] [1757086016.194970047] [planner_server]: Created global planner plugin GridBased of type nav2_navfn_planner/NavfnPlanner
[planner_server-4] [INFO] [1757086016.194984618] [planner_server]: Configuring plugin GridBased of type NavfnPlanner
[planner_server-4] [INFO] [1757086016.195119792] [planner_server]: Planner Server has GridBased  planners available.
[lifecycle_manager-9] [INFO] [1757086016.197739207] [lifecycle_manager_navigation]: [34m[1mConfiguring behavior_server[0m[0m
[behavior_server-5] [INFO] [1757086016.197864372] [behavior_server]: Configuring
[behavior_server-5] [INFO] [1757086016.200615828] [behavior_server]: Creating behavior plugin spin of type nav2_behaviors/Spin
[behavior_server-5] [INFO] [1757086016.200973323] [behavior_server]: Configuring spin
[behavior_server-5] [INFO] [1757086016.202383468] [behavior_server]: Creating behavior plugin backup of type nav2_behaviors/BackUp
[behavior_server-5] [INFO] [1757086016.202701978] [behavior_server]: Configuring backup
[behavior_server-5] [INFO] [1757086016.203630787] [behavior_server]: Creating behavior plugin drive_on_heading of type nav2_behaviors/DriveOnHeading
[behavior_server-5] [INFO] [1757086016.203936679] [behavior_server]: Configuring drive_on_heading
[behavior_server-5] [INFO] [1757086016.204817079] [behavior_server]: Creating behavior plugin wait of type nav2_behaviors/Wait
[behavior_server-5] [INFO] [1757086016.205102181] [behavior_server]: Configuring wait
[behavior_server-5] [INFO] [1757086016.206009178] [behavior_server]: Creating behavior plugin assisted_teleop of type nav2_behaviors/AssistedTeleop
[behavior_server-5] [INFO] [1757086016.206716623] [behavior_server]: Configuring assisted_teleop
[lifecycle_manager-9] [INFO] [1757086016.208397241] [lifecycle_manager_navigation]: [34m[1mConfiguring bt_navigator[0m[0m
[bt_navigator-6] [INFO] [1757086016.208749056] [bt_navigator]: Configuring
[lifecycle_manager-9] [INFO] [1757086016.234600710] [lifecycle_manager_navigation]: [34m[1mConfiguring waypoint_follower[0m[0m
[waypoint_follower-7] [INFO] [1757086016.234719811] [waypoint_follower]: Configuring
[waypoint_follower-7] [INFO] [1757086016.237672404] [waypoint_follower]: Created waypoint_task_executor : wait_at_waypoint of type nav2_waypoint_follower::WaitAtWaypoint
[lifecycle_manager-9] [INFO] [1757086016.237885787] [lifecycle_manager_navigation]: [34m[1mConfiguring velocity_smoother[0m[0m
[velocity_smoother-8] [INFO] [1757086016.238019396] [velocity_smoother]: Configuring velocity smoother
[lifecycle_manager-9] [INFO] [1757086016.239672490] [lifecycle_manager_navigation]: [34m[1mActivating controller_server[0m[0m
[controller_server-2] [INFO] [1757086016.239729171] [controller_server]: Activating
[controller_server-2] [INFO] [1757086016.239749240] [local_costmap.local_costmap]: Activating
[controller_server-2] [INFO] [1757086016.239757812] [local_costmap.local_costmap]: Checking transform
[controller_server-2] [INFO] [1757086016.239770880] [local_costmap.local_costmap]: Timed out waiting for transform from base_link to odom to become available, tf error: Invalid frame ID "odom" passed to canTransform argument target_frame - frame does not exist
[rviz2-11] [INFO] [1757086016.428499509] [rviz2]: Stereo is NOT SUPPORTED
[rviz2-11] [INFO] [1757086016.428554947] [rviz2]: OpenGl version: 4.6 (GLSL 4.6)
[rviz2-11] [INFO] [1757086016.535410882] [rviz2]: Stereo is NOT SUPPORTED
[controller_server-2] [INFO] [1757086016.739823346] [local_costmap.local_costmap]: Timed out waiting for transform from base_link to odom to become available, tf error: Invalid frame ID "odom" passed to canTransform argument target_frame - frame does not exist
[controller_server-2] [INFO] [1757086017.239848968] [local_costmap.local_costmap]: Timed out waiting for transform from base_link to odom to become available, tf error: Invalid frame ID "odom" passed to canTransform argument target_frame - frame does not exist
[controller_server-2] [INFO] [1757086017.739845986] [local_costmap.local_costmap]: Timed out waiting for transform from base_link to odom to become available, tf error: Invalid frame ID "odom" passed to canTransform argument target_frame - frame does not exist
[controller_server-2] [INFO] [1757086018.239798843] [local_costmap.local_costmap]: Timed out waiting for transform from base_link to odom to become available, tf error: Invalid frame ID "odom" passed to canTransform argument target_frame - frame does not exist
[controller_server-2] [INFO] [1757086018.739845166] [local_costmap.local_costmap]: Timed out waiting for transform from base_link to odom to become available, tf error: Invalid frame ID "odom" passed to canTransform argument target_frame - frame does not exist
[controller_server-2] [INFO] [1757086019.239845788] [local_costmap.local_costmap]: Timed out waiting for transform from base_link to odom to become available, tf error: Invalid frame ID "odom" passed to canTransform argument target_frame - frame does not exist
[controller_server-2] [INFO] [1757086019.739844560] [local_costmap.local_costmap]: Timed out waiting for transform from base_link to odom to become available, tf error: Invalid frame ID "odom" passed to canTransform argument target_frame - frame does not exist
[controller_server-2] [INFO] [1757086020.239845872] [local_costmap.local_costmap]: Timed out waiting for transform from base_link to odom to become available, tf error: Invalid frame ID "odom" passed to canTransform argument target_frame - frame does not exist
[controller_server-2] [INFO] [1757086020.739849692] [local_costmap.local_costmap]: Timed out waiting for transform from base_link to odom to become available, tf error: Invalid frame ID "odom" passed to canTransform argument target_frame - frame does not exist
[controller_server-2] [INFO] [1757086021.239978386] [local_costmap.local_costmap]: start
[controller_server-2] [INFO] [1757086021.441587516] [controller_server]: Activating controller: FollowPath of type regulated_pure_pursuit_controller::RegulatedPurePursuitController
[controller_server-2] [INFO] [1757086021.441681661] [controller_server]: Creating bond (controller_server) to lifecycle manager.
[lifecycle_manager-9] [INFO] [1757086021.549388582] [lifecycle_manager_navigation]: Server controller_server connected with bond.
[lifecycle_manager-9] [INFO] [1757086021.549483201] [lifecycle_manager_navigation]: [34m[1mActivating smoother_server[0m[0m
[smoother_server-3] [INFO] [1757086021.550072592] [smoother_server]: Activating
[smoother_server-3] [INFO] [1757086021.550184989] [smoother_server]: Creating bond (smoother_server) to lifecycle manager.
[lifecycle_manager-9] [INFO] [1757086021.657820999] [lifecycle_manager_navigation]: Server smoother_server connected with bond.
[lifecycle_manager-9] [INFO] [1757086021.657926486] [lifecycle_manager_navigation]: [34m[1mActivating planner_server[0m[0m
[planner_server-4] [INFO] [1757086021.658515487] [planner_server]: Activating
[planner_server-4] [INFO] [1757086021.658641258] [global_costmap.global_costmap]: Activating
[planner_server-4] [INFO] [1757086021.658690973] [global_costmap.global_costmap]: Checking transform
[planner_server-4] [INFO] [1757086021.658761066] [global_costmap.global_costmap]: Timed out waiting for transform from base_link to map to become available, tf error: Invalid frame ID "map" passed to canTransform argument target_frame - frame does not exist
[planner_server-4] [INFO] [1757086022.158885647] [global_costmap.global_costmap]: Timed out waiting for transform from base_link to map to become available, tf error: Invalid frame ID "map" passed to canTransform argument target_frame - frame does not exist
[planner_server-4] [INFO] [1757086022.658912464] [global_costmap.global_costmap]: Timed out waiting for transform from base_link to map to become available, tf error: Invalid frame ID "map" passed to canTransform argument target_frame - frame does not exist
[planner_server-4] [INFO] [1757086023.158914298] [global_costmap.global_costmap]: Timed out waiting for transform from base_link to map to become available, tf error: Invalid frame ID "map" passed to canTransform argument target_frame - frame does not exist
[planner_server-4] [INFO] [1757086023.658822333] [global_costmap.global_costmap]: Timed out waiting for transform from base_link to map to become available, tf error: Invalid frame ID "map" passed to canTransform argument target_frame - frame does not exist
[planner_server-4] [INFO] [1757086024.158824170] [global_costmap.global_costmap]: Timed out waiting for transform from base_link to map to become available, tf error: Invalid frame ID "map" passed to canTransform argument target_frame - frame does not exist
[planner_server-4] [INFO] [1757086024.658824408] [global_costmap.global_costmap]: Timed out waiting for transform from base_link to map to become available, tf error: Invalid frame ID "map" passed to canTransform argument target_frame - frame does not exist
[async_slam_toolbox_node-1] [WARN] [1757086024.908474617] [slam]: minimum laser range setting (0.0 m) exceeds the capabilities of the used Lidar (0.1 m)
[planner_server-4] [INFO] [1757086025.159103136] [global_costmap.global_costmap]: start
[planner_server-4] [INFO] [1757086026.160962708] [planner_server]: Activating plugin GridBased of type NavfnPlanner
[planner_server-4] [INFO] [1757086026.162786266] [planner_server]: Creating bond (planner_server) to lifecycle manager.
[planner_server-4] [INFO] [1757086026.167955320] [global_costmap.global_costmap]: StaticLayer: Resizing costmap to 62 X 37 at 0.040000 m/pix
[rviz2-11] [INFO] [1757086026.180401414] [rviz2]: Trying to create a map of size 62 x 37 using 1 swatches
[rviz2-11] [INFO] [1757086026.181100023] [rviz2]: Trying to create a map of size 100 x 100 using 1 swatches
[lifecycle_manager-9] [INFO] [1757086026.269724194] [lifecycle_manager_navigation]: Server planner_server connected with bond.
[lifecycle_manager-9] [INFO] [1757086026.269848407] [lifecycle_manager_navigation]: [34m[1mActivating behavior_server[0m[0m
[behavior_server-5] [INFO] [1757086026.270570115] [behavior_server]: Activating
[behavior_server-5] [INFO] [1757086026.270662804] [behavior_server]: Activating spin
[behavior_server-5] [INFO] [1757086026.270707276] [behavior_server]: Activating backup
[behavior_server-5] [INFO] [1757086026.270742879] [behavior_server]: Activating drive_on_heading
[behavior_server-5] [INFO] [1757086026.270776311] [behavior_server]: Activating wait
[behavior_server-5] [INFO] [1757086026.270808927] [behavior_server]: Activating assisted_teleop
[behavior_server-5] [INFO] [1757086026.270852658] [behavior_server]: Creating bond (behavior_server) to lifecycle manager.
[lifecycle_manager-9] [INFO] [1757086026.379458824] [lifecycle_manager_navigation]: Server behavior_server connected with bond.
[lifecycle_manager-9] [INFO] [1757086026.379560384] [lifecycle_manager_navigation]: [34m[1mActivating bt_navigator[0m[0m
[bt_navigator-6] [INFO] [1757086026.380353059] [bt_navigator]: Activating
[bt_navigator-6] [INFO] [1757086026.416826209] [bt_navigator]: Creating bond (bt_navigator) to lifecycle manager.
[lifecycle_manager-9] [INFO] [1757086026.518476563] [lifecycle_manager_navigation]: Server bt_navigator connected with bond.
[lifecycle_manager-9] [INFO] [1757086026.518569212] [lifecycle_manager_navigation]: [34m[1mActivating waypoint_follower[0m[0m
[waypoint_follower-7] [INFO] [1757086026.519297757] [waypoint_follower]: Activating
[waypoint_follower-7] [INFO] [1757086026.519399409] [waypoint_follower]: Creating bond (waypoint_follower) to lifecycle manager.
[lifecycle_manager-9] [INFO] [1757086026.628256067] [lifecycle_manager_navigation]: Server waypoint_follower connected with bond.
[lifecycle_manager-9] [INFO] [1757086026.628346256] [lifecycle_manager_navigation]: [34m[1mActivating velocity_smoother[0m[0m
[velocity_smoother-8] [INFO] [1757086026.629012012] [velocity_smoother]: Activating
[velocity_smoother-8] [INFO] [1757086026.629166349] [velocity_smoother]: Creating bond (velocity_smoother) to lifecycle manager.
[lifecycle_manager-9] [INFO] [1757086026.737122824] [lifecycle_manager_navigation]: Server velocity_smoother connected with bond.
[lifecycle_manager-9] [INFO] [1757086026.737240793] [lifecycle_manager_navigation]: [34m[1mManaged nodes are active[0m[0m
[lifecycle_manager-9] [INFO] [1757086026.737281799] [lifecycle_manager_navigation]: [34m[1mCreating bond timer...[0m[0m
[rviz2-11] [INFO] [1757086027.174175280] [rviz2]: Trying to create a map of size 62 x 37 using 1 swatches
[explore-10] [INFO] [1757086028.182867572] [explore_node]: Waiting to connect to move_base nav2 server
[explore-10] [INFO] [1757086028.183077920] [explore_node]: Connected to move_base nav2 server
[explore-10] [INFO] [1757086028.183084778] [explore_node]: Getting initial pose of the robot
[explore-10] [ERROR] [1757086028.487621288] [explore_node]: Extrapolation Error looking up robot pose: Lookup would require extrapolation at time 1757086028.183130, but only time 1757086025.026732 is in the buffer, when looking up transform from frame [base_link] to frame [map]
[explore-10] 
[explore-10] [INFO] [1757086028.491855422] [explore_node]: [NAV] Remembered last goal (1.41, 0.40, yaw from quat).
[bt_navigator-6] [INFO] [1757086028.493267308] [bt_navigator]: Begin navigating from current location (0.00, 0.00) to (1.41, 0.40)
[controller_server-2] [INFO] [1757086028.514800728] [controller_server]: Received a goal, begin computing control effort.
[controller_server-2] [WARN] [1757086028.514912467] [controller_server]: No goal checker was specified in parameter 'current_goal_checker'. Server will use only plugin loaded goal_checker . This warning will appear once.
[controller_server-2] [ERROR] [1757086028.616223176] [controller_server]: Exception in transformPose: Lookup would require extrapolation at time 1757086028.460509, but only time 1757086025.026732 is in the buffer, when looking up transform from frame [odom] to frame [map]
[controller_server-2] [WARN] [1757086028.616385132] [controller_server]: Unable to transform robot pose into global plan's frame
[controller_server-2] [WARN] [1757086028.616718196] [controller_server]: Control loop missed its desired rate of 10.0000Hz
[controller_server-2] [ERROR] [1757086028.718170123] [controller_server]: Exception in transformPose: Lookup would require extrapolation at time 1757086028.559762, but only time 1757086025.026732 is in the buffer, when looking up transform from frame [odom] to frame [map]
[controller_server-2] [WARN] [1757086028.718299580] [controller_server]: Unable to transform robot pose into global plan's frame
[controller_server-2] [WARN] [1757086028.718498799] [controller_server]: Control loop missed its desired rate of 10.0000Hz
[controller_server-2] [ERROR] [1757086028.821852740] [controller_server]: Exception in transformPose: Lookup would require extrapolation at time 1757086028.659537, but only time 1757086025.026732 is in the buffer, when looking up transform from frame [odom] to frame [map]
[controller_server-2] [WARN] [1757086028.821995084] [controller_server]: Unable to transform robot pose into global plan's frame
[controller_server-2] [WARN] [1757086028.822275032] [controller_server]: Control loop missed its desired rate of 10.0000Hz
[controller_server-2] [ERROR] [1757086028.923682848] [controller_server]: Exception in transformPose: Lookup would require extrapolation at time 1757086028.759588, but only time 1757086025.026732 is in the buffer, when looking up transform from frame [odom] to frame [map]
[controller_server-2] [WARN] [1757086028.923735993] [controller_server]: Unable to transform robot pose into global plan's frame
[controller_server-2] [WARN] [1757086028.923829823] [controller_server]: Control loop missed its desired rate of 10.0000Hz
[controller_server-2] [ERROR] [1757086029.025191196] [controller_server]: Exception in transformPose: Lookup would require extrapolation at time 1757086028.859534, but only time 1757086025.026732 is in the buffer, when looking up transform from frame [odom] to frame [map]
[controller_server-2] [WARN] [1757086029.025317581] [controller_server]: Unable to transform robot pose into global plan's frame
[controller_server-2] [WARN] [1757086029.025528746] [controller_server]: Control loop missed its desired rate of 10.0000Hz
[controller_server-2] [ERROR] [1757086029.126634454] [controller_server]: Exception in transformPose: Lookup would require extrapolation at time 1757086028.959545, but only time 1757086025.026732 is in the buffer, when looking up transform from frame [odom] to frame [map]
[controller_server-2] [WARN] [1757086029.126723957] [controller_server]: Unable to transform robot pose into global plan's frame
[controller_server-2] [WARN] [1757086029.126819696] [controller_server]: Control loop missed its desired rate of 10.0000Hz
[controller_server-2] [ERROR] [1757086029.228302157] [controller_server]: Exception in transformPose: Lookup would require extrapolation at time 1757086029.059762, but only time 1757086025.026732 is in the buffer, when looking up transform from frame [odom] to frame [map]
[controller_server-2] [WARN] [1757086029.228362382] [controller_server]: Unable to transform robot pose into global plan's frame
[controller_server-2] [WARN] [1757086029.228430569] [controller_server]: Control loop missed its desired rate of 10.0000Hz
[controller_server-2] [ERROR] [1757086029.329447411] [controller_server]: Exception in transformPose: Lookup would require extrapolation at time 1757086029.159690, but only time 1757086025.026732 is in the buffer, when looking up transform from frame [odom] to frame [map]
[controller_server-2] [WARN] [1757086029.329574648] [controller_server]: Unable to transform robot pose into global plan's frame
[controller_server-2] [WARN] [1757086029.329779660] [controller_server]: Control loop missed its desired rate of 10.0000Hz
[controller_server-2] [ERROR] [1757086029.432595788] [controller_server]: Exception in transformPose: Lookup would require extrapolation at time 1757086029.259497, but only time 1757086025.026732 is in the buffer, when looking up transform from frame [odom] to frame [map]
[controller_server-2] [WARN] [1757086029.432718825] [controller_server]: Unable to transform robot pose into global plan's frame
[controller_server-2] [WARN] [1757086029.432934929] [controller_server]: Control loop missed its desired rate of 10.0000Hz
[controller_server-2] [ERROR] [1757086029.534230798] [controller_server]: Exception in transformPose: Lookup would require extrapolation at time 1757086029.359544, but only time 1757086025.026732 is in the buffer, when looking up transform from frame [odom] to frame [map]
[controller_server-2] [WARN] [1757086029.534354014] [controller_server]: Unable to transform robot pose into global plan's frame
[controller_server-2] [WARN] [1757086029.534542235] [controller_server]: Control loop missed its desired rate of 10.0000Hz
[controller_server-2] [ERROR] [1757086029.637078056] [controller_server]: Exception in transformPose: Lookup would require extrapolation at time 1757086029.509526, but only time 1757086025.026732 is in the buffer, when looking up transform from frame [odom] to frame [map]
[controller_server-2] [WARN] [1757086029.637201427] [controller_server]: Unable to transform robot pose into global plan's frame
[controller_server-2] [WARN] [1757086029.637389313] [controller_server]: Control loop missed its desired rate of 10.0000Hz
[controller_server-2] [INFO] [1757086029.637417225] [controller_server]: Passing new path to controller.
[controller_server-2] [ERROR] [1757086029.738879736] [controller_server]: Exception in transformPose: Lookup would require extrapolation at time 1757086029.609544, but only time 1757086025.026732 is in the buffer, when looking up transform from frame [odom] to frame [map]
[controller_server-2] [WARN] [1757086029.739002272] [controller_server]: Unable to transform robot pose into global plan's frame
[controller_server-2] [WARN] [1757086029.739192376] [controller_server]: Control loop missed its desired rate of 10.0000Hz
[controller_server-2] [ERROR] [1757086029.841930289] [controller_server]: Exception in transformPose: Lookup would require extrapolation at time 1757086029.709565, but only time 1757086025.026732 is in the buffer, when looking up transform from frame [odom] to frame [map]
[controller_server-2] [WARN] [1757086029.842055361] [controller_server]: Unable to transform robot pose into global plan's frame
[controller_server-2] [WARN] [1757086029.842246793] [controller_server]: Control loop missed its desired rate of 10.0000Hz
[controller_server-2] [ERROR] [1757086029.945328805] [controller_server]: Exception in transformPose: Lookup would require extrapolation at time 1757086029.809594, but only time 1757086025.026732 is in the buffer, when looking up transform from frame [odom] to frame [map]
[controller_server-2] [WARN] [1757086029.945462552] [controller_server]: Unable to transform robot pose into global plan's frame
[controller_server-2] [WARN] [1757086029.945676332] [controller_server]: Control loop missed its desired rate of 10.0000Hz
[controller_server-2] [ERROR] [1757086030.046767196] [controller_server]: Exception in transformPose: Lookup would require extrapolation at time 1757086029.909503, but only time 1757086025.026732 is in the buffer, when looking up transform from frame [odom] to frame [map]
[controller_server-2] [WARN] [1757086030.046894096] [controller_server]: Unable to transform robot pose into global plan's frame
[controller_server-2] [WARN] [1757086030.047093905] [controller_server]: Control loop missed its desired rate of 10.0000Hz
[rviz2-11] [INFO] [1757086030.149870351] [rviz2]: Trying to create a map of size 100 x 100 using 1 swatches
[controller_server-2] [WARN] [1757086030.150722190] [controller_server]: Control loop missed its desired rate of 10.0000Hz
[controller_server-2] [ERROR] [1757086030.416976241] [controller_server]: Exception in transformPose: Lookup would require extrapolation into the future.  Requested time 1757086030.259535 but the latest data is at time 1757086030.245621, when looking up transform from frame [odom] to frame [map]
[controller_server-2] [WARN] [1757086030.417099338] [controller_server]: Unable to transform robot pose into global plan's frame
[controller_server-2] [WARN] [1757086030.417287314] [controller_server]: Control loop missed its desired rate of 10.0000Hz
[controller_server-2] [ERROR] [1757086030.518456733] [controller_server]: Exception in transformPose: Lookup would require extrapolation into the future.  Requested time 1757086030.359552 but the latest data is at time 1757086030.245621, when looking up transform from frame [odom] to frame [map]
[controller_server-2] [WARN] [1757086030.518584474] [controller_server]: Unable to transform robot pose into global plan's frame
[controller_server-2] [WARN] [1757086030.518763899] [controller_server]: Control loop missed its desired rate of 10.0000Hz
[controller_server-2] [ERROR] [1757086030.621521327] [controller_server]: Exception in transformPose: Lookup would require extrapolation into the future.  Requested time 1757086030.459516 but the latest data is at time 1757086030.245621, when looking up transform from frame [odom] to frame [map]
[controller_server-2] [WARN] [1757086030.621642198] [controller_server]: Unable to transform robot pose into global plan's frame
[controller_server-2] [WARN] [1757086030.621834143] [controller_server]: Control loop missed its desired rate of 10.0000Hz
[controller_server-2] [INFO] [1757086030.621865778] [controller_server]: Passing new path to controller.
[controller_server-2] [ERROR] [1757086030.724083703] [controller_server]: Exception in transformPose: Lookup would require extrapolation into the future.  Requested time 1757086030.566269 but the latest data is at time 1757086030.245621, when looking up transform from frame [odom] to frame [map]
[controller_server-2] [WARN] [1757086030.724208186] [controller_server]: Unable to transform robot pose into global plan's frame
[controller_server-2] [WARN] [1757086030.724382110] [controller_server]: Control loop missed its desired rate of 10.0000Hz
[controller_server-2] [ERROR] [1757086030.827659742] [controller_server]: Exception in transformPose: Lookup would require extrapolation into the future.  Requested time 1757086030.659534 but the latest data is at time 1757086030.245621, when looking up transform from frame [odom] to frame [map]
[controller_server-2] [WARN] [1757086030.827785877] [controller_server]: Unable to transform robot pose into global plan's frame
[controller_server-2] [WARN] [1757086030.827972333] [controller_server]: Control loop missed its desired rate of 10.0000Hz
[controller_server-2] [ERROR] [1757086030.929725864] [controller_server]: Exception in transformPose: Lookup would require extrapolation into the future.  Requested time 1757086030.759956 but the latest data is at time 1757086030.245621, when looking up transform from frame [odom] to frame [map]
[controller_server-2] [WARN] [1757086030.929852342] [controller_server]: Unable to transform robot pose into global plan's frame
[controller_server-2] [WARN] [1757086030.930065297] [controller_server]: Control loop missed its desired rate of 10.0000Hz
[controller_server-2] [ERROR] [1757086031.032854359] [controller_server]: Exception in transformPose: Lookup would require extrapolation into the future.  Requested time 1757086030.859588 but the latest data is at time 1757086030.245621, when looking up transform from frame [odom] to frame [map]
[controller_server-2] [WARN] [1757086031.032981590] [controller_server]: Unable to transform robot pose into global plan's frame
[controller_server-2] [WARN] [1757086031.033162714] [controller_server]: Control loop missed its desired rate of 10.0000Hz
[controller_server-2] [ERROR] [1757086031.134162761] [controller_server]: Exception in transformPose: Lookup would require extrapolation into the future.  Requested time 1757086031.009549 but the latest data is at time 1757086030.245621, when looking up transform from frame [odom] to frame [map]
[controller_server-2] [WARN] [1757086031.134275512] [controller_server]: Unable to transform robot pose into global plan's frame
[controller_server-2] [WARN] [1757086031.134446576] [controller_server]: Control loop missed its desired rate of 10.0000Hz
[controller_server-2] [ERROR] [1757086031.238000650] [controller_server]: Exception in transformPose: Lookup would require extrapolation into the future.  Requested time 1757086031.009549 but the latest data is at time 1757086030.245621, when looking up transform from frame [odom] to frame [map]
[controller_server-2] [WARN] [1757086031.238207362] [controller_server]: Unable to transform robot pose into global plan's frame
[controller_server-2] [WARN] [1757086031.238556971] [controller_server]: Control loop missed its desired rate of 10.0000Hz
[controller_server-2] [ERROR] [1757086031.341039909] [controller_server]: Exception in transformPose: Lookup would require extrapolation into the future.  Requested time 1757086031.209507 but the latest data is at time 1757086030.245621, when looking up transform from frame [odom] to frame [map]
[controller_server-2] [WARN] [1757086031.341192756] [controller_server]: Unable to transform robot pose into global plan's frame
[controller_server-2] [WARN] [1757086031.341472189] [controller_server]: Control loop missed its desired rate of 10.0000Hz
[controller_server-2] [ERROR] [1757086031.444690711] [controller_server]: Exception in transformPose: Lookup would require extrapolation into the future.  Requested time 1757086031.259542 but the latest data is at time 1757086030.245621, when looking up transform from frame [odom] to frame [map]
[controller_server-2] [WARN] [1757086031.444841913] [controller_server]: Unable to transform robot pose into global plan's frame
[controller_server-2] [WARN] [1757086031.445138606] [controller_server]: Control loop missed its desired rate of 10.0000Hz
[controller_server-2] [ERROR] [1757086031.548716355] [controller_server]: Exception in transformPose: Lookup would require extrapolation into the future.  Requested time 1757086031.409536 but the latest data is at time 1757086030.245621, when looking up transform from frame [odom] to frame [map]
[controller_server-2] [WARN] [1757086031.548858441] [controller_server]: Unable to transform robot pose into global plan's frame
[controller_server-2] [WARN] [1757086031.549137560] [controller_server]: Control loop missed its desired rate of 10.0000Hz
[controller_server-2] [ERROR] [1757086031.650689097] [controller_server]: Exception in transformPose: Lookup would require extrapolation into the future.  Requested time 1757086031.509524 but the latest data is at time 1757086030.245621, when looking up transform from frame [odom] to frame [map]
[controller_server-2] [WARN] [1757086031.650838292] [controller_server]: Unable to transform robot pose into global plan's frame
[controller_server-2] [WARN] [1757086031.651135980] [controller_server]: Control loop missed its desired rate of 10.0000Hz
[controller_server-2] [INFO] [1757086031.651193344] [controller_server]: Passing new path to controller.
[controller_server-2] [ERROR] [1757086031.754242726] [controller_server]: Exception in transformPose: Lookup would require extrapolation into the future.  Requested time 1757086031.609526 but the latest data is at time 1757086030.245621, when looking up transform from frame [odom] to frame [map]
[controller_server-2] [WARN] [1757086031.754382976] [controller_server]: Unable to transform robot pose into global plan's frame
[controller_server-2] [WARN] [1757086031.754720239] [controller_server]: Control loop missed its desired rate of 10.0000Hz
[controller_server-2] [ERROR] [1757086031.856815524] [controller_server]: Exception in transformPose: Lookup would require extrapolation into the future.  Requested time 1757086031.709745 but the latest data is at time 1757086030.245621, when looking up transform from frame [odom] to frame [map]
[controller_server-2] [WARN] [1757086031.856956390] [controller_server]: Unable to transform robot pose into global plan's frame
[controller_server-2] [WARN] [1757086031.857219798] [controller_server]: Control loop missed its desired rate of 10.0000Hz
[controller_server-2] [ERROR] [1757086031.960687925] [controller_server]: Exception in transformPose: Lookup would require extrapolation into the future.  Requested time 1757086031.809548 but the latest data is at time 1757086030.245621, when looking up transform from frame [odom] to frame [map]
[controller_server-2] [WARN] [1757086031.960836441] [controller_server]: Unable to transform robot pose into global plan's frame
[controller_server-2] [WARN] [1757086031.961112099] [controller_server]: Control loop missed its desired rate of 10.0000Hz
[controller_server-2] [ERROR] [1757086032.063334626] [controller_server]: Exception in transformPose: Lookup would require extrapolation into the future.  Requested time 1757086031.909568 but the latest data is at time 1757086030.245621, when looking up transform from frame [odom] to frame [map]
[controller_server-2] [WARN] [1757086032.063556739] [controller_server]: Unable to transform robot pose into global plan's frame
[controller_server-2] [WARN] [1757086032.063952183] [controller_server]: Control loop missed its desired rate of 10.0000Hz
[controller_server-2] [ERROR] [1757086032.166432913] [controller_server]: Exception in transformPose: Lookup would require extrapolation into the future.  Requested time 1757086031.959536 but the latest data is at time 1757086030.245621, when looking up transform from frame [odom] to frame [map]
[controller_server-2] [WARN] [1757086032.166571968] [controller_server]: Unable to transform robot pose into global plan's frame
[controller_server-2] [WARN] [1757086032.166960758] [controller_server]: Control loop missed its desired rate of 10.0000Hz
[controller_server-2] [ERROR] [1757086032.269136793] [controller_server]: Exception in transformPose: Lookup would require extrapolation into the future.  Requested time 1757086032.109607 but the latest data is at time 1757086030.245621, when looking up transform from frame [odom] to frame [map]
[controller_server-2] [WARN] [1757086032.269277712] [controller_server]: Unable to transform robot pose into global plan's frame
[controller_server-2] [ERROR] [1757086032.269366104] [controller_server]: Controller patience exceeded
[controller_server-2] [WARN] [1757086032.269482622] [controller_server]: [follow_path] [ActionServer] Aborting handle.
[controller_server-2] [INFO] [1757086032.283969694] [local_costmap.local_costmap]: Received request to clear entirely the local_costmap
[controller_server-2] [INFO] [1757086032.286875668] [controller_server]: Received a goal, begin computing control effort.
[controller_server-2] [ERROR] [1757086032.548170464] [controller_server]: Exception in transformPose: Lookup would require extrapolation into the future.  Requested time 1757086032.409562 but the latest data is at time 1757086030.245621, when looking up transform from frame [odom] to frame [map]
[controller_server-2] [WARN] [1757086032.548314096] [controller_server]: Unable to transform robot pose into global plan's frame
[controller_server-2] [WARN] [1757086032.548511917] [controller_server]: Control loop missed its desired rate of 10.0000Hz
[controller_server-2] [ERROR] [1757086032.649632649] [controller_server]: Exception in transformPose: Lookup would require extrapolation into the future.  Requested time 1757086032.509548 but the latest data is at time 1757086030.245621, when looking up transform from frame [odom] to frame [map]
[controller_server-2] [WARN] [1757086032.649761488] [controller_server]: Unable to transform robot pose into global plan's frame
[controller_server-2] [INFO] [1757086032.748599046] [controller_server]: Passing new path to controller.
[controller_server-2] [ERROR] [1757086032.850548145] [controller_server]: Exception in transformPose: Lookup would require extrapolation into the future.  Requested time 1757086032.709601 but the latest data is at time 1757086030.245621, when looking up transform from frame [odom] to frame [map]
[controller_server-2] [WARN] [1757086032.850669627] [controller_server]: Unable to transform robot pose into global plan's frame
[controller_server-2] [WARN] [1757086032.850859031] [controller_server]: Control loop missed its desired rate of 10.0000Hz
[controller_server-2] [ERROR] [1757086032.953764811] [controller_server]: Exception in transformPose: Lookup would require extrapolation into the future.  Requested time 1757086032.811692 but the latest data is at time 1757086030.245621, when looking up transform from frame [odom] to frame [map]
[controller_server-2] [WARN] [1757086032.953882527] [controller_server]: Unable to transform robot pose into global plan's frame
[controller_server-2] [WARN] [1757086032.954073372] [controller_server]: Control loop missed its desired rate of 10.0000Hz
[controller_server-2] [ERROR] [1757086033.055268123] [controller_server]: Exception in transformPose: Lookup would require extrapolation into the future.  Requested time 1757086032.909552 but the latest data is at time 1757086030.245621, when looking up transform from frame [odom] to frame [map]
[controller_server-2] [WARN] [1757086033.055409144] [controller_server]: Unable to transform robot pose into global plan's frame
[controller_server-2] [WARN] [1757086033.055721750] [controller_server]: Control loop missed its desired rate of 10.0000Hz
[controller_server-2] [ERROR] [1757086033.158454106] [controller_server]: Exception in transformPose: Lookup would require extrapolation into the future.  Requested time 1757086033.009521 but the latest data is at time 1757086030.245621, when looking up transform from frame [odom] to frame [map]
[controller_server-2] [WARN] [1757086033.158621005] [controller_server]: Unable to transform robot pose into global plan's frame
[controller_server-2] [WARN] [1757086033.158816324] [controller_server]: Control loop missed its desired rate of 10.0000Hz
[controller_server-2] [ERROR] [1757086033.260194046] [controller_server]: Exception in transformPose: Lookup would require extrapolation into the future.  Requested time 1757086033.110715 but the latest data is at time 1757086030.245621, when looking up transform from frame [odom] to frame [map]
[controller_server-2] [WARN] [1757086033.260311109] [controller_server]: Unable to transform robot pose into global plan's frame
[controller_server-2] [WARN] [1757086033.260501164] [controller_server]: Control loop missed its desired rate of 10.0000Hz
[controller_server-2] [ERROR] [1757086033.363597627] [controller_server]: Exception in transformPose: Lookup would require extrapolation into the future.  Requested time 1757086033.210649 but the latest data is at time 1757086030.245621, when looking up transform from frame [odom] to frame [map]
[controller_server-2] [WARN] [1757086033.363740721] [controller_server]: Unable to transform robot pose into global plan's frame
[controller_server-2] [WARN] [1757086033.363958093] [controller_server]: Control loop missed its desired rate of 10.0000Hz
[controller_server-2] [ERROR] [1757086033.466049149] [controller_server]: Exception in transformPose: Lookup would require extrapolation into the future.  Requested time 1757086033.309509 but the latest data is at time 1757086030.245621, when looking up transform from frame [odom] to frame [map]
[controller_server-2] [WARN] [1757086033.466180515] [controller_server]: Unable to transform robot pose into global plan's frame
[controller_server-2] [WARN] [1757086033.466388598] [controller_server]: Control loop missed its desired rate of 10.0000Hz
[controller_server-2] [ERROR] [1757086033.569929551] [controller_server]: Exception in transformPose: Lookup would require extrapolation into the future.  Requested time 1757086033.459540 but the latest data is at time 1757086030.245621, when looking up transform from frame [odom] to frame [map]
[controller_server-2] [WARN] [1757086033.570050741] [controller_server]: Unable to transform robot pose into global plan's frame
[controller_server-2] [WARN] [1757086033.570255564] [controller_server]: Control loop missed its desired rate of 10.0000Hz
[controller_server-2] [ERROR] [1757086033.671282007] [controller_server]: Exception in transformPose: Lookup would require extrapolation into the future.  Requested time 1757086033.559520 but the latest data is at time 1757086030.245621, when looking up transform from frame [odom] to frame [map]
[controller_server-2] [WARN] [1757086033.671403267] [controller_server]: Unable to transform robot pose into global plan's frame
[controller_server-2] [WARN] [1757086033.671594439] [controller_server]: Control loop missed its desired rate of 10.0000Hz
[controller_server-2] [INFO] [1757086033.671624599] [controller_server]: Passing new path to controller.
[controller_server-2] [ERROR] [1757086033.774087654] [controller_server]: Exception in transformPose: Lookup would require extrapolation into the future.  Requested time 1757086033.559520 but the latest data is at time 1757086030.245621, when looking up transform from frame [odom] to frame [map]
[controller_server-2] [WARN] [1757086033.774197950] [controller_server]: Unable to transform robot pose into global plan's frame
[controller_server-2] [WARN] [1757086033.774385792] [controller_server]: Control loop missed its desired rate of 10.0000Hz
[controller_server-2] [ERROR] [1757086033.875414345] [controller_server]: Exception in transformPose: Lookup would require extrapolation into the future.  Requested time 1757086033.759507 but the latest data is at time 1757086030.245621, when looking up transform from frame [odom] to frame [map]
[controller_server-2] [WARN] [1757086033.875536586] [controller_server]: Unable to transform robot pose into global plan's frame
[controller_server-2] [WARN] [1757086033.875722141] [controller_server]: Control loop missed its desired rate of 10.0000Hz
[controller_server-2] [ERROR] [1757086033.977066803] [controller_server]: Exception in transformPose: Lookup would require extrapolation into the future.  Requested time 1757086033.859539 but the latest data is at time 1757086030.245621, when looking up transform from frame [odom] to frame [map]
[controller_server-2] [WARN] [1757086033.977183250] [controller_server]: Unable to transform robot pose into global plan's frame
[controller_server-2] [WARN] [1757086033.977428376] [controller_server]: Control loop missed its desired rate of 10.0000Hz
[controller_server-2] [ERROR] [1757086034.078674741] [controller_server]: Exception in transformPose: Lookup would require extrapolation into the future.  Requested time 1757086033.959552 but the latest data is at time 1757086030.245621, when looking up transform from frame [odom] to frame [map]
[controller_server-2] [WARN] [1757086034.078801544] [controller_server]: Unable to transform robot pose into global plan's frame
[controller_server-2] [WARN] [1757086034.078998089] [controller_server]: Control loop missed its desired rate of 10.0000Hz
[controller_server-2] [ERROR] [1757086034.181427505] [controller_server]: Exception in transformPose: Lookup would require extrapolation into the future.  Requested time 1757086034.059503 but the latest data is at time 1757086030.245621, when looking up transform from frame [odom] to frame [map]
[controller_server-2] [WARN] [1757086034.181546895] [controller_server]: Unable to transform robot pose into global plan's frame
[controller_server-2] [WARN] [1757086034.181761760] [controller_server]: Control loop missed its desired rate of 10.0000Hz
[controller_server-2] [ERROR] [1757086034.282840917] [controller_server]: Exception in transformPose: Lookup would require extrapolation into the future.  Requested time 1757086034.159522 but the latest data is at time 1757086030.245621, when looking up transform from frame [odom] to frame [map]
[controller_server-2] [WARN] [1757086034.282942793] [controller_server]: Unable to transform robot pose into global plan's frame
[controller_server-2] [WARN] [1757086034.283110787] [controller_server]: Control loop missed its desired rate of 10.0000Hz
[controller_server-2] [ERROR] [1757086034.385541165] [controller_server]: Exception in transformPose: Lookup would require extrapolation into the future.  Requested time 1757086034.259575 but the latest data is at time 1757086030.245621, when looking up transform from frame [odom] to frame [map]
[controller_server-2] [WARN] [1757086034.385654722] [controller_server]: Unable to transform robot pose into global plan's frame
[controller_server-2] [ERROR] [1757086034.385699898] [controller_server]: Controller patience exceeded
[controller_server-2] [WARN] [1757086034.385772112] [controller_server]: [follow_path] [ActionServer] Aborting handle.
[controller_server-2] [INFO] [1757086034.403896005] [local_costmap.local_costmap]: Received request to clear entirely the local_costmap
[planner_server-4] [INFO] [1757086034.405853809] [global_costmap.global_costmap]: Received request to clear entirely the global_costmap
[explore-10] [ERROR] [1757086035.154511482] [explore_node]: Extrapolation Error looking up robot pose: Lookup would require extrapolation into the future.  Requested time 1757086034.849441 but the latest data is at time 1757086030.245621, when looking up transform from frame [base_link] to frame [map]
[explore-10] 
[controller_server-2] [INFO] [1757086035.184044697] [controller_server]: Received a goal, begin computing control effort.
[controller_server-2] [ERROR] [1757086035.286089292] [controller_server]: Exception in transformPose: Lookup would require extrapolation into the future.  Requested time 1757086035.159692 but the latest data is at time 1757086030.245621, when looking up transform from frame [odom] to frame [map]
[controller_server-2] [WARN] [1757086035.286263890] [controller_server]: Unable to transform robot pose into global plan's frame
[controller_server-2] [WARN] [1757086035.286554829] [controller_server]: Control loop missed its desired rate of 10.0000Hz
[controller_server-2] [ERROR] [1757086035.389721688] [controller_server]: Exception in transformPose: Lookup would require extrapolation into the future.  Requested time 1757086035.209509 but the latest data is at time 1757086030.245621, when looking up transform from frame [odom] to frame [map]
[controller_server-2] [WARN] [1757086035.389927562] [controller_server]: Unable to transform robot pose into global plan's frame
[controller_server-2] [WARN] [1757086035.390257755] [controller_server]: Control loop missed its desired rate of 10.0000Hz
[controller_server-2] [ERROR] [1757086035.491776241] [controller_server]: Exception in transformPose: Lookup would require extrapolation into the future.  Requested time 1757086035.359488 but the latest data is at time 1757086030.245621, when looking up transform from frame [odom] to frame [map]
[controller_server-2] [WARN] [1757086035.491821848] [controller_server]: Unable to transform robot pose into global plan's frame
[controller_server-2] [WARN] [1757086035.491894832] [controller_server]: Control loop missed its desired rate of 10.0000Hz
[controller_server-2] [ERROR] [1757086035.594295610] [controller_server]: Exception in transformPose: Lookup would require extrapolation into the future.  Requested time 1757086035.459509 but the latest data is at time 1757086030.245621, when looking up transform from frame [odom] to frame [map]
[controller_server-2] [WARN] [1757086035.594482960] [controller_server]: Unable to transform robot pose into global plan's frame
[controller_server-2] [WARN] [1757086035.594685125] [controller_server]: Control loop missed its desired rate of 10.0000Hz
[controller_server-2] [ERROR] [1757086035.696639453] [controller_server]: Exception in transformPose: Lookup would require extrapolation into the future.  Requested time 1757086035.559563 but the latest data is at time 1757086030.245621, when looking up transform from frame [odom] to frame [map]
[controller_server-2] [WARN] [1757086035.696767953] [controller_server]: Unable to transform robot pose into global plan's frame
[controller_server-2] [WARN] [1757086035.697051670] [controller_server]: Control loop missed its desired rate of 10.0000Hz
[controller_server-2] [ERROR] [1757086035.799895901] [controller_server]: Exception in transformPose: Lookup would require extrapolation into the future.  Requested time 1757086035.659518 but the latest data is at time 1757086030.245621, when looking up transform from frame [odom] to frame [map]
[controller_server-2] [WARN] [1757086035.800011130] [controller_server]: Unable to transform robot pose into global plan's frame
[controller_server-2] [WARN] [1757086035.800191131] [controller_server]: Control loop missed its desired rate of 10.0000Hz
[controller_server-2] [ERROR] [1757086035.902147066] [controller_server]: Exception in transformPose: Lookup would require extrapolation into the future.  Requested time 1757086035.709543 but the latest data is at time 1757086030.245621, when looking up transform from frame [odom] to frame [map]
[controller_server-2] [WARN] [1757086035.902276601] [controller_server]: Unable to transform robot pose into global plan's frame
[controller_server-2] [WARN] [1757086035.902542149] [controller_server]: Control loop missed its desired rate of 10.0000Hz
[controller_server-2] [ERROR] [1757086036.005139393] [controller_server]: Exception in transformPose: Lookup would require extrapolation into the future.  Requested time 1757086035.809517 but the latest data is at time 1757086030.245621, when looking up transform from frame [odom] to frame [map]
[controller_server-2] [WARN] [1757086036.005256024] [controller_server]: Unable to transform robot pose into global plan's frame
[controller_server-2] [WARN] [1757086036.005427876] [controller_server]: Control loop missed its desired rate of 10.0000Hz
[controller_server-2] [ERROR] [1757086036.106521062] [controller_server]: Exception in transformPose: Lookup would require extrapolation into the future.  Requested time 1757086035.959582 but the latest data is at time 1757086030.245621, when looking up transform from frame [odom] to frame [map]
[controller_server-2] [WARN] [1757086036.106643451] [controller_server]: Unable to transform robot pose into global plan's frame
[controller_server-2] [WARN] [1757086036.106826276] [controller_server]: Control loop missed its desired rate of 10.0000Hz
[controller_server-2] [ERROR] [1757086036.209479023] [controller_server]: Exception in transformPose: Lookup would require extrapolation into the future.  Requested time 1757086036.009577 but the latest data is at time 1757086030.245621, when looking up transform from frame [odom] to frame [map]
[controller_server-2] [WARN] [1757086036.209606440] [controller_server]: Unable to transform robot pose into global plan's frame
[controller_server-2] [WARN] [1757086036.209839942] [controller_server]: Control loop missed its desired rate of 10.0000Hz
[controller_server-2] [ERROR] [1757086036.310978571] [controller_server]: Exception in transformPose: Lookup would require extrapolation into the future.  Requested time 1757086036.009577 but the latest data is at time 1757086030.245621, when looking up transform from frame [odom] to frame [map]
[controller_server-2] [WARN] [1757086036.311144746] [controller_server]: Unable to transform robot pose into global plan's frame
[controller_server-2] [WARN] [1757086036.311408245] [controller_server]: Control loop missed its desired rate of 10.0000Hz
[controller_server-2] [INFO] [1757086036.311447328] [controller_server]: Passing new path to controller.
[controller_server-2] [ERROR] [1757086036.414976879] [controller_server]: Exception in transformPose: Lookup would require extrapolation into the future.  Requested time 1757086036.009577 but the latest data is at time 1757086030.245621, when looking up transform from frame [odom] to frame [map]
[controller_server-2] [WARN] [1757086036.415097567] [controller_server]: Unable to transform robot pose into global plan's frame
[controller_server-2] [WARN] [1757086036.415278467] [controller_server]: Control loop missed its desired rate of 10.0000Hz
[controller_server-2] [ERROR] [1757086036.517438770] [controller_server]: Exception in transformPose: Lookup would require extrapolation into the future.  Requested time 1757086036.009577 but the latest data is at time 1757086030.245621, when looking up transform from frame [odom] to frame [map]
[controller_server-2] [WARN] [1757086036.517565472] [controller_server]: Unable to transform robot pose into global plan's frame
[controller_server-2] [WARN] [1757086036.517823933] [controller_server]: Control loop missed its desired rate of 10.0000Hz
[controller_server-2] [ERROR] [1757086036.620688623] [controller_server]: Exception in transformPose: Lookup would require extrapolation into the future.  Requested time 1757086036.009577 but the latest data is at time 1757086030.245621, when looking up transform from frame [odom] to frame [map]
[controller_server-2] [WARN] [1757086036.620813328] [controller_server]: Unable to transform robot pose into global plan's frame
[controller_server-2] [WARN] [1757086036.621098126] [controller_server]: Control loop missed its desired rate of 10.0000Hz
[controller_server-2] [ERROR] [1757086036.722454622] [controller_server]: Exception in transformPose: Lookup would require extrapolation into the future.  Requested time 1757086036.509529 but the latest data is at time 1757086030.245621, when looking up transform from frame [odom] to frame [map]
[controller_server-2] [WARN] [1757086036.722581984] [controller_server]: Unable to transform robot pose into global plan's frame
[controller_server-2] [WARN] [1757086036.722834066] [controller_server]: Control loop missed its desired rate of 10.0000Hz
[controller_server-2] [ERROR] [1757086036.826152112] [controller_server]: Exception in transformPose: Lookup would require extrapolation into the future.  Requested time 1757086036.559804 but the latest data is at time 1757086030.245621, when looking up transform from frame [odom] to frame [map]
[controller_server-2] [WARN] [1757086036.826274769] [controller_server]: Unable to transform robot pose into global plan's frame
[controller_server-2] [WARN] [1757086036.826461838] [controller_server]: Control loop missed its desired rate of 10.0000Hz
[controller_server-2] [ERROR] [1757086036.928319464] [controller_server]: Exception in transformPose: Lookup would require extrapolation into the future.  Requested time 1757086036.759887 but the latest data is at time 1757086030.245621, when looking up transform from frame [odom] to frame [map]
[controller_server-2] [WARN] [1757086036.928446711] [controller_server]: Unable to transform robot pose into global plan's frame
[controller_server-2] [WARN] [1757086036.928640796] [controller_server]: Control loop missed its desired rate of 10.0000Hz
[controller_server-2] [ERROR] [1757086037.032290851] [controller_server]: Exception in transformPose: Lookup would require extrapolation into the future.  Requested time 1757086036.809576 but the latest data is at time 1757086030.245621, when looking up transform from frame [odom] to frame [map]
[controller_server-2] [WARN] [1757086037.032422819] [controller_server]: Unable to transform robot pose into global plan's frame
[controller_server-2] [WARN] [1757086037.032619629] [controller_server]: Control loop missed its desired rate of 10.0000Hz
[controller_server-2] [ERROR] [1757086037.134172532] [controller_server]: Exception in transformPose: Lookup would require extrapolation into the future.  Requested time 1757086036.959521 but the latest data is at time 1757086030.245621, when looking up transform from frame [odom] to frame [map]
[controller_server-2] [WARN] [1757086037.134288961] [controller_server]: Unable to transform robot pose into global plan's frame
[controller_server-2] [WARN] [1757086037.134459068] [controller_server]: Control loop missed its desired rate of 10.0000Hz
[controller_server-2] [ERROR] [1757086037.237010435] [controller_server]: Exception in transformPose: Lookup would require extrapolation into the future.  Requested time 1757086037.059532 but the latest data is at time 1757086030.245621, when looking up transform from frame [odom] to frame [map]
[controller_server-2] [WARN] [1757086037.237129877] [controller_server]: Unable to transform robot pose into global plan's frame
[controller_server-2] [ERROR] [1757086037.237179342] [controller_server]: Controller patience exceeded
[controller_server-2] [WARN] [1757086037.237299757] [controller_server]: [follow_path] [ActionServer] Aborting handle.
[controller_server-2] [INFO] [1757086037.244175970] [controller_server]: Received a goal, begin computing control effort.
[controller_server-2] [ERROR] [1757086037.346055968] [controller_server]: Exception in transformPose: Lookup would require extrapolation into the future.  Requested time 1757086037.209613 but the latest data is at time 1757086030.245621, when looking up transform from frame [odom] to frame [map]
[controller_server-2] [WARN] [1757086037.346198908] [controller_server]: Unable to transform robot pose into global plan's frame
[controller_server-2] [WARN] [1757086037.346386594] [controller_server]: Control loop missed its desired rate of 10.0000Hz
[controller_server-2] [ERROR] [1757086037.448343310] [controller_server]: Exception in transformPose: Lookup would require extrapolation into the future.  Requested time 1757086037.309801 but the latest data is at time 1757086030.245621, when looking up transform from frame [odom] to frame [map]
[controller_server-2] [WARN] [1757086037.448542353] [controller_server]: Unable to transform robot pose into global plan's frame
[controller_server-2] [WARN] [1757086037.448753637] [controller_server]: Control loop missed its desired rate of 10.0000Hz
[controller_server-2] [ERROR] [1757086037.552529755] [controller_server]: Exception in transformPose: Lookup would require extrapolation into the future.  Requested time 1757086037.409509 but the latest data is at time 1757086030.245621, when looking up transform from frame [odom] to frame [map]
[controller_server-2] [WARN] [1757086037.552670040] [controller_server]: Unable to transform robot pose into global plan's frame
[controller_server-2] [WARN] [1757086037.552950409] [controller_server]: Control loop missed its desired rate of 10.0000Hz
[controller_server-2] [ERROR] [1757086037.654737975] [controller_server]: Exception in transformPose: Lookup would require extrapolation into the future.  Requested time 1757086037.509543 but the latest data is at time 1757086030.245621, when looking up transform from frame [odom] to frame [map]
[controller_server-2] [WARN] [1757086037.654864841] [controller_server]: Unable to transform robot pose into global plan's frame
[controller_server-2] [WARN] [1757086037.655063682] [controller_server]: Control loop missed its desired rate of 10.0000Hz
[controller_server-2] [ERROR] [1757086037.757870572] [controller_server]: Exception in transformPose: Lookup would require extrapolation into the future.  Requested time 1757086037.612370 but the latest data is at time 1757086030.245621, when looking up transform from frame [odom] to frame [map]
[controller_server-2] [WARN] [1757086037.757977097] [controller_server]: Unable to transform robot pose into global plan's frame
[controller_server-2] [WARN] [1757086037.758284830] [controller_server]: Control loop missed its desired rate of 10.0000Hz
[controller_server-2] [ERROR] [1757086037.860128267] [controller_server]: Exception in transformPose: Lookup would require extrapolation into the future.  Requested time 1757086037.709517 but the latest data is at time 1757086030.245621, when looking up transform from frame [odom] to frame [map]
[controller_server-2] [WARN] [1757086037.860254135] [controller_server]: Unable to transform robot pose into global plan's frame
[controller_server-2] [WARN] [1757086037.860439094] [controller_server]: Control loop missed its desired rate of 10.0000Hz
[controller_server-2] [ERROR] [1757086037.962910669] [controller_server]: Exception in transformPose: Lookup would require extrapolation into the future.  Requested time 1757086037.809598 but the latest data is at time 1757086030.245621, when looking up transform from frame [odom] to frame [map]
[controller_server-2] [WARN] [1757086037.963020616] [controller_server]: Unable to transform robot pose into global plan's frame
[controller_server-2] [WARN] [1757086037.963190600] [controller_server]: Control loop missed its desired rate of 10.0000Hz
[controller_server-2] [ERROR] [1757086038.064629190] [controller_server]: Exception in transformPose: Lookup would require extrapolation into the future.  Requested time 1757086037.909605 but the latest data is at time 1757086030.245621, when looking up transform from frame [odom] to frame [map]
[controller_server-2] [WARN] [1757086038.064750113] [controller_server]: Unable to transform robot pose into global plan's frame
[controller_server-2] [WARN] [1757086038.064929973] [controller_server]: Control loop missed its desired rate of 10.0000Hz
[controller_server-2] [ERROR] [1757086038.167503470] [controller_server]: Exception in transformPose: Lookup would require extrapolation into the future.  Requested time 1757086038.009470 but the latest data is at time 1757086030.245621, when looking up transform from frame [odom] to frame [map]
[controller_server-2] [WARN] [1757086038.167665860] [controller_server]: Unable to transform robot pose into global plan's frame
[controller_server-2] [WARN] [1757086038.167906122] [controller_server]: Control loop missed its desired rate of 10.0000Hz
[controller_server-2] [ERROR] [1757086038.269266276] [controller_server]: Exception in transformPose: Lookup would require extrapolation into the future.  Requested time 1757086038.159592 but the latest data is at time 1757086030.245621, when looking up transform from frame [odom] to frame [map]
[controller_server-2] [WARN] [1757086038.269409803] [controller_server]: Unable to transform robot pose into global plan's frame
[controller_server-2] [WARN] [1757086038.269620154] [controller_server]: Control loop missed its desired rate of 10.0000Hz
[controller_server-2] [ERROR] [1757086038.372176281] [controller_server]: Exception in transformPose: Lookup would require extrapolation into the future.  Requested time 1757086038.209681 but the latest data is at time 1757086030.245621, when looking up transform from frame [odom] to frame [map]
[controller_server-2] [WARN] [1757086038.372328112] [controller_server]: Unable to transform robot pose into global plan's frame
[controller_server-2] [WARN] [1757086038.372539092] [controller_server]: Control loop missed its desired rate of 10.0000Hz
[controller_server-2] [INFO] [1757086038.372567729] [controller_server]: Passing new path to controller.
[controller_server-2] [ERROR] [1757086038.473767586] [controller_server]: Exception in transformPose: Lookup would require extrapolation into the future.  Requested time 1757086038.359582 but the latest data is at time 1757086030.245621, when looking up transform from frame [odom] to frame [map]
[controller_server-2] [WARN] [1757086038.473866170] [controller_server]: Unable to transform robot pose into global plan's frame
[controller_server-2] [WARN] [1757086038.474027357] [controller_server]: Control loop missed its desired rate of 10.0000Hz
[controller_server-2] [ERROR] [1757086038.576013437] [controller_server]: Exception in transformPose: Lookup would require extrapolation into the future.  Requested time 1757086038.459583 but the latest data is at time 1757086030.245621, when looking up transform from frame [odom] to frame [map]
[controller_server-2] [WARN] [1757086038.576125965] [controller_server]: Unable to transform robot pose into global plan's frame
[controller_server-2] [WARN] [1757086038.576305361] [controller_server]: Control loop missed its desired rate of 10.0000Hz
[controller_server-2] [ERROR] [1757086038.678165078] [controller_server]: Exception in transformPose: Lookup would require extrapolation into the future.  Requested time 1757086038.559581 but the latest data is at time 1757086030.245621, when looking up transform from frame [odom] to frame [map]
[controller_server-2] [WARN] [1757086038.678313628] [controller_server]: Unable to transform robot pose into global plan's frame
[controller_server-2] [WARN] [1757086038.678607073] [controller_server]: Control loop missed its desired rate of 10.0000Hz
[controller_server-2] [ERROR] [1757086038.782173729] [controller_server]: Exception in transformPose: Lookup would require extrapolation into the future.  Requested time 1757086038.659540 but the latest data is at time 1757086030.245621, when looking up transform from frame [odom] to frame [map]
[controller_server-2] [WARN] [1757086038.782321095] [controller_server]: Unable to transform robot pose into global plan's frame
[controller_server-2] [WARN] [1757086038.782599146] [controller_server]: Control loop missed its desired rate of 10.0000Hz
[controller_server-2] [ERROR] [1757086038.884432335] [controller_server]: Exception in transformPose: Lookup would require extrapolation into the future.  Requested time 1757086038.759534 but the latest data is at time 1757086030.245621, when looking up transform from frame [odom] to frame [map]
[controller_server-2] [WARN] [1757086038.884503416] [controller_server]: Unable to transform robot pose into global plan's frame
[controller_server-2] [WARN] [1757086038.884637191] [controller_server]: Control loop missed its desired rate of 10.0000Hz
[controller_server-2] [ERROR] [1757086038.987101825] [controller_server]: Exception in transformPose: Lookup would require extrapolation into the future.  Requested time 1757086038.859669 but the latest data is at time 1757086030.245621, when looking up transform from frame [odom] to frame [map]
[controller_server-2] [WARN] [1757086038.987248193] [controller_server]: Unable to transform robot pose into global plan's frame
[controller_server-2] [WARN] [1757086038.987882064] [controller_server]: Control loop missed its desired rate of 10.0000Hz
[controller_server-2] [ERROR] [1757086039.089298670] [controller_server]: Exception in transformPose: Lookup would require extrapolation into the future.  Requested time 1757086038.959515 but the latest data is at time 1757086030.245621, when looking up transform from frame [odom] to frame [map]
[controller_server-2] [WARN] [1757086039.089454235] [controller_server]: Unable to transform robot pose into global plan's frame
[controller_server-2] [WARN] [1757086039.089735120] [controller_server]: Control loop missed its desired rate of 10.0000Hz
[controller_server-2] [ERROR] [1757086039.192392507] [controller_server]: Exception in transformPose: Lookup would require extrapolation into the future.  Requested time 1757086039.059578 but the latest data is at time 1757086030.245621, when looking up transform from frame [odom] to frame [map]
[controller_server-2] [WARN] [1757086039.192524939] [controller_server]: Unable to transform robot pose into global plan's frame
[controller_server-2] [WARN] [1757086039.192714595] [controller_server]: Control loop missed its desired rate of 10.0000Hz
[controller_server-2] [ERROR] [1757086039.293896044] [controller_server]: Exception in transformPose: Lookup would require extrapolation into the future.  Requested time 1757086039.159672 but the latest data is at time 1757086030.245621, when looking up transform from frame [odom] to frame [map]
[controller_server-2] [WARN] [1757086039.294128741] [controller_server]: Unable to transform robot pose into global plan's frame
[controller_server-2] [ERROR] [1757086039.294215794] [controller_server]: Controller patience exceeded
[controller_server-2] [WARN] [1757086039.294301247] [controller_server]: [follow_path] [ActionServer] Aborting handle.
[controller_server-2] [INFO] [1757086039.304092277] [controller_server]: Received a goal, begin computing control effort.
[controller_server-2] [ERROR] [1757086039.405636145] [controller_server]: Exception in transformPose: Lookup would require extrapolation into the future.  Requested time 1757086039.259547 but the latest data is at time 1757086030.245621, when looking up transform from frame [odom] to frame [map]
[controller_server-2] [WARN] [1757086039.405781599] [controller_server]: Unable to transform robot pose into global plan's frame
[controller_server-2] [WARN] [1757086039.405983344] [controller_server]: Control loop missed its desired rate of 10.0000Hz
[controller_server-2] [ERROR] [1757086039.507276858] [controller_server]: Exception in transformPose: Lookup would require extrapolation into the future.  Requested time 1757086039.359529 but the latest data is at time 1757086030.245621, when looking up transform from frame [odom] to frame [map]
[controller_server-2] [WARN] [1757086039.507393422] [controller_server]: Unable to transform robot pose into global plan's frame
[controller_server-2] [WARN] [1757086039.507574438] [controller_server]: Control loop missed its desired rate of 10.0000Hz
[controller_server-2] [ERROR] [1757086039.610156907] [controller_server]: Exception in transformPose: Lookup would require extrapolation into the future.  Requested time 1757086039.459694 but the latest data is at time 1757086030.245621, when looking up transform from frame [odom] to frame [map]
[controller_server-2] [WARN] [1757086039.610271725] [controller_server]: Unable to transform robot pose into global plan's frame
[controller_server-2] [WARN] [1757086039.610646782] [controller_server]: Control loop missed its desired rate of 10.0000Hz
[controller_server-2] [ERROR] [1757086039.712022627] [controller_server]: Exception in transformPose: Lookup would require extrapolation into the future.  Requested time 1757086039.559527 but the latest data is at time 1757086030.245621, when looking up transform from frame [odom] to frame [map]
[controller_server-2] [WARN] [1757086039.712145633] [controller_server]: Unable to transform robot pose into global plan's frame
[controller_server-2] [WARN] [1757086039.712331944] [controller_server]: Control loop missed its desired rate of 10.0000Hz
[controller_server-2] [ERROR] [1757086039.814854794] [controller_server]: Exception in transformPose: Lookup would require extrapolation into the future.  Requested time 1757086039.659560 but the latest data is at time 1757086030.245621, when looking up transform from frame [odom] to frame [map]
[controller_server-2] [WARN] [1757086039.814968577] [controller_server]: Unable to transform robot pose into global plan's frame
[controller_server-2] [WARN] [1757086039.815152255] [controller_server]: Control loop missed its desired rate of 10.0000Hz
[controller_server-2] [ERROR] [1757086039.916746476] [controller_server]: Exception in transformPose: Lookup would require extrapolation into the future.  Requested time 1757086039.760804 but the latest data is at time 1757086030.245621, when looking up transform from frame [odom] to frame [map]
[controller_server-2] [WARN] [1757086039.916881197] [controller_server]: Unable to transform robot pose into global plan's frame
[controller_server-2] [WARN] [1757086039.917075072] [controller_server]: Control loop missed its desired rate of 10.0000Hz
[controller_server-2] [ERROR] [1757086040.019711399] [controller_server]: Exception in transformPose: Lookup would require extrapolation into the future.  Requested time 1757086039.861499 but the latest data is at time 1757086030.245621, when looking up transform from frame [odom] to frame [map]
[controller_server-2] [WARN] [1757086040.019823998] [controller_server]: Unable to transform robot pose into global plan's frame
[controller_server-2] [WARN] [1757086040.019989404] [controller_server]: Control loop missed its desired rate of 10.0000Hz
[controller_server-2] [ERROR] [1757086040.121057339] [controller_server]: Exception in transformPose: Lookup would require extrapolation into the future.  Requested time 1757086039.962018 but the latest data is at time 1757086030.245621, when looking up transform from frame [odom] to frame [map]
[controller_server-2] [WARN] [1757086040.121170345] [controller_server]: Unable to transform robot pose into global plan's frame
[controller_server-2] [WARN] [1757086040.121349823] [controller_server]: Control loop missed its desired rate of 10.0000Hz
[controller_server-2] [ERROR] [1757086040.223899764] [controller_server]: Exception in transformPose: Lookup would require extrapolation into the future.  Requested time 1757086040.059566 but the latest data is at time 1757086030.245621, when looking up transform from frame [odom] to frame [map]
[controller_server-2] [WARN] [1757086040.224020921] [controller_server]: Unable to transform robot pose into global plan's frame
[controller_server-2] [WARN] [1757086040.224205870] [controller_server]: Control loop missed its desired rate of 10.0000Hz
[controller_server-2] [ERROR] [1757086040.325303298] [controller_server]: Exception in transformPose: Lookup would require extrapolation into the future.  Requested time 1757086040.161032 but the latest data is at time 1757086030.245621, when looking up transform from frame [odom] to frame [map]
[controller_server-2] [WARN] [1757086040.325422003] [controller_server]: Unable to transform robot pose into global plan's frame
[controller_server-2] [WARN] [1757086040.325599480] [controller_server]: Control loop missed its desired rate of 10.0000Hz
[controller_server-2] [ERROR] [1757086040.428186453] [controller_server]: Exception in transformPose: Lookup would require extrapolation into the future.  Requested time 1757086040.262678 but the latest data is at time 1757086030.245621, when looking up transform from frame [odom] to frame [map]
[controller_server-2] [WARN] [1757086040.428300418] [controller_server]: Unable to transform robot pose into global plan's frame
[controller_server-2] [WARN] [1757086040.428484853] [controller_server]: Control loop missed its desired rate of 10.0000Hz
[controller_server-2] [INFO] [1757086040.428512446] [controller_server]: Passing new path to controller.
[bt_navigator-6] [ERROR] [1757086040.444768798] [transformPoseInTargetFrame]: Extrapolation Error looking up target frame: Lookup would require extrapolation into the past.  Requested time 1757086030.245621 but the earliest data is at time 1757086030.409531, when looking up transform from frame [base_link] to frame [map]
[bt_navigator-6] 
[bt_navigator-6] [WARN] [1757086040.444989287] [BehaviorTreeEngine]: Behavior Tree tick rate 100.00 was exceeded!
[controller_server-2] [ERROR] [1757086040.529641754] [controller_server]: Exception in transformPose: Lookup would require extrapolation into the future.  Requested time 1757086040.359725 but the latest data is at time 1757086030.245621, when looking up transform from frame [odom] to frame [map]
[controller_server-2] [WARN] [1757086040.529754926] [controller_server]: Unable to transform robot pose into global plan's frame
[controller_server-2] [WARN] [1757086040.529960533] [controller_server]: Control loop missed its desired rate of 10.0000Hz
[bt_navigator-6] [ERROR] [1757086040.546225688] [transformPoseInTargetFrame]: Extrapolation Error looking up target frame: Lookup would require extrapolation into the past.  Requested time 1757086030.245621 but the earliest data is at time 1757086030.512609, when looking up transform from frame [base_link] to frame [map]
[bt_navigator-6] 
[bt_navigator-6] [WARN] [1757086040.546425658] [BehaviorTreeEngine]: Behavior Tree tick rate 100.00 was exceeded!
[controller_server-2] [ERROR] [1757086040.632823596] [controller_server]: Exception in transformPose: Lookup would require extrapolation into the future.  Requested time 1757086040.359725 but the latest data is at time 1757086030.245621, when looking up transform from frame [odom] to frame [map]
[controller_server-2] [WARN] [1757086040.632947695] [controller_server]: Unable to transform robot pose into global plan's frame
[controller_server-2] [WARN] [1757086040.633140846] [controller_server]: Control loop missed its desired rate of 10.0000Hz
[bt_navigator-6] [ERROR] [1757086040.647738664] [transformPoseInTargetFrame]: Extrapolation Error looking up target frame: Lookup would require extrapolation into the past.  Requested time 1757086030.245621 but the earliest data is at time 1757086030.566269, when looking up transform from frame [base_link] to frame [map]
[bt_navigator-6] 
[bt_navigator-6] [WARN] [1757086040.647918841] [BehaviorTreeEngine]: Behavior Tree tick rate 100.00 was exceeded!
[controller_server-2] [ERROR] [1757086040.734171751] [controller_server]: Exception in transformPose: Lookup would require extrapolation into the future.  Requested time 1757086040.509617 but the latest data is at time 1757086030.245621, when looking up transform from frame [odom] to frame [map]
[controller_server-2] [WARN] [1757086040.734267436] [controller_server]: Unable to transform robot pose into global plan's frame
[controller_server-2] [WARN] [1757086040.734376594] [controller_server]: Control loop missed its desired rate of 10.0000Hz
[bt_navigator-6] [ERROR] [1757086040.749055212] [transformPoseInTargetFrame]: Extrapolation Error looking up target frame: Lookup would require extrapolation into the past.  Requested time 1757086030.245621 but the earliest data is at time 1757086030.609602, when looking up transform from frame [base_link] to frame [map]
[bt_navigator-6] 
[bt_navigator-6] [WARN] [1757086040.749190833] [BehaviorTreeEngine]: Behavior Tree tick rate 100.00 was exceeded!
[controller_server-2] [ERROR] [1757086040.836052971] [controller_server]: Exception in transformPose: Lookup would require extrapolation into the future.  Requested time 1757086040.709506 but the latest data is at time 1757086030.245621, when looking up transform from frame [odom] to frame [map]
[controller_server-2] [WARN] [1757086040.836172864] [controller_server]: Unable to transform robot pose into global plan's frame
[controller_server-2] [WARN] [1757086040.836361666] [controller_server]: Control loop missed its desired rate of 10.0000Hz
[bt_navigator-6] [ERROR] [1757086040.851033875] [transformPoseInTargetFrame]: Extrapolation Error looking up target frame: Lookup would require extrapolation into the past.  Requested time 1757086030.245621 but the earliest data is at time 1757086030.759956, when looking up transform from frame [base_link] to frame [map]
[bt_navigator-6] 
[bt_navigator-6] [WARN] [1757086040.851107931] [BehaviorTreeEngine]: Behavior Tree tick rate 100.00 was exceeded!
[controller_server-2] [ERROR] [1757086040.937659557] [controller_server]: Exception in transformPose: Lookup would require extrapolation into the future.  Requested time 1757086040.809558 but the latest data is at time 1757086030.245621, when looking up transform from frame [odom] to frame [map]
[controller_server-2] [WARN] [1757086040.937824877] [controller_server]: Unable to transform robot pose into global plan's frame
[controller_server-2] [WARN] [1757086040.938157018] [controller_server]: Control loop missed its desired rate of 10.0000Hz
[bt_navigator-6] [ERROR] [1757086040.952851195] [transformPoseInTargetFrame]: Extrapolation Error looking up target frame: Lookup would require extrapolation into the past.  Requested time 1757086030.245621 but the earliest data is at time 1757086030.859588, when looking up transform from frame [base_link] to frame [map]
[bt_navigator-6] 
[bt_navigator-6] [WARN] [1757086040.953045553] [BehaviorTreeEngine]: Behavior Tree tick rate 100.00 was exceeded!
[controller_server-2] [ERROR] [1757086041.042131458] [controller_server]: Exception in transformPose: Lookup would require extrapolation into the future.  Requested time 1757086040.909522 but the latest data is at time 1757086030.245621, when looking up transform from frame [odom] to frame [map]
[controller_server-2] [WARN] [1757086041.042267689] [controller_server]: Unable to transform robot pose into global plan's frame
[controller_server-2] [WARN] [1757086041.042464963] [controller_server]: Control loop missed its desired rate of 10.0000Hz
[bt_navigator-6] [ERROR] [1757086041.054198705] [transformPoseInTargetFrame]: Extrapolation Error looking up target frame: Lookup would require extrapolation into the past.  Requested time 1757086030.245621 but the earliest data is at time 1757086030.959582, when looking up transform from frame [base_link] to frame [map]
[bt_navigator-6] 
[bt_navigator-6] [WARN] [1757086041.054389953] [BehaviorTreeEngine]: Behavior Tree tick rate 100.00 was exceeded!
[controller_server-2] [ERROR] [1757086041.145902658] [controller_server]: Exception in transformPose: Lookup would require extrapolation into the future.  Requested time 1757086041.009584 but the latest data is at time 1757086030.245621, when looking up transform from frame [odom] to frame [map]
[controller_server-2] [WARN] [1757086041.146062015] [controller_server]: Unable to transform robot pose into global plan's frame
[controller_server-2] [WARN] [1757086041.146342309] [controller_server]: Control loop missed its desired rate of 10.0000Hz
[bt_navigator-6] [ERROR] [1757086041.155555875] [transformPoseInTargetFrame]: Extrapolation Error looking up target frame: Lookup would require extrapolation into the past.  Requested time 1757086030.245621 but the earliest data is at time 1757086031.059579, when looking up transform from frame [base_link] to frame [map]
[bt_navigator-6] 
[bt_navigator-6] [WARN] [1757086041.155800301] [BehaviorTreeEngine]: Behavior Tree tick rate 100.00 was exceeded!
[controller_server-2] [ERROR] [1757086041.248373742] [controller_server]: Exception in transformPose: Lookup would require extrapolation into the future.  Requested time 1757086041.109543 but the latest data is at time 1757086030.245621, when looking up transform from frame [odom] to frame [map]
[controller_server-2] [WARN] [1757086041.248524760] [controller_server]: Unable to transform robot pose into global plan's frame
[controller_server-2] [WARN] [1757086041.248808999] [controller_server]: Control loop missed its desired rate of 10.0000Hz
[bt_navigator-6] [ERROR] [1757086041.257078334] [transformPoseInTargetFrame]: Extrapolation Error looking up target frame: Lookup would require extrapolation into the past.  Requested time 1757086030.245621 but the earliest data is at time 1757086031.159625, when looking up transform from frame [base_link] to frame [map]
[bt_navigator-6] 
[bt_navigator-6] [WARN] [1757086041.257344286] [BehaviorTreeEngine]: Behavior Tree tick rate 100.00 was exceeded!
[controller_server-2] [ERROR] [1757086041.352586322] [controller_server]: Exception in transformPose: Lookup would require extrapolation into the future.  Requested time 1757086041.209572 but the latest data is at time 1757086030.245621, when looking up transform from frame [odom] to frame [map]
[controller_server-2] [WARN] [1757086041.352739350] [controller_server]: Unable to transform robot pose into global plan's frame
[controller_server-2] [ERROR] [1757086041.352806837] [controller_server]: Controller patience exceeded
[controller_server-2] [WARN] [1757086041.352928317] [controller_server]: [follow_path] [ActionServer] Aborting handle.
[bt_navigator-6] [ERROR] [1757086041.358593738] [transformPoseInTargetFrame]: Extrapolation Error looking up target frame: Lookup would require extrapolation into the past.  Requested time 1757086030.245621 but the earliest data is at time 1757086031.309545, when looking up transform from frame [base_link] to frame [map]
[bt_navigator-6] 
[bt_navigator-6] [WARN] [1757086041.358796527] [BehaviorTreeEngine]: Behavior Tree tick rate 100.00 was exceeded!
[bt_navigator-6] [ERROR] [1757086041.460632631] [transformPoseInTargetFrame]: Extrapolation Error looking up target frame: Lookup would require extrapolation into the past.  Requested time 1757086030.245621 but the earliest data is at time 1757086031.409536, when looking up transform from frame [base_link] to frame [map]
[bt_navigator-6] 
[bt_navigator-6] [WARN] [1757086041.460838484] [BehaviorTreeEngine]: Behavior Tree tick rate 100.00 was exceeded!
[planner_server-4] [ERROR] [1757086041.462425415] [transformPoseInTargetFrame]: Extrapolation Error looking up target frame: Lookup would require extrapolation into the past.  Requested time 1757086030.245621 but the earliest data is at time 1757086031.409536, when looking up transform from frame [base_link] to frame [map]
[planner_server-4] 
[bt_navigator-6] [ERROR] [1757086041.562191808] [transformPoseInTargetFrame]: Extrapolation Error looking up target frame: Lookup would require extrapolation into the past.  Requested time 1757086030.245621 but the earliest data is at time 1757086031.509524, when looking up transform from frame [base_link] to frame [map]
[bt_navigator-6] 
[bt_navigator-6] [WARN] [1757086041.562391282] [BehaviorTreeEngine]: Behavior Tree tick rate 100.00 was exceeded!
[controller_server-2] [INFO] [1757086041.562842016] [local_costmap.local_costmap]: Received request to clear entirely the local_costmap
[controller_server-2] [INFO] [1757086041.564536700] [controller_server]: Received a goal, begin computing control effort.
[planner_server-4] [ERROR] [1757086041.662958465] [transformPoseInTargetFrame]: Extrapolation Error looking up target frame: Lookup would require extrapolation into the past.  Requested time 1757086030.245621 but the earliest data is at time 1757086031.609526, when looking up transform from frame [base_link] to frame [map]
[planner_server-4] 
[planner_server-4] [WARN] [1757086041.663036951] [planner_server]: [compute_path_to_pose] [ActionServer] Aborting handle.
[bt_navigator-6] [ERROR] [1757086041.665662230] [transformPoseInTargetFrame]: Extrapolation Error looking up target frame: Lookup would require extrapolation into the past.  Requested time 1757086030.245621 but the earliest data is at time 1757086031.609526, when looking up transform from frame [base_link] to frame [map]
[bt_navigator-6] 
[bt_navigator-6] [WARN] [1757086041.665836396] [BehaviorTreeEngine]: Behavior Tree tick rate 100.00 was exceeded!
[controller_server-2] [ERROR] [1757086041.746518979] [controller_server]: Exception in transformPose: Lookup would require extrapolation into the future.  Requested time 1757086041.559691 but the latest data is at time 1757086030.245621, when looking up transform from frame [odom] to frame [map]
[controller_server-2] [WARN] [1757086041.746684753] [controller_server]: Unable to transform robot pose into global plan's frame
[controller_server-2] [WARN] [1757086041.747003316] [controller_server]: Control loop missed its desired rate of 10.0000Hz
[bt_navigator-6] [ERROR] [1757086041.767461192] [transformPoseInTargetFrame]: Extrapolation Error looking up target frame: Lookup would require extrapolation into the past.  Requested time 1757086030.245621 but the earliest data is at time 1757086031.659607, when looking up transform from frame [base_link] to frame [map]
[bt_navigator-6] 
[bt_navigator-6] [WARN] [1757086041.767675013] [BehaviorTreeEngine]: Behavior Tree tick rate 100.00 was exceeded!
[planner_server-4] [INFO] [1757086041.768006454] [global_costmap.global_costmap]: Received request to clear entirely the global_costmap
[explore-10] [ERROR] [1757086041.821020312] [explore_node]: Extrapolation Error looking up robot pose: Lookup would require extrapolation into the future.  Requested time 1757086041.515551 but the latest data is at time 1757086030.245621, when looking up transform from frame [base_link] to frame [map]
[explore-10] 
[controller_server-2] [ERROR] [1757086041.848874933] [controller_server]: Exception in transformPose: Lookup would require extrapolation into the future.  Requested time 1757086041.709574 but the latest data is at time 1757086030.245621, when looking up transform from frame [odom] to frame [map]
[controller_server-2] [WARN] [1757086041.849056064] [controller_server]: Unable to transform robot pose into global plan's frame
[controller_server-2] [WARN] [1757086041.849261871] [controller_server]: Control loop missed its desired rate of 10.0000Hz
[controller_server-2] [INFO] [1757086041.849289772] [controller_server]: Passing new path to controller.
[controller_server-2] [ERROR] [1757086041.849433570] [controller_server]: Invalid path, Path is empty.
[controller_server-2] [WARN] [1757086041.849482000] [controller_server]: [follow_path] [ActionServer] Aborting handle.
[bt_navigator-6] [ERROR] [1757086041.872700676] [transformPoseInTargetFrame]: Extrapolation Error looking up target frame: Lookup would require extrapolation into the past.  Requested time 1757086030.245621 but the earliest data is at time 1757086031.859553, when looking up transform from frame [base_link] to frame [map]
[bt_navigator-6] 
[bt_navigator-6] [WARN] [1757086041.872900537] [BehaviorTreeEngine]: Behavior Tree tick rate 100.00 was exceeded!
[bt_navigator-6] [ERROR] [1757086041.975012564] [transformPoseInTargetFrame]: Extrapolation Error looking up target frame: Lookup would require extrapolation into the past.  Requested time 1757086030.245621 but the earliest data is at time 1757086031.959536, when looking up transform from frame [base_link] to frame [map]
[bt_navigator-6] 
[bt_navigator-6] [WARN] [1757086041.975217984] [BehaviorTreeEngine]: Behavior Tree tick rate 100.00 was exceeded!
[bt_navigator-6] [ERROR] [1757086042.077232344] [transformPoseInTargetFrame]: Extrapolation Error looking up target frame: Lookup would require extrapolation into the past.  Requested time 1757086030.245621 but the earliest data is at time 1757086032.059612, when looking up transform from frame [base_link] to frame [map]
[bt_navigator-6] 
[bt_navigator-6] [WARN] [1757086042.077435094] [BehaviorTreeEngine]: Behavior Tree tick rate 100.00 was exceeded!
[bt_navigator-6] [ERROR] [1757086042.179243687] [transformPoseInTargetFrame]: Extrapolation Error looking up target frame: Lookup would require extrapolation into the past.  Requested time 1757086030.245621 but the earliest data is at time 1757086032.109607, when looking up transform from frame [base_link] to frame [map]
[bt_navigator-6] 
[bt_navigator-6] [WARN] [1757086042.179431296] [BehaviorTreeEngine]: Behavior Tree tick rate 100.00 was exceeded!
[bt_navigator-6] [ERROR] [1757086042.200382824] [bt_navigator_navigate_to_pose_rclcpp_node]: Failed to get result for compute_path_to_pose in node halt!
[behavior_server-5] [INFO] [1757086042.201353444] [behavior_server]: Running spin
[bt_navigator-6] [ERROR] [1757086042.302153231] [transformPoseInTargetFrame]: Extrapolation Error looking up target frame: Lookup would require extrapolation into the past.  Requested time 1757086030.245621 but the earliest data is at time 1757086032.259584, when looking up transform from frame [base_link] to frame [map]
[bt_navigator-6] 
[bt_navigator-6] [WARN] [1757086042.302323289] [BehaviorTreeEngine]: Behavior Tree tick rate 100.00 was exceeded!
[behavior_server-5] [ERROR] [1757086042.303038515] [transformPoseInTargetFrame]: Extrapolation Error looking up target frame: Lookup would require extrapolation into the past.  Requested time 1757086030.245621 but the earliest data is at time 1757086032.259584, when looking up transform from frame [base_link] to frame [map]
[behavior_server-5] 
[behavior_server-5] [ERROR] [1757086042.303089053] [behavior_server]: Current robot pose is not available.
[behavior_server-5] [INFO] [1757086042.303122141] [behavior_server]: Initial checks failed for spin
[behavior_server-5] [WARN] [1757086042.303147219] [behavior_server]: [spin] [ActionServer] Aborting handle.
[bt_navigator-6] [ERROR] [1757086042.403467288] [transformPoseInTargetFrame]: Extrapolation Error looking up target frame: Lookup would require extrapolation into the past.  Requested time 1757086030.245621 but the earliest data is at time 1757086032.359566, when looking up transform from frame [base_link] to frame [map]
[bt_navigator-6] 
[bt_navigator-6] [WARN] [1757086042.403650068] [BehaviorTreeEngine]: Behavior Tree tick rate 100.00 was exceeded!
[planner_server-4] [ERROR] [1757086042.462777288] [transformPoseInTargetFrame]: Extrapolation Error looking up target frame: Lookup would require extrapolation into the past.  Requested time 1757086030.245621 but the earliest data is at time 1757086032.409562, when looking up transform from frame [base_link] to frame [map]
[planner_server-4] 
[bt_navigator-6] [ERROR] [1757086042.505290347] [transformPoseInTargetFrame]: Extrapolation Error looking up target frame: Lookup would require extrapolation into the past.  Requested time 1757086030.245621 but the earliest data is at time 1757086032.459661, when looking up transform from frame [base_link] to frame [map]
[bt_navigator-6] 
[bt_navigator-6] [WARN] [1757086042.505496998] [BehaviorTreeEngine]: Behavior Tree tick rate 100.00 was exceeded!
[behavior_server-5] [INFO] [1757086042.506430902] [behavior_server]: Running wait
[bt_navigator-6] [ERROR] [1757086042.608598010] [transformPoseInTargetFrame]: Extrapolation Error looking up target frame: Lookup would require extrapolation into the past.  Requested time 1757086030.245621 but the earliest data is at time 1757086032.559623, when looking up transform from frame [base_link] to frame [map]
[bt_navigator-6] 
[bt_navigator-6] [WARN] [1757086042.608802324] [BehaviorTreeEngine]: Behavior Tree tick rate 100.00 was exceeded!
[bt_navigator-6] [ERROR] [1757086042.710111927] [transformPoseInTargetFrame]: Extrapolation Error looking up target frame: Lookup would require extrapolation into the past.  Requested time 1757086030.245621 but the earliest data is at time 1757086032.659606, when looking up transform from frame [base_link] to frame [map]
[bt_navigator-6] 
[bt_navigator-6] [WARN] [1757086042.710296059] [BehaviorTreeEngine]: Behavior Tree tick rate 100.00 was exceeded!
[bt_navigator-6] [ERROR] [1757086042.812475892] [transformPoseInTargetFrame]: Extrapolation Error looking up target frame: Lookup would require extrapolation into the past.  Requested time 1757086030.245621 but the earliest data is at time 1757086032.759710, when looking up transform from frame [base_link] to frame [map]
[bt_navigator-6] 
[bt_navigator-6] [WARN] [1757086042.812678156] [BehaviorTreeEngine]: Behavior Tree tick rate 100.00 was exceeded!
[bt_navigator-6] [ERROR] [1757086042.914279671] [transformPoseInTargetFrame]: Extrapolation Error looking up target frame: Lookup would require extrapolation into the past.  Requested time 1757086030.245621 but the earliest data is at time 1757086032.811692, when looking up transform from frame [base_link] to frame [map]
[bt_navigator-6] 
[bt_navigator-6] [WARN] [1757086042.914458858] [BehaviorTreeEngine]: Behavior Tree tick rate 100.00 was exceeded!
[bt_navigator-6] [ERROR] [1757086043.016047543] [transformPoseInTargetFrame]: Extrapolation Error looking up target frame: Lookup would require extrapolation into the past.  Requested time 1757086030.245621 but the earliest data is at time 1757086032.909552, when looking up transform from frame [base_link] to frame [map]
[bt_navigator-6] 
[bt_navigator-6] [WARN] [1757086043.016257380] [BehaviorTreeEngine]: Behavior Tree tick rate 100.00 was exceeded!
[bt_navigator-6] [ERROR] [1757086043.118006489] [transformPoseInTargetFrame]: Extrapolation Error looking up target frame: Lookup would require extrapolation into the past.  Requested time 1757086030.245621 but the earliest data is at time 1757086033.059505, when looking up transform from frame [base_link] to frame [map]
[bt_navigator-6] 
[bt_navigator-6] [WARN] [1757086043.118204926] [BehaviorTreeEngine]: Behavior Tree tick rate 100.00 was exceeded!
[bt_navigator-6] [ERROR] [1757086043.219409052] [transformPoseInTargetFrame]: Extrapolation Error looking up target frame: Lookup would require extrapolation into the past.  Requested time 1757086030.245621 but the earliest data is at time 1757086033.059505, when looking up transform from frame [base_link] to frame [map]
[bt_navigator-6] 
[bt_navigator-6] [WARN] [1757086043.219480005] [BehaviorTreeEngine]: Behavior Tree tick rate 100.00 was exceeded!
[bt_navigator-6] [ERROR] [1757086043.320608143] [transformPoseInTargetFrame]: Extrapolation Error looking up target frame: Lookup would require extrapolation into the past.  Requested time 1757086030.245621 but the earliest data is at time 1757086033.210649, when looking up transform from frame [base_link] to frame [map]
[bt_navigator-6] 
[bt_navigator-6] [WARN] [1757086043.320848277] [BehaviorTreeEngine]: Behavior Tree tick rate 100.00 was exceeded!
[bt_navigator-6] [ERROR] [1757086043.422154539] [transformPoseInTargetFrame]: Extrapolation Error looking up target frame: Lookup would require extrapolation into the past.  Requested time 1757086030.245621 but the earliest data is at time 1757086033.359619, when looking up transform from frame [base_link] to frame [map]
[bt_navigator-6] 
[bt_navigator-6] [WARN] [1757086043.422347306] [BehaviorTreeEngine]: Behavior Tree tick rate 100.00 was exceeded!
[planner_server-4] [ERROR] [1757086043.462268172] [transformPoseInTargetFrame]: Extrapolation Error looking up target frame: Lookup would require extrapolation into the past.  Requested time 1757086030.245621 but the earliest data is at time 1757086033.359619, when looking up transform from frame [base_link] to frame [map]
[planner_server-4] 
[bt_navigator-6] [ERROR] [1757086043.523542006] [transformPoseInTargetFrame]: Extrapolation Error looking up target frame: Lookup would require extrapolation into the past.  Requested time 1757086030.245621 but the earliest data is at time 1757086033.459540, when looking up transform from frame [base_link] to frame [map]
[bt_navigator-6] 
[bt_navigator-6] [WARN] [1757086043.523720955] [BehaviorTreeEngine]: Behavior Tree tick rate 100.00 was exceeded!
[bt_navigator-6] [ERROR] [1757086043.625085912] [transformPoseInTargetFrame]: Extrapolation Error looking up target frame: Lookup would require extrapolation into the past.  Requested time 1757086030.245621 but the earliest data is at time 1757086033.559520, when looking up transform from frame [base_link] to frame [map]
[bt_navigator-6] 
[bt_navigator-6] [WARN] [1757086043.625313610] [BehaviorTreeEngine]: Behavior Tree tick rate 100.00 was exceeded!
[bt_navigator-6] [ERROR] [1757086043.727496245] [transformPoseInTargetFrame]: Extrapolation Error looking up target frame: Lookup would require extrapolation into the past.  Requested time 1757086030.245621 but the earliest data is at time 1757086033.659531, when looking up transform from frame [base_link] to frame [map]
[bt_navigator-6] 
[bt_navigator-6] [WARN] [1757086043.727720047] [BehaviorTreeEngine]: Behavior Tree tick rate 100.00 was exceeded!
[bt_navigator-6] [ERROR] [1757086043.829195193] [transformPoseInTargetFrame]: Extrapolation Error looking up target frame: Lookup would require extrapolation into the past.  Requested time 1757086030.245621 but the earliest data is at time 1757086033.709574, when looking up transform from frame [base_link] to frame [map]
[bt_navigator-6] 
[bt_navigator-6] [WARN] [1757086043.829396698] [BehaviorTreeEngine]: Behavior Tree tick rate 100.00 was exceeded!
[bt_navigator-6] [ERROR] [1757086043.930645200] [transformPoseInTargetFrame]: Extrapolation Error looking up target frame: Lookup would require extrapolation into the past.  Requested time 1757086030.245621 but the earliest data is at time 1757086033.859539, when looking up transform from frame [base_link] to frame [map]
[bt_navigator-6] 
[bt_navigator-6] [WARN] [1757086043.930855380] [BehaviorTreeEngine]: Behavior Tree tick rate 100.00 was exceeded!
[bt_navigator-6] [ERROR] [1757086044.032182762] [transformPoseInTargetFrame]: Extrapolation Error looking up target frame: Lookup would require extrapolation into the past.  Requested time 1757086030.245621 but the earliest data is at time 1757086033.959552, when looking up transform from frame [base_link] to frame [map]
[bt_navigator-6] 
[bt_navigator-6] [WARN] [1757086044.032381652] [BehaviorTreeEngine]: Behavior Tree tick rate 100.00 was exceeded!
[bt_navigator-6] [ERROR] [1757086044.133641021] [transformPoseInTargetFrame]: Extrapolation Error looking up target frame: Lookup would require extrapolation into the past.  Requested time 1757086030.245621 but the earliest data is at time 1757086034.009501, when looking up transform from frame [base_link] to frame [map]
[bt_navigator-6] 
[bt_navigator-6] [WARN] [1757086044.133859670] [BehaviorTreeEngine]: Behavior Tree tick rate 100.00 was exceeded!
[bt_navigator-6] [ERROR] [1757086044.235164295] [transformPoseInTargetFrame]: Extrapolation Error looking up target frame: Lookup would require extrapolation into the past.  Requested time 1757086030.245621 but the earliest data is at time 1757086034.209527, when looking up transform from frame [base_link] to frame [map]
[bt_navigator-6] 
[bt_navigator-6] [WARN] [1757086044.235337477] [BehaviorTreeEngine]: Behavior Tree tick rate 100.00 was exceeded!
[bt_navigator-6] [ERROR] [1757086044.337521927] [transformPoseInTargetFrame]: Extrapolation Error looking up target frame: Lookup would require extrapolation into the past.  Requested time 1757086030.245621 but the earliest data is at time 1757086034.209527, when looking up transform from frame [base_link] to frame [map]
[bt_navigator-6] 
[bt_navigator-6] [WARN] [1757086044.337825135] [BehaviorTreeEngine]: Behavior Tree tick rate 100.00 was exceeded!
[bt_navigator-6] [ERROR] [1757086044.439554455] [transformPoseInTargetFrame]: Extrapolation Error looking up target frame: Lookup would require extrapolation into the past.  Requested time 1757086030.245621 but the earliest data is at time 1757086034.409491, when looking up transform from frame [base_link] to frame [map]
[bt_navigator-6] 
[bt_navigator-6] [WARN] [1757086044.439756270] [BehaviorTreeEngine]: Behavior Tree tick rate 100.00 was exceeded!
[planner_server-4] [ERROR] [1757086044.464009290] [transformPoseInTargetFrame]: Extrapolation Error looking up target frame: Lookup would require extrapolation into the past.  Requested time 1757086030.245621 but the earliest data is at time 1757086034.359556, when looking up transform from frame [base_link] to frame [map]
[planner_server-4] 
[bt_navigator-6] [ERROR] [1757086044.541762740] [transformPoseInTargetFrame]: Extrapolation Error looking up target frame: Lookup would require extrapolation into the past.  Requested time 1757086030.245621 but the earliest data is at time 1757086034.459594, when looking up transform from frame [base_link] to frame [map]
[bt_navigator-6] 
[bt_navigator-6] [WARN] [1757086044.542027233] [BehaviorTreeEngine]: Behavior Tree tick rate 100.00 was exceeded!
[bt_navigator-6] [ERROR] [1757086044.643249959] [transformPoseInTargetFrame]: Extrapolation Error looking up target frame: Lookup would require extrapolation into the past.  Requested time 1757086030.245621 but the earliest data is at time 1757086034.609529, when looking up transform from frame [base_link] to frame [map]
[bt_navigator-6] 
[bt_navigator-6] [WARN] [1757086044.643492524] [BehaviorTreeEngine]: Behavior Tree tick rate 100.00 was exceeded!
[bt_navigator-6] [ERROR] [1757086044.744565949] [transformPoseInTargetFrame]: Extrapolation Error looking up target frame: Lookup would require extrapolation into the past.  Requested time 1757086030.245621 but the earliest data is at time 1757086034.659619, when looking up transform from frame [base_link] to frame [map]
[bt_navigator-6] 
[bt_navigator-6] [WARN] [1757086044.744729886] [BehaviorTreeEngine]: Behavior Tree tick rate 100.00 was exceeded!
[bt_navigator-6] [ERROR] [1757086044.846010994] [transformPoseInTargetFrame]: Extrapolation Error looking up target frame: Lookup would require extrapolation into the past.  Requested time 1757086030.245621 but the earliest data is at time 1757086034.809544, when looking up transform from frame [base_link] to frame [map]
[bt_navigator-6] 
[bt_navigator-6] [WARN] [1757086044.846199381] [BehaviorTreeEngine]: Behavior Tree tick rate 100.00 was exceeded!
[bt_navigator-6] [ERROR] [1757086044.947639424] [transformPoseInTargetFrame]: Extrapolation Error looking up target frame: Lookup would require extrapolation into the past.  Requested time 1757086030.245621 but the earliest data is at time 1757086034.912679, when looking up transform from frame [base_link] to frame [map]
[bt_navigator-6] 
[bt_navigator-6] [WARN] [1757086044.947785041] [BehaviorTreeEngine]: Behavior Tree tick rate 100.00 was exceeded!
[bt_navigator-6] [ERROR] [1757086045.049388313] [transformPoseInTargetFrame]: Extrapolation Error looking up target frame: Lookup would require extrapolation into the past.  Requested time 1757086030.245621 but the earliest data is at time 1757086034.959665, when looking up transform from frame [base_link] to frame [map]
[bt_navigator-6] 
[bt_navigator-6] [WARN] [1757086045.049592935] [BehaviorTreeEngine]: Behavior Tree tick rate 100.00 was exceeded!
[bt_navigator-6] [ERROR] [1757086045.151862955] [transformPoseInTargetFrame]: Extrapolation Error looking up target frame: Lookup would require extrapolation into the past.  Requested time 1757086030.245621 but the earliest data is at time 1757086035.109505, when looking up transform from frame [base_link] to frame [map]
[bt_navigator-6] 
[bt_navigator-6] [WARN] [1757086045.152099307] [BehaviorTreeEngine]: Behavior Tree tick rate 100.00 was exceeded!
[bt_navigator-6] [ERROR] [1757086045.254443355] [transformPoseInTargetFrame]: Extrapolation Error looking up target frame: Lookup would require extrapolation into the past.  Requested time 1757086030.245621 but the earliest data is at time 1757086035.159692, when looking up transform from frame [base_link] to frame [map]
[bt_navigator-6] 
[bt_navigator-6] [WARN] [1757086045.254641641] [BehaviorTreeEngine]: Behavior Tree tick rate 100.00 was exceeded!
[bt_navigator-6] [ERROR] [1757086045.357135607] [transformPoseInTargetFrame]: Extrapolation Error looking up target frame: Lookup would require extrapolation into the past.  Requested time 1757086030.245621 but the earliest data is at time 1757086035.260375, when looking up transform from frame [base_link] to frame [map]
[bt_navigator-6] 
[bt_navigator-6] [WARN] [1757086045.357341085] [BehaviorTreeEngine]: Behavior Tree tick rate 100.00 was exceeded!
[bt_navigator-6] [ERROR] [1757086045.459189461] [transformPoseInTargetFrame]: Extrapolation Error looking up target frame: Lookup would require extrapolation into the past.  Requested time 1757086030.245621 but the earliest data is at time 1757086035.326859, when looking up transform from frame [base_link] to frame [map]
[bt_navigator-6] 
[bt_navigator-6] [WARN] [1757086045.459397031] [BehaviorTreeEngine]: Behavior Tree tick rate 100.00 was exceeded!
[planner_server-4] [ERROR] [1757086045.464730275] [transformPoseInTargetFrame]: Extrapolation Error looking up target frame: Lookup would require extrapolation into the past.  Requested time 1757086030.245621 but the earliest data is at time 1757086035.409573, when looking up transform from frame [base_link] to frame [map]
[planner_server-4] 
[bt_navigator-6] [ERROR] [1757086045.560998702] [transformPoseInTargetFrame]: Extrapolation Error looking up target frame: Lookup would require extrapolation into the past.  Requested time 1757086030.245621 but the earliest data is at time 1757086035.509535, when looking up transform from frame [base_link] to frame [map]
[bt_navigator-6] 
[bt_navigator-6] [WARN] [1757086045.561195909] [BehaviorTreeEngine]: Behavior Tree tick rate 100.00 was exceeded!
[bt_navigator-6] [ERROR] [1757086045.662235762] [transformPoseInTargetFrame]: Extrapolation Error looking up target frame: Lookup would require extrapolation into the past.  Requested time 1757086030.245621 but the earliest data is at time 1757086035.609489, when looking up transform from frame [base_link] to frame [map]
[bt_navigator-6] 
[bt_navigator-6] [WARN] [1757086045.662290933] [BehaviorTreeEngine]: Behavior Tree tick rate 100.00 was exceeded!
[bt_navigator-6] [ERROR] [1757086045.763332134] [transformPoseInTargetFrame]: Extrapolation Error looking up target frame: Lookup would require extrapolation into the past.  Requested time 1757086030.245621 but the earliest data is at time 1757086035.709543, when looking up transform from frame [base_link] to frame [map]
[bt_navigator-6] 
[bt_navigator-6] [WARN] [1757086045.763453407] [BehaviorTreeEngine]: Behavior Tree tick rate 100.00 was exceeded!
[bt_navigator-6] [ERROR] [1757086045.865045964] [transformPoseInTargetFrame]: Extrapolation Error looking up target frame: Lookup would require extrapolation into the past.  Requested time 1757086030.245621 but the earliest data is at time 1757086035.809517, when looking up transform from frame [base_link] to frame [map]
[bt_navigator-6] 
[bt_navigator-6] [WARN] [1757086045.865238009] [BehaviorTreeEngine]: Behavior Tree tick rate 100.00 was exceeded!
[bt_navigator-6] [ERROR] [1757086045.966503148] [transformPoseInTargetFrame]: Extrapolation Error looking up target frame: Lookup would require extrapolation into the past.  Requested time 1757086030.245621 but the earliest data is at time 1757086035.909515, when looking up transform from frame [base_link] to frame [map]
[bt_navigator-6] 
[bt_navigator-6] [WARN] [1757086045.966718189] [BehaviorTreeEngine]: Behavior Tree tick rate 100.00 was exceeded!
[bt_navigator-6] [ERROR] [1757086046.068368845] [transformPoseInTargetFrame]: Extrapolation Error looking up target frame: Lookup would require extrapolation into the past.  Requested time 1757086030.245621 but the earliest data is at time 1757086035.909515, when looking up transform from frame [base_link] to frame [map]
[bt_navigator-6] 
[bt_navigator-6] [WARN] [1757086046.068601630] [BehaviorTreeEngine]: Behavior Tree tick rate 100.00 was exceeded!
[bt_navigator-6] [ERROR] [1757086046.170965496] [transformPoseInTargetFrame]: Extrapolation Error looking up target frame: Lookup would require extrapolation into the past.  Requested time 1757086030.245621 but the earliest data is at time 1757086036.159524, when looking up transform from frame [base_link] to frame [map]
[bt_navigator-6] 
[bt_navigator-6] [WARN] [1757086046.171173550] [BehaviorTreeEngine]: Behavior Tree tick rate 100.00 was exceeded!
[bt_navigator-6] [ERROR] [1757086046.273255438] [transformPoseInTargetFrame]: Extrapolation Error looking up target frame: Lookup would require extrapolation into the past.  Requested time 1757086030.245621 but the earliest data is at time 1757086036.259537, when looking up transform from frame [base_link] to frame [map]
[bt_navigator-6] 
[bt_navigator-6] [WARN] [1757086046.273452799] [BehaviorTreeEngine]: Behavior Tree tick rate 100.00 was exceeded!
[bt_navigator-6] [ERROR] [1757086046.374760966] [transformPoseInTargetFrame]: Extrapolation Error looking up target frame: Lookup would require extrapolation into the past.  Requested time 1757086030.245621 but the earliest data is at time 1757086036.359601, when looking up transform from frame [base_link] to frame [map]
[bt_navigator-6] 
[bt_navigator-6] [WARN] [1757086046.374956438] [BehaviorTreeEngine]: Behavior Tree tick rate 100.00 was exceeded!
[planner_server-4] [ERROR] [1757086046.462357999] [transformPoseInTargetFrame]: Extrapolation Error looking up target frame: Lookup would require extrapolation into the past.  Requested time 1757086030.245621 but the earliest data is at time 1757086036.259537, when looking up transform from frame [base_link] to frame [map]
[planner_server-4] 
[bt_navigator-6] [ERROR] [1757086046.476752235] [transformPoseInTargetFrame]: Extrapolation Error looking up target frame: Lookup would require extrapolation into the past.  Requested time 1757086030.245621 but the earliest data is at time 1757086036.409580, when looking up transform from frame [base_link] to frame [map]
[bt_navigator-6] 
[bt_navigator-6] [WARN] [1757086046.477014807] [BehaviorTreeEngine]: Behavior Tree tick rate 100.00 was exceeded!
[bt_navigator-6] [ERROR] [1757086046.578779061] [transformPoseInTargetFrame]: Extrapolation Error looking up target frame: Lookup would require extrapolation into the past.  Requested time 1757086030.245621 but the earliest data is at time 1757086036.509529, when looking up transform from frame [base_link] to frame [map]
[bt_navigator-6] 
[bt_navigator-6] [WARN] [1757086046.579008822] [BehaviorTreeEngine]: Behavior Tree tick rate 100.00 was exceeded!
[bt_navigator-6] [ERROR] [1757086046.680684716] [transformPoseInTargetFrame]: Extrapolation Error looking up target frame: Lookup would require extrapolation into the past.  Requested time 1757086030.245621 but the earliest data is at time 1757086036.659537, when looking up transform from frame [base_link] to frame [map]
[bt_navigator-6] 
[bt_navigator-6] [WARN] [1757086046.680875186] [BehaviorTreeEngine]: Behavior Tree tick rate 100.00 was exceeded!
[bt_navigator-6] [ERROR] [1757086046.782072252] [transformPoseInTargetFrame]: Extrapolation Error looking up target frame: Lookup would require extrapolation into the past.  Requested time 1757086030.245621 but the earliest data is at time 1757086036.709521, when looking up transform from frame [base_link] to frame [map]
[bt_navigator-6] 
[bt_navigator-6] [WARN] [1757086046.782268099] [BehaviorTreeEngine]: Behavior Tree tick rate 100.00 was exceeded!
[bt_navigator-6] [ERROR] [1757086046.883537839] [transformPoseInTargetFrame]: Extrapolation Error looking up target frame: Lookup would require extrapolation into the past.  Requested time 1757086030.245621 but the earliest data is at time 1757086036.709521, when looking up transform from frame [base_link] to frame [map]
[bt_navigator-6] 
[bt_navigator-6] [WARN] [1757086046.883722404] [BehaviorTreeEngine]: Behavior Tree tick rate 100.00 was exceeded!
[bt_navigator-6] [ERROR] [1757086046.984821573] [transformPoseInTargetFrame]: Extrapolation Error looking up target frame: Lookup would require extrapolation into the past.  Requested time 1757086030.245621 but the earliest data is at time 1757086036.709521, when looking up transform from frame [base_link] to frame [map]
[bt_navigator-6] 
[bt_navigator-6] [WARN] [1757086046.985006160] [BehaviorTreeEngine]: Behavior Tree tick rate 100.00 was exceeded!
[bt_navigator-6] [ERROR] [1757086047.086430723] [transformPoseInTargetFrame]: Extrapolation Error looking up target frame: Lookup would require extrapolation into the past.  Requested time 1757086030.245621 but the earliest data is at time 1757086036.709521, when looking up transform from frame [base_link] to frame [map]
[bt_navigator-6] 
[bt_navigator-6] [WARN] [1757086047.086623877] [BehaviorTreeEngine]: Behavior Tree tick rate 100.00 was exceeded!
[bt_navigator-6] [ERROR] [1757086047.188011429] [transformPoseInTargetFrame]: Extrapolation Error looking up target frame: Lookup would require extrapolation into the past.  Requested time 1757086030.245621 but the earliest data is at time 1757086036.709521, when looking up transform from frame [base_link] to frame [map]
[bt_navigator-6] 
[bt_navigator-6] [WARN] [1757086047.188179485] [BehaviorTreeEngine]: Behavior Tree tick rate 100.00 was exceeded!
[bt_navigator-6] [ERROR] [1757086047.289264619] [transformPoseInTargetFrame]: Extrapolation Error looking up target frame: Lookup would require extrapolation into the past.  Requested time 1757086030.245621 but the earliest data is at time 1757086037.209613, when looking up transform from frame [base_link] to frame [map]
[bt_navigator-6] 
[bt_navigator-6] [WARN] [1757086047.289395713] [BehaviorTreeEngine]: Behavior Tree tick rate 100.00 was exceeded!
[bt_navigator-6] [ERROR] [1757086047.390506955] [transformPoseInTargetFrame]: Extrapolation Error looking up target frame: Lookup would require extrapolation into the past.  Requested time 1757086030.245621 but the earliest data is at time 1757086037.309801, when looking up transform from frame [base_link] to frame [map]
[bt_navigator-6] 
[bt_navigator-6] [WARN] [1757086047.390675376] [BehaviorTreeEngine]: Behavior Tree tick rate 100.00 was exceeded!
[planner_server-4] [ERROR] [1757086047.464181647] [transformPoseInTargetFrame]: Extrapolation Error looking up target frame: Lookup would require extrapolation into the past.  Requested time 1757086030.245621 but the earliest data is at time 1757086037.409509, when looking up transform from frame [base_link] to frame [map]
[planner_server-4] 
[bt_navigator-6] [ERROR] [1757086047.491858399] [transformPoseInTargetFrame]: Extrapolation Error looking up target frame: Lookup would require extrapolation into the past.  Requested time 1757086030.245621 but the earliest data is at time 1757086037.459566, when looking up transform from frame [base_link] to frame [map]
[bt_navigator-6] 
[bt_navigator-6] [WARN] [1757086047.492099788] [BehaviorTreeEngine]: Behavior Tree tick rate 100.00 was exceeded!
[behavior_server-5] [INFO] [1757086047.506701529] [behavior_server]: wait completed successfully
[bt_navigator-6] [ERROR] [1757086047.593304866] [transformPoseInTargetFrame]: Extrapolation Error looking up target frame: Lookup would require extrapolation into the past.  Requested time 1757086030.245621 but the earliest data is at time 1757086037.570778, when looking up transform from frame [base_link] to frame [map]
[bt_navigator-6] 
[bt_navigator-6] [WARN] [1757086047.593499850] [BehaviorTreeEngine]: Behavior Tree tick rate 100.00 was exceeded!
[bt_navigator-6] [ERROR] [1757086047.694706181] [transformPoseInTargetFrame]: Extrapolation Error looking up target frame: Lookup would require extrapolation into the past.  Requested time 1757086030.245621 but the earliest data is at time 1757086037.612370, when looking up transform from frame [base_link] to frame [map]
[bt_navigator-6] 
[bt_navigator-6] [WARN] [1757086047.694886567] [BehaviorTreeEngine]: Behavior Tree tick rate 100.00 was exceeded!
[bt_navigator-6] [ERROR] [1757086047.796086657] [transformPoseInTargetFrame]: Extrapolation Error looking up target frame: Lookup would require extrapolation into the past.  Requested time 1757086030.245621 but the earliest data is at time 1757086037.759516, when looking up transform from frame [base_link] to frame [map]
[bt_navigator-6] 
[bt_navigator-6] [WARN] [1757086047.796261634] [BehaviorTreeEngine]: Behavior Tree tick rate 100.00 was exceeded!
[bt_navigator-6] [ERROR] [1757086047.898202548] [transformPoseInTargetFrame]: Extrapolation Error looking up target frame: Lookup would require extrapolation into the past.  Requested time 1757086030.245621 but the earliest data is at time 1757086037.809598, when looking up transform from frame [base_link] to frame [map]
[bt_navigator-6] 
[bt_navigator-6] [WARN] [1757086047.898432274] [BehaviorTreeEngine]: Behavior Tree tick rate 100.00 was exceeded!
[bt_navigator-6] [ERROR] [1757086048.000828475] [transformPoseInTargetFrame]: Extrapolation Error looking up target frame: Lookup would require extrapolation into the past.  Requested time 1757086030.245621 but the earliest data is at time 1757086037.859559, when looking up transform from frame [base_link] to frame [map]
[bt_navigator-6] 
[bt_navigator-6] [WARN] [1757086048.001022065] [BehaviorTreeEngine]: Behavior Tree tick rate 100.00 was exceeded!
[bt_navigator-6] [ERROR] [1757086048.102165306] [transformPoseInTargetFrame]: Extrapolation Error looking up target frame: Lookup would require extrapolation into the past.  Requested time 1757086030.245621 but the earliest data is at time 1757086038.059521, when looking up transform from frame [base_link] to frame [map]
[bt_navigator-6] 
[bt_navigator-6] [WARN] [1757086048.102352303] [BehaviorTreeEngine]: Behavior Tree tick rate 100.00 was exceeded!
[bt_navigator-6] [ERROR] [1757086048.204138524] [transformPoseInTargetFrame]: Extrapolation Error looking up target frame: Lookup would require extrapolation into the past.  Requested time 1757086030.245621 but the earliest data is at time 1757086038.159592, when looking up transform from frame [base_link] to frame [map]
[bt_navigator-6] 
[bt_navigator-6] [WARN] [1757086048.204330177] [BehaviorTreeEngine]: Behavior Tree tick rate 100.00 was exceeded!
[bt_navigator-6] [ERROR] [1757086048.305765742] [transformPoseInTargetFrame]: Extrapolation Error looking up target frame: Lookup would require extrapolation into the past.  Requested time 1757086030.245621 but the earliest data is at time 1757086038.209681, when looking up transform from frame [base_link] to frame [map]
[bt_navigator-6] 
[bt_navigator-6] [WARN] [1757086048.306010275] [BehaviorTreeEngine]: Behavior Tree tick rate 100.00 was exceeded!
[bt_navigator-6] [ERROR] [1757086048.408463431] [transformPoseInTargetFrame]: Extrapolation Error looking up target frame: Lookup would require extrapolation into the past.  Requested time 1757086030.245621 but the earliest data is at time 1757086038.209681, when looking up transform from frame [base_link] to frame [map]
[bt_navigator-6] 
[bt_navigator-6] [WARN] [1757086048.408699118] [BehaviorTreeEngine]: Behavior Tree tick rate 100.00 was exceeded!
[planner_server-4] [ERROR] [1757086048.464064849] [transformPoseInTargetFrame]: Extrapolation Error looking up target frame: Lookup would require extrapolation into the past.  Requested time 1757086030.245621 but the earliest data is at time 1757086038.309560, when looking up transform from frame [base_link] to frame [map]
[planner_server-4] 
[explore-10] [ERROR] [1757086048.486496399] [explore_node]: Extrapolation Error looking up robot pose: Lookup would require extrapolation into the future.  Requested time 1757086048.181658 but the latest data is at time 1757086030.245621, when looking up transform from frame [base_link] to frame [map]
[explore-10] 
[bt_navigator-6] [ERROR] [1757086048.511094677] [transformPoseInTargetFrame]: Extrapolation Error looking up target frame: Lookup would require extrapolation into the past.  Requested time 1757086030.245621 but the earliest data is at time 1757086038.209681, when looking up transform from frame [base_link] to frame [map]
[bt_navigator-6] 
[bt_navigator-6] [WARN] [1757086048.511417304] [BehaviorTreeEngine]: Behavior Tree tick rate 100.00 was exceeded!
[bt_navigator-6] [ERROR] [1757086048.614105399] [transformPoseInTargetFrame]: Extrapolation Error looking up target frame: Lookup would require extrapolation into the past.  Requested time 1757086030.245621 but the earliest data is at time 1757086038.209681, when looking up transform from frame [base_link] to frame [map]
[bt_navigator-6] 
[bt_navigator-6] [WARN] [1757086048.614332605] [BehaviorTreeEngine]: Behavior Tree tick rate 100.00 was exceeded!
[bt_navigator-6] [ERROR] [1757086048.716823548] [transformPoseInTargetFrame]: Extrapolation Error looking up target frame: Lookup would require extrapolation into the past.  Requested time 1757086030.245621 but the earliest data is at time 1757086038.209681, when looking up transform from frame [base_link] to frame [map]
[bt_navigator-6] 
[bt_navigator-6] [WARN] [1757086048.717022418] [BehaviorTreeEngine]: Behavior Tree tick rate 100.00 was exceeded!
[bt_navigator-6] [ERROR] [1757086048.819444639] [transformPoseInTargetFrame]: Extrapolation Error looking up target frame: Lookup would require extrapolation into the past.  Requested time 1757086030.245621 but the earliest data is at time 1757086038.209681, when looking up transform from frame [base_link] to frame [map]
[bt_navigator-6] 
[bt_navigator-6] [WARN] [1757086048.819664382] [BehaviorTreeEngine]: Behavior Tree tick rate 100.00 was exceeded!
[bt_navigator-6] [ERROR] [1757086048.921167752] [transformPoseInTargetFrame]: Extrapolation Error looking up target frame: Lookup would require extrapolation into the past.  Requested time 1757086030.245621 but the earliest data is at time 1757086038.809593, when looking up transform from frame [base_link] to frame [map]
[bt_navigator-6] 
[bt_navigator-6] [WARN] [1757086048.921410468] [BehaviorTreeEngine]: Behavior Tree tick rate 100.00 was exceeded!
[bt_navigator-6] [ERROR] [1757086049.023930407] [transformPoseInTargetFrame]: Extrapolation Error looking up target frame: Lookup would require extrapolation into the past.  Requested time 1757086030.245621 but the earliest data is at time 1757086038.959515, when looking up transform from frame [base_link] to frame [map]
[bt_navigator-6] 
[bt_navigator-6] [WARN] [1757086049.024180819] [BehaviorTreeEngine]: Behavior Tree tick rate 100.00 was exceeded!
[bt_navigator-6] [ERROR] [1757086049.126793670] [transformPoseInTargetFrame]: Extrapolation Error looking up target frame: Lookup would require extrapolation into the past.  Requested time 1757086030.245621 but the earliest data is at time 1757086039.009590, when looking up transform from frame [base_link] to frame [map]
[bt_navigator-6] 
[bt_navigator-6] [WARN] [1757086049.127078226] [BehaviorTreeEngine]: Behavior Tree tick rate 100.00 was exceeded!
[bt_navigator-6] [ERROR] [1757086049.229476639] [transformPoseInTargetFrame]: Extrapolation Error looking up target frame: Lookup would require extrapolation into the past.  Requested time 1757086030.245621 but the earliest data is at time 1757086039.009590, when looking up transform from frame [base_link] to frame [map]
[bt_navigator-6] 
[bt_navigator-6] [WARN] [1757086049.229674385] [BehaviorTreeEngine]: Behavior Tree tick rate 100.00 was exceeded!
[bt_navigator-6] [ERROR] [1757086049.331308730] [transformPoseInTargetFrame]: Extrapolation Error looking up target frame: Lookup would require extrapolation into the past.  Requested time 1757086030.245621 but the earliest data is at time 1757086039.009590, when looking up transform from frame [base_link] to frame [map]
[bt_navigator-6] 
[bt_navigator-6] [WARN] [1757086049.331496111] [BehaviorTreeEngine]: Behavior Tree tick rate 100.00 was exceeded!
[bt_navigator-6] [ERROR] [1757086049.432867303] [transformPoseInTargetFrame]: Extrapolation Error looking up target frame: Lookup would require extrapolation into the past.  Requested time 1757086030.245621 but the earliest data is at time 1757086039.009590, when looking up transform from frame [base_link] to frame [map]
[bt_navigator-6] 
[bt_navigator-6] [WARN] [1757086049.433056692] [BehaviorTreeEngine]: Behavior Tree tick rate 100.00 was exceeded!
[planner_server-4] [ERROR] [1757086049.465041467] [transformPoseInTargetFrame]: Extrapolation Error looking up target frame: Lookup would require extrapolation into the past.  Requested time 1757086030.245621 but the earliest data is at time 1757086039.009590, when looking up transform from frame [base_link] to frame [map]
[planner_server-4] 
[bt_navigator-6] [ERROR] [1757086049.534899329] [transformPoseInTargetFrame]: Extrapolation Error looking up target frame: Lookup would require extrapolation into the past.  Requested time 1757086030.245621 but the earliest data is at time 1757086039.309506, when looking up transform from frame [base_link] to frame [map]
[bt_navigator-6] 
[bt_navigator-6] [WARN] [1757086049.534975832] [BehaviorTreeEngine]: Behavior Tree tick rate 100.00 was exceeded!
[bt_navigator-6] [ERROR] [1757086049.636877916] [transformPoseInTargetFrame]: Extrapolation Error looking up target frame: Lookup would require extrapolation into the past.  Requested time 1757086030.245621 but the earliest data is at time 1757086039.559527, when looking up transform from frame [base_link] to frame [map]
[bt_navigator-6] 
[bt_navigator-6] [WARN] [1757086049.636936313] [BehaviorTreeEngine]: Behavior Tree tick rate 100.00 was exceeded!
[bt_navigator-6] [ERROR] [1757086049.738170524] [transformPoseInTargetFrame]: Extrapolation Error looking up target frame: Lookup would require extrapolation into the past.  Requested time 1757086030.245621 but the earliest data is at time 1757086039.609737, when looking up transform from frame [base_link] to frame [map]
[bt_navigator-6] 
[bt_navigator-6] [WARN] [1757086049.738327195] [BehaviorTreeEngine]: Behavior Tree tick rate 100.00 was exceeded!
[bt_navigator-6] [ERROR] [1757086049.839906529] [transformPoseInTargetFrame]: Extrapolation Error looking up target frame: Lookup would require extrapolation into the past.  Requested time 1757086030.245621 but the earliest data is at time 1757086039.760804, when looking up transform from frame [base_link] to frame [map]
[bt_navigator-6] 
[bt_navigator-6] [WARN] [1757086049.840122439] [BehaviorTreeEngine]: Behavior Tree tick rate 100.00 was exceeded!
[bt_navigator-6] [ERROR] [1757086049.942005601] [transformPoseInTargetFrame]: Extrapolation Error looking up target frame: Lookup would require extrapolation into the past.  Requested time 1757086030.245621 but the earliest data is at time 1757086039.861499, when looking up transform from frame [base_link] to frame [map]
[bt_navigator-6] 
[bt_navigator-6] [WARN] [1757086049.942213005] [BehaviorTreeEngine]: Behavior Tree tick rate 100.00 was exceeded!
[bt_navigator-6] [ERROR] [1757086050.044275098] [transformPoseInTargetFrame]: Extrapolation Error looking up target frame: Lookup would require extrapolation into the past.  Requested time 1757086030.245621 but the earliest data is at time 1757086039.913500, when looking up transform from frame [base_link] to frame [map]
[bt_navigator-6] 
[bt_navigator-6] [WARN] [1757086050.044458936] [BehaviorTreeEngine]: Behavior Tree tick rate 100.00 was exceeded!
[bt_navigator-6] [ERROR] [1757086050.145687732] [transformPoseInTargetFrame]: Extrapolation Error looking up target frame: Lookup would require extrapolation into the past.  Requested time 1757086030.245621 but the earliest data is at time 1757086040.059566, when looking up transform from frame [base_link] to frame [map]
[bt_navigator-6] 
[bt_navigator-6] [WARN] [1757086050.145872091] [BehaviorTreeEngine]: Behavior Tree tick rate 100.00 was exceeded!
[bt_navigator-6] [ERROR] [1757086050.247521479] [transformPoseInTargetFrame]: Extrapolation Error looking up target frame: Lookup would require extrapolation into the past.  Requested time 1757086030.245621 but the earliest data is at time 1757086040.161032, when looking up transform from frame [base_link] to frame [map]
[bt_navigator-6] 
[bt_navigator-6] [WARN] [1757086050.247709181] [BehaviorTreeEngine]: Behavior Tree tick rate 100.00 was exceeded!
[bt_navigator-6] [ERROR] [1757086050.349332871] [transformPoseInTargetFrame]: Extrapolation Error looking up target frame: Lookup would require extrapolation into the past.  Requested time 1757086030.245621 but the earliest data is at time 1757086040.262678, when looking up transform from frame [base_link] to frame [map]
[bt_navigator-6] 
[bt_navigator-6] [WARN] [1757086050.349564705] [BehaviorTreeEngine]: Behavior Tree tick rate 100.00 was exceeded!
[bt_navigator-6] [ERROR] [1757086050.451891419] [transformPoseInTargetFrame]: Extrapolation Error looking up target frame: Lookup would require extrapolation into the past.  Requested time 1757086030.245621 but the earliest data is at time 1757086040.359725, when looking up transform from frame [base_link] to frame [map]
[bt_navigator-6] 
[bt_navigator-6] [WARN] [1757086050.452133058] [BehaviorTreeEngine]: Behavior Tree tick rate 100.00 was exceeded!
[planner_server-4] [ERROR] [1757086050.462175340] [transformPoseInTargetFrame]: Extrapolation Error looking up target frame: Lookup would require extrapolation into the past.  Requested time 1757086030.245621 but the earliest data is at time 1757086040.262678, when looking up transform from frame [base_link] to frame [map]
[planner_server-4] 
[bt_navigator-6] [ERROR] [1757086050.554096306] [transformPoseInTargetFrame]: Extrapolation Error looking up target frame: Lookup would require extrapolation into the past.  Requested time 1757086030.245621 but the earliest data is at time 1757086040.509617, when looking up transform from frame [base_link] to frame [map]
[bt_navigator-6] 
[bt_navigator-6] [WARN] [1757086050.554353349] [BehaviorTreeEngine]: Behavior Tree tick rate 100.00 was exceeded!
[bt_navigator-6] [ERROR] [1757086050.655725902] [transformPoseInTargetFrame]: Extrapolation Error looking up target frame: Lookup would require extrapolation into the past.  Requested time 1757086030.245621 but the earliest data is at time 1757086040.609505, when looking up transform from frame [base_link] to frame [map]
[bt_navigator-6] 
[bt_navigator-6] [WARN] [1757086050.655929595] [BehaviorTreeEngine]: Behavior Tree tick rate 100.00 was exceeded!
[bt_navigator-6] [ERROR] [1757086050.757837592] [transformPoseInTargetFrame]: Extrapolation Error looking up target frame: Lookup would require extrapolation into the past.  Requested time 1757086030.245621 but the earliest data is at time 1757086040.709506, when looking up transform from frame [base_link] to frame [map]
[bt_navigator-6] 
[bt_navigator-6] [WARN] [1757086050.758085401] [BehaviorTreeEngine]: Behavior Tree tick rate 100.00 was exceeded!
[bt_navigator-6] [ERROR] [1757086050.860463780] [transformPoseInTargetFrame]: Extrapolation Error looking up target frame: Lookup would require extrapolation into the past.  Requested time 1757086030.245621 but the earliest data is at time 1757086040.759529, when looking up transform from frame [base_link] to frame [map]
[bt_navigator-6] 
[bt_navigator-6] [WARN] [1757086050.860649013] [BehaviorTreeEngine]: Behavior Tree tick rate 100.00 was exceeded!
[bt_navigator-6] [ERROR] [1757086050.962877979] [transformPoseInTargetFrame]: Extrapolation Error looking up target frame: Lookup would require extrapolation into the past.  Requested time 1757086030.245621 but the earliest data is at time 1757086040.909522, when looking up transform from frame [base_link] to frame [map]
[bt_navigator-6] 
[bt_navigator-6] [WARN] [1757086050.963115509] [BehaviorTreeEngine]: Behavior Tree tick rate 100.00 was exceeded!
[bt_navigator-6] [ERROR] [1757086051.065400173] [transformPoseInTargetFrame]: Extrapolation Error looking up target frame: Lookup would require extrapolation into the past.  Requested time 1757086030.245621 but the earliest data is at time 1757086041.009584, when looking up transform from frame [base_link] to frame [map]
[bt_navigator-6] 
[bt_navigator-6] [WARN] [1757086051.065657521] [BehaviorTreeEngine]: Behavior Tree tick rate 100.00 was exceeded!
[bt_navigator-6] [ERROR] [1757086051.168055968] [transformPoseInTargetFrame]: Extrapolation Error looking up target frame: Lookup would require extrapolation into the past.  Requested time 1757086030.245621 but the earliest data is at time 1757086041.109543, when looking up transform from frame [base_link] to frame [map]
[bt_navigator-6] 
[bt_navigator-6] [WARN] [1757086051.168388091] [BehaviorTreeEngine]: Behavior Tree tick rate 100.00 was exceeded!
[bt_navigator-6] [ERROR] [1757086051.270567671] [transformPoseInTargetFrame]: Extrapolation Error looking up target frame: Lookup would require extrapolation into the past.  Requested time 1757086030.245621 but the earliest data is at time 1757086041.209572, when looking up transform from frame [base_link] to frame [map]
[bt_navigator-6] 
[bt_navigator-6] [WARN] [1757086051.270763138] [BehaviorTreeEngine]: Behavior Tree tick rate 100.00 was exceeded!
[bt_navigator-6] [ERROR] [1757086051.372710808] [transformPoseInTargetFrame]: Extrapolation Error looking up target frame: Lookup would require extrapolation into the past.  Requested time 1757086030.245621 but the earliest data is at time 1757086041.359934, when looking up transform from frame [base_link] to frame [map]
[bt_navigator-6] 
[bt_navigator-6] [WARN] [1757086051.372912598] [BehaviorTreeEngine]: Behavior Tree tick rate 100.00 was exceeded!
[planner_server-4] [ERROR] [1757086051.464764296] [transformPoseInTargetFrame]: Extrapolation Error looking up target frame: Lookup would require extrapolation into the past.  Requested time 1757086030.245621 but the earliest data is at time 1757086041.359934, when looking up transform from frame [base_link] to frame [map]
[planner_server-4] 
[bt_navigator-6] [ERROR] [1757086051.474552112] [transformPoseInTargetFrame]: Extrapolation Error looking up target frame: Lookup would require extrapolation into the past.  Requested time 1757086030.245621 but the earliest data is at time 1757086041.459586, when looking up transform from frame [base_link] to frame [map]
[bt_navigator-6] 
[bt_navigator-6] [WARN] [1757086051.474743625] [BehaviorTreeEngine]: Behavior Tree tick rate 100.00 was exceeded!
[bt_navigator-6] [ERROR] [1757086051.576177755] [transformPoseInTargetFrame]: Extrapolation Error looking up target frame: Lookup would require extrapolation into the past.  Requested time 1757086030.245621 but the earliest data is at time 1757086041.459586, when looking up transform from frame [base_link] to frame [map]
[bt_navigator-6] 
[bt_navigator-6] [WARN] [1757086051.576453168] [BehaviorTreeEngine]: Behavior Tree tick rate 100.00 was exceeded!
[bt_navigator-6] [ERROR] [1757086051.677830057] [transformPoseInTargetFrame]: Extrapolation Error looking up target frame: Lookup would require extrapolation into the past.  Requested time 1757086030.245621 but the earliest data is at time 1757086041.609518, when looking up transform from frame [base_link] to frame [map]
[bt_navigator-6] 
[bt_navigator-6] [WARN] [1757086051.678033688] [BehaviorTreeEngine]: Behavior Tree tick rate 100.00 was exceeded!
[bt_navigator-6] [ERROR] [1757086051.779251479] [transformPoseInTargetFrame]: Extrapolation Error looking up target frame: Lookup would require extrapolation into the past.  Requested time 1757086030.245621 but the earliest data is at time 1757086041.709574, when looking up transform from frame [base_link] to frame [map]
[bt_navigator-6] 
[bt_navigator-6] [WARN] [1757086051.779439536] [BehaviorTreeEngine]: Behavior Tree tick rate 100.00 was exceeded!
[bt_navigator-6] [ERROR] [1757086051.880776610] [transformPoseInTargetFrame]: Extrapolation Error looking up target frame: Lookup would require extrapolation into the past.  Requested time 1757086030.245621 but the earliest data is at time 1757086041.809904, when looking up transform from frame [base_link] to frame [map]
[bt_navigator-6] 
[bt_navigator-6] [WARN] [1757086051.880987104] [BehaviorTreeEngine]: Behavior Tree tick rate 100.00 was exceeded!
[bt_navigator-6] [ERROR] [1757086051.982191534] [transformPoseInTargetFrame]: Extrapolation Error looking up target frame: Lookup would require extrapolation into the past.  Requested time 1757086030.245621 but the earliest data is at time 1757086041.909587, when looking up transform from frame [base_link] to frame [map]
[bt_navigator-6] 
[bt_navigator-6] [WARN] [1757086051.982363446] [BehaviorTreeEngine]: Behavior Tree tick rate 100.00 was exceeded!
[bt_navigator-6] [ERROR] [1757086052.083574831] [transformPoseInTargetFrame]: Extrapolation Error looking up target frame: Lookup would require extrapolation into the past.  Requested time 1757086030.245621 but the earliest data is at time 1757086042.009595, when looking up transform from frame [base_link] to frame [map]
[bt_navigator-6] 
[bt_navigator-6] [WARN] [1757086052.083764319] [BehaviorTreeEngine]: Behavior Tree tick rate 100.00 was exceeded!
[bt_navigator-6] [ERROR] [1757086052.184960242] [transformPoseInTargetFrame]: Extrapolation Error looking up target frame: Lookup would require extrapolation into the past.  Requested time 1757086030.245621 but the earliest data is at time 1757086042.009595, when looking up transform from frame [base_link] to frame [map]
[bt_navigator-6] 
[bt_navigator-6] [WARN] [1757086052.185155808] [BehaviorTreeEngine]: Behavior Tree tick rate 100.00 was exceeded!
[bt_navigator-6] [ERROR] [1757086052.286435148] [transformPoseInTargetFrame]: Extrapolation Error looking up target frame: Lookup would require extrapolation into the past.  Requested time 1757086030.245621 but the earliest data is at time 1757086042.221320, when looking up transform from frame [base_link] to frame [map]
[bt_navigator-6] 
[bt_navigator-6] [WARN] [1757086052.286630100] [BehaviorTreeEngine]: Behavior Tree tick rate 100.00 was exceeded!
[bt_navigator-6] [ERROR] [1757086052.389062311] [transformPoseInTargetFrame]: Extrapolation Error looking up target frame: Lookup would require extrapolation into the past.  Requested time 1757086030.245621 but the earliest data is at time 1757086042.259926, when looking up transform from frame [base_link] to frame [map]
[bt_navigator-6] 
[bt_navigator-6] [WARN] [1757086052.389299211] [BehaviorTreeEngine]: Behavior Tree tick rate 100.00 was exceeded!
[planner_server-4] [ERROR] [1757086052.463966451] [transformPoseInTargetFrame]: Extrapolation Error looking up target frame: Lookup would require extrapolation into the past.  Requested time 1757086030.245621 but the earliest data is at time 1757086042.366215, when looking up transform from frame [base_link] to frame [map]
[planner_server-4] 
[bt_navigator-6] [ERROR] [1757086052.490875165] [transformPoseInTargetFrame]: Extrapolation Error looking up target frame: Lookup would require extrapolation into the past.  Requested time 1757086030.245621 but the earliest data is at time 1757086042.413347, when looking up transform from frame [base_link] to frame [map]
[bt_navigator-6] 
[bt_navigator-6] [WARN] [1757086052.491073623] [BehaviorTreeEngine]: Behavior Tree tick rate 100.00 was exceeded!
[bt_navigator-6] [ERROR] [1757086052.592116716] [transformPoseInTargetFrame]: Extrapolation Error looking up target frame: Lookup would require extrapolation into the past.  Requested time 1757086030.245621 but the earliest data is at time 1757086042.509603, when looking up transform from frame [base_link] to frame [map]
[bt_navigator-6] 
[bt_navigator-6] [WARN] [1757086052.592300681] [BehaviorTreeEngine]: Behavior Tree tick rate 100.00 was exceeded!
[bt_navigator-6] [ERROR] [1757086052.693758848] [transformPoseInTargetFrame]: Extrapolation Error looking up target frame: Lookup would require extrapolation into the past.  Requested time 1757086030.245621 but the earliest data is at time 1757086042.609616, when looking up transform from frame [base_link] to frame [map]
[bt_navigator-6] 
[bt_navigator-6] [WARN] [1757086052.693963184] [BehaviorTreeEngine]: Behavior Tree tick rate 100.00 was exceeded!
[bt_navigator-6] [ERROR] [1757086052.795181187] [transformPoseInTargetFrame]: Extrapolation Error looking up target frame: Lookup would require extrapolation into the past.  Requested time 1757086030.245621 but the earliest data is at time 1757086042.709620, when looking up transform from frame [base_link] to frame [map]
[bt_navigator-6] 
[bt_navigator-6] [WARN] [1757086052.795366753] [BehaviorTreeEngine]: Behavior Tree tick rate 100.00 was exceeded!
[bt_navigator-6] [ERROR] [1757086052.896863824] [transformPoseInTargetFrame]: Extrapolation Error looking up target frame: Lookup would require extrapolation into the past.  Requested time 1757086030.245621 but the earliest data is at time 1757086042.859607, when looking up transform from frame [base_link] to frame [map]
[bt_navigator-6] 
[bt_navigator-6] [WARN] [1757086052.897094416] [BehaviorTreeEngine]: Behavior Tree tick rate 100.00 was exceeded!
[bt_navigator-6] [ERROR] [1757086052.998685777] [transformPoseInTargetFrame]: Extrapolation Error looking up target frame: Lookup would require extrapolation into the past.  Requested time 1757086030.245621 but the earliest data is at time 1757086042.959584, when looking up transform from frame [base_link] to frame [map]
[bt_navigator-6] 
[bt_navigator-6] [WARN] [1757086052.998916414] [BehaviorTreeEngine]: Behavior Tree tick rate 100.00 was exceeded!
[bt_navigator-6] [ERROR] [1757086053.100837581] [transformPoseInTargetFrame]: Extrapolation Error looking up target frame: Lookup would require extrapolation into the past.  Requested time 1757086030.245621 but the earliest data is at time 1757086043.059577, when looking up transform from frame [base_link] to frame [map]
[bt_navigator-6] 
[bt_navigator-6] [WARN] [1757086053.101077124] [BehaviorTreeEngine]: Behavior Tree tick rate 100.00 was exceeded!
[bt_navigator-6] [ERROR] [1757086053.202833738] [transformPoseInTargetFrame]: Extrapolation Error looking up target frame: Lookup would require extrapolation into the past.  Requested time 1757086030.245621 but the earliest data is at time 1757086043.109534, when looking up transform from frame [base_link] to frame [map]
[bt_navigator-6] 
[bt_navigator-6] [WARN] [1757086053.203067879] [BehaviorTreeEngine]: Behavior Tree tick rate 100.00 was exceeded!
[bt_navigator-6] [ERROR] [1757086053.305188335] [transformPoseInTargetFrame]: Extrapolation Error looking up target frame: Lookup would require extrapolation into the past.  Requested time 1757086030.245621 but the earliest data is at time 1757086043.259591, when looking up transform from frame [base_link] to frame [map]
[bt_navigator-6] 
[bt_navigator-6] [WARN] [1757086053.305441153] [BehaviorTreeEngine]: Behavior Tree tick rate 100.00 was exceeded!
[bt_navigator-6] [ERROR] [1757086053.407798042] [transformPoseInTargetFrame]: Extrapolation Error looking up target frame: Lookup would require extrapolation into the past.  Requested time 1757086030.245621 but the earliest data is at time 1757086043.359548, when looking up transform from frame [base_link] to frame [map]
[bt_navigator-6] 
[bt_navigator-6] [WARN] [1757086053.408036547] [BehaviorTreeEngine]: Behavior Tree tick rate 100.00 was exceeded!
[planner_server-4] [ERROR] [1757086053.464251344] [transformPoseInTargetFrame]: Extrapolation Error looking up target frame: Lookup would require extrapolation into the past.  Requested time 1757086030.245621 but the earliest data is at time 1757086043.409534, when looking up transform from frame [base_link] to frame [map]
[planner_server-4] 
[bt_navigator-6] [ERROR] [1757086053.510533058] [transformPoseInTargetFrame]: Extrapolation Error looking up target frame: Lookup would require extrapolation into the past.  Requested time 1757086030.245621 but the earliest data is at time 1757086043.459632, when looking up transform from frame [base_link] to frame [map]
[bt_navigator-6] 
[bt_navigator-6] [WARN] [1757086053.510772588] [BehaviorTreeEngine]: Behavior Tree tick rate 100.00 was exceeded!
[bt_navigator-6] [ERROR] [1757086053.613061826] [transformPoseInTargetFrame]: Extrapolation Error looking up target frame: Lookup would require extrapolation into the past.  Requested time 1757086030.245621 but the earliest data is at time 1757086043.559635, when looking up transform from frame [base_link] to frame [map]
[bt_navigator-6] 
[bt_navigator-6] [WARN] [1757086053.613334498] [BehaviorTreeEngine]: Behavior Tree tick rate 100.00 was exceeded!
[bt_navigator-6] [ERROR] [1757086053.715287369] [transformPoseInTargetFrame]: Extrapolation Error looking up target frame: Lookup would require extrapolation into the past.  Requested time 1757086030.245621 but the earliest data is at time 1757086043.609638, when looking up transform from frame [base_link] to frame [map]
[bt_navigator-6] 
[bt_navigator-6] [WARN] [1757086053.715538647] [BehaviorTreeEngine]: Behavior Tree tick rate 100.00 was exceeded!
[bt_navigator-6] [ERROR] [1757086053.817975337] [transformPoseInTargetFrame]: Extrapolation Error looking up target frame: Lookup would require extrapolation into the past.  Requested time 1757086030.245621 but the earliest data is at time 1757086043.759534, when looking up transform from frame [base_link] to frame [map]
[bt_navigator-6] 
[bt_navigator-6] [WARN] [1757086053.818217082] [BehaviorTreeEngine]: Behavior Tree tick rate 100.00 was exceeded!
[bt_navigator-6] [ERROR] [1757086053.920226326] [transformPoseInTargetFrame]: Extrapolation Error looking up target frame: Lookup would require extrapolation into the past.  Requested time 1757086030.245621 but the earliest data is at time 1757086043.859569, when looking up transform from frame [base_link] to frame [map]
[bt_navigator-6] 
[bt_navigator-6] [WARN] [1757086053.920450353] [BehaviorTreeEngine]: Behavior Tree tick rate 100.00 was exceeded!
[bt_navigator-6] [ERROR] [1757086054.022790213] [transformPoseInTargetFrame]: Extrapolation Error looking up target frame: Lookup would require extrapolation into the past.  Requested time 1757086030.245621 but the earliest data is at time 1757086043.909826, when looking up transform from frame [base_link] to frame [map]
[bt_navigator-6] 
[bt_navigator-6] [WARN] [1757086054.023031597] [BehaviorTreeEngine]: Behavior Tree tick rate 100.00 was exceeded!
[bt_navigator-6] [ERROR] [1757086054.125256336] [transformPoseInTargetFrame]: Extrapolation Error looking up target frame: Lookup would require extrapolation into the past.  Requested time 1757086030.245621 but the earliest data is at time 1757086044.059543, when looking up transform from frame [base_link] to frame [map]
[bt_navigator-6] 
[bt_navigator-6] [WARN] [1757086054.125488393] [BehaviorTreeEngine]: Behavior Tree tick rate 100.00 was exceeded!
[bt_navigator-6] [ERROR] [1757086054.227601036] [transformPoseInTargetFrame]: Extrapolation Error looking up target frame: Lookup would require extrapolation into the past.  Requested time 1757086030.245621 but the earliest data is at time 1757086044.159606, when looking up transform from frame [base_link] to frame [map]
[bt_navigator-6] 
[bt_navigator-6] [WARN] [1757086054.227816422] [BehaviorTreeEngine]: Behavior Tree tick rate 100.00 was exceeded!
[bt_navigator-6] [ERROR] [1757086054.330037034] [transformPoseInTargetFrame]: Extrapolation Error looking up target frame: Lookup would require extrapolation into the past.  Requested time 1757086030.245621 but the earliest data is at time 1757086044.259522, when looking up transform from frame [base_link] to frame [map]
[bt_navigator-6] 
[bt_navigator-6] [WARN] [1757086054.330268583] [BehaviorTreeEngine]: Behavior Tree tick rate 100.00 was exceeded!
[bt_navigator-6] [ERROR] [1757086054.432704669] [transformPoseInTargetFrame]: Extrapolation Error looking up target frame: Lookup would require extrapolation into the past.  Requested time 1757086030.245621 but the earliest data is at time 1757086044.309559, when looking up transform from frame [base_link] to frame [map]
[bt_navigator-6] 
[bt_navigator-6] [WARN] [1757086054.432946927] [BehaviorTreeEngine]: Behavior Tree tick rate 100.00 was exceeded!
[planner_server-4] [ERROR] [1757086054.464266191] [transformPoseInTargetFrame]: Extrapolation Error looking up target frame: Lookup would require extrapolation into the past.  Requested time 1757086030.245621 but the earliest data is at time 1757086044.359568, when looking up transform from frame [base_link] to frame [map]
[planner_server-4] 
[bt_navigator-6] [ERROR] [1757086054.535120397] [transformPoseInTargetFrame]: Extrapolation Error looking up target frame: Lookup would require extrapolation into the past.  Requested time 1757086030.245621 but the earliest data is at time 1757086044.509722, when looking up transform from frame [base_link] to frame [map]
[bt_navigator-6] 
[bt_navigator-6] [WARN] [1757086054.535349631] [BehaviorTreeEngine]: Behavior Tree tick rate 100.00 was exceeded!
[bt_navigator-6] [ERROR] [1757086054.636705357] [transformPoseInTargetFrame]: Extrapolation Error looking up target frame: Lookup would require extrapolation into the past.  Requested time 1757086030.245621 but the earliest data is at time 1757086044.559663, when looking up transform from frame [base_link] to frame [map]
[bt_navigator-6] 
[bt_navigator-6] [WARN] [1757086054.636901957] [BehaviorTreeEngine]: Behavior Tree tick rate 100.00 was exceeded!
[bt_navigator-6] [ERROR] [1757086054.739228205] [transformPoseInTargetFrame]: Extrapolation Error looking up target frame: Lookup would require extrapolation into the past.  Requested time 1757086030.245621 but the earliest data is at time 1757086044.709569, when looking up transform from frame [base_link] to frame [map]
[bt_navigator-6] 
[bt_navigator-6] [WARN] [1757086054.739544735] [BehaviorTreeEngine]: Behavior Tree tick rate 100.00 was exceeded!
[bt_navigator-6] [ERROR] [1757086054.842141885] [transformPoseInTargetFrame]: Extrapolation Error looking up target frame: Lookup would require extrapolation into the past.  Requested time 1757086030.245621 but the earliest data is at time 1757086044.809557, when looking up transform from frame [base_link] to frame [map]
[bt_navigator-6] 
[bt_navigator-6] [WARN] [1757086054.842371040] [BehaviorTreeEngine]: Behavior Tree tick rate 100.00 was exceeded!
[bt_navigator-6] [ERROR] [1757086054.944645337] [transformPoseInTargetFrame]: Extrapolation Error looking up target frame: Lookup would require extrapolation into the past.  Requested time 1757086030.245621 but the earliest data is at time 1757086044.909505, when looking up transform from frame [base_link] to frame [map]
[bt_navigator-6] 
[bt_navigator-6] [WARN] [1757086054.944832513] [BehaviorTreeEngine]: Behavior Tree tick rate 100.00 was exceeded!
[bt_navigator-6] [ERROR] [1757086055.046722517] [transformPoseInTargetFrame]: Extrapolation Error looking up target frame: Lookup would require extrapolation into the past.  Requested time 1757086030.245621 but the earliest data is at time 1757086045.009558, when looking up transform from frame [base_link] to frame [map]
[bt_navigator-6] 
[bt_navigator-6] [WARN] [1757086055.046838575] [BehaviorTreeEngine]: Behavior Tree tick rate 100.00 was exceeded!
[bt_navigator-6] [ERROR] [1757086055.149289540] [transformPoseInTargetFrame]: Extrapolation Error looking up target frame: Lookup would require extrapolation into the past.  Requested time 1757086030.245621 but the earliest data is at time 1757086045.109649, when looking up transform from frame [base_link] to frame [map]
[bt_navigator-6] 
[bt_navigator-6] [WARN] [1757086055.149537021] [BehaviorTreeEngine]: Behavior Tree tick rate 100.00 was exceeded!
[explore-10] [ERROR] [1757086055.151061656] [explore_node]: Extrapolation Error looking up robot pose: Lookup would require extrapolation into the future.  Requested time 1757086054.847782 but the latest data is at time 1757086030.245621, when looking up transform from frame [base_link] to frame [map]
[explore-10] 
[bt_navigator-6] [ERROR] [1757086055.251651795] [transformPoseInTargetFrame]: Extrapolation Error looking up target frame: Lookup would require extrapolation into the past.  Requested time 1757086030.245621 but the earliest data is at time 1757086045.209516, when looking up transform from frame [base_link] to frame [map]
[bt_navigator-6] 
[bt_navigator-6] [WARN] [1757086055.251868688] [BehaviorTreeEngine]: Behavior Tree tick rate 100.00 was exceeded!
[bt_navigator-6] [ERROR] [1757086055.353182532] [transformPoseInTargetFrame]: Extrapolation Error looking up target frame: Lookup would require extrapolation into the past.  Requested time 1757086030.245621 but the earliest data is at time 1757086045.259523, when looking up transform from frame [base_link] to frame [map]
[bt_navigator-6] 
[bt_navigator-6] [WARN] [1757086055.353377093] [BehaviorTreeEngine]: Behavior Tree tick rate 100.00 was exceeded!
[bt_navigator-6] [ERROR] [1757086055.455809818] [transformPoseInTargetFrame]: Extrapolation Error looking up target frame: Lookup would require extrapolation into the past.  Requested time 1757086030.245621 but the earliest data is at time 1757086045.409990, when looking up transform from frame [base_link] to frame [map]
[bt_navigator-6] 
[bt_navigator-6] [WARN] [1757086055.456006482] [BehaviorTreeEngine]: Behavior Tree tick rate 100.00 was exceeded!
[planner_server-4] [ERROR] [1757086055.462929458] [transformPoseInTargetFrame]: Extrapolation Error looking up target frame: Lookup would require extrapolation into the past.  Requested time 1757086030.245621 but the earliest data is at time 1757086045.409990, when looking up transform from frame [base_link] to frame [map]
[planner_server-4] 
[bt_navigator-6] [ERROR] [1757086055.558446732] [transformPoseInTargetFrame]: Extrapolation Error looking up target frame: Lookup would require extrapolation into the past.  Requested time 1757086030.245621 but the earliest data is at time 1757086045.459751, when looking up transform from frame [base_link] to frame [map]
[bt_navigator-6] 
[bt_navigator-6] [WARN] [1757086055.558693015] [BehaviorTreeEngine]: Behavior Tree tick rate 100.00 was exceeded!
[bt_navigator-6] [ERROR] [1757086055.660848447] [transformPoseInTargetFrame]: Extrapolation Error looking up target frame: Lookup would require extrapolation into the past.  Requested time 1757086030.245621 but the earliest data is at time 1757086045.609643, when looking up transform from frame [base_link] to frame [map]
[bt_navigator-6] 
[bt_navigator-6] [WARN] [1757086055.661095144] [BehaviorTreeEngine]: Behavior Tree tick rate 100.00 was exceeded!
[bt_navigator-6] [ERROR] [1757086055.763240817] [transformPoseInTargetFrame]: Extrapolation Error looking up target frame: Lookup would require extrapolation into the past.  Requested time 1757086030.245621 but the earliest data is at time 1757086045.659595, when looking up transform from frame [base_link] to frame [map]
[bt_navigator-6] 
[bt_navigator-6] [WARN] [1757086055.763556999] [BehaviorTreeEngine]: Behavior Tree tick rate 100.00 was exceeded!
[bt_navigator-6] [ERROR] [1757086055.866146539] [transformPoseInTargetFrame]: Extrapolation Error looking up target frame: Lookup would require extrapolation into the past.  Requested time 1757086030.245621 but the earliest data is at time 1757086045.859535, when looking up transform from frame [base_link] to frame [map]
[bt_navigator-6] 
[bt_navigator-6] [WARN] [1757086055.866357407] [BehaviorTreeEngine]: Behavior Tree tick rate 100.00 was exceeded!
[bt_navigator-6] [ERROR] [1757086055.968415753] [transformPoseInTargetFrame]: Extrapolation Error looking up target frame: Lookup would require extrapolation into the past.  Requested time 1757086030.245621 but the earliest data is at time 1757086045.909544, when looking up transform from frame [base_link] to frame [map]
[bt_navigator-6] 
[bt_navigator-6] [WARN] [1757086055.968641607] [BehaviorTreeEngine]: Behavior Tree tick rate 100.00 was exceeded!
[bt_navigator-6] [ERROR] [1757086056.070495705] [transformPoseInTargetFrame]: Extrapolation Error looking up target frame: Lookup would require extrapolation into the past.  Requested time 1757086030.245621 but the earliest data is at time 1757086046.009527, when looking up transform from frame [base_link] to frame [map]
[bt_navigator-6] 
[bt_navigator-6] [WARN] [1757086056.070735544] [BehaviorTreeEngine]: Behavior Tree tick rate 100.00 was exceeded!
[bt_navigator-6] [ERROR] [1757086056.172671797] [transformPoseInTargetFrame]: Extrapolation Error looking up target frame: Lookup would require extrapolation into the past.  Requested time 1757086030.245621 but the earliest data is at time 1757086046.159522, when looking up transform from frame [base_link] to frame [map]
[bt_navigator-6] 
[bt_navigator-6] [WARN] [1757086056.172907212] [BehaviorTreeEngine]: Behavior Tree tick rate 100.00 was exceeded!
[bt_navigator-6] [ERROR] [1757086056.274955850] [transformPoseInTargetFrame]: Extrapolation Error looking up target frame: Lookup would require extrapolation into the past.  Requested time 1757086030.245621 but the earliest data is at time 1757086046.259511, when looking up transform from frame [base_link] to frame [map]
[bt_navigator-6] 
[bt_navigator-6] [WARN] [1757086056.275174877] [BehaviorTreeEngine]: Behavior Tree tick rate 100.00 was exceeded!
[bt_navigator-6] [ERROR] [1757086056.377679133] [transformPoseInTargetFrame]: Extrapolation Error looking up target frame: Lookup would require extrapolation into the past.  Requested time 1757086030.245621 but the earliest data is at time 1757086046.309566, when looking up transform from frame [base_link] to frame [map]
[bt_navigator-6] 
[bt_navigator-6] [WARN] [1757086056.377983809] [BehaviorTreeEngine]: Behavior Tree tick rate 100.00 was exceeded!
[planner_server-4] [ERROR] [1757086056.463388204] [transformPoseInTargetFrame]: Extrapolation Error looking up target frame: Lookup would require extrapolation into the past.  Requested time 1757086030.245621 but the earliest data is at time 1757086046.409518, when looking up transform from frame [base_link] to frame [map]
[planner_server-4] 
[bt_navigator-6] [ERROR] [1757086056.479485417] [transformPoseInTargetFrame]: Extrapolation Error looking up target frame: Lookup would require extrapolation into the past.  Requested time 1757086030.245621 but the earliest data is at time 1757086046.409518, when looking up transform from frame [base_link] to frame [map]
[bt_navigator-6] 
[bt_navigator-6] [WARN] [1757086056.479686048] [BehaviorTreeEngine]: Behavior Tree tick rate 100.00 was exceeded!
[bt_navigator-6] [ERROR] [1757086056.581669489] [transformPoseInTargetFrame]: Extrapolation Error looking up target frame: Lookup would require extrapolation into the past.  Requested time 1757086030.245621 but the earliest data is at time 1757086046.559581, when looking up transform from frame [base_link] to frame [map]
[bt_navigator-6] 
[bt_navigator-6] [WARN] [1757086056.581898206] [BehaviorTreeEngine]: Behavior Tree tick rate 100.00 was exceeded!
[bt_navigator-6] [ERROR] [1757086056.684412180] [transformPoseInTargetFrame]: Extrapolation Error looking up target frame: Lookup would require extrapolation into the past.  Requested time 1757086030.245621 but the earliest data is at time 1757086046.659538, when looking up transform from frame [base_link] to frame [map]
[bt_navigator-6] 
[bt_navigator-6] [WARN] [1757086056.684662326] [BehaviorTreeEngine]: Behavior Tree tick rate 100.00 was exceeded!
[bt_navigator-6] [ERROR] [1757086056.786933186] [transformPoseInTargetFrame]: Extrapolation Error looking up target frame: Lookup would require extrapolation into the past.  Requested time 1757086030.245621 but the earliest data is at time 1757086046.759534, when looking up transform from frame [base_link] to frame [map]
[bt_navigator-6] 
[bt_navigator-6] [WARN] [1757086056.787236832] [BehaviorTreeEngine]: Behavior Tree tick rate 100.00 was exceeded!
[bt_navigator-6] [ERROR] [1757086056.889766366] [transformPoseInTargetFrame]: Extrapolation Error looking up target frame: Lookup would require extrapolation into the past.  Requested time 1757086030.245621 but the earliest data is at time 1757086046.759534, when looking up transform from frame [base_link] to frame [map]
[bt_navigator-6] 
[bt_navigator-6] [WARN] [1757086056.890025538] [BehaviorTreeEngine]: Behavior Tree tick rate 100.00 was exceeded!
[bt_navigator-6] [ERROR] [1757086056.992469203] [transformPoseInTargetFrame]: Extrapolation Error looking up target frame: Lookup would require extrapolation into the past.  Requested time 1757086030.245621 but the earliest data is at time 1757086046.859958, when looking up transform from frame [base_link] to frame [map]
[bt_navigator-6] 
[bt_navigator-6] [WARN] [1757086056.992715605] [BehaviorTreeEngine]: Behavior Tree tick rate 100.00 was exceeded!
[bt_navigator-6] [ERROR] [1757086057.095324398] [transformPoseInTargetFrame]: Extrapolation Error looking up target frame: Lookup would require extrapolation into the past.  Requested time 1757086030.245621 but the earliest data is at time 1757086047.059664, when looking up transform from frame [base_link] to frame [map]
[bt_navigator-6] 
[bt_navigator-6] [WARN] [1757086057.095570078] [BehaviorTreeEngine]: Behavior Tree tick rate 100.00 was exceeded!
[bt_navigator-6] [ERROR] [1757086057.197619271] [transformPoseInTargetFrame]: Extrapolation Error looking up target frame: Lookup would require extrapolation into the past.  Requested time 1757086030.245621 but the earliest data is at time 1757086047.109734, when looking up transform from frame [base_link] to frame [map]
[bt_navigator-6] 
[bt_navigator-6] [WARN] [1757086057.197854522] [BehaviorTreeEngine]: Behavior Tree tick rate 100.00 was exceeded!
[bt_navigator-6] [ERROR] [1757086057.300133666] [transformPoseInTargetFrame]: Extrapolation Error looking up target frame: Lookup would require extrapolation into the past.  Requested time 1757086030.245621 but the earliest data is at time 1757086047.209593, when looking up transform from frame [base_link] to frame [map]
[bt_navigator-6] 
[bt_navigator-6] [WARN] [1757086057.300349568] [BehaviorTreeEngine]: Behavior Tree tick rate 100.00 was exceeded!
[bt_navigator-6] [ERROR] [1757086057.402725873] [transformPoseInTargetFrame]: Extrapolation Error looking up target frame: Lookup would require extrapolation into the past.  Requested time 1757086030.245621 but the earliest data is at time 1757086047.359575, when looking up transform from frame [base_link] to frame [map]
[bt_navigator-6] 
[bt_navigator-6] [WARN] [1757086057.402925659] [BehaviorTreeEngine]: Behavior Tree tick rate 100.00 was exceeded!
[planner_server-4] [ERROR] [1757086057.463362211] [transformPoseInTargetFrame]: Extrapolation Error looking up target frame: Lookup would require extrapolation into the past.  Requested time 1757086030.245621 but the earliest data is at time 1757086047.359575, when looking up transform from frame [base_link] to frame [map]
[planner_server-4] 
[bt_navigator-6] [ERROR] [1757086057.505119872] [transformPoseInTargetFrame]: Extrapolation Error looking up target frame: Lookup would require extrapolation into the past.  Requested time 1757086030.245621 but the earliest data is at time 1757086047.409627, when looking up transform from frame [base_link] to frame [map]
[bt_navigator-6] 
[bt_navigator-6] [WARN] [1757086057.505365672] [BehaviorTreeEngine]: Behavior Tree tick rate 100.00 was exceeded!
[bt_navigator-6] [ERROR] [1757086057.607786016] [transformPoseInTargetFrame]: Extrapolation Error looking up target frame: Lookup would require extrapolation into the past.  Requested time 1757086030.245621 but the earliest data is at time 1757086047.559548, when looking up transform from frame [base_link] to frame [map]
[bt_navigator-6] 
[bt_navigator-6] [WARN] [1757086057.608031700] [BehaviorTreeEngine]: Behavior Tree tick rate 100.00 was exceeded!
[bt_navigator-6] [ERROR] [1757086057.710487005] [transformPoseInTargetFrame]: Extrapolation Error looking up target frame: Lookup would require extrapolation into the past.  Requested time 1757086030.245621 but the earliest data is at time 1757086047.609600, when looking up transform from frame [base_link] to frame [map]
[bt_navigator-6] 
[bt_navigator-6] [WARN] [1757086057.710708111] [BehaviorTreeEngine]: Behavior Tree tick rate 100.00 was exceeded!
[bt_navigator-6] [ERROR] [1757086057.811921606] [transformPoseInTargetFrame]: Extrapolation Error looking up target frame: Lookup would require extrapolation into the past.  Requested time 1757086030.245621 but the earliest data is at time 1757086047.759658, when looking up transform from frame [base_link] to frame [map]
[bt_navigator-6] 
[bt_navigator-6] [WARN] [1757086057.812170061] [BehaviorTreeEngine]: Behavior Tree tick rate 100.00 was exceeded!
[bt_navigator-6] [ERROR] [1757086057.913357957] [transformPoseInTargetFrame]: Extrapolation Error looking up target frame: Lookup would require extrapolation into the past.  Requested time 1757086030.245621 but the earliest data is at time 1757086047.809774, when looking up transform from frame [base_link] to frame [map]
[bt_navigator-6] 
[bt_navigator-6] [WARN] [1757086057.913555768] [BehaviorTreeEngine]: Behavior Tree tick rate 100.00 was exceeded!
[bt_navigator-6] [WARN] [1757086057.995056556] [BehaviorTreeEngine]: Behavior Tree tick rate 100.00 was exceeded!
[bt_navigator-6] [ERROR] [1757086058.117810518] [transformPoseInTargetFrame]: Extrapolation Error looking up target frame: Lookup would require extrapolation at time 1757086058.059750, but only time 1757086058.088947 is in the buffer, when looking up transform from frame [base_link] to frame [map]
[bt_navigator-6] 
[bt_navigator-6] [WARN] [1757086058.118027425] [BehaviorTreeEngine]: Behavior Tree tick rate 100.00 was exceeded!
[bt_navigator-6] [WARN] [1757086058.158903894] [BehaviorTreeEngine]: Behavior Tree tick rate 100.00 was exceeded!
[planner_server-4] [WARN] [1757086058.160666248] [planner_server]: Planner loop missed its desired rate of 1.0000 Hz. Current loop rate is 0.0610 Hz
[controller_server-2] [INFO] [1757086058.190515236] [controller_server]: Received a goal, begin computing control effort.
[controller_server-2] [ERROR] [1757086058.291726575] [controller_server]: Exception in transformPose: Lookup would require extrapolation at time 1757086058.109503, but only time 1757086058.088947 is in the buffer, when looking up transform from frame [odom] to frame [map]
[controller_server-2] [WARN] [1757086058.291860394] [controller_server]: Unable to transform robot pose into global plan's frame
[controller_server-2] [WARN] [1757086058.292040523] [controller_server]: Control loop missed its desired rate of 10.0000Hz
[controller_server-2] [ERROR] [1757086058.394648249] [controller_server]: Exception in transformPose: Lookup would require extrapolation at time 1757086058.209501, but only time 1757086058.088947 is in the buffer, when looking up transform from frame [odom] to frame [map]
[controller_server-2] [WARN] [1757086058.394765043] [controller_server]: Unable to transform robot pose into global plan's frame
[controller_server-2] [WARN] [1757086058.394941568] [controller_server]: Control loop missed its desired rate of 10.0000Hz
[controller_server-2] [ERROR] [1757086058.495943976] [controller_server]: Exception in transformPose: Lookup would require extrapolation at time 1757086058.359775, but only time 1757086058.088947 is in the buffer, when looking up transform from frame [odom] to frame [map]
[controller_server-2] [WARN] [1757086058.496056589] [controller_server]: Unable to transform robot pose into global plan's frame
[controller_server-2] [WARN] [1757086058.496229136] [controller_server]: Control loop missed its desired rate of 10.0000Hz
[controller_server-2] [ERROR] [1757086058.598991878] [controller_server]: Exception in transformPose: Lookup would require extrapolation at time 1757086058.409706, but only time 1757086058.088947 is in the buffer, when looking up transform from frame [odom] to frame [map]
[controller_server-2] [WARN] [1757086058.599104930] [controller_server]: Unable to transform robot pose into global plan's frame
[controller_server-2] [WARN] [1757086058.599305151] [controller_server]: Control loop missed its desired rate of 10.0000Hz
[controller_server-2] [ERROR] [1757086058.700444809] [controller_server]: Exception in transformPose: Lookup would require extrapolation at time 1757086058.565419, but only time 1757086058.088947 is in the buffer, when looking up transform from frame [odom] to frame [map]
[controller_server-2] [WARN] [1757086058.700562463] [controller_server]: Unable to transform robot pose into global plan's frame
[controller_server-2] [WARN] [1757086058.700741029] [controller_server]: Control loop missed its desired rate of 10.0000Hz
[controller_server-2] [ERROR] [1757086058.804151106] [controller_server]: Exception in transformPose: Lookup would require extrapolation at time 1757086058.659704, but only time 1757086058.088947 is in the buffer, when looking up transform from frame [odom] to frame [map]
[controller_server-2] [WARN] [1757086058.804272138] [controller_server]: Unable to transform robot pose into global plan's frame
[controller_server-2] [WARN] [1757086058.804594297] [controller_server]: Control loop missed its desired rate of 10.0000Hz
[controller_server-2] [ERROR] [1757086058.906610973] [controller_server]: Exception in transformPose: Lookup would require extrapolation at time 1757086058.759536, but only time 1757086058.088947 is in the buffer, when looking up transform from frame [odom] to frame [map]
[controller_server-2] [WARN] [1757086058.906754700] [controller_server]: Unable to transform robot pose into global plan's frame
[controller_server-2] [WARN] [1757086058.907052105] [controller_server]: Control loop missed its desired rate of 10.0000Hz
[controller_server-2] [ERROR] [1757086059.010563171] [controller_server]: Exception in transformPose: Lookup would require extrapolation at time 1757086058.859713, but only time 1757086058.088947 is in the buffer, when looking up transform from frame [odom] to frame [map]
[controller_server-2] [WARN] [1757086059.010779226] [controller_server]: Unable to transform robot pose into global plan's frame
[controller_server-2] [WARN] [1757086059.011065182] [controller_server]: Control loop missed its desired rate of 10.0000Hz
[controller_server-2] [ERROR] [1757086059.113005741] [controller_server]: Exception in transformPose: Lookup would require extrapolation at time 1757086058.959514, but only time 1757086058.088947 is in the buffer, when looking up transform from frame [odom] to frame [map]
[controller_server-2] [WARN] [1757086059.113150163] [controller_server]: Unable to transform robot pose into global plan's frame
[controller_server-2] [WARN] [1757086059.113351073] [controller_server]: Control loop missed its desired rate of 10.0000Hz
[controller_server-2] [ERROR] [1757086059.216111165] [controller_server]: Exception in transformPose: Lookup would require extrapolation at time 1757086059.059698, but only time 1757086058.088947 is in the buffer, when looking up transform from frame [odom] to frame [map]
[controller_server-2] [WARN] [1757086059.216207584] [controller_server]: Unable to transform robot pose into global plan's frame
[controller_server-2] [WARN] [1757086059.216347248] [controller_server]: Control loop missed its desired rate of 10.0000Hz
[controller_server-2] [ERROR] [1757086059.317422677] [controller_server]: Exception in transformPose: Lookup would require extrapolation at time 1757086059.159599, but only time 1757086058.088947 is in the buffer, when looking up transform from frame [odom] to frame [map]
[controller_server-2] [WARN] [1757086059.317538890] [controller_server]: Unable to transform robot pose into global plan's frame
[controller_server-2] [WARN] [1757086059.317715850] [controller_server]: Control loop missed its desired rate of 10.0000Hz
[controller_server-2] [INFO] [1757086059.317743615] [controller_server]: Passing new path to controller.
[controller_server-2] [ERROR] [1757086059.421005283] [controller_server]: Exception in transformPose: Lookup would require extrapolation at time 1757086059.259595, but only time 1757086058.088947 is in the buffer, when looking up transform from frame [odom] to frame [map]
[controller_server-2] [WARN] [1757086059.421119912] [controller_server]: Unable to transform robot pose into global plan's frame
[controller_server-2] [WARN] [1757086059.421307381] [controller_server]: Control loop missed its desired rate of 10.0000Hz
[controller_server-2] [ERROR] [1757086059.522653568] [controller_server]: Exception in transformPose: Lookup would require extrapolation at time 1757086059.359500, but only time 1757086058.088947 is in the buffer, when looking up transform from frame [odom] to frame [map]
[controller_server-2] [WARN] [1757086059.522778521] [controller_server]: Unable to transform robot pose into global plan's frame
[controller_server-2] [WARN] [1757086059.522967655] [controller_server]: Control loop missed its desired rate of 10.0000Hz
[controller_server-2] [ERROR] [1757086059.625726613] [controller_server]: Exception in transformPose: Lookup would require extrapolation at time 1757086059.459501, but only time 1757086058.088947 is in the buffer, when looking up transform from frame [odom] to frame [map]
[controller_server-2] [WARN] [1757086059.625841120] [controller_server]: Unable to transform robot pose into global plan's frame
[controller_server-2] [WARN] [1757086059.626040416] [controller_server]: Control loop missed its desired rate of 10.0000Hz
[controller_server-2] [ERROR] [1757086059.727121106] [controller_server]: Exception in transformPose: Lookup would require extrapolation at time 1757086059.559549, but only time 1757086058.088947 is in the buffer, when looking up transform from frame [odom] to frame [map]
[controller_server-2] [WARN] [1757086059.727241523] [controller_server]: Unable to transform robot pose into global plan's frame
[controller_server-2] [WARN] [1757086059.727424861] [controller_server]: Control loop missed its desired rate of 10.0000Hz
[controller_server-2] [ERROR] [1757086059.830487230] [controller_server]: Exception in transformPose: Lookup would require extrapolation at time 1757086059.661597, but only time 1757086058.088947 is in the buffer, when looking up transform from frame [odom] to frame [map]
[controller_server-2] [WARN] [1757086059.830605421] [controller_server]: Unable to transform robot pose into global plan's frame
[controller_server-2] [WARN] [1757086059.830793476] [controller_server]: Control loop missed its desired rate of 10.0000Hz
[controller_server-2] [ERROR] [1757086059.932588950] [controller_server]: Exception in transformPose: Lookup would require extrapolation at time 1757086059.760257, but only time 1757086058.088947 is in the buffer, when looking up transform from frame [odom] to frame [map]
[controller_server-2] [WARN] [1757086059.932716501] [controller_server]: Unable to transform robot pose into global plan's frame
[controller_server-2] [WARN] [1757086059.932902477] [controller_server]: Control loop missed its desired rate of 10.0000Hz
[controller_server-2] [ERROR] [1757086060.035891177] [controller_server]: Exception in transformPose: Lookup would require extrapolation at time 1757086059.859563, but only time 1757086058.088947 is in the buffer, when looking up transform from frame [odom] to frame [map]
[controller_server-2] [WARN] [1757086060.036021070] [controller_server]: Unable to transform robot pose into global plan's frame
[controller_server-2] [WARN] [1757086060.036213135] [controller_server]: Control loop missed its desired rate of 10.0000Hz
[controller_server-2] [ERROR] [1757086060.137817803] [controller_server]: Exception in transformPose: Lookup would require extrapolation at time 1757086060.009535, but only time 1757086058.088947 is in the buffer, when looking up transform from frame [odom] to frame [map]
[controller_server-2] [WARN] [1757086060.137967304] [controller_server]: Unable to transform robot pose into global plan's frame
[controller_server-2] [WARN] [1757086060.138224328] [controller_server]: Control loop missed its desired rate of 10.0000Hz
[controller_server-2] [ERROR] [1757086060.241967886] [controller_server]: Exception in transformPose: Lookup would require extrapolation at time 1757086060.059541, but only time 1757086058.088947 is in the buffer, when looking up transform from frame [odom] to frame [map]
[controller_server-2] [WARN] [1757086060.242095927] [controller_server]: Unable to transform robot pose into global plan's frame
[controller_server-2] [ERROR] [1757086060.242143403] [controller_server]: Controller patience exceeded
[controller_server-2] [WARN] [1757086060.242227801] [controller_server]: [follow_path] [ActionServer] Aborting handle.
[controller_server-2] [INFO] [1757086060.249665657] [controller_server]: Received a goal, begin computing control effort.
[controller_server-2] [ERROR] [1757086060.351029019] [controller_server]: Exception in transformPose: Lookup would require extrapolation at time 1757086060.209517, but only time 1757086058.088947 is in the buffer, when looking up transform from frame [odom] to frame [map]
[controller_server-2] [WARN] [1757086060.351152725] [controller_server]: Unable to transform robot pose into global plan's frame
[controller_server-2] [WARN] [1757086060.351328522] [controller_server]: Control loop missed its desired rate of 10.0000Hz
[controller_server-2] [ERROR] [1757086060.452493282] [controller_server]: Exception in transformPose: Lookup would require extrapolation at time 1757086060.309547, but only time 1757086058.088947 is in the buffer, when looking up transform from frame [odom] to frame [map]
[controller_server-2] [WARN] [1757086060.452633012] [controller_server]: Unable to transform robot pose into global plan's frame
[controller_server-2] [WARN] [1757086060.452834147] [controller_server]: Control loop missed its desired rate of 10.0000Hz
[controller_server-2] [ERROR] [1757086060.555674787] [controller_server]: Exception in transformPose: Lookup would require extrapolation at time 1757086060.409787, but only time 1757086058.088947 is in the buffer, when looking up transform from frame [odom] to frame [map]
[controller_server-2] [WARN] [1757086060.555802535] [controller_server]: Unable to transform robot pose into global plan's frame
[controller_server-2] [WARN] [1757086060.555987532] [controller_server]: Control loop missed its desired rate of 10.0000Hz
[controller_server-2] [ERROR] [1757086060.657223950] [controller_server]: Exception in transformPose: Lookup would require extrapolation at time 1757086060.509521, but only time 1757086058.088947 is in the buffer, when looking up transform from frame [odom] to frame [map]
[controller_server-2] [WARN] [1757086060.657339684] [controller_server]: Unable to transform robot pose into global plan's frame
[controller_server-2] [WARN] [1757086060.657540562] [controller_server]: Control loop missed its desired rate of 10.0000Hz
[controller_server-2] [ERROR] [1757086060.760550689] [controller_server]: Exception in transformPose: Lookup would require extrapolation at time 1757086060.609492, but only time 1757086058.088947 is in the buffer, when looking up transform from frame [odom] to frame [map]
[controller_server-2] [WARN] [1757086060.760725479] [controller_server]: Unable to transform robot pose into global plan's frame
[controller_server-2] [WARN] [1757086060.760914347] [controller_server]: Control loop missed its desired rate of 10.0000Hz
[controller_server-2] [ERROR] [1757086060.862911540] [controller_server]: Exception in transformPose: Lookup would require extrapolation at time 1757086060.709496, but only time 1757086058.088947 is in the buffer, when looking up transform from frame [odom] to frame [map]
[controller_server-2] [WARN] [1757086060.863035629] [controller_server]: Unable to transform robot pose into global plan's frame
[controller_server-2] [WARN] [1757086060.863251220] [controller_server]: Control loop missed its desired rate of 10.0000Hz
[controller_server-2] [ERROR] [1757086060.966013799] [controller_server]: Exception in transformPose: Lookup would require extrapolation at time 1757086060.709496, but only time 1757086058.088947 is in the buffer, when looking up transform from frame [odom] to frame [map]
[controller_server-2] [WARN] [1757086060.966124555] [controller_server]: Unable to transform robot pose into global plan's frame
[controller_server-2] [WARN] [1757086060.966301109] [controller_server]: Control loop missed its desired rate of 10.0000Hz
[controller_server-2] [ERROR] [1757086061.068057166] [controller_server]: Exception in transformPose: Lookup would require extrapolation at time 1757086060.909506, but only time 1757086058.088947 is in the buffer, when looking up transform from frame [odom] to frame [map]
[controller_server-2] [WARN] [1757086061.068182728] [controller_server]: Unable to transform robot pose into global plan's frame
[controller_server-2] [WARN] [1757086061.068386380] [controller_server]: Control loop missed its desired rate of 10.0000Hz
[controller_server-2] [ERROR] [1757086061.171376306] [controller_server]: Exception in transformPose: Lookup would require extrapolation at time 1757086061.059664, but only time 1757086058.088947 is in the buffer, when looking up transform from frame [odom] to frame [map]
[controller_server-2] [WARN] [1757086061.171493435] [controller_server]: Unable to transform robot pose into global plan's frame
[controller_server-2] [WARN] [1757086061.171753131] [controller_server]: Control loop missed its desired rate of 10.0000Hz
[controller_server-2] [ERROR] [1757086061.273397997] [controller_server]: Exception in transformPose: Lookup would require extrapolation at time 1757086061.109582, but only time 1757086058.088947 is in the buffer, when looking up transform from frame [odom] to frame [map]
[controller_server-2] [WARN] [1757086061.273524036] [controller_server]: Unable to transform robot pose into global plan's frame
[controller_server-2] [WARN] [1757086061.273712528] [controller_server]: Control loop missed its desired rate of 10.0000Hz
[controller_server-2] [ERROR] [1757086061.376570472] [controller_server]: Exception in transformPose: Lookup would require extrapolation at time 1757086061.209528, but only time 1757086058.088947 is in the buffer, when looking up transform from frame [odom] to frame [map]
[controller_server-2] [WARN] [1757086061.376697986] [controller_server]: Unable to transform robot pose into global plan's frame
[controller_server-2] [WARN] [1757086061.376877556] [controller_server]: Control loop missed its desired rate of 10.0000Hz
[controller_server-2] [INFO] [1757086061.376905413] [controller_server]: Passing new path to controller.
[controller_server-2] [ERROR] [1757086061.478436118] [controller_server]: Exception in transformPose: Lookup would require extrapolation at time 1757086061.359636, but only time 1757086058.088947 is in the buffer, when looking up transform from frame [odom] to frame [map]
[controller_server-2] [WARN] [1757086061.478556523] [controller_server]: Unable to transform robot pose into global plan's frame
[controller_server-2] [WARN] [1757086061.478743099] [controller_server]: Control loop missed its desired rate of 10.0000Hz
[controller_server-2] [ERROR] [1757086061.581469137] [controller_server]: Exception in transformPose: Lookup would require extrapolation at time 1757086061.459490, but only time 1757086058.088947 is in the buffer, when looking up transform from frame [odom] to frame [map]
[controller_server-2] [WARN] [1757086061.581554261] [controller_server]: Unable to transform robot pose into global plan's frame
[controller_server-2] [WARN] [1757086061.581680228] [controller_server]: Control loop missed its desired rate of 10.0000Hz
[controller_server-2] [ERROR] [1757086061.682699766] [controller_server]: Exception in transformPose: Lookup would require extrapolation at time 1757086061.559522, but only time 1757086058.088947 is in the buffer, when looking up transform from frame [odom] to frame [map]
[controller_server-2] [WARN] [1757086061.682869276] [controller_server]: Unable to transform robot pose into global plan's frame
[controller_server-2] [WARN] [1757086061.683050598] [controller_server]: Control loop missed its desired rate of 10.0000Hz
[controller_server-2] [ERROR] [1757086061.785539352] [controller_server]: Exception in transformPose: Lookup would require extrapolation at time 1757086061.559522, but only time 1757086058.088947 is in the buffer, when looking up transform from frame [odom] to frame [map]
[controller_server-2] [WARN] [1757086061.785653017] [controller_server]: Unable to transform robot pose into global plan's frame
[controller_server-2] [WARN] [1757086061.785854248] [controller_server]: Control loop missed its desired rate of 10.0000Hz
[explore-10] [ERROR] [1757086061.817661126] [explore_node]: Extrapolation Error looking up robot pose: Lookup would require extrapolation at time 1757086061.513989, but only time 1757086058.088947 is in the buffer, when looking up transform from frame [base_link] to frame [map]
[explore-10] 
[controller_server-2] [ERROR] [1757086061.887102079] [controller_server]: Exception in transformPose: Lookup would require extrapolation at time 1757086061.759511, but only time 1757086058.088947 is in the buffer, when looking up transform from frame [odom] to frame [map]
[controller_server-2] [WARN] [1757086061.887244902] [controller_server]: Unable to transform robot pose into global plan's frame
[controller_server-2] [WARN] [1757086061.887531660] [controller_server]: Control loop missed its desired rate of 10.0000Hz
[controller_server-2] [ERROR] [1757086061.990888782] [controller_server]: Exception in transformPose: Lookup would require extrapolation at time 1757086061.859554, but only time 1757086058.088947 is in the buffer, when looking up transform from frame [odom] to frame [map]
[controller_server-2] [WARN] [1757086061.991019774] [controller_server]: Unable to transform robot pose into global plan's frame
[controller_server-2] [WARN] [1757086061.991304232] [controller_server]: Control loop missed its desired rate of 10.0000Hz
[controller_server-2] [ERROR] [1757086062.093018256] [controller_server]: Exception in transformPose: Lookup would require extrapolation at time 1757086061.959524, but only time 1757086058.088947 is in the buffer, when looking up transform from frame [odom] to frame [map]
[controller_server-2] [WARN] [1757086062.093136642] [controller_server]: Unable to transform robot pose into global plan's frame
[controller_server-2] [WARN] [1757086062.093307563] [controller_server]: Control loop missed its desired rate of 10.0000Hz
[controller_server-2] [ERROR] [1757086062.196071306] [controller_server]: Exception in transformPose: Lookup would require extrapolation at time 1757086062.059612, but only time 1757086058.088947 is in the buffer, when looking up transform from frame [odom] to frame [map]
[controller_server-2] [WARN] [1757086062.196185644] [controller_server]: Unable to transform robot pose into global plan's frame
[controller_server-2] [WARN] [1757086062.196359430] [controller_server]: Control loop missed its desired rate of 10.0000Hz
[controller_server-2] [ERROR] [1757086062.297698782] [controller_server]: Exception in transformPose: Lookup would require extrapolation at time 1757086062.109536, but only time 1757086058.088947 is in the buffer, when looking up transform from frame [odom] to frame [map]
[controller_server-2] [WARN] [1757086062.297823841] [controller_server]: Unable to transform robot pose into global plan's frame
[controller_server-2] [ERROR] [1757086062.297870337] [controller_server]: Controller patience exceeded
[controller_server-2] [WARN] [1757086062.297958135] [controller_server]: [follow_path] [ActionServer] Aborting handle.
[controller_server-2] [INFO] [1757086062.309250325] [local_costmap.local_costmap]: Received request to clear entirely the local_costmap
[controller_server-2] [INFO] [1757086062.311495592] [controller_server]: Received a goal, begin computing control effort.
[controller_server-2] [INFO] [1757086062.451773484] [controller_server]: Passing new path to controller.
[controller_server-2] [ERROR] [1757086062.554289601] [controller_server]: Exception in transformPose: Lookup would require extrapolation at time 1757086062.359516, but only time 1757086058.088947 is in the buffer, when looking up transform from frame [odom] to frame [map]
[controller_server-2] [WARN] [1757086062.554426195] [controller_server]: Unable to transform robot pose into global plan's frame
[controller_server-2] [WARN] [1757086062.554649998] [controller_server]: Control loop missed its desired rate of 10.0000Hz
[controller_server-2] [ERROR] [1757086062.656648704] [controller_server]: Exception in transformPose: Lookup would require extrapolation at time 1757086062.359516, but only time 1757086058.088947 is in the buffer, when looking up transform from frame [odom] to frame [map]
[controller_server-2] [WARN] [1757086062.656820989] [controller_server]: Unable to transform robot pose into global plan's frame
[controller_server-2] [ERROR] [1757086062.856646012] [controller_server]: Exception in transformPose: Lookup would require extrapolation at time 1757086062.359516, but only time 1757086058.088947 is in the buffer, when looking up transform from frame [odom] to frame [map]
[controller_server-2] [WARN] [1757086062.856780284] [controller_server]: Unable to transform robot pose into global plan's frame
[controller_server-2] [WARN] [1757086062.856974341] [controller_server]: Control loop missed its desired rate of 10.0000Hz
[controller_server-2] [ERROR] [1757086062.959883606] [controller_server]: Exception in transformPose: Lookup would require extrapolation at time 1757086062.809530, but only time 1757086058.088947 is in the buffer, when looking up transform from frame [odom] to frame [map]
[controller_server-2] [WARN] [1757086062.960000485] [controller_server]: Unable to transform robot pose into global plan's frame
[controller_server-2] [WARN] [1757086062.960208525] [controller_server]: Control loop missed its desired rate of 10.0000Hz
[explore-10] [ERROR] [1757086063.049761941] [explore_node]: Extrapolation Error looking up robot pose: Lookup would require extrapolation at time 1757086062.744714, but only time 1757086058.088947 is in the buffer, when looking up transform from frame [base_link] to frame [map]
[explore-10] 
[controller_server-2] [ERROR] [1757086063.061257280] [controller_server]: Exception in transformPose: Lookup would require extrapolation at time 1757086062.909530, but only time 1757086058.088947 is in the buffer, when looking up transform from frame [odom] to frame [map]
[controller_server-2] [WARN] [1757086063.061371278] [controller_server]: Unable to transform robot pose into global plan's frame
[controller_server-2] [WARN] [1757086063.061550290] [controller_server]: Control loop missed its desired rate of 10.0000Hz
[controller_server-2] [ERROR] [1757086063.164019708] [controller_server]: Exception in transformPose: Lookup would require extrapolation at time 1757086063.009506, but only time 1757086058.088947 is in the buffer, when looking up transform from frame [odom] to frame [map]
[controller_server-2] [WARN] [1757086063.164130804] [controller_server]: Unable to transform robot pose into global plan's frame
[controller_server-2] [WARN] [1757086063.164298395] [controller_server]: Control loop missed its desired rate of 10.0000Hz
[controller_server-2] [ERROR] [1757086063.265575064] [controller_server]: Exception in transformPose: Lookup would require extrapolation at time 1757086063.109808, but only time 1757086058.088947 is in the buffer, when looking up transform from frame [odom] to frame [map]
[controller_server-2] [WARN] [1757086063.265697388] [controller_server]: Unable to transform robot pose into global plan's frame
[controller_server-2] [WARN] [1757086063.265892473] [controller_server]: Control loop missed its desired rate of 10.0000Hz
[controller_server-2] [ERROR] [1757086063.368563090] [controller_server]: Exception in transformPose: Lookup would require extrapolation at time 1757086063.209541, but only time 1757086058.088947 is in the buffer, when looking up transform from frame [odom] to frame [map]
[controller_server-2] [WARN] [1757086063.368674958] [controller_server]: Unable to transform robot pose into global plan's frame
[controller_server-2] [WARN] [1757086063.368878031] [controller_server]: Control loop missed its desired rate of 10.0000Hz
[controller_server-2] [INFO] [1757086063.368916105] [controller_server]: Passing new path to controller.
[controller_server-2] [ERROR] [1757086063.470128211] [controller_server]: Exception in transformPose: Lookup would require extrapolation at time 1757086063.259511, but only time 1757086058.088947 is in the buffer, when looking up transform from frame [odom] to frame [map]
[controller_server-2] [WARN] [1757086063.470248493] [controller_server]: Unable to transform robot pose into global plan's frame
[controller_server-2] [WARN] [1757086063.470428185] [controller_server]: Control loop missed its desired rate of 10.0000Hz
[controller_server-2] [ERROR] [1757086063.572897013] [controller_server]: Exception in transformPose: Lookup would require extrapolation at time 1757086063.359626, but only time 1757086058.088947 is in the buffer, when looking up transform from frame [odom] to frame [map]
[controller_server-2] [WARN] [1757086063.573009645] [controller_server]: Unable to transform robot pose into global plan's frame
[controller_server-2] [WARN] [1757086063.573183734] [controller_server]: Control loop missed its desired rate of 10.0000Hz
[controller_server-2] [ERROR] [1757086063.674231913] [controller_server]: Exception in transformPose: Lookup would require extrapolation at time 1757086063.559662, but only time 1757086058.088947 is in the buffer, when looking up transform from frame [odom] to frame [map]
[controller_server-2] [WARN] [1757086063.674395252] [controller_server]: Unable to transform robot pose into global plan's frame
[controller_server-2] [WARN] [1757086063.674582272] [controller_server]: Control loop missed its desired rate of 10.0000Hz
[controller_server-2] [ERROR] [1757086063.777067741] [controller_server]: Exception in transformPose: Lookup would require extrapolation at time 1757086063.661550, but only time 1757086058.088947 is in the buffer, when looking up transform from frame [odom] to frame [map]
[controller_server-2] [WARN] [1757086063.777181933] [controller_server]: Unable to transform robot pose into global plan's frame
[controller_server-2] [WARN] [1757086063.777358226] [controller_server]: Control loop missed its desired rate of 10.0000Hz
[controller_server-2] [ERROR] [1757086063.878550977] [controller_server]: Exception in transformPose: Lookup would require extrapolation at time 1757086063.759598, but only time 1757086058.088947 is in the buffer, when looking up transform from frame [odom] to frame [map]
[controller_server-2] [WARN] [1757086063.878651316] [controller_server]: Unable to transform robot pose into global plan's frame
[controller_server-2] [WARN] [1757086063.878789571] [controller_server]: Control loop missed its desired rate of 10.0000Hz
[controller_server-2] [ERROR] [1757086063.980526429] [controller_server]: Exception in transformPose: Lookup would require extrapolation at time 1757086063.859595, but only time 1757086058.088947 is in the buffer, when looking up transform from frame [odom] to frame [map]
[controller_server-2] [WARN] [1757086063.980646723] [controller_server]: Unable to transform robot pose into global plan's frame
[controller_server-2] [WARN] [1757086063.980829455] [controller_server]: Control loop missed its desired rate of 10.0000Hz
[controller_server-2] [ERROR] [1757086064.081834490] [controller_server]: Exception in transformPose: Lookup would require extrapolation at time 1757086063.959529, but only time 1757086058.088947 is in the buffer, when looking up transform from frame [odom] to frame [map]
[controller_server-2] [WARN] [1757086064.081965990] [controller_server]: Unable to transform robot pose into global plan's frame
[controller_server-2] [WARN] [1757086064.082155804] [controller_server]: Control loop missed its desired rate of 10.0000Hz
[controller_server-2] [ERROR] [1757086064.185034056] [controller_server]: Exception in transformPose: Lookup would require extrapolation at time 1757086064.059552, but only time 1757086058.088947 is in the buffer, when looking up transform from frame [odom] to frame [map]
[controller_server-2] [WARN] [1757086064.185175194] [controller_server]: Unable to transform robot pose into global plan's frame
[controller_server-2] [WARN] [1757086064.185457912] [controller_server]: Control loop missed its desired rate of 10.0000Hz
[controller_server-2] [ERROR] [1757086064.287038233] [controller_server]: Exception in transformPose: Lookup would require extrapolation at time 1757086064.159523, but only time 1757086058.088947 is in the buffer, when looking up transform from frame [odom] to frame [map]
[controller_server-2] [WARN] [1757086064.287159825] [controller_server]: Unable to transform robot pose into global plan's frame
[controller_server-2] [WARN] [1757086064.287342914] [controller_server]: Control loop missed its desired rate of 10.0000Hz
[explore-10] [ERROR] [1757086064.287522566] [explore_node]: Extrapolation Error looking up robot pose: Lookup would require extrapolation at time 1757086063.982244, but only time 1757086058.088947 is in the buffer, when looking up transform from frame [base_link] to frame [map]
[explore-10] 
[controller_server-2] [ERROR] [1757086064.390212142] [controller_server]: Exception in transformPose: Lookup would require extrapolation at time 1757086064.259505, but only time 1757086058.088947 is in the buffer, when looking up transform from frame [odom] to frame [map]
[controller_server-2] [WARN] [1757086064.390320848] [controller_server]: Unable to transform robot pose into global plan's frame
[controller_server-2] [ERROR] [1757086064.390369388] [controller_server]: Controller patience exceeded
[controller_server-2] [WARN] [1757086064.390440785] [controller_server]: [follow_path] [ActionServer] Aborting handle.
[controller_server-2] [INFO] [1757086064.390547073] [controller_server]: Received a goal, begin computing control effort.
[controller_server-2] [ERROR] [1757086064.491830534] [controller_server]: Exception in transformPose: Lookup would require extrapolation at time 1757086064.359527, but only time 1757086058.088947 is in the buffer, when looking up transform from frame [odom] to frame [map]
[controller_server-2] [WARN] [1757086064.491952293] [controller_server]: Unable to transform robot pose into global plan's frame
[controller_server-2] [WARN] [1757086064.492194403] [controller_server]: Control loop missed its desired rate of 10.0000Hz
[controller_server-2] [ERROR] [1757086064.595108016] [controller_server]: Exception in transformPose: Lookup would require extrapolation at time 1757086064.409502, but only time 1757086058.088947 is in the buffer, when looking up transform from frame [odom] to frame [map]
[controller_server-2] [WARN] [1757086064.595217877] [controller_server]: Unable to transform robot pose into global plan's frame
[controller_server-2] [WARN] [1757086064.595384960] [controller_server]: Control loop missed its desired rate of 10.0000Hz
[controller_server-2] [ERROR] [1757086064.696600262] [controller_server]: Exception in transformPose: Lookup would require extrapolation at time 1757086064.559527, but only time 1757086058.088947 is in the buffer, when looking up transform from frame [odom] to frame [map]
[controller_server-2] [WARN] [1757086064.696722930] [controller_server]: Unable to transform robot pose into global plan's frame
[controller_server-2] [WARN] [1757086064.696906375] [controller_server]: Control loop missed its desired rate of 10.0000Hz
[controller_server-2] [ERROR] [1757086064.800313261] [controller_server]: Exception in transformPose: Lookup would require extrapolation at time 1757086064.659526, but only time 1757086058.088947 is in the buffer, when looking up transform from frame [odom] to frame [map]
[controller_server-2] [WARN] [1757086064.800439072] [controller_server]: Unable to transform robot pose into global plan's frame
[controller_server-2] [WARN] [1757086064.800622335] [controller_server]: Control loop missed its desired rate of 10.0000Hz
[controller_server-2] [ERROR] [1757086064.902760672] [controller_server]: Exception in transformPose: Lookup would require extrapolation at time 1757086064.759493, but only time 1757086058.088947 is in the buffer, when looking up transform from frame [odom] to frame [map]
[controller_server-2] [WARN] [1757086064.902888244] [controller_server]: Unable to transform robot pose into global plan's frame
[controller_server-2] [WARN] [1757086064.903093903] [controller_server]: Control loop missed its desired rate of 10.0000Hz
[controller_server-2] [ERROR] [1757086065.005751495] [controller_server]: Exception in transformPose: Lookup would require extrapolation at time 1757086064.859535, but only time 1757086058.088947 is in the buffer, when looking up transform from frame [odom] to frame [map]
[controller_server-2] [WARN] [1757086065.005877164] [controller_server]: Unable to transform robot pose into global plan's frame
[controller_server-2] [WARN] [1757086065.006080754] [controller_server]: Control loop missed its desired rate of 10.0000Hz
[controller_server-2] [ERROR] [1757086065.107649748] [controller_server]: Exception in transformPose: Lookup would require extrapolation at time 1757086064.960087, but only time 1757086058.088947 is in the buffer, when looking up transform from frame [odom] to frame [map]
[controller_server-2] [WARN] [1757086065.107798432] [controller_server]: Unable to transform robot pose into global plan's frame
[controller_server-2] [WARN] [1757086065.108076252] [controller_server]: Control loop missed its desired rate of 10.0000Hz
[controller_server-2] [ERROR] [1757086065.211351923] [controller_server]: Exception in transformPose: Lookup would require extrapolation at time 1757086065.059745, but only time 1757086058.088947 is in the buffer, when looking up transform from frame [odom] to frame [map]
[controller_server-2] [WARN] [1757086065.211496110] [controller_server]: Unable to transform robot pose into global plan's frame
[controller_server-2] [WARN] [1757086065.211772015] [controller_server]: Control loop missed its desired rate of 10.0000Hz
[controller_server-2] [ERROR] [1757086065.314158445] [controller_server]: Exception in transformPose: Lookup would require extrapolation at time 1757086065.161741, but only time 1757086058.088947 is in the buffer, when looking up transform from frame [odom] to frame [map]
[controller_server-2] [WARN] [1757086065.314313464] [controller_server]: Unable to transform robot pose into global plan's frame
[controller_server-2] [WARN] [1757086065.314594989] [controller_server]: Control loop missed its desired rate of 10.0000Hz
[controller_server-2] [ERROR] [1757086065.418397858] [controller_server]: Exception in transformPose: Lookup would require extrapolation at time 1757086065.259511, but only time 1757086058.088947 is in the buffer, when looking up transform from frame [odom] to frame [map]
[controller_server-2] [WARN] [1757086065.418558616] [controller_server]: Unable to transform robot pose into global plan's frame
[controller_server-2] [WARN] [1757086065.419123952] [controller_server]: Control loop missed its desired rate of 10.0000Hz
[controller_server-2] [INFO] [1757086065.419217907] [controller_server]: Passing new path to controller.
[controller_server-2] [ERROR] [1757086065.521008659] [controller_server]: Exception in transformPose: Lookup would require extrapolation at time 1757086065.359549, but only time 1757086058.088947 is in the buffer, when looking up transform from frame [odom] to frame [map]
[controller_server-2] [WARN] [1757086065.521172563] [controller_server]: Unable to transform robot pose into global plan's frame
[controller_server-2] [WARN] [1757086065.521504698] [controller_server]: Control loop missed its desired rate of 10.0000Hz
[explore-10] [ERROR] [1757086065.521664393] [explore_node]: Extrapolation Error looking up robot pose: Lookup would require extrapolation at time 1757086065.216174, but only time 1757086058.088947 is in the buffer, when looking up transform from frame [base_link] to frame [map]
[explore-10] 
[controller_server-2] [ERROR] [1757086065.624986256] [controller_server]: Exception in transformPose: Lookup would require extrapolation at time 1757086065.459530, but only time 1757086058.088947 is in the buffer, when looking up transform from frame [odom] to frame [map]
[controller_server-2] [WARN] [1757086065.625131816] [controller_server]: Unable to transform robot pose into global plan's frame
[controller_server-2] [WARN] [1757086065.625429687] [controller_server]: Control loop missed its desired rate of 10.0000Hz
[controller_server-2] [ERROR] [1757086065.727726389] [controller_server]: Exception in transformPose: Lookup would require extrapolation at time 1757086065.559622, but only time 1757086058.088947 is in the buffer, when looking up transform from frame [odom] to frame [map]
[controller_server-2] [WARN] [1757086065.727857165] [controller_server]: Unable to transform robot pose into global plan's frame
[controller_server-2] [WARN] [1757086065.728048961] [controller_server]: Control loop missed its desired rate of 10.0000Hz
[controller_server-2] [ERROR] [1757086065.831018704] [controller_server]: Exception in transformPose: Lookup would require extrapolation at time 1757086065.659523, but only time 1757086058.088947 is in the buffer, when looking up transform from frame [odom] to frame [map]
[controller_server-2] [WARN] [1757086065.831134281] [controller_server]: Unable to transform robot pose into global plan's frame
[controller_server-2] [WARN] [1757086065.831314614] [controller_server]: Control loop missed its desired rate of 10.0000Hz
[controller_server-2] [ERROR] [1757086065.932395855] [controller_server]: Exception in transformPose: Lookup would require extrapolation at time 1757086065.762760, but only time 1757086058.088947 is in the buffer, when looking up transform from frame [odom] to frame [map]
[controller_server-2] [WARN] [1757086065.932512429] [controller_server]: Unable to transform robot pose into global plan's frame
[controller_server-2] [WARN] [1757086065.932691312] [controller_server]: Control loop missed its desired rate of 10.0000Hz
[controller_server-2] [ERROR] [1757086066.035258096] [controller_server]: Exception in transformPose: Lookup would require extrapolation at time 1757086065.859812, but only time 1757086058.088947 is in the buffer, when looking up transform from frame [odom] to frame [map]
[controller_server-2] [WARN] [1757086066.035379893] [controller_server]: Unable to transform robot pose into global plan's frame
[controller_server-2] [WARN] [1757086066.035565852] [controller_server]: Control loop missed its desired rate of 10.0000Hz
[controller_server-2] [ERROR] [1757086066.137523867] [controller_server]: Exception in transformPose: Lookup would require extrapolation at time 1757086066.009649, but only time 1757086058.088947 is in the buffer, when looking up transform from frame [odom] to frame [map]
[controller_server-2] [WARN] [1757086066.137672278] [controller_server]: Unable to transform robot pose into global plan's frame
[controller_server-2] [WARN] [1757086066.138040507] [controller_server]: Control loop missed its desired rate of 10.0000Hz
[controller_server-2] [ERROR] [1757086066.241322372] [controller_server]: Exception in transformPose: Lookup would require extrapolation at time 1757086066.109926, but only time 1757086058.088947 is in the buffer, when looking up transform from frame [odom] to frame [map]
[controller_server-2] [WARN] [1757086066.241460203] [controller_server]: Unable to transform robot pose into global plan's frame
[controller_server-2] [WARN] [1757086066.241664482] [controller_server]: Control loop missed its desired rate of 10.0000Hz
[controller_server-2] [ERROR] [1757086066.344559376] [controller_server]: Exception in transformPose: Lookup would require extrapolation at time 1757086066.159593, but only time 1757086058.088947 is in the buffer, when looking up transform from frame [odom] to frame [map]
[controller_server-2] [WARN] [1757086066.344733243] [controller_server]: Unable to transform robot pose into global plan's frame
[controller_server-2] [WARN] [1757086066.344925479] [controller_server]: Control loop missed its desired rate of 10.0000Hz
[controller_server-2] [ERROR] [1757086066.445966436] [controller_server]: Exception in transformPose: Lookup would require extrapolation at time 1757086066.310138, but only time 1757086058.088947 is in the buffer, when looking up transform from frame [odom] to frame [map]
[controller_server-2] [WARN] [1757086066.446083519] [controller_server]: Unable to transform robot pose into global plan's frame
[controller_server-2] [ERROR] [1757086066.446126465] [controller_server]: Controller patience exceeded
[controller_server-2] [WARN] [1757086066.446207910] [controller_server]: [follow_path] [ActionServer] Aborting handle.
[controller_server-2] [INFO] [1757086066.446361130] [controller_server]: Received a goal, begin computing control effort.
[controller_server-2] [ERROR] [1757086066.548767661] [controller_server]: Exception in transformPose: Lookup would require extrapolation at time 1757086066.361551, but only time 1757086058.088947 is in the buffer, when looking up transform from frame [odom] to frame [map]
[controller_server-2] [WARN] [1757086066.548885617] [controller_server]: Unable to transform robot pose into global plan's frame
[controller_server-2] [WARN] [1757086066.549069635] [controller_server]: Control loop missed its desired rate of 10.0000Hz
[controller_server-2] [ERROR] [1757086066.650123935] [controller_server]: Exception in transformPose: Lookup would require extrapolation at time 1757086066.509653, but only time 1757086058.088947 is in the buffer, when looking up transform from frame [odom] to frame [map]
[controller_server-2] [WARN] [1757086066.650241397] [controller_server]: Unable to transform robot pose into global plan's frame
[controller_server-2] [WARN] [1757086066.650418797] [controller_server]: Control loop missed its desired rate of 10.0000Hz
[controller_server-2] [ERROR] [1757086066.753018498] [controller_server]: Exception in transformPose: Lookup would require extrapolation at time 1757086066.609714, but only time 1757086058.088947 is in the buffer, when looking up transform from frame [odom] to frame [map]
[controller_server-2] [WARN] [1757086066.753134306] [controller_server]: Unable to transform robot pose into global plan's frame
[controller_server-2] [WARN] [1757086066.753305962] [controller_server]: Control loop missed its desired rate of 10.0000Hz
[explore-10] [ERROR] [1757086066.756280180] [explore_node]: Extrapolation Error looking up robot pose: Lookup would require extrapolation at time 1757086066.451826, but only time 1757086058.088947 is in the buffer, when looking up transform from frame [base_link] to frame [map]
[explore-10] 
[controller_server-2] [ERROR] [1757086066.854899906] [controller_server]: Exception in transformPose: Lookup would require extrapolation at time 1757086066.709543, but only time 1757086058.088947 is in the buffer, when looking up transform from frame [odom] to frame [map]
[controller_server-2] [WARN] [1757086066.855024037] [controller_server]: Unable to transform robot pose into global plan's frame
[controller_server-2] [WARN] [1757086066.855209878] [controller_server]: Control loop missed its desired rate of 10.0000Hz
[controller_server-2] [ERROR] [1757086066.958607375] [controller_server]: Exception in transformPose: Lookup would require extrapolation at time 1757086066.759537, but only time 1757086058.088947 is in the buffer, when looking up transform from frame [odom] to frame [map]
[controller_server-2] [WARN] [1757086066.958740410] [controller_server]: Unable to transform robot pose into global plan's frame
[controller_server-2] [WARN] [1757086066.958928336] [controller_server]: Control loop missed its desired rate of 10.0000Hz
[controller_server-2] [ERROR] [1757086067.060989029] [controller_server]: Exception in transformPose: Lookup would require extrapolation at time 1757086066.759537, but only time 1757086058.088947 is in the buffer, when looking up transform from frame [odom] to frame [map]
[controller_server-2] [WARN] [1757086067.061137894] [controller_server]: Unable to transform robot pose into global plan's frame
[controller_server-2] [WARN] [1757086067.061404956] [controller_server]: Control loop missed its desired rate of 10.0000Hz
[controller_server-2] [ERROR] [1757086067.165122009] [controller_server]: Exception in transformPose: Lookup would require extrapolation at time 1757086066.759537, but only time 1757086058.088947 is in the buffer, when looking up transform from frame [odom] to frame [map]
[controller_server-2] [WARN] [1757086067.165258295] [controller_server]: Unable to transform robot pose into global plan's frame
[controller_server-2] [WARN] [1757086067.165482181] [controller_server]: Control loop missed its desired rate of 10.0000Hz
[controller_server-2] [ERROR] [1757086067.267639981] [controller_server]: Exception in transformPose: Lookup would require extrapolation at time 1757086066.759537, but only time 1757086058.088947 is in the buffer, when looking up transform from frame [odom] to frame [map]
[controller_server-2] [WARN] [1757086067.267782290] [controller_server]: Unable to transform robot pose into global plan's frame
[controller_server-2] [WARN] [1757086067.268075044] [controller_server]: Control loop missed its desired rate of 10.0000Hz
[controller_server-2] [ERROR] [1757086067.370859753] [controller_server]: Exception in transformPose: Lookup would require extrapolation at time 1757086067.209551, but only time 1757086058.088947 is in the buffer, when looking up transform from frame [odom] to frame [map]
[controller_server-2] [WARN] [1757086067.371069113] [controller_server]: Unable to transform robot pose into global plan's frame
[controller_server-2] [WARN] [1757086067.371283319] [controller_server]: Control loop missed its desired rate of 10.0000Hz
[controller_server-2] [ERROR] [1757086067.473321595] [controller_server]: Exception in transformPose: Lookup would require extrapolation at time 1757086067.309626, but only time 1757086058.088947 is in the buffer, when looking up transform from frame [odom] to frame [map]
[controller_server-2] [WARN] [1757086067.473464431] [controller_server]: Unable to transform robot pose into global plan's frame
[controller_server-2] [WARN] [1757086067.473740768] [controller_server]: Control loop missed its desired rate of 10.0000Hz
[controller_server-2] [INFO] [1757086067.473796194] [controller_server]: Passing new path to controller.
[controller_server-2] [ERROR] [1757086067.576976078] [controller_server]: Exception in transformPose: Lookup would require extrapolation at time 1757086067.459538, but only time 1757086058.088947 is in the buffer, when looking up transform from frame [odom] to frame [map]
[controller_server-2] [WARN] [1757086067.577097868] [controller_server]: Unable to transform robot pose into global plan's frame
[controller_server-2] [WARN] [1757086067.577285986] [controller_server]: Control loop missed its desired rate of 10.0000Hz
[controller_server-2] [ERROR] [1757086067.678552145] [controller_server]: Exception in transformPose: Lookup would require extrapolation at time 1757086067.561103, but only time 1757086058.088947 is in the buffer, when looking up transform from frame [odom] to frame [map]
[controller_server-2] [WARN] [1757086067.678674100] [controller_server]: Unable to transform robot pose into global plan's frame
[controller_server-2] [WARN] [1757086067.678862293] [controller_server]: Control loop missed its desired rate of 10.0000Hz
[controller_server-2] [ERROR] [1757086067.781583993] [controller_server]: Exception in transformPose: Lookup would require extrapolation at time 1757086067.659755, but only time 1757086058.088947 is in the buffer, when looking up transform from frame [odom] to frame [map]
[controller_server-2] [WARN] [1757086067.781703920] [controller_server]: Unable to transform robot pose into global plan's frame
[controller_server-2] [WARN] [1757086067.781899612] [controller_server]: Control loop missed its desired rate of 10.0000Hz
[controller_server-2] [ERROR] [1757086067.882983086] [controller_server]: Exception in transformPose: Lookup would require extrapolation at time 1757086067.759516, but only time 1757086058.088947 is in the buffer, when looking up transform from frame [odom] to frame [map]
[controller_server-2] [WARN] [1757086067.883096304] [controller_server]: Unable to transform robot pose into global plan's frame
[controller_server-2] [WARN] [1757086067.883289444] [controller_server]: Control loop missed its desired rate of 10.0000Hz
[controller_server-2] [ERROR] [1757086067.986125504] [controller_server]: Exception in transformPose: Lookup would require extrapolation at time 1757086067.859576, but only time 1757086058.088947 is in the buffer, when looking up transform from frame [odom] to frame [map]
[controller_server-2] [WARN] [1757086067.986237467] [controller_server]: Unable to transform robot pose into global plan's frame
[controller_server-2] [WARN] [1757086067.986411823] [controller_server]: Control loop missed its desired rate of 10.0000Hz
[explore-10] [ERROR] [1757086067.991551946] [explore_node]: Extrapolation Error looking up robot pose: Lookup would require extrapolation at time 1757086067.685395, but only time 1757086058.088947 is in the buffer, when looking up transform from frame [base_link] to frame [map]
[explore-10] 
[controller_server-2] [ERROR] [1757086068.088338665] [controller_server]: Exception in transformPose: Lookup would require extrapolation at time 1757086067.959568, but only time 1757086058.088947 is in the buffer, when looking up transform from frame [odom] to frame [map]
[controller_server-2] [WARN] [1757086068.088469032] [controller_server]: Unable to transform robot pose into global plan's frame
[controller_server-2] [WARN] [1757086068.088708638] [controller_server]: Control loop missed its desired rate of 10.0000Hz
[controller_server-2] [ERROR] [1757086068.192059570] [controller_server]: Exception in transformPose: Lookup would require extrapolation at time 1757086068.059506, but only time 1757086058.088947 is in the buffer, when looking up transform from frame [odom] to frame [map]
[controller_server-2] [WARN] [1757086068.192187734] [controller_server]: Unable to transform robot pose into global plan's frame
[controller_server-2] [WARN] [1757086068.192416181] [controller_server]: Control loop missed its desired rate of 10.0000Hz
[bt_navigator-6] [ERROR] [1757086068.270519718] [transformPoseInTargetFrame]: Extrapolation Error looking up target frame: Lookup would require extrapolation into the past.  Requested time 1757086058.088947 but the earliest data is at time 1757086058.259584, when looking up transform from frame [base_link] to frame [map]
[bt_navigator-6] 
[bt_navigator-6] [WARN] [1757086068.270756907] [BehaviorTreeEngine]: Behavior Tree tick rate 100.00 was exceeded!
[controller_server-2] [ERROR] [1757086068.294121416] [controller_server]: Exception in transformPose: Lookup would require extrapolation at time 1757086068.159570, but only time 1757086058.088947 is in the buffer, when looking up transform from frame [odom] to frame [map]
[controller_server-2] [WARN] [1757086068.294247131] [controller_server]: Unable to transform robot pose into global plan's frame
[controller_server-2] [WARN] [1757086068.294447221] [controller_server]: Control loop missed its desired rate of 10.0000Hz
[bt_navigator-6] [ERROR] [1757086068.372181938] [transformPoseInTargetFrame]: Extrapolation Error looking up target frame: Lookup would require extrapolation into the past.  Requested time 1757086058.088947 but the earliest data is at time 1757086058.359775, when looking up transform from frame [base_link] to frame [map]
[bt_navigator-6] 
[bt_navigator-6] [WARN] [1757086068.372395348] [BehaviorTreeEngine]: Behavior Tree tick rate 100.00 was exceeded!
[controller_server-2] [ERROR] [1757086068.397412064] [controller_server]: Exception in transformPose: Lookup would require extrapolation at time 1757086068.259536, but only time 1757086058.088947 is in the buffer, when looking up transform from frame [odom] to frame [map]
[controller_server-2] [WARN] [1757086068.397523983] [controller_server]: Unable to transform robot pose into global plan's frame
[controller_server-2] [WARN] [1757086068.397724465] [controller_server]: Control loop missed its desired rate of 10.0000Hz
[bt_navigator-6] [ERROR] [1757086068.473545706] [transformPoseInTargetFrame]: Extrapolation Error looking up target frame: Lookup would require extrapolation into the past.  Requested time 1757086058.088947 but the earliest data is at time 1757086058.359775, when looking up transform from frame [base_link] to frame [map]
[bt_navigator-6] 
[bt_navigator-6] [WARN] [1757086068.473732379] [BehaviorTreeEngine]: Behavior Tree tick rate 100.00 was exceeded!
[controller_server-2] [ERROR] [1757086068.500035895] [controller_server]: Exception in transformPose: Lookup would require extrapolation at time 1757086068.359592, but only time 1757086058.088947 is in the buffer, when looking up transform from frame [odom] to frame [map]
[controller_server-2] [WARN] [1757086068.500177953] [controller_server]: Unable to transform robot pose into global plan's frame
[controller_server-2] [ERROR] [1757086068.500245104] [controller_server]: Controller patience exceeded
[controller_server-2] [WARN] [1757086068.500364314] [controller_server]: [follow_path] [ActionServer] Aborting handle.
[bt_navigator-6] [ERROR] [1757086068.575714030] [transformPoseInTargetFrame]: Extrapolation Error looking up target frame: Lookup would require extrapolation into the past.  Requested time 1757086058.088947 but the earliest data is at time 1757086058.409706, when looking up transform from frame [base_link] to frame [map]
[bt_navigator-6] 
[bt_navigator-6] [WARN] [1757086068.575896915] [BehaviorTreeEngine]: Behavior Tree tick rate 100.00 was exceeded!
[bt_navigator-6] [ERROR] [1757086068.677073484] [transformPoseInTargetFrame]: Extrapolation Error looking up target frame: Lookup would require extrapolation into the past.  Requested time 1757086058.088947 but the earliest data is at time 1757086058.609901, when looking up transform from frame [base_link] to frame [map]
[bt_navigator-6] 
[bt_navigator-6] [WARN] [1757086068.677260419] [BehaviorTreeEngine]: Behavior Tree tick rate 100.00 was exceeded!
[bt_navigator-6] [ERROR] [1757086068.698369363] [bt_navigator_navigate_to_pose_rclcpp_node]: Failed to get result for compute_path_to_pose in node halt!
[behavior_server-5] [INFO] [1757086068.699345000] [behavior_server]: Running backup
[planner_server-4] [ERROR] [1757086068.778529710] [transformPoseInTargetFrame]: Extrapolation Error looking up target frame: Lookup would require extrapolation into the past.  Requested time 1757086058.088947 but the earliest data is at time 1757086058.659704, when looking up transform from frame [base_link] to frame [map]
[planner_server-4] 
[planner_server-4] [INFO] [1757086068.778632237] [planner_server]: [compute_path_to_pose] [ActionServer] Client requested to cancel the goal. Cancelling.
[bt_navigator-6] [ERROR] [1757086068.800843358] [transformPoseInTargetFrame]: Extrapolation Error looking up target frame: Lookup would require extrapolation into the past.  Requested time 1757086058.088947 but the earliest data is at time 1757086058.659704, when looking up transform from frame [base_link] to frame [map]
[bt_navigator-6] 
[behavior_server-5] [ERROR] [1757086068.800991106] [transformPoseInTargetFrame]: Extrapolation Error looking up target frame: Lookup would require extrapolation into the past.  Requested time 1757086058.088947 but the earliest data is at time 1757086058.659704, when looking up transform from frame [base_link] to frame [map]
[behavior_server-5] 
[behavior_server-5] [ERROR] [1757086068.801031953] [behavior_server]: Initial robot pose is not available.
[behavior_server-5] [INFO] [1757086068.801060075] [behavior_server]: Initial checks failed for backup
[behavior_server-5] [WARN] [1757086068.801081703] [behavior_server]: [backup] [ActionServer] Aborting handle.
[bt_navigator-6] [WARN] [1757086068.801019915] [BehaviorTreeEngine]: Behavior Tree tick rate 100.00 was exceeded!
[bt_navigator-6] [ERROR] [1757086068.902374328] [transformPoseInTargetFrame]: Extrapolation Error looking up target frame: Lookup would require extrapolation into the past.  Requested time 1757086058.088947 but the earliest data is at time 1757086058.709666, when looking up transform from frame [base_link] to frame [map]
[bt_navigator-6] 
[bt_navigator-6] [WARN] [1757086068.902544926] [BehaviorTreeEngine]: Behavior Tree tick rate 100.00 was exceeded!
[bt_navigator-6] [ERROR] [1757086069.004100093] [transformPoseInTargetFrame]: Extrapolation Error looking up target frame: Lookup would require extrapolation into the past.  Requested time 1757086058.088947 but the earliest data is at time 1757086058.959514, when looking up transform from frame [base_link] to frame [map]
[bt_navigator-6] 
[bt_navigator-6] [WARN] [1757086069.004358113] [BehaviorTreeEngine]: Behavior Tree tick rate 100.00 was exceeded!
[controller_server-2] [INFO] [1757086069.004782089] [local_costmap.local_costmap]: Received request to clear entirely the local_costmap
[planner_server-4] [INFO] [1757086069.005963907] [global_costmap.global_costmap]: Received request to clear entirely the global_costmap
[bt_navigator-6] [ERROR] [1757086069.109120853] [transformPoseInTargetFrame]: Extrapolation Error looking up target frame: Lookup would require extrapolation into the past.  Requested time 1757086058.088947 but the earliest data is at time 1757086059.059698, when looking up transform from frame [base_link] to frame [map]
[bt_navigator-6] 
[bt_navigator-6] [WARN] [1757086069.109349185] [BehaviorTreeEngine]: Behavior Tree tick rate 100.00 was exceeded!
[bt_navigator-6] [ERROR] [1757086069.210955683] [transformPoseInTargetFrame]: Extrapolation Error looking up target frame: Lookup would require extrapolation into the past.  Requested time 1757086058.088947 but the earliest data is at time 1757086059.109528, when looking up transform from frame [base_link] to frame [map]
[bt_navigator-6] 
[bt_navigator-6] [WARN] [1757086069.211210762] [BehaviorTreeEngine]: Behavior Tree tick rate 100.00 was exceeded!
[explore-10] [ERROR] [1757086069.224657115] [explore_node]: Extrapolation Error looking up robot pose: Lookup would require extrapolation at time 1757086068.921125, but only time 1757086058.088947 is in the buffer, when looking up transform from frame [base_link] to frame [map]
[explore-10] 
[bt_navigator-6] [ERROR] [1757086069.312734554] [transformPoseInTargetFrame]: Extrapolation Error looking up target frame: Lookup would require extrapolation into the past.  Requested time 1757086058.088947 but the earliest data is at time 1757086059.209557, when looking up transform from frame [base_link] to frame [map]
[bt_navigator-6] 
[bt_navigator-6] [WARN] [1757086069.313064216] [BehaviorTreeEngine]: Behavior Tree tick rate 100.00 was exceeded!
[bt_navigator-6] [ERROR] [1757086069.414677819] [transformPoseInTargetFrame]: Extrapolation Error looking up target frame: Lookup would require extrapolation into the past.  Requested time 1757086058.088947 but the earliest data is at time 1757086059.359500, when looking up transform from frame [base_link] to frame [map]
[bt_navigator-6] 
[bt_navigator-6] [WARN] [1757086069.414889324] [BehaviorTreeEngine]: Behavior Tree tick rate 100.00 was exceeded!
[planner_server-4] [ERROR] [1757086069.463070556] [transformPoseInTargetFrame]: Extrapolation Error looking up target frame: Lookup would require extrapolation into the past.  Requested time 1757086058.088947 but the earliest data is at time 1757086059.359500, when looking up transform from frame [base_link] to frame [map]
[planner_server-4] 
[bt_navigator-6] [ERROR] [1757086069.516406161] [transformPoseInTargetFrame]: Extrapolation Error looking up target frame: Lookup would require extrapolation into the past.  Requested time 1757086058.088947 but the earliest data is at time 1757086059.459501, when looking up transform from frame [base_link] to frame [map]
[bt_navigator-6] 
[bt_navigator-6] [WARN] [1757086069.516647982] [BehaviorTreeEngine]: Behavior Tree tick rate 100.00 was exceeded!
[bt_navigator-6] [ERROR] [1757086069.618139613] [transformPoseInTargetFrame]: Extrapolation Error looking up target frame: Lookup would require extrapolation into the past.  Requested time 1757086058.088947 but the earliest data is at time 1757086059.559549, when looking up transform from frame [base_link] to frame [map]
[bt_navigator-6] 
[bt_navigator-6] [WARN] [1757086069.618441382] [BehaviorTreeEngine]: Behavior Tree tick rate 100.00 was exceeded!
[bt_navigator-6] [ERROR] [1757086069.720004261] [transformPoseInTargetFrame]: Extrapolation Error looking up target frame: Lookup would require extrapolation into the past.  Requested time 1757086058.088947 but the earliest data is at time 1757086059.559549, when looking up transform from frame [base_link] to frame [map]
[bt_navigator-6] 
[bt_navigator-6] [WARN] [1757086069.720236436] [BehaviorTreeEngine]: Behavior Tree tick rate 100.00 was exceeded!
[bt_navigator-6] [ERROR] [1757086069.822251618] [transformPoseInTargetFrame]: Extrapolation Error looking up target frame: Lookup would require extrapolation into the past.  Requested time 1757086058.088947 but the earliest data is at time 1757086059.559549, when looking up transform from frame [base_link] to frame [map]
[bt_navigator-6] 
[bt_navigator-6] [WARN] [1757086069.822469343] [BehaviorTreeEngine]: Behavior Tree tick rate 100.00 was exceeded!
[bt_navigator-6] [ERROR] [1757086069.924466730] [transformPoseInTargetFrame]: Extrapolation Error looking up target frame: Lookup would require extrapolation into the past.  Requested time 1757086058.088947 but the earliest data is at time 1757086059.559549, when looking up transform from frame [base_link] to frame [map]
[bt_navigator-6] 
[bt_navigator-6] [WARN] [1757086069.924626494] [BehaviorTreeEngine]: Behavior Tree tick rate 100.00 was exceeded!
[bt_navigator-6] [ERROR] [1757086070.026316885] [transformPoseInTargetFrame]: Extrapolation Error looking up target frame: Lookup would require extrapolation into the past.  Requested time 1757086058.088947 but the earliest data is at time 1757086059.559549, when looking up transform from frame [base_link] to frame [map]
[bt_navigator-6] 
[bt_navigator-6] [WARN] [1757086070.026552586] [BehaviorTreeEngine]: Behavior Tree tick rate 100.00 was exceeded!
[bt_navigator-6] [ERROR] [1757086070.128637462] [transformPoseInTargetFrame]: Extrapolation Error looking up target frame: Lookup would require extrapolation into the past.  Requested time 1757086058.088947 but the earliest data is at time 1757086059.559549, when looking up transform from frame [base_link] to frame [map]
[bt_navigator-6] 
[bt_navigator-6] [WARN] [1757086070.128879210] [BehaviorTreeEngine]: Behavior Tree tick rate 100.00 was exceeded!
[bt_navigator-6] [ERROR] [1757086070.230854369] [transformPoseInTargetFrame]: Extrapolation Error looking up target frame: Lookup would require extrapolation into the past.  Requested time 1757086058.088947 but the earliest data is at time 1757086059.559549, when looking up transform from frame [base_link] to frame [map]
[bt_navigator-6] 
[bt_navigator-6] [WARN] [1757086070.231110482] [BehaviorTreeEngine]: Behavior Tree tick rate 100.00 was exceeded!
[bt_navigator-6] [ERROR] [1757086070.332811464] [transformPoseInTargetFrame]: Extrapolation Error looking up target frame: Lookup would require extrapolation into the past.  Requested time 1757086058.088947 but the earliest data is at time 1757086060.209517, when looking up transform from frame [base_link] to frame [map]
[bt_navigator-6] 
[bt_navigator-6] [WARN] [1757086070.333060585] [BehaviorTreeEngine]: Behavior Tree tick rate 100.00 was exceeded!
[bt_navigator-6] [ERROR] [1757086070.434792582] [transformPoseInTargetFrame]: Extrapolation Error looking up target frame: Lookup would require extrapolation into the past.  Requested time 1757086058.088947 but the earliest data is at time 1757086060.309547, when looking up transform from frame [base_link] to frame [map]
[bt_navigator-6] 
[bt_navigator-6] [WARN] [1757086070.435025385] [BehaviorTreeEngine]: Behavior Tree tick rate 100.00 was exceeded!
[explore-10] [ERROR] [1757086070.458283297] [explore_node]: Extrapolation Error looking up robot pose: Lookup would require extrapolation at time 1757086070.154696, but only time 1757086058.088947 is in the buffer, when looking up transform from frame [base_link] to frame [map]
[explore-10] 
[planner_server-4] [ERROR] [1757086070.462602568] [transformPoseInTargetFrame]: Extrapolation Error looking up target frame: Lookup would require extrapolation into the past.  Requested time 1757086058.088947 but the earliest data is at time 1757086060.359548, when looking up transform from frame [base_link] to frame [map]
[planner_server-4] 
[bt_navigator-6] [ERROR] [1757086070.536416903] [transformPoseInTargetFrame]: Extrapolation Error looking up target frame: Lookup would require extrapolation into the past.  Requested time 1757086058.088947 but the earliest data is at time 1757086060.459548, when looking up transform from frame [base_link] to frame [map]
[bt_navigator-6] 
[bt_navigator-6] [WARN] [1757086070.536523620] [BehaviorTreeEngine]: Behavior Tree tick rate 100.00 was exceeded!
[bt_navigator-6] [ERROR] [1757086070.637838689] [transformPoseInTargetFrame]: Extrapolation Error looking up target frame: Lookup would require extrapolation into the past.  Requested time 1757086058.088947 but the earliest data is at time 1757086060.559733, when looking up transform from frame [base_link] to frame [map]
[bt_navigator-6] 
[bt_navigator-6] [WARN] [1757086070.638052144] [BehaviorTreeEngine]: Behavior Tree tick rate 100.00 was exceeded!
[bt_navigator-6] [ERROR] [1757086070.739482724] [transformPoseInTargetFrame]: Extrapolation Error looking up target frame: Lookup would require extrapolation into the past.  Requested time 1757086058.088947 but the earliest data is at time 1757086060.659678, when looking up transform from frame [base_link] to frame [map]
[bt_navigator-6] 
[bt_navigator-6] [WARN] [1757086070.739647464] [BehaviorTreeEngine]: Behavior Tree tick rate 100.00 was exceeded!
[bt_navigator-6] [ERROR] [1757086070.840763403] [transformPoseInTargetFrame]: Extrapolation Error looking up target frame: Lookup would require extrapolation into the past.  Requested time 1757086058.088947 but the earliest data is at time 1757086060.809627, when looking up transform from frame [base_link] to frame [map]
[bt_navigator-6] 
[bt_navigator-6] [WARN] [1757086070.840964179] [BehaviorTreeEngine]: Behavior Tree tick rate 100.00 was exceeded!
[bt_navigator-6] [ERROR] [1757086070.942242445] [transformPoseInTargetFrame]: Extrapolation Error looking up target frame: Lookup would require extrapolation into the past.  Requested time 1757086058.088947 but the earliest data is at time 1757086060.809627, when looking up transform from frame [base_link] to frame [map]
[bt_navigator-6] 
[bt_navigator-6] [WARN] [1757086070.942437613] [BehaviorTreeEngine]: Behavior Tree tick rate 100.00 was exceeded!
[bt_navigator-6] [ERROR] [1757086071.044177419] [transformPoseInTargetFrame]: Extrapolation Error looking up target frame: Lookup would require extrapolation into the past.  Requested time 1757086058.088947 but the earliest data is at time 1757086060.962475, when looking up transform from frame [base_link] to frame [map]
[bt_navigator-6] 
[bt_navigator-6] [WARN] [1757086071.044417863] [BehaviorTreeEngine]: Behavior Tree tick rate 100.00 was exceeded!
[bt_navigator-6] [ERROR] [1757086071.145933042] [transformPoseInTargetFrame]: Extrapolation Error looking up target frame: Lookup would require extrapolation into the past.  Requested time 1757086058.088947 but the earliest data is at time 1757086061.059664, when looking up transform from frame [base_link] to frame [map]
[bt_navigator-6] 
[bt_navigator-6] [WARN] [1757086071.146158730] [BehaviorTreeEngine]: Behavior Tree tick rate 100.00 was exceeded!
[bt_navigator-6] [ERROR] [1757086071.248311335] [transformPoseInTargetFrame]: Extrapolation Error looking up target frame: Lookup would require extrapolation into the past.  Requested time 1757086058.088947 but the earliest data is at time 1757086061.163885, when looking up transform from frame [base_link] to frame [map]
[bt_navigator-6] 
[bt_navigator-6] [WARN] [1757086071.248505925] [BehaviorTreeEngine]: Behavior Tree tick rate 100.00 was exceeded!
[bt_navigator-6] [ERROR] [1757086071.350886693] [transformPoseInTargetFrame]: Extrapolation Error looking up target frame: Lookup would require extrapolation into the past.  Requested time 1757086058.088947 but the earliest data is at time 1757086061.259541, when looking up transform from frame [base_link] to frame [map]
[bt_navigator-6] 
[bt_navigator-6] [WARN] [1757086071.351098199] [BehaviorTreeEngine]: Behavior Tree tick rate 100.00 was exceeded!
[bt_navigator-6] [ERROR] [1757086071.452316316] [transformPoseInTargetFrame]: Extrapolation Error looking up target frame: Lookup would require extrapolation into the past.  Requested time 1757086058.088947 but the earliest data is at time 1757086061.359636, when looking up transform from frame [base_link] to frame [map]
[bt_navigator-6] 
[bt_navigator-6] [WARN] [1757086071.452505689] [BehaviorTreeEngine]: Behavior Tree tick rate 100.00 was exceeded!
[planner_server-4] [ERROR] [1757086071.464203495] [transformPoseInTargetFrame]: Extrapolation Error looking up target frame: Lookup would require extrapolation into the past.  Requested time 1757086058.088947 but the earliest data is at time 1757086061.359636, when looking up transform from frame [base_link] to frame [map]
[planner_server-4] 
[bt_navigator-6] [ERROR] [1757086071.553630646] [transformPoseInTargetFrame]: Extrapolation Error looking up target frame: Lookup would require extrapolation into the past.  Requested time 1757086058.088947 but the earliest data is at time 1757086061.509487, when looking up transform from frame [base_link] to frame [map]
[bt_navigator-6] 
[bt_navigator-6] [WARN] [1757086071.553813694] [BehaviorTreeEngine]: Behavior Tree tick rate 100.00 was exceeded!
[bt_navigator-6] [ERROR] [1757086071.654780531] [transformPoseInTargetFrame]: Extrapolation Error looking up target frame: Lookup would require extrapolation into the past.  Requested time 1757086058.088947 but the earliest data is at time 1757086061.559522, when looking up transform from frame [base_link] to frame [map]
[bt_navigator-6] 
[bt_navigator-6] [WARN] [1757086071.654909358] [BehaviorTreeEngine]: Behavior Tree tick rate 100.00 was exceeded!
[explore-10] [ERROR] [1757086071.686233606] [explore_node]: Extrapolation Error looking up robot pose: Lookup would require extrapolation at time 1757086071.383372, but only time 1757086058.088947 is in the buffer, when looking up transform from frame [base_link] to frame [map]
[explore-10] 
[bt_navigator-6] [ERROR] [1757086071.756345407] [transformPoseInTargetFrame]: Extrapolation Error looking up target frame: Lookup would require extrapolation into the past.  Requested time 1757086058.088947 but the earliest data is at time 1757086061.659563, when looking up transform from frame [base_link] to frame [map]
[bt_navigator-6] 
[bt_navigator-6] [WARN] [1757086071.756533622] [BehaviorTreeEngine]: Behavior Tree tick rate 100.00 was exceeded!
[bt_navigator-6] [ERROR] [1757086071.858431212] [transformPoseInTargetFrame]: Extrapolation Error looking up target frame: Lookup would require extrapolation into the past.  Requested time 1757086058.088947 but the earliest data is at time 1757086061.809566, when looking up transform from frame [base_link] to frame [map]
[bt_navigator-6] 
[bt_navigator-6] [WARN] [1757086071.858743608] [BehaviorTreeEngine]: Behavior Tree tick rate 100.00 was exceeded!
[bt_navigator-6] [ERROR] [1757086071.959850093] [transformPoseInTargetFrame]: Extrapolation Error looking up target frame: Lookup would require extrapolation into the past.  Requested time 1757086058.088947 but the earliest data is at time 1757086061.859554, when looking up transform from frame [base_link] to frame [map]
[bt_navigator-6] 
[bt_navigator-6] [WARN] [1757086071.959921628] [BehaviorTreeEngine]: Behavior Tree tick rate 100.00 was exceeded!
[bt_navigator-6] [ERROR] [1757086072.060841019] [transformPoseInTargetFrame]: Extrapolation Error looking up target frame: Lookup would require extrapolation into the past.  Requested time 1757086058.088947 but the earliest data is at time 1757086062.009536, when looking up transform from frame [base_link] to frame [map]
[bt_navigator-6] 
[bt_navigator-6] [WARN] [1757086072.060978036] [BehaviorTreeEngine]: Behavior Tree tick rate 100.00 was exceeded!
[bt_navigator-6] [ERROR] [1757086072.162466341] [transformPoseInTargetFrame]: Extrapolation Error looking up target frame: Lookup would require extrapolation into the past.  Requested time 1757086058.088947 but the earliest data is at time 1757086062.109536, when looking up transform from frame [base_link] to frame [map]
[bt_navigator-6] 
[bt_navigator-6] [WARN] [1757086072.162705408] [BehaviorTreeEngine]: Behavior Tree tick rate 100.00 was exceeded!
[bt_navigator-6] [ERROR] [1757086072.264408028] [transformPoseInTargetFrame]: Extrapolation Error looking up target frame: Lookup would require extrapolation into the past.  Requested time 1757086058.088947 but the earliest data is at time 1757086062.209552, when looking up transform from frame [base_link] to frame [map]
[bt_navigator-6] 
[bt_navigator-6] [WARN] [1757086072.264629451] [BehaviorTreeEngine]: Behavior Tree tick rate 100.00 was exceeded!
[bt_navigator-6] [ERROR] [1757086072.366308732] [transformPoseInTargetFrame]: Extrapolation Error looking up target frame: Lookup would require extrapolation into the past.  Requested time 1757086058.088947 but the earliest data is at time 1757086062.209552, when looking up transform from frame [base_link] to frame [map]
[bt_navigator-6] 
[bt_navigator-6] [WARN] [1757086072.366559955] [BehaviorTreeEngine]: Behavior Tree tick rate 100.00 was exceeded!
[planner_server-4] [ERROR] [1757086072.463546412] [transformPoseInTargetFrame]: Extrapolation Error looking up target frame: Lookup would require extrapolation into the past.  Requested time 1757086058.088947 but the earliest data is at time 1757086062.409485, when looking up transform from frame [base_link] to frame [map]
[planner_server-4] 
[bt_navigator-6] [ERROR] [1757086072.468570201] [transformPoseInTargetFrame]: Extrapolation Error looking up target frame: Lookup would require extrapolation into the past.  Requested time 1757086058.088947 but the earliest data is at time 1757086062.459647, when looking up transform from frame [base_link] to frame [map]
[bt_navigator-6] 
[bt_navigator-6] [WARN] [1757086072.468804139] [BehaviorTreeEngine]: Behavior Tree tick rate 100.00 was exceeded!
[bt_navigator-6] [ERROR] [1757086072.570725957] [transformPoseInTargetFrame]: Extrapolation Error looking up target frame: Lookup would require extrapolation into the past.  Requested time 1757086058.088947 but the earliest data is at time 1757086062.459647, when looking up transform from frame [base_link] to frame [map]
[bt_navigator-6] 
[bt_navigator-6] [WARN] [1757086072.570937803] [BehaviorTreeEngine]: Behavior Tree tick rate 100.00 was exceeded!
[bt_navigator-6] [ERROR] [1757086072.672684269] [transformPoseInTargetFrame]: Extrapolation Error looking up target frame: Lookup would require extrapolation into the past.  Requested time 1757086058.088947 but the earliest data is at time 1757086062.659513, when looking up transform from frame [base_link] to frame [map]
[bt_navigator-6] 
[bt_navigator-6] [WARN] [1757086072.672870163] [BehaviorTreeEngine]: Behavior Tree tick rate 100.00 was exceeded!
[bt_navigator-6] [ERROR] [1757086072.774227619] [transformPoseInTargetFrame]: Extrapolation Error looking up target frame: Lookup would require extrapolation into the past.  Requested time 1757086058.088947 but the earliest data is at time 1757086062.709539, when looking up transform from frame [base_link] to frame [map]
[bt_navigator-6] 
[bt_navigator-6] [WARN] [1757086072.774437836] [BehaviorTreeEngine]: Behavior Tree tick rate 100.00 was exceeded!
[bt_navigator-6] [ERROR] [1757086072.876237240] [transformPoseInTargetFrame]: Extrapolation Error looking up target frame: Lookup would require extrapolation into the past.  Requested time 1757086058.088947 but the earliest data is at time 1757086062.859501, when looking up transform from frame [base_link] to frame [map]
[bt_navigator-6] 
[bt_navigator-6] [WARN] [1757086072.876448350] [BehaviorTreeEngine]: Behavior Tree tick rate 100.00 was exceeded!
[explore-10] [ERROR] [1757086072.913151327] [explore_node]: Extrapolation Error looking up robot pose: Lookup would require extrapolation at time 1757086072.609275, but only time 1757086058.088947 is in the buffer, when looking up transform from frame [base_link] to frame [map]
[explore-10] 
[bt_navigator-6] [ERROR] [1757086072.978485879] [transformPoseInTargetFrame]: Extrapolation Error looking up target frame: Lookup would require extrapolation into the past.  Requested time 1757086058.088947 but the earliest data is at time 1757086062.959522, when looking up transform from frame [base_link] to frame [map]
[bt_navigator-6] 
[bt_navigator-6] [WARN] [1757086072.978683981] [BehaviorTreeEngine]: Behavior Tree tick rate 100.00 was exceeded!
[bt_navigator-6] [ERROR] [1757086073.080111315] [transformPoseInTargetFrame]: Extrapolation Error looking up target frame: Lookup would require extrapolation into the past.  Requested time 1757086058.088947 but the earliest data is at time 1757086063.009506, when looking up transform from frame [base_link] to frame [map]
[bt_navigator-6] 
[bt_navigator-6] [WARN] [1757086073.080360012] [BehaviorTreeEngine]: Behavior Tree tick rate 100.00 was exceeded!
[bt_navigator-6] [ERROR] [1757086073.183037010] [transformPoseInTargetFrame]: Extrapolation Error looking up target frame: Lookup would require extrapolation into the past.  Requested time 1757086058.088947 but the earliest data is at time 1757086063.109808, when looking up transform from frame [base_link] to frame [map]
[bt_navigator-6] 
[bt_navigator-6] [WARN] [1757086073.183274706] [BehaviorTreeEngine]: Behavior Tree tick rate 100.00 was exceeded!
[bt_navigator-6] [ERROR] [1757086073.285102521] [transformPoseInTargetFrame]: Extrapolation Error looking up target frame: Lookup would require extrapolation into the past.  Requested time 1757086058.088947 but the earliest data is at time 1757086063.259511, when looking up transform from frame [base_link] to frame [map]
[bt_navigator-6] 
[bt_navigator-6] [WARN] [1757086073.285298093] [BehaviorTreeEngine]: Behavior Tree tick rate 100.00 was exceeded!
[bt_navigator-6] [ERROR] [1757086073.386798920] [transformPoseInTargetFrame]: Extrapolation Error looking up target frame: Lookup would require extrapolation into the past.  Requested time 1757086058.088947 but the earliest data is at time 1757086063.309545, when looking up transform from frame [base_link] to frame [map]
[bt_navigator-6] 
[bt_navigator-6] [WARN] [1757086073.386988372] [BehaviorTreeEngine]: Behavior Tree tick rate 100.00 was exceeded!
[planner_server-4] [ERROR] [1757086073.462328414] [transformPoseInTargetFrame]: Extrapolation Error looking up target frame: Lookup would require extrapolation into the past.  Requested time 1757086058.088947 but the earliest data is at time 1757086063.359626, when looking up transform from frame [base_link] to frame [map]
[planner_server-4] 
[bt_navigator-6] [ERROR] [1757086073.488452674] [transformPoseInTargetFrame]: Extrapolation Error looking up target frame: Lookup would require extrapolation into the past.  Requested time 1757086058.088947 but the earliest data is at time 1757086063.459551, when looking up transform from frame [base_link] to frame [map]
[bt_navigator-6] 
[bt_navigator-6] [WARN] [1757086073.488626848] [BehaviorTreeEngine]: Behavior Tree tick rate 100.00 was exceeded!
[bt_navigator-6] [ERROR] [1757086073.589800028] [transformPoseInTargetFrame]: Extrapolation Error looking up target frame: Lookup would require extrapolation into the past.  Requested time 1757086058.088947 but the earliest data is at time 1757086063.559662, when looking up transform from frame [base_link] to frame [map]
[bt_navigator-6] 
[bt_navigator-6] [WARN] [1757086073.590000908] [BehaviorTreeEngine]: Behavior Tree tick rate 100.00 was exceeded!
[bt_navigator-6] [ERROR] [1757086073.691469465] [transformPoseInTargetFrame]: Extrapolation Error looking up target frame: Lookup would require extrapolation into the past.  Requested time 1757086058.088947 but the earliest data is at time 1757086063.559662, when looking up transform from frame [base_link] to frame [map]
[bt_navigator-6] 
[bt_navigator-6] [WARN] [1757086073.691652657] [BehaviorTreeEngine]: Behavior Tree tick rate 100.00 was exceeded!
[bt_navigator-6] [ERROR] [1757086073.792914313] [transformPoseInTargetFrame]: Extrapolation Error looking up target frame: Lookup would require extrapolation into the past.  Requested time 1757086058.088947 but the earliest data is at time 1757086063.661550, when looking up transform from frame [base_link] to frame [map]
[bt_navigator-6] 
[bt_navigator-6] [WARN] [1757086073.793127624] [BehaviorTreeEngine]: Behavior Tree tick rate 100.00 was exceeded!
[bt_navigator-6] [ERROR] [1757086073.894519339] [transformPoseInTargetFrame]: Extrapolation Error looking up target frame: Lookup would require extrapolation into the past.  Requested time 1757086058.088947 but the earliest data is at time 1757086063.859595, when looking up transform from frame [base_link] to frame [map]
[bt_navigator-6] 
[bt_navigator-6] [WARN] [1757086073.894657717] [BehaviorTreeEngine]: Behavior Tree tick rate 100.00 was exceeded!
[bt_navigator-6] [ERROR] [1757086073.996221326] [transformPoseInTargetFrame]: Extrapolation Error looking up target frame: Lookup would require extrapolation into the past.  Requested time 1757086058.088947 but the earliest data is at time 1757086063.959529, when looking up transform from frame [base_link] to frame [map]
[bt_navigator-6] 
[bt_navigator-6] [WARN] [1757086073.996367034] [BehaviorTreeEngine]: Behavior Tree tick rate 100.00 was exceeded!
[bt_navigator-6] [ERROR] [1757086074.097539118] [transformPoseInTargetFrame]: Extrapolation Error looking up target frame: Lookup would require extrapolation into the past.  Requested time 1757086058.088947 but the earliest data is at time 1757086064.059552, when looking up transform from frame [base_link] to frame [map]
[bt_navigator-6] 
[bt_navigator-6] [WARN] [1757086074.097790190] [BehaviorTreeEngine]: Behavior Tree tick rate 100.00 was exceeded!
[explore-10] [ERROR] [1757086074.148433688] [explore_node]: Extrapolation Error looking up robot pose: Lookup would require extrapolation at time 1757086073.843355, but only time 1757086058.088947 is in the buffer, when looking up transform from frame [base_link] to frame [map]
[explore-10] 
[bt_navigator-6] [ERROR] [1757086074.199075548] [transformPoseInTargetFrame]: Extrapolation Error looking up target frame: Lookup would require extrapolation into the past.  Requested time 1757086058.088947 but the earliest data is at time 1757086064.159523, when looking up transform from frame [base_link] to frame [map]
[bt_navigator-6] 
[bt_navigator-6] [WARN] [1757086074.199282214] [BehaviorTreeEngine]: Behavior Tree tick rate 100.00 was exceeded!
[bt_navigator-6] [ERROR] [1757086074.300537438] [transformPoseInTargetFrame]: Extrapolation Error looking up target frame: Lookup would require extrapolation into the past.  Requested time 1757086058.088947 but the earliest data is at time 1757086064.259505, when looking up transform from frame [base_link] to frame [map]
[bt_navigator-6] 
[bt_navigator-6] [WARN] [1757086074.300727304] [BehaviorTreeEngine]: Behavior Tree tick rate 100.00 was exceeded!
[bt_navigator-6] [ERROR] [1757086074.401779352] [transformPoseInTargetFrame]: Extrapolation Error looking up target frame: Lookup would require extrapolation into the past.  Requested time 1757086058.088947 but the earliest data is at time 1757086064.359527, when looking up transform from frame [base_link] to frame [map]
[bt_navigator-6] 
[bt_navigator-6] [WARN] [1757086074.401961939] [BehaviorTreeEngine]: Behavior Tree tick rate 100.00 was exceeded!
[planner_server-4] [ERROR] [1757086074.463605833] [transformPoseInTargetFrame]: Extrapolation Error looking up target frame: Lookup would require extrapolation into the past.  Requested time 1757086058.088947 but the earliest data is at time 1757086064.409502, when looking up transform from frame [base_link] to frame [map]
[planner_server-4] 
[bt_navigator-6] [ERROR] [1757086074.503125709] [transformPoseInTargetFrame]: Extrapolation Error looking up target frame: Lookup would require extrapolation into the past.  Requested time 1757086058.088947 but the earliest data is at time 1757086064.459504, when looking up transform from frame [base_link] to frame [map]
[bt_navigator-6] 
[bt_navigator-6] [WARN] [1757086074.503347961] [BehaviorTreeEngine]: Behavior Tree tick rate 100.00 was exceeded!
[bt_navigator-6] [ERROR] [1757086074.604108982] [transformPoseInTargetFrame]: Extrapolation Error looking up target frame: Lookup would require extrapolation into the past.  Requested time 1757086058.088947 but the earliest data is at time 1757086064.509520, when looking up transform from frame [base_link] to frame [map]
[bt_navigator-6] 
[bt_navigator-6] [WARN] [1757086074.604172218] [BehaviorTreeEngine]: Behavior Tree tick rate 100.00 was exceeded!
[bt_navigator-6] [ERROR] [1757086074.704877531] [transformPoseInTargetFrame]: Extrapolation Error looking up target frame: Lookup would require extrapolation into the past.  Requested time 1757086058.088947 but the earliest data is at time 1757086064.659526, when looking up transform from frame [base_link] to frame [map]
[bt_navigator-6] 
[bt_navigator-6] [WARN] [1757086074.704967553] [BehaviorTreeEngine]: Behavior Tree tick rate 100.00 was exceeded!
[bt_navigator-6] [ERROR] [1757086074.805636832] [transformPoseInTargetFrame]: Extrapolation Error looking up target frame: Lookup would require extrapolation into the past.  Requested time 1757086058.088947 but the earliest data is at time 1757086064.759493, when looking up transform from frame [base_link] to frame [map]
[bt_navigator-6] 
[bt_navigator-6] [WARN] [1757086074.805704261] [BehaviorTreeEngine]: Behavior Tree tick rate 100.00 was exceeded!
[bt_navigator-6] [ERROR] [1757086074.906358940] [transformPoseInTargetFrame]: Extrapolation Error looking up target frame: Lookup would require extrapolation into the past.  Requested time 1757086058.088947 but the earliest data is at time 1757086064.809502, when looking up transform from frame [base_link] to frame [map]
[bt_navigator-6] 
[bt_navigator-6] [WARN] [1757086074.906405235] [BehaviorTreeEngine]: Behavior Tree tick rate 100.00 was exceeded!
[bt_navigator-6] [ERROR] [1757086075.007091281] [transformPoseInTargetFrame]: Extrapolation Error looking up target frame: Lookup would require extrapolation into the past.  Requested time 1757086058.088947 but the earliest data is at time 1757086064.960087, when looking up transform from frame [base_link] to frame [map]
[bt_navigator-6] 
[bt_navigator-6] [WARN] [1757086075.007138802] [BehaviorTreeEngine]: Behavior Tree tick rate 100.00 was exceeded!
[bt_navigator-6] [ERROR] [1757086075.107815790] [transformPoseInTargetFrame]: Extrapolation Error looking up target frame: Lookup would require extrapolation into the past.  Requested time 1757086058.088947 but the earliest data is at time 1757086065.009512, when looking up transform from frame [base_link] to frame [map]
[bt_navigator-6] 
[bt_navigator-6] [WARN] [1757086075.107884098] [BehaviorTreeEngine]: Behavior Tree tick rate 100.00 was exceeded!
[bt_navigator-6] [ERROR] [1757086075.208842735] [transformPoseInTargetFrame]: Extrapolation Error looking up target frame: Lookup would require extrapolation into the past.  Requested time 1757086058.088947 but the earliest data is at time 1757086065.161741, when looking up transform from frame [base_link] to frame [map]
[bt_navigator-6] 
[bt_navigator-6] [WARN] [1757086075.208915993] [BehaviorTreeEngine]: Behavior Tree tick rate 100.00 was exceeded!
[bt_navigator-6] [ERROR] [1757086075.310195359] [transformPoseInTargetFrame]: Extrapolation Error looking up target frame: Lookup would require extrapolation into the past.  Requested time 1757086058.088947 but the earliest data is at time 1757086065.259511, when looking up transform from frame [base_link] to frame [map]
[bt_navigator-6] 
[bt_navigator-6] [WARN] [1757086075.310459512] [BehaviorTreeEngine]: Behavior Tree tick rate 100.00 was exceeded!
[explore-10] [ERROR] [1757086075.367582252] [explore_node]: Extrapolation Error looking up robot pose: Lookup would require extrapolation at time 1757086075.065249, but only time 1757086058.088947 is in the buffer, when looking up transform from frame [base_link] to frame [map]
[explore-10] 
[bt_navigator-6] [ERROR] [1757086075.412888483] [transformPoseInTargetFrame]: Extrapolation Error looking up target frame: Lookup would require extrapolation into the past.  Requested time 1757086058.088947 but the earliest data is at time 1757086065.320631, when looking up transform from frame [base_link] to frame [map]
[bt_navigator-6] 
[bt_navigator-6] [WARN] [1757086075.413142140] [BehaviorTreeEngine]: Behavior Tree tick rate 100.00 was exceeded!
[planner_server-4] [ERROR] [1757086075.462521788] [transformPoseInTargetFrame]: Extrapolation Error looking up target frame: Lookup would require extrapolation into the past.  Requested time 1757086058.088947 but the earliest data is at time 1757086065.409503, when looking up transform from frame [base_link] to frame [map]
[planner_server-4] 
[bt_navigator-6] [ERROR] [1757086075.514607011] [transformPoseInTargetFrame]: Extrapolation Error looking up target frame: Lookup would require extrapolation into the past.  Requested time 1757086058.088947 but the earliest data is at time 1757086065.459530, when looking up transform from frame [base_link] to frame [map]
[bt_navigator-6] 
[bt_navigator-6] [WARN] [1757086075.514920221] [BehaviorTreeEngine]: Behavior Tree tick rate 100.00 was exceeded!
[bt_navigator-6] [ERROR] [1757086075.616404820] [transformPoseInTargetFrame]: Extrapolation Error looking up target frame: Lookup would require extrapolation into the past.  Requested time 1757086058.088947 but the earliest data is at time 1757086065.509700, when looking up transform from frame [base_link] to frame [map]
[bt_navigator-6] 
[bt_navigator-6] [WARN] [1757086075.616613006] [BehaviorTreeEngine]: Behavior Tree tick rate 100.00 was exceeded!
[bt_navigator-6] [ERROR] [1757086075.718050864] [transformPoseInTargetFrame]: Extrapolation Error looking up target frame: Lookup would require extrapolation into the past.  Requested time 1757086058.088947 but the earliest data is at time 1757086065.509700, when looking up transform from frame [base_link] to frame [map]
[bt_navigator-6] 
[bt_navigator-6] [WARN] [1757086075.718276973] [BehaviorTreeEngine]: Behavior Tree tick rate 100.00 was exceeded!
[bt_navigator-6] [ERROR] [1757086075.819451600] [transformPoseInTargetFrame]: Extrapolation Error looking up target frame: Lookup would require extrapolation into the past.  Requested time 1757086058.088947 but the earliest data is at time 1757086065.709561, when looking up transform from frame [base_link] to frame [map]
[bt_navigator-6] 
[bt_navigator-6] [WARN] [1757086075.819647067] [BehaviorTreeEngine]: Behavior Tree tick rate 100.00 was exceeded!
[bt_navigator-6] [ERROR] [1757086075.921649625] [transformPoseInTargetFrame]: Extrapolation Error looking up target frame: Lookup would require extrapolation into the past.  Requested time 1757086058.088947 but the earliest data is at time 1757086065.810204, when looking up transform from frame [base_link] to frame [map]
[bt_navigator-6] 
[bt_navigator-6] [WARN] [1757086075.921884119] [BehaviorTreeEngine]: Behavior Tree tick rate 100.00 was exceeded!
[bt_navigator-6] [ERROR] [1757086076.024396515] [transformPoseInTargetFrame]: Extrapolation Error looking up target frame: Lookup would require extrapolation into the past.  Requested time 1757086058.088947 but the earliest data is at time 1757086065.909617, when looking up transform from frame [base_link] to frame [map]
[bt_navigator-6] 
[bt_navigator-6] [WARN] [1757086076.024617843] [BehaviorTreeEngine]: Behavior Tree tick rate 100.00 was exceeded!
[bt_navigator-6] [ERROR] [1757086076.127065286] [transformPoseInTargetFrame]: Extrapolation Error looking up target frame: Lookup would require extrapolation into the past.  Requested time 1757086058.088947 but the earliest data is at time 1757086066.009649, when looking up transform from frame [base_link] to frame [map]
[bt_navigator-6] 
[bt_navigator-6] [WARN] [1757086076.127259741] [BehaviorTreeEngine]: Behavior Tree tick rate 100.00 was exceeded!
[bt_navigator-6] [ERROR] [1757086076.228575775] [transformPoseInTargetFrame]: Extrapolation Error looking up target frame: Lookup would require extrapolation into the past.  Requested time 1757086058.088947 but the earliest data is at time 1757086066.109926, when looking up transform from frame [base_link] to frame [map]
[bt_navigator-6] 
[bt_navigator-6] [WARN] [1757086076.228745667] [BehaviorTreeEngine]: Behavior Tree tick rate 100.00 was exceeded!
[bt_navigator-6] [ERROR] [1757086076.330156512] [transformPoseInTargetFrame]: Extrapolation Error looking up target frame: Lookup would require extrapolation into the past.  Requested time 1757086058.088947 but the earliest data is at time 1757086066.259555, when looking up transform from frame [base_link] to frame [map]
[bt_navigator-6] 
[bt_navigator-6] [WARN] [1757086076.330357560] [BehaviorTreeEngine]: Behavior Tree tick rate 100.00 was exceeded!
[bt_navigator-6] [ERROR] [1757086076.431657569] [transformPoseInTargetFrame]: Extrapolation Error looking up target frame: Lookup would require extrapolation into the past.  Requested time 1757086058.088947 but the earliest data is at time 1757086066.310138, when looking up transform from frame [base_link] to frame [map]
[bt_navigator-6] 
[bt_navigator-6] [WARN] [1757086076.431832379] [BehaviorTreeEngine]: Behavior Tree tick rate 100.00 was exceeded!
[planner_server-4] [ERROR] [1757086076.462658804] [transformPoseInTargetFrame]: Extrapolation Error looking up target frame: Lookup would require extrapolation into the past.  Requested time 1757086058.088947 but the earliest data is at time 1757086066.361551, when looking up transform from frame [base_link] to frame [map]
[planner_server-4] 
[bt_navigator-6] [ERROR] [1757086076.533098117] [transformPoseInTargetFrame]: Extrapolation Error looking up target frame: Lookup would require extrapolation into the past.  Requested time 1757086058.088947 but the earliest data is at time 1757086066.459573, when looking up transform from frame [base_link] to frame [map]
[bt_navigator-6] 
[bt_navigator-6] [WARN] [1757086076.533276007] [BehaviorTreeEngine]: Behavior Tree tick rate 100.00 was exceeded!
[explore-10] [ERROR] [1757086076.597016004] [explore_node]: Extrapolation Error looking up robot pose: Lookup would require extrapolation at time 1757086076.292496, but only time 1757086058.088947 is in the buffer, when looking up transform from frame [base_link] to frame [map]
[explore-10] 
[bt_navigator-6] [ERROR] [1757086076.635203787] [transformPoseInTargetFrame]: Extrapolation Error looking up target frame: Lookup would require extrapolation into the past.  Requested time 1757086058.088947 but the earliest data is at time 1757086066.459573, when looking up transform from frame [base_link] to frame [map]
[bt_navigator-6] 
[bt_navigator-6] [WARN] [1757086076.635391380] [BehaviorTreeEngine]: Behavior Tree tick rate 100.00 was exceeded!
[bt_navigator-6] [ERROR] [1757086076.736602654] [transformPoseInTargetFrame]: Extrapolation Error looking up target frame: Lookup would require extrapolation into the past.  Requested time 1757086058.088947 but the earliest data is at time 1757086066.659530, when looking up transform from frame [base_link] to frame [map]
[bt_navigator-6] 
[bt_navigator-6] [WARN] [1757086076.736812107] [BehaviorTreeEngine]: Behavior Tree tick rate 100.00 was exceeded!
[bt_navigator-6] [ERROR] [1757086076.838283633] [transformPoseInTargetFrame]: Extrapolation Error looking up target frame: Lookup would require extrapolation into the past.  Requested time 1757086058.088947 but the earliest data is at time 1757086066.759537, when looking up transform from frame [base_link] to frame [map]
[bt_navigator-6] 
[bt_navigator-6] [WARN] [1757086076.838502659] [BehaviorTreeEngine]: Behavior Tree tick rate 100.00 was exceeded!
[bt_navigator-6] [ERROR] [1757086076.939697236] [transformPoseInTargetFrame]: Extrapolation Error looking up target frame: Lookup would require extrapolation into the past.  Requested time 1757086058.088947 but the earliest data is at time 1757086066.859551, when looking up transform from frame [base_link] to frame [map]
[bt_navigator-6] 
[bt_navigator-6] [WARN] [1757086076.939904650] [BehaviorTreeEngine]: Behavior Tree tick rate 100.00 was exceeded!
[bt_navigator-6] [ERROR] [1757086077.041081752] [transformPoseInTargetFrame]: Extrapolation Error looking up target frame: Lookup would require extrapolation into the past.  Requested time 1757086058.088947 but the earliest data is at time 1757086066.959521, when looking up transform from frame [base_link] to frame [map]
[bt_navigator-6] 
[bt_navigator-6] [WARN] [1757086077.041275070] [BehaviorTreeEngine]: Behavior Tree tick rate 100.00 was exceeded!
[bt_navigator-6] [ERROR] [1757086077.142387284] [transformPoseInTargetFrame]: Extrapolation Error looking up target frame: Lookup would require extrapolation into the past.  Requested time 1757086058.088947 but the earliest data is at time 1757086067.059547, when looking up transform from frame [base_link] to frame [map]
[bt_navigator-6] 
[bt_navigator-6] [WARN] [1757086077.142578213] [BehaviorTreeEngine]: Behavior Tree tick rate 100.00 was exceeded!
[bt_navigator-6] [ERROR] [1757086077.243758233] [transformPoseInTargetFrame]: Extrapolation Error looking up target frame: Lookup would require extrapolation into the past.  Requested time 1757086058.088947 but the earliest data is at time 1757086067.159526, when looking up transform from frame [base_link] to frame [map]
[bt_navigator-6] 
[bt_navigator-6] [WARN] [1757086077.243993878] [BehaviorTreeEngine]: Behavior Tree tick rate 100.00 was exceeded!
[bt_navigator-6] [ERROR] [1757086077.345792493] [transformPoseInTargetFrame]: Extrapolation Error looking up target frame: Lookup would require extrapolation into the past.  Requested time 1757086058.088947 but the earliest data is at time 1757086067.259704, when looking up transform from frame [base_link] to frame [map]
[bt_navigator-6] 
[bt_navigator-6] [WARN] [1757086077.346045669] [BehaviorTreeEngine]: Behavior Tree tick rate 100.00 was exceeded!
[bt_navigator-6] [ERROR] [1757086077.447829705] [transformPoseInTargetFrame]: Extrapolation Error looking up target frame: Lookup would require extrapolation into the past.  Requested time 1757086058.088947 but the earliest data is at time 1757086067.359621, when looking up transform from frame [base_link] to frame [map]
[bt_navigator-6] 
[bt_navigator-6] [WARN] [1757086077.448007772] [BehaviorTreeEngine]: Behavior Tree tick rate 100.00 was exceeded!
[planner_server-4] [ERROR] [1757086077.464173599] [transformPoseInTargetFrame]: Extrapolation Error looking up target frame: Lookup would require extrapolation into the past.  Requested time 1757086058.088947 but the earliest data is at time 1757086067.359621, when looking up transform from frame [base_link] to frame [map]
[planner_server-4] 
[bt_navigator-6] [ERROR] [1757086077.549231121] [transformPoseInTargetFrame]: Extrapolation Error looking up target frame: Lookup would require extrapolation into the past.  Requested time 1757086058.088947 but the earliest data is at time 1757086067.359621, when looking up transform from frame [base_link] to frame [map]
[bt_navigator-6] 
[bt_navigator-6] [WARN] [1757086077.549414205] [BehaviorTreeEngine]: Behavior Tree tick rate 100.00 was exceeded!
[bt_navigator-6] [ERROR] [1757086077.650823699] [transformPoseInTargetFrame]: Extrapolation Error looking up target frame: Lookup would require extrapolation into the past.  Requested time 1757086058.088947 but the earliest data is at time 1757086067.561103, when looking up transform from frame [base_link] to frame [map]
[bt_navigator-6] 
[bt_navigator-6] [WARN] [1757086077.651001871] [BehaviorTreeEngine]: Behavior Tree tick rate 100.00 was exceeded!
[bt_navigator-6] [ERROR] [1757086077.752101437] [transformPoseInTargetFrame]: Extrapolation Error looking up target frame: Lookup would require extrapolation into the past.  Requested time 1757086058.088947 but the earliest data is at time 1757086067.659755, when looking up transform from frame [base_link] to frame [map]
[bt_navigator-6] 
[bt_navigator-6] [WARN] [1757086077.752284308] [BehaviorTreeEngine]: Behavior Tree tick rate 100.00 was exceeded!
[explore-10] [ERROR] [1757086077.830352606] [explore_node]: Extrapolation Error looking up robot pose: Lookup would require extrapolation at time 1757086077.526216, but only time 1757086058.088947 is in the buffer, when looking up transform from frame [base_link] to frame [map]
[explore-10] 
[bt_navigator-6] [ERROR] [1757086077.853528379] [transformPoseInTargetFrame]: Extrapolation Error looking up target frame: Lookup would require extrapolation into the past.  Requested time 1757086058.088947 but the earliest data is at time 1757086067.809481, when looking up transform from frame [base_link] to frame [map]
[bt_navigator-6] 
[bt_navigator-6] [WARN] [1757086077.853720312] [BehaviorTreeEngine]: Behavior Tree tick rate 100.00 was exceeded!
[bt_navigator-6] [ERROR] [1757086077.954960190] [transformPoseInTargetFrame]: Extrapolation Error looking up target frame: Lookup would require extrapolation into the past.  Requested time 1757086058.088947 but the earliest data is at time 1757086067.859576, when looking up transform from frame [base_link] to frame [map]
[bt_navigator-6] 
[bt_navigator-6] [WARN] [1757086077.955149007] [BehaviorTreeEngine]: Behavior Tree tick rate 100.00 was exceeded!
[bt_navigator-6] [ERROR] [1757086078.056331822] [transformPoseInTargetFrame]: Extrapolation Error looking up target frame: Lookup would require extrapolation into the past.  Requested time 1757086058.088947 but the earliest data is at time 1757086068.009523, when looking up transform from frame [base_link] to frame [map]
[bt_navigator-6] 
[bt_navigator-6] [WARN] [1757086078.056429540] [BehaviorTreeEngine]: Behavior Tree tick rate 100.00 was exceeded!
[bt_navigator-6] [ERROR] [1757086078.157652933] [transformPoseInTargetFrame]: Extrapolation Error looking up target frame: Lookup would require extrapolation into the past.  Requested time 1757086058.088947 but the earliest data is at time 1757086068.109581, when looking up transform from frame [base_link] to frame [map]
[bt_navigator-6] 
[bt_navigator-6] [WARN] [1757086078.157851678] [BehaviorTreeEngine]: Behavior Tree tick rate 100.00 was exceeded!
[bt_navigator-6] [ERROR] [1757086078.259898570] [transformPoseInTargetFrame]: Extrapolation Error looking up target frame: Lookup would require extrapolation into the past.  Requested time 1757086058.088947 but the earliest data is at time 1757086068.159570, when looking up transform from frame [base_link] to frame [map]
[bt_navigator-6] 
[bt_navigator-6] [WARN] [1757086078.260141325] [BehaviorTreeEngine]: Behavior Tree tick rate 100.00 was exceeded!
[bt_navigator-6] [ERROR] [1757086078.361280672] [transformPoseInTargetFrame]: Extrapolation Error looking up target frame: Lookup would require extrapolation into the past.  Requested time 1757086058.088947 but the earliest data is at time 1757086068.311384, when looking up transform from frame [base_link] to frame [map]
[bt_navigator-6] 
[bt_navigator-6] [WARN] [1757086078.361485388] [BehaviorTreeEngine]: Behavior Tree tick rate 100.00 was exceeded!
[bt_navigator-6] [ERROR] [1757086078.462578590] [transformPoseInTargetFrame]: Extrapolation Error looking up target frame: Lookup would require extrapolation into the past.  Requested time 1757086058.088947 but the earliest data is at time 1757086068.409585, when looking up transform from frame [base_link] to frame [map]
[bt_navigator-6] 
[bt_navigator-6] [WARN] [1757086078.462775989] [BehaviorTreeEngine]: Behavior Tree tick rate 100.00 was exceeded!
[planner_server-4] [ERROR] [1757086078.465899754] [transformPoseInTargetFrame]: Extrapolation Error looking up target frame: Lookup would require extrapolation into the past.  Requested time 1757086058.088947 but the earliest data is at time 1757086068.409585, when looking up transform from frame [base_link] to frame [map]
[planner_server-4] 
[bt_navigator-6] [ERROR] [1757086078.564036432] [transformPoseInTargetFrame]: Extrapolation Error looking up target frame: Lookup would require extrapolation into the past.  Requested time 1757086058.088947 but the earliest data is at time 1757086068.409585, when looking up transform from frame [base_link] to frame [map]
[bt_navigator-6] 
[bt_navigator-6] [WARN] [1757086078.564224456] [BehaviorTreeEngine]: Behavior Tree tick rate 100.00 was exceeded!
[bt_navigator-6] [ERROR] [1757086078.665278283] [transformPoseInTargetFrame]: Extrapolation Error looking up target frame: Lookup would require extrapolation into the past.  Requested time 1757086058.088947 but the earliest data is at time 1757086068.609633, when looking up transform from frame [base_link] to frame [map]
[bt_navigator-6] 
[bt_navigator-6] [WARN] [1757086078.665442641] [BehaviorTreeEngine]: Behavior Tree tick rate 100.00 was exceeded!
[bt_navigator-6] [ERROR] [1757086078.766510841] [transformPoseInTargetFrame]: Extrapolation Error looking up target frame: Lookup would require extrapolation into the past.  Requested time 1757086058.088947 but the earliest data is at time 1757086068.659588, when looking up transform from frame [base_link] to frame [map]
[bt_navigator-6] 
[bt_navigator-6] [WARN] [1757086078.766699241] [BehaviorTreeEngine]: Behavior Tree tick rate 100.00 was exceeded!
[bt_navigator-6] [ERROR] [1757086078.867816936] [transformPoseInTargetFrame]: Extrapolation Error looking up target frame: Lookup would require extrapolation into the past.  Requested time 1757086058.088947 but the earliest data is at time 1757086068.859519, when looking up transform from frame [base_link] to frame [map]
[bt_navigator-6] 
[bt_navigator-6] [WARN] [1757086078.868000793] [BehaviorTreeEngine]: Behavior Tree tick rate 100.00 was exceeded!
[bt_navigator-6] [ERROR] [1757086078.969374744] [transformPoseInTargetFrame]: Extrapolation Error looking up target frame: Lookup would require extrapolation into the past.  Requested time 1757086058.088947 but the earliest data is at time 1757086068.959492, when looking up transform from frame [base_link] to frame [map]
[bt_navigator-6] 
[bt_navigator-6] [WARN] [1757086078.969564669] [BehaviorTreeEngine]: Behavior Tree tick rate 100.00 was exceeded!
[explore-10] [ERROR] [1757086079.060910791] [explore_node]: Extrapolation Error looking up robot pose: Lookup would require extrapolation at time 1757086078.756598, but only time 1757086058.088947 is in the buffer, when looking up transform from frame [base_link] to frame [map]
[explore-10] 
[bt_navigator-6] [ERROR] [1757086079.070620646] [transformPoseInTargetFrame]: Extrapolation Error looking up target frame: Lookup would require extrapolation into the past.  Requested time 1757086058.088947 but the earliest data is at time 1757086069.009551, when looking up transform from frame [base_link] to frame [map]
[bt_navigator-6] 
[bt_navigator-6] [WARN] [1757086079.070795527] [BehaviorTreeEngine]: Behavior Tree tick rate 100.00 was exceeded!
[bt_navigator-6] [ERROR] [1757086079.172206100] [transformPoseInTargetFrame]: Extrapolation Error looking up target frame: Lookup would require extrapolation into the past.  Requested time 1757086058.088947 but the earliest data is at time 1757086069.109517, when looking up transform from frame [base_link] to frame [map]
[bt_navigator-6] 
[bt_navigator-6] [WARN] [1757086079.172390571] [BehaviorTreeEngine]: Behavior Tree tick rate 100.00 was exceeded!
[bt_navigator-6] [ERROR] [1757086079.273457322] [transformPoseInTargetFrame]: Extrapolation Error looking up target frame: Lookup would require extrapolation into the past.  Requested time 1757086058.088947 but the earliest data is at time 1757086069.209517, when looking up transform from frame [base_link] to frame [map]
[bt_navigator-6] 
[bt_navigator-6] [WARN] [1757086079.273707235] [BehaviorTreeEngine]: Behavior Tree tick rate 100.00 was exceeded!
[bt_navigator-6] [ERROR] [1757086079.374642053] [transformPoseInTargetFrame]: Extrapolation Error looking up target frame: Lookup would require extrapolation into the past.  Requested time 1757086058.088947 but the earliest data is at time 1757086069.209517, when looking up transform from frame [base_link] to frame [map]
[bt_navigator-6] 
[bt_navigator-6] [WARN] [1757086079.374715116] [BehaviorTreeEngine]: Behavior Tree tick rate 100.00 was exceeded!
[planner_server-4] [ERROR] [1757086079.463008934] [transformPoseInTargetFrame]: Extrapolation Error looking up target frame: Lookup would require extrapolation into the past.  Requested time 1757086058.088947 but the earliest data is at time 1757086069.372491, when looking up transform from frame [base_link] to frame [map]
[planner_server-4] 
[bt_navigator-6] [ERROR] [1757086079.475772916] [transformPoseInTargetFrame]: Extrapolation Error looking up target frame: Lookup would require extrapolation into the past.  Requested time 1757086058.088947 but the earliest data is at time 1757086069.409900, when looking up transform from frame [base_link] to frame [map]
[bt_navigator-6] 
[bt_navigator-6] [WARN] [1757086079.475958913] [BehaviorTreeEngine]: Behavior Tree tick rate 100.00 was exceeded!
[bt_navigator-6] [ERROR] [1757086079.577388360] [transformPoseInTargetFrame]: Extrapolation Error looking up target frame: Lookup would require extrapolation into the past.  Requested time 1757086058.088947 but the earliest data is at time 1757086069.510345, when looking up transform from frame [base_link] to frame [map]
[bt_navigator-6] 
[bt_navigator-6] [WARN] [1757086079.577595007] [BehaviorTreeEngine]: Behavior Tree tick rate 100.00 was exceeded!
[bt_navigator-6] [ERROR] [1757086079.678797889] [transformPoseInTargetFrame]: Extrapolation Error looking up target frame: Lookup would require extrapolation into the past.  Requested time 1757086058.088947 but the earliest data is at time 1757086069.659511, when looking up transform from frame [base_link] to frame [map]
[bt_navigator-6] 
[bt_navigator-6] [WARN] [1757086079.678852410] [BehaviorTreeEngine]: Behavior Tree tick rate 100.00 was exceeded!
[bt_navigator-6] [ERROR] [1757086079.779881745] [transformPoseInTargetFrame]: Extrapolation Error looking up target frame: Lookup would require extrapolation into the past.  Requested time 1757086058.088947 but the earliest data is at time 1757086069.759705, when looking up transform from frame [base_link] to frame [map]
[bt_navigator-6] 
[bt_navigator-6] [WARN] [1757086079.780094267] [BehaviorTreeEngine]: Behavior Tree tick rate 100.00 was exceeded!
[bt_navigator-6] [ERROR] [1757086079.881441213] [transformPoseInTargetFrame]: Extrapolation Error looking up target frame: Lookup would require extrapolation into the past.  Requested time 1757086058.088947 but the earliest data is at time 1757086069.809514, when looking up transform from frame [base_link] to frame [map]
[bt_navigator-6] 
[bt_navigator-6] [WARN] [1757086079.881593493] [BehaviorTreeEngine]: Behavior Tree tick rate 100.00 was exceeded!
[bt_navigator-6] [ERROR] [1757086079.982765027] [transformPoseInTargetFrame]: Extrapolation Error looking up target frame: Lookup would require extrapolation into the past.  Requested time 1757086058.088947 but the earliest data is at time 1757086069.959554, when looking up transform from frame [base_link] to frame [map]
[bt_navigator-6] 
[bt_navigator-6] [WARN] [1757086079.982968510] [BehaviorTreeEngine]: Behavior Tree tick rate 100.00 was exceeded!
[bt_navigator-6] [ERROR] [1757086080.084077712] [transformPoseInTargetFrame]: Extrapolation Error looking up target frame: Lookup would require extrapolation into the past.  Requested time 1757086058.088947 but the earliest data is at time 1757086070.009724, when looking up transform from frame [base_link] to frame [map]
[bt_navigator-6] 
[bt_navigator-6] [WARN] [1757086080.084257733] [BehaviorTreeEngine]: Behavior Tree tick rate 100.00 was exceeded!
[bt_navigator-6] [ERROR] [1757086080.185513677] [transformPoseInTargetFrame]: Extrapolation Error looking up target frame: Lookup would require extrapolation into the past.  Requested time 1757086058.088947 but the earliest data is at time 1757086070.159489, when looking up transform from frame [base_link] to frame [map]
[bt_navigator-6] 
[bt_navigator-6] [WARN] [1757086080.185700095] [BehaviorTreeEngine]: Behavior Tree tick rate 100.00 was exceeded!
[explore-10] [ERROR] [1757086080.284989315] [explore_node]: Extrapolation Error looking up robot pose: Lookup would require extrapolation at time 1757086079.980626, but only time 1757086058.088947 is in the buffer, when looking up transform from frame [base_link] to frame [map]
[explore-10] 
[bt_navigator-6] [ERROR] [1757086080.286917337] [transformPoseInTargetFrame]: Extrapolation Error looking up target frame: Lookup would require extrapolation into the past.  Requested time 1757086058.088947 but the earliest data is at time 1757086070.209515, when looking up transform from frame [base_link] to frame [map]
[bt_navigator-6] 
[bt_navigator-6] [WARN] [1757086080.287203861] [BehaviorTreeEngine]: Behavior Tree tick rate 100.00 was exceeded!
[bt_navigator-6] [ERROR] [1757086080.388484249] [transformPoseInTargetFrame]: Extrapolation Error looking up target frame: Lookup would require extrapolation into the past.  Requested time 1757086058.088947 but the earliest data is at time 1757086070.359537, when looking up transform from frame [base_link] to frame [map]
[bt_navigator-6] 
[bt_navigator-6] [WARN] [1757086080.388677566] [BehaviorTreeEngine]: Behavior Tree tick rate 100.00 was exceeded!
[planner_server-4] [ERROR] [1757086080.462404324] [transformPoseInTargetFrame]: Extrapolation Error looking up target frame: Lookup would require extrapolation into the past.  Requested time 1757086058.088947 but the earliest data is at time 1757086070.359537, when looking up transform from frame [base_link] to frame [map]
[planner_server-4] 
[bt_navigator-6] [ERROR] [1757086080.489806062] [transformPoseInTargetFrame]: Extrapolation Error looking up target frame: Lookup would require extrapolation into the past.  Requested time 1757086058.088947 but the earliest data is at time 1757086070.459512, when looking up transform from frame [base_link] to frame [map]
[bt_navigator-6] 
[bt_navigator-6] [WARN] [1757086080.490003049] [BehaviorTreeEngine]: Behavior Tree tick rate 100.00 was exceeded!
[bt_navigator-6] [ERROR] [1757086080.591162893] [transformPoseInTargetFrame]: Extrapolation Error looking up target frame: Lookup would require extrapolation into the past.  Requested time 1757086058.088947 but the earliest data is at time 1757086070.509644, when looking up transform from frame [base_link] to frame [map]
[bt_navigator-6] 
[bt_navigator-6] [WARN] [1757086080.591354984] [BehaviorTreeEngine]: Behavior Tree tick rate 100.00 was exceeded!
[bt_navigator-6] [ERROR] [1757086080.692534855] [transformPoseInTargetFrame]: Extrapolation Error looking up target frame: Lookup would require extrapolation into the past.  Requested time 1757086058.088947 but the earliest data is at time 1757086070.659597, when looking up transform from frame [base_link] to frame [map]
[bt_navigator-6] 
[bt_navigator-6] [WARN] [1757086080.692716456] [BehaviorTreeEngine]: Behavior Tree tick rate 100.00 was exceeded!
[bt_navigator-6] [ERROR] [1757086080.793798303] [transformPoseInTargetFrame]: Extrapolation Error looking up target frame: Lookup would require extrapolation into the past.  Requested time 1757086058.088947 but the earliest data is at time 1757086070.709671, when looking up transform from frame [base_link] to frame [map]
[bt_navigator-6] 
[bt_navigator-6] [WARN] [1757086080.794050967] [BehaviorTreeEngine]: Behavior Tree tick rate 100.00 was exceeded!
[bt_navigator-6] [ERROR] [1757086080.895272272] [transformPoseInTargetFrame]: Extrapolation Error looking up target frame: Lookup would require extrapolation into the past.  Requested time 1757086058.088947 but the earliest data is at time 1757086070.809613, when looking up transform from frame [base_link] to frame [map]
[bt_navigator-6] 
[bt_navigator-6] [WARN] [1757086080.895470338] [BehaviorTreeEngine]: Behavior Tree tick rate 100.00 was exceeded!
[bt_navigator-6] [ERROR] [1757086080.996788163] [transformPoseInTargetFrame]: Extrapolation Error looking up target frame: Lookup would require extrapolation into the past.  Requested time 1757086058.088947 but the earliest data is at time 1757086070.959557, when looking up transform from frame [base_link] to frame [map]
[bt_navigator-6] 
[bt_navigator-6] [WARN] [1757086080.996993029] [BehaviorTreeEngine]: Behavior Tree tick rate 100.00 was exceeded!
[bt_navigator-6] [ERROR] [1757086081.098281669] [transformPoseInTargetFrame]: Extrapolation Error looking up target frame: Lookup would require extrapolation into the past.  Requested time 1757086058.088947 but the earliest data is at time 1757086071.009559, when looking up transform from frame [base_link] to frame [map]
[bt_navigator-6] 
[bt_navigator-6] [WARN] [1757086081.098477245] [BehaviorTreeEngine]: Behavior Tree tick rate 100.00 was exceeded!
[bt_navigator-6] [ERROR] [1757086081.199661844] [transformPoseInTargetFrame]: Extrapolation Error looking up target frame: Lookup would require extrapolation into the past.  Requested time 1757086058.088947 but the earliest data is at time 1757086071.109513, when looking up transform from frame [base_link] to frame [map]
[bt_navigator-6] 
[bt_navigator-6] [WARN] [1757086081.199848686] [BehaviorTreeEngine]: Behavior Tree tick rate 100.00 was exceeded!
[bt_navigator-6] [ERROR] [1757086081.301043676] [transformPoseInTargetFrame]: Extrapolation Error looking up target frame: Lookup would require extrapolation into the past.  Requested time 1757086058.088947 but the earliest data is at time 1757086071.109513, when looking up transform from frame [base_link] to frame [map]
[bt_navigator-6] 
[bt_navigator-6] [WARN] [1757086081.301290216] [BehaviorTreeEngine]: Behavior Tree tick rate 100.00 was exceeded!
[bt_navigator-6] [ERROR] [1757086081.402490845] [transformPoseInTargetFrame]: Extrapolation Error looking up target frame: Lookup would require extrapolation into the past.  Requested time 1757086058.088947 but the earliest data is at time 1757086071.109513, when looking up transform from frame [base_link] to frame [map]
[bt_navigator-6] 
[bt_navigator-6] [WARN] [1757086081.402664474] [BehaviorTreeEngine]: Behavior Tree tick rate 100.00 was exceeded!
[planner_server-4] [ERROR] [1757086081.463752569] [transformPoseInTargetFrame]: Extrapolation Error looking up target frame: Lookup would require extrapolation into the past.  Requested time 1757086058.088947 but the earliest data is at time 1757086071.109513, when looking up transform from frame [base_link] to frame [map]
[planner_server-4] 
[bt_navigator-6] [ERROR] [1757086081.503746233] [transformPoseInTargetFrame]: Extrapolation Error looking up target frame: Lookup would require extrapolation into the past.  Requested time 1757086058.088947 but the earliest data is at time 1757086071.109513, when looking up transform from frame [base_link] to frame [map]
[bt_navigator-6] 
[bt_navigator-6] [WARN] [1757086081.503911998] [BehaviorTreeEngine]: Behavior Tree tick rate 100.00 was exceeded!
[explore-10] [ERROR] [1757086081.519045983] [explore_node]: Extrapolation Error looking up robot pose: Lookup would require extrapolation into the future.  Requested time 1757086081.214484 but the latest data is at time 1757086081.159499, when looking up transform from frame [base_link] to frame [map]
[explore-10] 
[bt_navigator-6] [ERROR] [1757086081.605191337] [transformPoseInTargetFrame]: Extrapolation Error looking up target frame: Lookup would require extrapolation into the past.  Requested time 1757086058.088947 but the earliest data is at time 1757086071.109513, when looking up transform from frame [base_link] to frame [map]
[bt_navigator-6] 
[bt_navigator-6] [WARN] [1757086081.605392361] [BehaviorTreeEngine]: Behavior Tree tick rate 100.00 was exceeded!
[bt_navigator-6] [ERROR] [1757086081.706473411] [transformPoseInTargetFrame]: Extrapolation Error looking up target frame: Lookup would require extrapolation into the past.  Requested time 1757086058.088947 but the earliest data is at time 1757086071.509516, when looking up transform from frame [base_link] to frame [map]
[bt_navigator-6] 
[bt_navigator-6] [WARN] [1757086081.706554406] [BehaviorTreeEngine]: Behavior Tree tick rate 100.00 was exceeded!
[bt_navigator-6] [ERROR] [1757086081.807375325] [transformPoseInTargetFrame]: Extrapolation Error looking up target frame: Lookup would require extrapolation into the past.  Requested time 1757086058.088947 but the earliest data is at time 1757086071.709527, when looking up transform from frame [base_link] to frame [map]
[bt_navigator-6] 
[bt_navigator-6] [WARN] [1757086081.807518883] [BehaviorTreeEngine]: Behavior Tree tick rate 100.00 was exceeded!
[bt_navigator-6] [ERROR] [1757086081.908603532] [transformPoseInTargetFrame]: Extrapolation Error looking up target frame: Lookup would require extrapolation into the past.  Requested time 1757086058.088947 but the earliest data is at time 1757086071.810158, when looking up transform from frame [base_link] to frame [map]
[bt_navigator-6] 
[bt_navigator-6] [WARN] [1757086081.908712583] [BehaviorTreeEngine]: Behavior Tree tick rate 100.00 was exceeded!
[bt_navigator-6] [ERROR] [1757086082.009733455] [transformPoseInTargetFrame]: Extrapolation Error looking up target frame: Lookup would require extrapolation into the past.  Requested time 1757086058.088947 but the earliest data is at time 1757086071.909579, when looking up transform from frame [base_link] to frame [map]
[bt_navigator-6] 
[bt_navigator-6] [WARN] [1757086082.009966393] [BehaviorTreeEngine]: Behavior Tree tick rate 100.00 was exceeded!
[bt_navigator-6] [ERROR] [1757086082.111799774] [transformPoseInTargetFrame]: Extrapolation Error looking up target frame: Lookup would require extrapolation into the past.  Requested time 1757086058.088947 but the earliest data is at time 1757086072.009580, when looking up transform from frame [base_link] to frame [map]
[bt_navigator-6] 
[bt_navigator-6] [WARN] [1757086082.112055103] [BehaviorTreeEngine]: Behavior Tree tick rate 100.00 was exceeded!
[bt_navigator-6] [ERROR] [1757086082.214311589] [transformPoseInTargetFrame]: Extrapolation Error looking up target frame: Lookup would require extrapolation into the past.  Requested time 1757086058.088947 but the earliest data is at time 1757086072.160606, when looking up transform from frame [base_link] to frame [map]
[bt_navigator-6] 
[bt_navigator-6] [WARN] [1757086082.214534607] [BehaviorTreeEngine]: Behavior Tree tick rate 100.00 was exceeded!
[bt_navigator-6] [ERROR] [1757086082.315781355] [transformPoseInTargetFrame]: Extrapolation Error looking up target frame: Lookup would require extrapolation into the past.  Requested time 1757086058.088947 but the earliest data is at time 1757086072.259639, when looking up transform from frame [base_link] to frame [map]
[bt_navigator-6] 
[bt_navigator-6] [WARN] [1757086082.316040483] [BehaviorTreeEngine]: Behavior Tree tick rate 100.00 was exceeded!
[bt_navigator-6] [ERROR] [1757086082.417609696] [transformPoseInTargetFrame]: Extrapolation Error looking up target frame: Lookup would require extrapolation into the past.  Requested time 1757086058.088947 but the earliest data is at time 1757086072.359528, when looking up transform from frame [base_link] to frame [map]
[bt_navigator-6] 
[bt_navigator-6] [WARN] [1757086082.417806398] [BehaviorTreeEngine]: Behavior Tree tick rate 100.00 was exceeded!
[planner_server-4] [ERROR] [1757086082.462802156] [transformPoseInTargetFrame]: Extrapolation Error looking up target frame: Lookup would require extrapolation into the past.  Requested time 1757086058.088947 but the earliest data is at time 1757086072.409584, when looking up transform from frame [base_link] to frame [map]
[planner_server-4] 
[bt_navigator-6] [ERROR] [1757086082.519161711] [transformPoseInTargetFrame]: Extrapolation Error looking up target frame: Lookup would require extrapolation into the past.  Requested time 1757086058.088947 but the earliest data is at time 1757086072.409584, when looking up transform from frame [base_link] to frame [map]
[bt_navigator-6] 
[bt_navigator-6] [WARN] [1757086082.519387030] [BehaviorTreeEngine]: Behavior Tree tick rate 100.00 was exceeded!
[bt_navigator-6] [ERROR] [1757086082.620750114] [transformPoseInTargetFrame]: Extrapolation Error looking up target frame: Lookup would require extrapolation into the past.  Requested time 1757086058.088947 but the earliest data is at time 1757086072.509530, when looking up transform from frame [base_link] to frame [map]
[bt_navigator-6] 
[bt_navigator-6] [WARN] [1757086082.620948066] [BehaviorTreeEngine]: Behavior Tree tick rate 100.00 was exceeded!
[bt_navigator-6] [ERROR] [1757086082.722474269] [transformPoseInTargetFrame]: Extrapolation Error looking up target frame: Lookup would require extrapolation into the past.  Requested time 1757086058.088947 but the earliest data is at time 1757086072.609601, when looking up transform from frame [base_link] to frame [map]
[bt_navigator-6] 
[bt_navigator-6] [WARN] [1757086082.722677959] [BehaviorTreeEngine]: Behavior Tree tick rate 100.00 was exceeded!
[explore-10] [ERROR] [1757086082.748088935] [explore_node]: Extrapolation Error looking up robot pose: Lookup would require extrapolation at time 1757086082.444116, but only time 1757086058.088947 is in the buffer, when looking up transform from frame [base_link] to frame [map]
[explore-10] 
[bt_navigator-6] [ERROR] [1757086082.824703662] [transformPoseInTargetFrame]: Extrapolation Error looking up target frame: Lookup would require extrapolation into the past.  Requested time 1757086058.088947 but the earliest data is at time 1757086072.709516, when looking up transform from frame [base_link] to frame [map]
[bt_navigator-6] 
[bt_navigator-6] [WARN] [1757086082.824910975] [BehaviorTreeEngine]: Behavior Tree tick rate 100.00 was exceeded!
[bt_navigator-6] [ERROR] [1757086082.926273108] [transformPoseInTargetFrame]: Extrapolation Error looking up target frame: Lookup would require extrapolation into the past.  Requested time 1757086058.088947 but the earliest data is at time 1757086072.809796, when looking up transform from frame [base_link] to frame [map]
[bt_navigator-6] 
[bt_navigator-6] [WARN] [1757086082.926467719] [BehaviorTreeEngine]: Behavior Tree tick rate 100.00 was exceeded!
[bt_navigator-6] [ERROR] [1757086083.027784616] [transformPoseInTargetFrame]: Extrapolation Error looking up target frame: Lookup would require extrapolation into the past.  Requested time 1757086058.088947 but the earliest data is at time 1757086072.959572, when looking up transform from frame [base_link] to frame [map]
[bt_navigator-6] 
[bt_navigator-6] [WARN] [1757086083.027958389] [BehaviorTreeEngine]: Behavior Tree tick rate 100.00 was exceeded!
[bt_navigator-6] [ERROR] [1757086083.129335253] [transformPoseInTargetFrame]: Extrapolation Error looking up target frame: Lookup would require extrapolation into the past.  Requested time 1757086058.088947 but the earliest data is at time 1757086073.059598, when looking up transform from frame [base_link] to frame [map]
[bt_navigator-6] 
[bt_navigator-6] [WARN] [1757086083.129542596] [BehaviorTreeEngine]: Behavior Tree tick rate 100.00 was exceeded!
[bt_navigator-6] [ERROR] [1757086083.231158681] [transformPoseInTargetFrame]: Extrapolation Error looking up target frame: Lookup would require extrapolation into the past.  Requested time 1757086058.088947 but the earliest data is at time 1757086073.159721, when looking up transform from frame [base_link] to frame [map]
[bt_navigator-6] 
[bt_navigator-6] [WARN] [1757086083.231356881] [BehaviorTreeEngine]: Behavior Tree tick rate 100.00 was exceeded!
[bt_navigator-6] [ERROR] [1757086083.332441211] [transformPoseInTargetFrame]: Extrapolation Error looking up target frame: Lookup would require extrapolation into the past.  Requested time 1757086058.088947 but the earliest data is at time 1757086073.209601, when looking up transform from frame [base_link] to frame [map]
[bt_navigator-6] 
[bt_navigator-6] [WARN] [1757086083.332626791] [BehaviorTreeEngine]: Behavior Tree tick rate 100.00 was exceeded!
[bt_navigator-6] [ERROR] [1757086083.433832368] [transformPoseInTargetFrame]: Extrapolation Error looking up target frame: Lookup would require extrapolation into the past.  Requested time 1757086058.088947 but the earliest data is at time 1757086073.359544, when looking up transform from frame [base_link] to frame [map]
[bt_navigator-6] 
[bt_navigator-6] [WARN] [1757086083.434076924] [BehaviorTreeEngine]: Behavior Tree tick rate 100.00 was exceeded!
[planner_server-4] [ERROR] [1757086083.463284679] [transformPoseInTargetFrame]: Extrapolation Error looking up target frame: Lookup would require extrapolation into the past.  Requested time 1757086058.088947 but the earliest data is at time 1757086073.359544, when looking up transform from frame [base_link] to frame [map]
[planner_server-4] 
[bt_navigator-6] [ERROR] [1757086083.535230698] [transformPoseInTargetFrame]: Extrapolation Error looking up target frame: Lookup would require extrapolation into the past.  Requested time 1757086058.088947 but the earliest data is at time 1757086073.509696, when looking up transform from frame [base_link] to frame [map]
[bt_navigator-6] 
[bt_navigator-6] [WARN] [1757086083.535431578] [BehaviorTreeEngine]: Behavior Tree tick rate 100.00 was exceeded!
[bt_navigator-6] [ERROR] [1757086083.637055196] [transformPoseInTargetFrame]: Extrapolation Error looking up target frame: Lookup would require extrapolation into the past.  Requested time 1757086058.088947 but the earliest data is at time 1757086073.609576, when looking up transform from frame [base_link] to frame [map]
[bt_navigator-6] 
[bt_navigator-6] [WARN] [1757086083.637253611] [BehaviorTreeEngine]: Behavior Tree tick rate 100.00 was exceeded!
[bt_navigator-6] [ERROR] [1757086083.739202902] [transformPoseInTargetFrame]: Extrapolation Error looking up target frame: Lookup would require extrapolation into the past.  Requested time 1757086058.088947 but the earliest data is at time 1757086073.659584, when looking up transform from frame [base_link] to frame [map]
[bt_navigator-6] 
[bt_navigator-6] [WARN] [1757086083.739396502] [BehaviorTreeEngine]: Behavior Tree tick rate 100.00 was exceeded!
[bt_navigator-6] [ERROR] [1757086083.840937861] [transformPoseInTargetFrame]: Extrapolation Error looking up target frame: Lookup would require extrapolation into the past.  Requested time 1757086058.088947 but the earliest data is at time 1757086073.759557, when looking up transform from frame [base_link] to frame [map]
[bt_navigator-6] 
[bt_navigator-6] [WARN] [1757086083.841152461] [BehaviorTreeEngine]: Behavior Tree tick rate 100.00 was exceeded!
[bt_navigator-6] [ERROR] [1757086083.942694123] [transformPoseInTargetFrame]: Extrapolation Error looking up target frame: Lookup would require extrapolation into the past.  Requested time 1757086058.088947 but the earliest data is at time 1757086073.909642, when looking up transform from frame [base_link] to frame [map]
[bt_navigator-6] 
[bt_navigator-6] [WARN] [1757086083.942894473] [BehaviorTreeEngine]: Behavior Tree tick rate 100.00 was exceeded!
[explore-10] [ERROR] [1757086083.981183547] [explore_node]: Extrapolation Error looking up robot pose: Lookup would require extrapolation at time 1757086083.675869, but only time 1757086058.088947 is in the buffer, when looking up transform from frame [base_link] to frame [map]
[explore-10] 
[bt_navigator-6] [ERROR] [1757086084.044456849] [transformPoseInTargetFrame]: Extrapolation Error looking up target frame: Lookup would require extrapolation into the past.  Requested time 1757086058.088947 but the earliest data is at time 1757086074.009618, when looking up transform from frame [base_link] to frame [map]
[bt_navigator-6] 
[bt_navigator-6] [WARN] [1757086084.044671750] [BehaviorTreeEngine]: Behavior Tree tick rate 100.00 was exceeded!
[bt_navigator-6] [ERROR] [1757086084.146005114] [transformPoseInTargetFrame]: Extrapolation Error looking up target frame: Lookup would require extrapolation into the past.  Requested time 1757086058.088947 but the earliest data is at time 1757086074.059622, when looking up transform from frame [base_link] to frame [map]
[bt_navigator-6] 
[bt_navigator-6] [WARN] [1757086084.146193648] [BehaviorTreeEngine]: Behavior Tree tick rate 100.00 was exceeded!
[bt_navigator-6] [ERROR] [1757086084.248031224] [transformPoseInTargetFrame]: Extrapolation Error looking up target frame: Lookup would require extrapolation into the past.  Requested time 1757086058.088947 but the earliest data is at time 1757086074.209602, when looking up transform from frame [base_link] to frame [map]
[bt_navigator-6] 
[bt_navigator-6] [WARN] [1757086084.248230824] [BehaviorTreeEngine]: Behavior Tree tick rate 100.00 was exceeded!
[bt_navigator-6] [ERROR] [1757086084.350223636] [transformPoseInTargetFrame]: Extrapolation Error looking up target frame: Lookup would require extrapolation into the past.  Requested time 1757086058.088947 but the earliest data is at time 1757086074.259658, when looking up transform from frame [base_link] to frame [map]
[bt_navigator-6] 
[bt_navigator-6] [WARN] [1757086084.350440765] [BehaviorTreeEngine]: Behavior Tree tick rate 100.00 was exceeded!
[bt_navigator-6] [ERROR] [1757086084.452336127] [transformPoseInTargetFrame]: Extrapolation Error looking up target frame: Lookup would require extrapolation into the past.  Requested time 1757086058.088947 but the earliest data is at time 1757086074.410915, when looking up transform from frame [base_link] to frame [map]
[bt_navigator-6] 
[bt_navigator-6] [WARN] [1757086084.452461395] [BehaviorTreeEngine]: Behavior Tree tick rate 100.00 was exceeded!
[planner_server-4] [ERROR] [1757086084.463749344] [transformPoseInTargetFrame]: Extrapolation Error looking up target frame: Lookup would require extrapolation into the past.  Requested time 1757086058.088947 but the earliest data is at time 1757086074.410915, when looking up transform from frame [base_link] to frame [map]
[planner_server-4] 
[bt_navigator-6] [ERROR] [1757086084.553625208] [transformPoseInTargetFrame]: Extrapolation Error looking up target frame: Lookup would require extrapolation into the past.  Requested time 1757086058.088947 but the earliest data is at time 1757086074.459582, when looking up transform from frame [base_link] to frame [map]
[bt_navigator-6] 
[bt_navigator-6] [WARN] [1757086084.553815053] [BehaviorTreeEngine]: Behavior Tree tick rate 100.00 was exceeded!
[bt_navigator-6] [ERROR] [1757086084.655101557] [transformPoseInTargetFrame]: Extrapolation Error looking up target frame: Lookup would require extrapolation into the past.  Requested time 1757086058.088947 but the earliest data is at time 1757086074.559525, when looking up transform from frame [base_link] to frame [map]
[bt_navigator-6] 
[bt_navigator-6] [WARN] [1757086084.655290996] [BehaviorTreeEngine]: Behavior Tree tick rate 100.00 was exceeded!
[bt_navigator-6] [ERROR] [1757086084.757592581] [transformPoseInTargetFrame]: Extrapolation Error looking up target frame: Lookup would require extrapolation into the past.  Requested time 1757086058.088947 but the earliest data is at time 1757086074.709615, when looking up transform from frame [base_link] to frame [map]
[bt_navigator-6] 
[bt_navigator-6] [WARN] [1757086084.757841398] [BehaviorTreeEngine]: Behavior Tree tick rate 100.00 was exceeded!
[bt_navigator-6] [ERROR] [1757086084.860100802] [transformPoseInTargetFrame]: Extrapolation Error looking up target frame: Lookup would require extrapolation into the past.  Requested time 1757086058.088947 but the earliest data is at time 1757086074.759574, when looking up transform from frame [base_link] to frame [map]
[bt_navigator-6] 
[bt_navigator-6] [WARN] [1757086084.860363207] [BehaviorTreeEngine]: Behavior Tree tick rate 100.00 was exceeded!
[bt_navigator-6] [ERROR] [1757086084.962353513] [transformPoseInTargetFrame]: Extrapolation Error looking up target frame: Lookup would require extrapolation into the past.  Requested time 1757086058.088947 but the earliest data is at time 1757086074.859552, when looking up transform from frame [base_link] to frame [map]
[bt_navigator-6] 
[bt_navigator-6] [WARN] [1757086084.962460149] [BehaviorTreeEngine]: Behavior Tree tick rate 100.00 was exceeded!
[bt_navigator-6] [ERROR] [1757086085.063957458] [transformPoseInTargetFrame]: Extrapolation Error looking up target frame: Lookup would require extrapolation into the past.  Requested time 1757086058.088947 but the earliest data is at time 1757086074.962702, when looking up transform from frame [base_link] to frame [map]
[bt_navigator-6] 
[bt_navigator-6] [WARN] [1757086085.064190280] [BehaviorTreeEngine]: Behavior Tree tick rate 100.00 was exceeded!
[bt_navigator-6] [ERROR] [1757086085.166219896] [transformPoseInTargetFrame]: Extrapolation Error looking up target frame: Lookup would require extrapolation into the past.  Requested time 1757086058.088947 but the earliest data is at time 1757086075.159566, when looking up transform from frame [base_link] to frame [map]
[bt_navigator-6] 
[bt_navigator-6] [WARN] [1757086085.166469969] [BehaviorTreeEngine]: Behavior Tree tick rate 100.00 was exceeded!
[explore-10] [ERROR] [1757086085.210450119] [explore_node]: Extrapolation Error looking up robot pose: Lookup would require extrapolation at time 1757086084.906577, but only time 1757086058.088947 is in the buffer, when looking up transform from frame [base_link] to frame [map]
[explore-10] 
[bt_navigator-6] [ERROR] [1757086085.268578786] [transformPoseInTargetFrame]: Extrapolation Error looking up target frame: Lookup would require extrapolation into the past.  Requested time 1757086058.088947 but the earliest data is at time 1757086075.259498, when looking up transform from frame [base_link] to frame [map]
[bt_navigator-6] 
[bt_navigator-6] [WARN] [1757086085.268818157] [BehaviorTreeEngine]: Behavior Tree tick rate 100.00 was exceeded!
[bt_navigator-6] [ERROR] [1757086085.370815951] [transformPoseInTargetFrame]: Extrapolation Error looking up target frame: Lookup would require extrapolation into the past.  Requested time 1757086058.088947 but the earliest data is at time 1757086075.359638, when looking up transform from frame [base_link] to frame [map]
[bt_navigator-6] 
[bt_navigator-6] [WARN] [1757086085.371058322] [BehaviorTreeEngine]: Behavior Tree tick rate 100.00 was exceeded!
[planner_server-4] [ERROR] [1757086085.463769010] [transformPoseInTargetFrame]: Extrapolation Error looking up target frame: Lookup would require extrapolation into the past.  Requested time 1757086058.088947 but the earliest data is at time 1757086075.359638, when looking up transform from frame [base_link] to frame [map]
[planner_server-4] 
[bt_navigator-6] [ERROR] [1757086085.473334656] [transformPoseInTargetFrame]: Extrapolation Error looking up target frame: Lookup would require extrapolation into the past.  Requested time 1757086058.088947 but the earliest data is at time 1757086075.409666, when looking up transform from frame [base_link] to frame [map]
[bt_navigator-6] 
[bt_navigator-6] [WARN] [1757086085.473634511] [BehaviorTreeEngine]: Behavior Tree tick rate 100.00 was exceeded!
[bt_navigator-6] [ERROR] [1757086085.576072077] [transformPoseInTargetFrame]: Extrapolation Error looking up target frame: Lookup would require extrapolation into the past.  Requested time 1757086058.088947 but the earliest data is at time 1757086075.559543, when looking up transform from frame [base_link] to frame [map]
[bt_navigator-6] 
[bt_navigator-6] [WARN] [1757086085.576318899] [BehaviorTreeEngine]: Behavior Tree tick rate 100.00 was exceeded!
[bt_navigator-6] [ERROR] [1757086085.678158328] [transformPoseInTargetFrame]: Extrapolation Error looking up target frame: Lookup would require extrapolation into the past.  Requested time 1757086058.088947 but the earliest data is at time 1757086075.659551, when looking up transform from frame [base_link] to frame [map]
[bt_navigator-6] 
[bt_navigator-6] [WARN] [1757086085.678354546] [BehaviorTreeEngine]: Behavior Tree tick rate 100.00 was exceeded!
[bt_navigator-6] [ERROR] [1757086085.780403469] [transformPoseInTargetFrame]: Extrapolation Error looking up target frame: Lookup would require extrapolation into the past.  Requested time 1757086058.088947 but the earliest data is at time 1757086075.759503, when looking up transform from frame [base_link] to frame [map]
[bt_navigator-6] 
[bt_navigator-6] [WARN] [1757086085.780675464] [BehaviorTreeEngine]: Behavior Tree tick rate 100.00 was exceeded!
[bt_navigator-6] [ERROR] [1757086085.883014150] [transformPoseInTargetFrame]: Extrapolation Error looking up target frame: Lookup would require extrapolation into the past.  Requested time 1757086058.088947 but the earliest data is at time 1757086075.809524, when looking up transform from frame [base_link] to frame [map]
[bt_navigator-6] 
[bt_navigator-6] [WARN] [1757086085.883276097] [BehaviorTreeEngine]: Behavior Tree tick rate 100.00 was exceeded!
[bt_navigator-6] [ERROR] [1757086085.985936643] [transformPoseInTargetFrame]: Extrapolation Error looking up target frame: Lookup would require extrapolation into the past.  Requested time 1757086058.088947 but the earliest data is at time 1757086075.959504, when looking up transform from frame [base_link] to frame [map]
[bt_navigator-6] 
[bt_navigator-6] [WARN] [1757086085.986182773] [BehaviorTreeEngine]: Behavior Tree tick rate 100.00 was exceeded!
[bt_navigator-6] [ERROR] [1757086086.088445819] [transformPoseInTargetFrame]: Extrapolation Error looking up target frame: Lookup would require extrapolation into the past.  Requested time 1757086058.088947 but the earliest data is at time 1757086076.009518, when looking up transform from frame [base_link] to frame [map]
[bt_navigator-6] 
[bt_navigator-6] [WARN] [1757086086.088569973] [BehaviorTreeEngine]: Behavior Tree tick rate 100.00 was exceeded!
[bt_navigator-6] [ERROR] [1757086086.190793034] [transformPoseInTargetFrame]: Extrapolation Error looking up target frame: Lookup would require extrapolation into the past.  Requested time 1757086058.088947 but the earliest data is at time 1757086076.159705, when looking up transform from frame [base_link] to frame [map]
[bt_navigator-6] 
[bt_navigator-6] [WARN] [1757086086.191038332] [BehaviorTreeEngine]: Behavior Tree tick rate 100.00 was exceeded!
[bt_navigator-6] [ERROR] [1757086086.293238833] [transformPoseInTargetFrame]: Extrapolation Error looking up target frame: Lookup would require extrapolation into the past.  Requested time 1757086058.088947 but the earliest data is at time 1757086076.159705, when looking up transform from frame [base_link] to frame [map]
[bt_navigator-6] 
[bt_navigator-6] [WARN] [1757086086.293477426] [BehaviorTreeEngine]: Behavior Tree tick rate 100.00 was exceeded!
[bt_navigator-6] [ERROR] [1757086086.395634992] [transformPoseInTargetFrame]: Extrapolation Error looking up target frame: Lookup would require extrapolation into the past.  Requested time 1757086058.088947 but the earliest data is at time 1757086076.309622, when looking up transform from frame [base_link] to frame [map]
[bt_navigator-6] 
[bt_navigator-6] [WARN] [1757086086.395885660] [BehaviorTreeEngine]: Behavior Tree tick rate 100.00 was exceeded!
[explore-10] [ERROR] [1757086086.440373027] [explore_node]: Extrapolation Error looking up robot pose: Lookup would require extrapolation at time 1757086086.137053, but only time 1757086058.088947 is in the buffer, when looking up transform from frame [base_link] to frame [map]
[explore-10] 
[planner_server-4] [ERROR] [1757086086.463115610] [transformPoseInTargetFrame]: Extrapolation Error looking up target frame: Lookup would require extrapolation into the past.  Requested time 1757086058.088947 but the earliest data is at time 1757086076.360648, when looking up transform from frame [base_link] to frame [map]
[planner_server-4] 
[bt_navigator-6] [ERROR] [1757086086.497926263] [transformPoseInTargetFrame]: Extrapolation Error looking up target frame: Lookup would require extrapolation into the past.  Requested time 1757086058.088947 but the earliest data is at time 1757086076.409522, when looking up transform from frame [base_link] to frame [map]
[bt_navigator-6] 
[bt_navigator-6] [WARN] [1757086086.498255668] [BehaviorTreeEngine]: Behavior Tree tick rate 100.00 was exceeded!
[bt_navigator-6] [ERROR] [1757086086.599577746] [transformPoseInTargetFrame]: Extrapolation Error looking up target frame: Lookup would require extrapolation into the past.  Requested time 1757086058.088947 but the earliest data is at time 1757086076.559499, when looking up transform from frame [base_link] to frame [map]
[bt_navigator-6] 
[bt_navigator-6] [WARN] [1757086086.599791228] [BehaviorTreeEngine]: Behavior Tree tick rate 100.00 was exceeded!
[bt_navigator-6] [ERROR] [1757086086.701009563] [transformPoseInTargetFrame]: Extrapolation Error looking up target frame: Lookup would require extrapolation into the past.  Requested time 1757086058.088947 but the earliest data is at time 1757086076.559499, when looking up transform from frame [base_link] to frame [map]
[bt_navigator-6] 
[bt_navigator-6] [WARN] [1757086086.701228668] [BehaviorTreeEngine]: Behavior Tree tick rate 100.00 was exceeded!
[bt_navigator-6] [ERROR] [1757086086.802370683] [transformPoseInTargetFrame]: Extrapolation Error looking up target frame: Lookup would require extrapolation into the past.  Requested time 1757086058.088947 but the earliest data is at time 1757086076.559499, when looking up transform from frame [base_link] to frame [map]
[bt_navigator-6] 
[bt_navigator-6] [WARN] [1757086086.802569085] [BehaviorTreeEngine]: Behavior Tree tick rate 100.00 was exceeded!
[bt_navigator-6] [ERROR] [1757086086.904725171] [transformPoseInTargetFrame]: Extrapolation Error looking up target frame: Lookup would require extrapolation into the past.  Requested time 1757086058.088947 but the earliest data is at time 1757086076.559499, when looking up transform from frame [base_link] to frame [map]
[bt_navigator-6] 
[bt_navigator-6] [WARN] [1757086086.904986296] [BehaviorTreeEngine]: Behavior Tree tick rate 100.00 was exceeded!
[bt_navigator-6] [ERROR] [1757086087.007220786] [transformPoseInTargetFrame]: Extrapolation Error looking up target frame: Lookup would require extrapolation into the past.  Requested time 1757086058.088947 but the earliest data is at time 1757086076.559499, when looking up transform from frame [base_link] to frame [map]
[bt_navigator-6] 
[bt_navigator-6] [WARN] [1757086087.007418068] [BehaviorTreeEngine]: Behavior Tree tick rate 100.00 was exceeded!
[bt_navigator-6] [ERROR] [1757086087.109476249] [transformPoseInTargetFrame]: Extrapolation Error looking up target frame: Lookup would require extrapolation into the past.  Requested time 1757086058.088947 but the earliest data is at time 1757086077.014689, when looking up transform from frame [base_link] to frame [map]
[bt_navigator-6] 
[bt_navigator-6] [WARN] [1757086087.109548749] [BehaviorTreeEngine]: Behavior Tree tick rate 100.00 was exceeded!
[bt_navigator-6] [ERROR] [1757086087.210494336] [transformPoseInTargetFrame]: Extrapolation Error looking up target frame: Lookup would require extrapolation into the past.  Requested time 1757086058.088947 but the earliest data is at time 1757086077.159516, when looking up transform from frame [base_link] to frame [map]
[bt_navigator-6] 
[bt_navigator-6] [WARN] [1757086087.210694210] [BehaviorTreeEngine]: Behavior Tree tick rate 100.00 was exceeded!
[bt_navigator-6] [ERROR] [1757086087.311885566] [transformPoseInTargetFrame]: Extrapolation Error looking up target frame: Lookup would require extrapolation into the past.  Requested time 1757086058.088947 but the earliest data is at time 1757086077.159516, when looking up transform from frame [base_link] to frame [map]
[bt_navigator-6] 
[bt_navigator-6] [WARN] [1757086087.312095540] [BehaviorTreeEngine]: Behavior Tree tick rate 100.00 was exceeded!
[bt_navigator-6] [ERROR] [1757086087.413966907] [transformPoseInTargetFrame]: Extrapolation Error looking up target frame: Lookup would require extrapolation into the past.  Requested time 1757086058.088947 but the earliest data is at time 1757086077.159516, when looking up transform from frame [base_link] to frame [map]
[bt_navigator-6] 
[bt_navigator-6] [WARN] [1757086087.414175934] [BehaviorTreeEngine]: Behavior Tree tick rate 100.00 was exceeded!
[planner_server-4] [ERROR] [1757086087.464666449] [transformPoseInTargetFrame]: Extrapolation Error looking up target frame: Lookup would require extrapolation into the past.  Requested time 1757086058.088947 but the earliest data is at time 1757086077.109510, when looking up transform from frame [base_link] to frame [map]
[planner_server-4] 
[bt_navigator-6] [ERROR] [1757086087.516292520] [transformPoseInTargetFrame]: Extrapolation Error looking up target frame: Lookup would require extrapolation into the past.  Requested time 1757086058.088947 but the earliest data is at time 1757086077.159516, when looking up transform from frame [base_link] to frame [map]
[bt_navigator-6] 
[bt_navigator-6] [WARN] [1757086087.516591211] [BehaviorTreeEngine]: Behavior Tree tick rate 100.00 was exceeded!
[bt_navigator-6] [ERROR] [1757086087.619207345] [transformPoseInTargetFrame]: Extrapolation Error looking up target frame: Lookup would require extrapolation into the past.  Requested time 1757086058.088947 but the earliest data is at time 1757086077.159516, when looking up transform from frame [base_link] to frame [map]
[bt_navigator-6] 
[bt_navigator-6] [WARN] [1757086087.619446878] [BehaviorTreeEngine]: Behavior Tree tick rate 100.00 was exceeded!
[explore-10] [ERROR] [1757086087.672724522] [explore_node]: Extrapolation Error looking up robot pose: Lookup would require extrapolation at time 1757086087.368983, but only time 1757086058.088947 is in the buffer, when looking up transform from frame [base_link] to frame [map]
[explore-10] 
[bt_navigator-6] [ERROR] [1757086087.721615585] [transformPoseInTargetFrame]: Extrapolation Error looking up target frame: Lookup would require extrapolation into the past.  Requested time 1757086058.088947 but the earliest data is at time 1757086077.659613, when looking up transform from frame [base_link] to frame [map]
[bt_navigator-6] 
[bt_navigator-6] [WARN] [1757086087.721858775] [BehaviorTreeEngine]: Behavior Tree tick rate 100.00 was exceeded!
[bt_navigator-6] [ERROR] [1757086087.824363373] [transformPoseInTargetFrame]: Extrapolation Error looking up target frame: Lookup would require extrapolation into the past.  Requested time 1757086058.088947 but the earliest data is at time 1757086077.759637, when looking up transform from frame [base_link] to frame [map]
[bt_navigator-6] 
[bt_navigator-6] [WARN] [1757086087.824573854] [BehaviorTreeEngine]: Behavior Tree tick rate 100.00 was exceeded!
[bt_navigator-6] [ERROR] [1757086087.927044275] [transformPoseInTargetFrame]: Extrapolation Error looking up target frame: Lookup would require extrapolation into the past.  Requested time 1757086058.088947 but the earliest data is at time 1757086077.809562, when looking up transform from frame [base_link] to frame [map]
[bt_navigator-6] 
[bt_navigator-6] [WARN] [1757086087.927242557] [BehaviorTreeEngine]: Behavior Tree tick rate 100.00 was exceeded!
[bt_navigator-6] [ERROR] [1757086088.029543571] [transformPoseInTargetFrame]: Extrapolation Error looking up target frame: Lookup would require extrapolation into the past.  Requested time 1757086058.088947 but the earliest data is at time 1757086077.909617, when looking up transform from frame [base_link] to frame [map]
[bt_navigator-6] 
[bt_navigator-6] [WARN] [1757086088.029759053] [BehaviorTreeEngine]: Behavior Tree tick rate 100.00 was exceeded!
[bt_navigator-6] [ERROR] [1757086088.131398050] [transformPoseInTargetFrame]: Extrapolation Error looking up target frame: Lookup would require extrapolation into the past.  Requested time 1757086058.088947 but the earliest data is at time 1757086078.009590, when looking up transform from frame [base_link] to frame [map]
[bt_navigator-6] 
[bt_navigator-6] [WARN] [1757086088.131640042] [BehaviorTreeEngine]: Behavior Tree tick rate 100.00 was exceeded!
[bt_navigator-6] [ERROR] [1757086088.233550874] [transformPoseInTargetFrame]: Extrapolation Error looking up target frame: Lookup would require extrapolation into the past.  Requested time 1757086058.088947 but the earliest data is at time 1757086078.209528, when looking up transform from frame [base_link] to frame [map]
[bt_navigator-6] 
[bt_navigator-6] [WARN] [1757086088.233750753] [BehaviorTreeEngine]: Behavior Tree tick rate 100.00 was exceeded!
[bt_navigator-6] [ERROR] [1757086088.335724384] [transformPoseInTargetFrame]: Extrapolation Error looking up target frame: Lookup would require extrapolation into the past.  Requested time 1757086058.088947 but the earliest data is at time 1757086078.209528, when looking up transform from frame [base_link] to frame [map]
[bt_navigator-6] 
[bt_navigator-6] [WARN] [1757086088.335934392] [BehaviorTreeEngine]: Behavior Tree tick rate 100.00 was exceeded!
[bt_navigator-6] [ERROR] [1757086088.437983284] [transformPoseInTargetFrame]: Extrapolation Error looking up target frame: Lookup would require extrapolation into the past.  Requested time 1757086058.088947 but the earliest data is at time 1757086078.359899, when looking up transform from frame [base_link] to frame [map]
[bt_navigator-6] 
[bt_navigator-6] [WARN] [1757086088.438206372] [BehaviorTreeEngine]: Behavior Tree tick rate 100.00 was exceeded!
[planner_server-4] [ERROR] [1757086088.464112224] [transformPoseInTargetFrame]: Extrapolation Error looking up target frame: Lookup would require extrapolation into the past.  Requested time 1757086058.088947 but the earliest data is at time 1757086078.359899, when looking up transform from frame [base_link] to frame [map]
[planner_server-4] 
[bt_navigator-6] [ERROR] [1757086088.540508933] [transformPoseInTargetFrame]: Extrapolation Error looking up target frame: Lookup would require extrapolation into the past.  Requested time 1757086058.088947 but the earliest data is at time 1757086078.470981, when looking up transform from frame [base_link] to frame [map]
[bt_navigator-6] 
[bt_navigator-6] [WARN] [1757086088.540752842] [BehaviorTreeEngine]: Behavior Tree tick rate 100.00 was exceeded!
[bt_navigator-6] [ERROR] [1757086088.642800563] [transformPoseInTargetFrame]: Extrapolation Error looking up target frame: Lookup would require extrapolation into the past.  Requested time 1757086058.088947 but the earliest data is at time 1757086078.560897, when looking up transform from frame [base_link] to frame [map]
[bt_navigator-6] 
[bt_navigator-6] [WARN] [1757086088.643013786] [BehaviorTreeEngine]: Behavior Tree tick rate 100.00 was exceeded!
[bt_navigator-6] [ERROR] [1757086088.744821328] [transformPoseInTargetFrame]: Extrapolation Error looking up target frame: Lookup would require extrapolation into the past.  Requested time 1757086058.088947 but the earliest data is at time 1757086078.659539, when looking up transform from frame [base_link] to frame [map]
[bt_navigator-6] 
[bt_navigator-6] [WARN] [1757086088.745048130] [BehaviorTreeEngine]: Behavior Tree tick rate 100.00 was exceeded!
[bt_navigator-6] [ERROR] [1757086088.846187192] [transformPoseInTargetFrame]: Extrapolation Error looking up target frame: Lookup would require extrapolation into the past.  Requested time 1757086058.088947 but the earliest data is at time 1757086078.809557, when looking up transform from frame [base_link] to frame [map]
[bt_navigator-6] 
[bt_navigator-6] [WARN] [1757086088.846373427] [BehaviorTreeEngine]: Behavior Tree tick rate 100.00 was exceeded!
[explore-10] [ERROR] [1757086088.907356274] [explore_node]: Extrapolation Error looking up robot pose: Lookup would require extrapolation at time 1757086088.604230, but only time 1757086058.088947 is in the buffer, when looking up transform from frame [base_link] to frame [map]
[explore-10] 
[bt_navigator-6] [ERROR] [1757086088.947639847] [transformPoseInTargetFrame]: Extrapolation Error looking up target frame: Lookup would require extrapolation into the past.  Requested time 1757086058.088947 but the earliest data is at time 1757086078.909542, when looking up transform from frame [base_link] to frame [map]
[bt_navigator-6] 
[bt_navigator-6] [WARN] [1757086088.947884425] [BehaviorTreeEngine]: Behavior Tree tick rate 100.00 was exceeded!
[bt_navigator-6] [ERROR] [1757086089.049583414] [transformPoseInTargetFrame]: Extrapolation Error looking up target frame: Lookup would require extrapolation into the past.  Requested time 1757086058.088947 but the earliest data is at time 1757086078.959563, when looking up transform from frame [base_link] to frame [map]
[bt_navigator-6] 
[bt_navigator-6] [WARN] [1757086089.049805463] [BehaviorTreeEngine]: Behavior Tree tick rate 100.00 was exceeded!
[bt_navigator-6] [ERROR] [1757086089.151024705] [transformPoseInTargetFrame]: Extrapolation Error looking up target frame: Lookup would require extrapolation into the past.  Requested time 1757086058.088947 but the earliest data is at time 1757086079.059646, when looking up transform from frame [base_link] to frame [map]
[bt_navigator-6] 
[bt_navigator-6] [WARN] [1757086089.151199597] [BehaviorTreeEngine]: Behavior Tree tick rate 100.00 was exceeded!
[bt_navigator-6] [ERROR] [1757086089.252728540] [transformPoseInTargetFrame]: Extrapolation Error looking up target frame: Lookup would require extrapolation into the past.  Requested time 1757086058.088947 but the earliest data is at time 1757086079.166874, when looking up transform from frame [base_link] to frame [map]
[bt_navigator-6] 
[bt_navigator-6] [WARN] [1757086089.252926239] [BehaviorTreeEngine]: Behavior Tree tick rate 100.00 was exceeded!
[bt_navigator-6] [ERROR] [1757086089.354425755] [transformPoseInTargetFrame]: Extrapolation Error looking up target frame: Lookup would require extrapolation into the past.  Requested time 1757086058.088947 but the earliest data is at time 1757086079.259536, when looking up transform from frame [base_link] to frame [map]
[bt_navigator-6] 
[bt_navigator-6] [WARN] [1757086089.354619851] [BehaviorTreeEngine]: Behavior Tree tick rate 100.00 was exceeded!
[bt_navigator-6] [ERROR] [1757086089.455709848] [transformPoseInTargetFrame]: Extrapolation Error looking up target frame: Lookup would require extrapolation into the past.  Requested time 1757086058.088947 but the earliest data is at time 1757086079.359535, when looking up transform from frame [base_link] to frame [map]
[bt_navigator-6] 
[bt_navigator-6] [WARN] [1757086089.455891069] [BehaviorTreeEngine]: Behavior Tree tick rate 100.00 was exceeded!
[planner_server-4] [ERROR] [1757086089.463302539] [transformPoseInTargetFrame]: Extrapolation Error looking up target frame: Lookup would require extrapolation into the past.  Requested time 1757086058.088947 but the earliest data is at time 1757086079.359535, when looking up transform from frame [base_link] to frame [map]
[planner_server-4] 
[bt_navigator-6] [ERROR] [1757086089.557206378] [transformPoseInTargetFrame]: Extrapolation Error looking up target frame: Lookup would require extrapolation into the past.  Requested time 1757086058.088947 but the earliest data is at time 1757086079.459527, when looking up transform from frame [base_link] to frame [map]
[bt_navigator-6] 
[bt_navigator-6] [WARN] [1757086089.557452225] [BehaviorTreeEngine]: Behavior Tree tick rate 100.00 was exceeded!
[bt_navigator-6] [ERROR] [1757086089.658753500] [transformPoseInTargetFrame]: Extrapolation Error looking up target frame: Lookup would require extrapolation into the past.  Requested time 1757086058.088947 but the earliest data is at time 1757086079.609692, when looking up transform from frame [base_link] to frame [map]
[bt_navigator-6] 
[bt_navigator-6] [WARN] [1757086089.658941518] [BehaviorTreeEngine]: Behavior Tree tick rate 100.00 was exceeded!
[bt_navigator-6] [ERROR] [1757086089.760318778] [transformPoseInTargetFrame]: Extrapolation Error looking up target frame: Lookup would require extrapolation into the past.  Requested time 1757086058.088947 but the earliest data is at time 1757086079.709791, when looking up transform from frame [base_link] to frame [map]
[bt_navigator-6] 
[bt_navigator-6] [WARN] [1757086089.760513355] [BehaviorTreeEngine]: Behavior Tree tick rate 100.00 was exceeded!
[bt_navigator-6] [ERROR] [1757086089.861611498] [transformPoseInTargetFrame]: Extrapolation Error looking up target frame: Lookup would require extrapolation into the past.  Requested time 1757086058.088947 but the earliest data is at time 1757086079.759994, when looking up transform from frame [base_link] to frame [map]
[bt_navigator-6] 
[bt_navigator-6] [WARN] [1757086089.861786137] [BehaviorTreeEngine]: Behavior Tree tick rate 100.00 was exceeded!
[bt_navigator-6] [ERROR] [1757086089.963133676] [transformPoseInTargetFrame]: Extrapolation Error looking up target frame: Lookup would require extrapolation into the past.  Requested time 1757086058.088947 but the earliest data is at time 1757086079.859533, when looking up transform from frame [base_link] to frame [map]
[bt_navigator-6] 
[bt_navigator-6] [WARN] [1757086089.963337437] [BehaviorTreeEngine]: Behavior Tree tick rate 100.00 was exceeded!
[bt_navigator-6] [ERROR] [1757086090.064402759] [transformPoseInTargetFrame]: Extrapolation Error looking up target frame: Lookup would require extrapolation into the past.  Requested time 1757086058.088947 but the earliest data is at time 1757086079.959543, when looking up transform from frame [base_link] to frame [map]
[bt_navigator-6] 
[bt_navigator-6] [WARN] [1757086090.064631755] [BehaviorTreeEngine]: Behavior Tree tick rate 100.00 was exceeded!
[explore-10] [ERROR] [1757086090.144521868] [explore_node]: Extrapolation Error looking up robot pose: Lookup would require extrapolation at time 1757086089.839290, but only time 1757086058.088947 is in the buffer, when looking up transform from frame [base_link] to frame [map]
[explore-10] 
[bt_navigator-6] [ERROR] [1757086090.166365513] [transformPoseInTargetFrame]: Extrapolation Error looking up target frame: Lookup would require extrapolation into the past.  Requested time 1757086058.088947 but the earliest data is at time 1757086080.159536, when looking up transform from frame [base_link] to frame [map]
[bt_navigator-6] 
[bt_navigator-6] [WARN] [1757086090.166544151] [BehaviorTreeEngine]: Behavior Tree tick rate 100.00 was exceeded!
[bt_navigator-6] [ERROR] [1757086090.268833757] [transformPoseInTargetFrame]: Extrapolation Error looking up target frame: Lookup would require extrapolation into the past.  Requested time 1757086058.088947 but the earliest data is at time 1757086080.159536, when looking up transform from frame [base_link] to frame [map]
[bt_navigator-6] 
[bt_navigator-6] [WARN] [1757086090.269075476] [BehaviorTreeEngine]: Behavior Tree tick rate 100.00 was exceeded!
[bt_navigator-6] [ERROR] [1757086090.371070256] [transformPoseInTargetFrame]: Extrapolation Error looking up target frame: Lookup would require extrapolation into the past.  Requested time 1757086058.088947 but the earliest data is at time 1757086080.359528, when looking up transform from frame [base_link] to frame [map]
[bt_navigator-6] 
[bt_navigator-6] [WARN] [1757086090.371303727] [BehaviorTreeEngine]: Behavior Tree tick rate 100.00 was exceeded!
[planner_server-4] [ERROR] [1757086090.463107483] [transformPoseInTargetFrame]: Extrapolation Error looking up target frame: Lookup would require extrapolation into the past.  Requested time 1757086058.088947 but the earliest data is at time 1757086080.359528, when looking up transform from frame [base_link] to frame [map]
[planner_server-4] 
[bt_navigator-6] [ERROR] [1757086090.472817411] [transformPoseInTargetFrame]: Extrapolation Error looking up target frame: Lookup would require extrapolation into the past.  Requested time 1757086058.088947 but the earliest data is at time 1757086080.459517, when looking up transform from frame [base_link] to frame [map]
[bt_navigator-6] 
[bt_navigator-6] [WARN] [1757086090.473006940] [BehaviorTreeEngine]: Behavior Tree tick rate 100.00 was exceeded!
[bt_navigator-6] [ERROR] [1757086090.574332946] [transformPoseInTargetFrame]: Extrapolation Error looking up target frame: Lookup would require extrapolation into the past.  Requested time 1757086058.088947 but the earliest data is at time 1757086080.559541, when looking up transform from frame [base_link] to frame [map]
[bt_navigator-6] 
[bt_navigator-6] [WARN] [1757086090.574500907] [BehaviorTreeEngine]: Behavior Tree tick rate 100.00 was exceeded!
[bt_navigator-6] [ERROR] [1757086090.675654815] [transformPoseInTargetFrame]: Extrapolation Error looking up target frame: Lookup would require extrapolation into the past.  Requested time 1757086058.088947 but the earliest data is at time 1757086080.559541, when looking up transform from frame [base_link] to frame [map]
[bt_navigator-6] 
[bt_navigator-6] [WARN] [1757086090.675837722] [BehaviorTreeEngine]: Behavior Tree tick rate 100.00 was exceeded!
[bt_navigator-6] [ERROR] [1757086090.777361184] [transformPoseInTargetFrame]: Extrapolation Error looking up target frame: Lookup would require extrapolation into the past.  Requested time 1757086058.088947 but the earliest data is at time 1757086080.759496, when looking up transform from frame [base_link] to frame [map]
[bt_navigator-6] 
[bt_navigator-6] [WARN] [1757086090.777601738] [BehaviorTreeEngine]: Behavior Tree tick rate 100.00 was exceeded!
[bt_navigator-6] [ERROR] [1757086090.879872210] [transformPoseInTargetFrame]: Extrapolation Error looking up target frame: Lookup would require extrapolation into the past.  Requested time 1757086058.088947 but the earliest data is at time 1757086080.859539, when looking up transform from frame [base_link] to frame [map]
[bt_navigator-6] 
[bt_navigator-6] [WARN] [1757086090.880123339] [BehaviorTreeEngine]: Behavior Tree tick rate 100.00 was exceeded!
[bt_navigator-6] [ERROR] [1757086090.981826024] [transformPoseInTargetFrame]: Extrapolation Error looking up target frame: Lookup would require extrapolation into the past.  Requested time 1757086058.088947 but the earliest data is at time 1757086080.859539, when looking up transform from frame [base_link] to frame [map]
[bt_navigator-6] 
[bt_navigator-6] [WARN] [1757086090.982035839] [BehaviorTreeEngine]: Behavior Tree tick rate 100.00 was exceeded!
[bt_navigator-6] [ERROR] [1757086091.084117820] [transformPoseInTargetFrame]: Extrapolation Error looking up target frame: Lookup would require extrapolation into the past.  Requested time 1757086058.088947 but the earliest data is at time 1757086081.059549, when looking up transform from frame [base_link] to frame [map]
[bt_navigator-6] 
[bt_navigator-6] [WARN] [1757086091.084256888] [BehaviorTreeEngine]: Behavior Tree tick rate 100.00 was exceeded!
[bt_navigator-6] [ERROR] [1757086091.186538084] [transformPoseInTargetFrame]: Extrapolation Error looking up target frame: Lookup would require extrapolation into the past.  Requested time 1757086058.088947 but the earliest data is at time 1757086081.159499, when looking up transform from frame [base_link] to frame [map]
[bt_navigator-6] 
[bt_navigator-6] [WARN] [1757086091.186740506] [BehaviorTreeEngine]: Behavior Tree tick rate 100.00 was exceeded!
[bt_navigator-6] [ERROR] [1757086091.288992927] [transformPoseInTargetFrame]: Extrapolation Error looking up target frame: Lookup would require extrapolation into the past.  Requested time 1757086058.088947 but the earliest data is at time 1757086081.259506, when looking up transform from frame [base_link] to frame [map]
[bt_navigator-6] 
[bt_navigator-6] [WARN] [1757086091.289238803] [BehaviorTreeEngine]: Behavior Tree tick rate 100.00 was exceeded!
[explore-10] [ERROR] [1757086091.380235622] [explore_node]: Extrapolation Error looking up robot pose: Lookup would require extrapolation at time 1757086091.074272, but only time 1757086058.088947 is in the buffer, when looking up transform from frame [base_link] to frame [map]
[explore-10] 
[bt_navigator-6] [ERROR] [1757086091.391048071] [transformPoseInTargetFrame]: Extrapolation Error looking up target frame: Lookup would require extrapolation into the past.  Requested time 1757086058.088947 but the earliest data is at time 1757086081.309518, when looking up transform from frame [base_link] to frame [map]
[bt_navigator-6] 
[bt_navigator-6] [WARN] [1757086091.391159417] [BehaviorTreeEngine]: Behavior Tree tick rate 100.00 was exceeded!
[planner_server-4] [ERROR] [1757086091.463320075] [transformPoseInTargetFrame]: Extrapolation Error looking up target frame: Lookup would require extrapolation into the past.  Requested time 1757086058.088947 but the earliest data is at time 1757086081.414819, when looking up transform from frame [base_link] to frame [map]
[planner_server-4] 
[bt_navigator-6] [ERROR] [1757086091.492563040] [transformPoseInTargetFrame]: Extrapolation Error looking up target frame: Lookup would require extrapolation into the past.  Requested time 1757086058.088947 but the earliest data is at time 1757086081.414819, when looking up transform from frame [base_link] to frame [map]
[bt_navigator-6] 
[bt_navigator-6] [WARN] [1757086091.492801803] [BehaviorTreeEngine]: Behavior Tree tick rate 100.00 was exceeded!
[bt_navigator-6] [ERROR] [1757086091.594568573] [transformPoseInTargetFrame]: Extrapolation Error looking up target frame: Lookup would require extrapolation into the past.  Requested time 1757086058.088947 but the earliest data is at time 1757086081.559503, when looking up transform from frame [base_link] to frame [map]
[bt_navigator-6] 
[bt_navigator-6] [WARN] [1757086091.594811147] [BehaviorTreeEngine]: Behavior Tree tick rate 100.00 was exceeded!
[bt_navigator-6] [ERROR] [1757086091.696543652] [transformPoseInTargetFrame]: Extrapolation Error looking up target frame: Lookup would require extrapolation into the past.  Requested time 1757086058.088947 but the earliest data is at time 1757086081.609585, when looking up transform from frame [base_link] to frame [map]
[bt_navigator-6] 
[bt_navigator-6] [WARN] [1757086091.696752484] [BehaviorTreeEngine]: Behavior Tree tick rate 100.00 was exceeded!
[bt_navigator-6] [ERROR] [1757086091.798009917] [transformPoseInTargetFrame]: Extrapolation Error looking up target frame: Lookup would require extrapolation into the past.  Requested time 1757086058.088947 but the earliest data is at time 1757086081.759580, when looking up transform from frame [base_link] to frame [map]
[bt_navigator-6] 
[bt_navigator-6] [WARN] [1757086091.798210633] [BehaviorTreeEngine]: Behavior Tree tick rate 100.00 was exceeded!
[bt_navigator-6] [ERROR] [1757086091.899547012] [transformPoseInTargetFrame]: Extrapolation Error looking up target frame: Lookup would require extrapolation into the past.  Requested time 1757086058.088947 but the earliest data is at time 1757086081.759580, when looking up transform from frame [base_link] to frame [map]
[bt_navigator-6] 
[bt_navigator-6] [WARN] [1757086091.899760650] [BehaviorTreeEngine]: Behavior Tree tick rate 100.00 was exceeded!
[bt_navigator-6] [ERROR] [1757086092.001053677] [transformPoseInTargetFrame]: Extrapolation Error looking up target frame: Lookup would require extrapolation into the past.  Requested time 1757086058.088947 but the earliest data is at time 1757086081.959576, when looking up transform from frame [base_link] to frame [map]
[bt_navigator-6] 
[bt_navigator-6] [WARN] [1757086092.001277085] [BehaviorTreeEngine]: Behavior Tree tick rate 100.00 was exceeded!
[bt_navigator-6] [ERROR] [1757086092.102678310] [transformPoseInTargetFrame]: Extrapolation Error looking up target frame: Lookup would require extrapolation into the past.  Requested time 1757086058.088947 but the earliest data is at time 1757086081.959576, when looking up transform from frame [base_link] to frame [map]
[bt_navigator-6] 
[bt_navigator-6] [WARN] [1757086092.102894716] [BehaviorTreeEngine]: Behavior Tree tick rate 100.00 was exceeded!
[bt_navigator-6] [ERROR] [1757086092.204118621] [transformPoseInTargetFrame]: Extrapolation Error looking up target frame: Lookup would require extrapolation into the past.  Requested time 1757086058.088947 but the earliest data is at time 1757086082.110758, when looking up transform from frame [base_link] to frame [map]
[bt_navigator-6] 
[bt_navigator-6] [WARN] [1757086092.204283855] [BehaviorTreeEngine]: Behavior Tree tick rate 100.00 was exceeded!
[bt_navigator-6] [ERROR] [1757086092.305261971] [transformPoseInTargetFrame]: Extrapolation Error looking up target frame: Lookup would require extrapolation into the past.  Requested time 1757086058.088947 but the earliest data is at time 1757086082.209584, when looking up transform from frame [base_link] to frame [map]
[bt_navigator-6] 
[bt_navigator-6] [WARN] [1757086092.305366756] [BehaviorTreeEngine]: Behavior Tree tick rate 100.00 was exceeded!
[bt_navigator-6] [ERROR] [1757086092.406243279] [transformPoseInTargetFrame]: Extrapolation Error looking up target frame: Lookup would require extrapolation into the past.  Requested time 1757086058.088947 but the earliest data is at time 1757086082.309878, when looking up transform from frame [base_link] to frame [map]
[bt_navigator-6] 
[bt_navigator-6] [WARN] [1757086092.406351476] [BehaviorTreeEngine]: Behavior Tree tick rate 100.00 was exceeded!
[planner_server-4] [ERROR] [1757086092.462706192] [transformPoseInTargetFrame]: Extrapolation Error looking up target frame: Lookup would require extrapolation into the past.  Requested time 1757086058.088947 but the earliest data is at time 1757086082.309878, when looking up transform from frame [base_link] to frame [map]
[planner_server-4] 
[bt_navigator-6] [ERROR] [1757086092.507253428] [transformPoseInTargetFrame]: Extrapolation Error looking up target frame: Lookup would require extrapolation into the past.  Requested time 1757086058.088947 but the earliest data is at time 1757086082.409570, when looking up transform from frame [base_link] to frame [map]
[bt_navigator-6] 
[bt_navigator-6] [WARN] [1757086092.507325602] [BehaviorTreeEngine]: Behavior Tree tick rate 100.00 was exceeded!
[explore-10] [ERROR] [1757086092.605918696] [explore_node]: Extrapolation Error looking up robot pose: Lookup would require extrapolation at time 1757086092.303725, but only time 1757086058.088947 is in the buffer, when looking up transform from frame [base_link] to frame [map]
[explore-10] 
[bt_navigator-6] [ERROR] [1757086092.608121790] [transformPoseInTargetFrame]: Extrapolation Error looking up target frame: Lookup would require extrapolation into the past.  Requested time 1757086058.088947 but the earliest data is at time 1757086082.559593, when looking up transform from frame [base_link] to frame [map]
[bt_navigator-6] 
[bt_navigator-6] [WARN] [1757086092.608169434] [BehaviorTreeEngine]: Behavior Tree tick rate 100.00 was exceeded!
[bt_navigator-6] [ERROR] [1757086092.708823669] [transformPoseInTargetFrame]: Extrapolation Error looking up target frame: Lookup would require extrapolation into the past.  Requested time 1757086058.088947 but the earliest data is at time 1757086082.659973, when looking up transform from frame [base_link] to frame [map]
[bt_navigator-6] 
[bt_navigator-6] [WARN] [1757086092.708898317] [BehaviorTreeEngine]: Behavior Tree tick rate 100.00 was exceeded!
[bt_navigator-6] [ERROR] [1757086092.809585666] [transformPoseInTargetFrame]: Extrapolation Error looking up target frame: Lookup would require extrapolation into the past.  Requested time 1757086058.088947 but the earliest data is at time 1757086082.759511, when looking up transform from frame [base_link] to frame [map]
[bt_navigator-6] 
[bt_navigator-6] [WARN] [1757086092.809639242] [BehaviorTreeEngine]: Behavior Tree tick rate 100.00 was exceeded!
[bt_navigator-6] [ERROR] [1757086092.910428924] [transformPoseInTargetFrame]: Extrapolation Error looking up target frame: Lookup would require extrapolation into the past.  Requested time 1757086058.088947 but the earliest data is at time 1757086082.859572, when looking up transform from frame [base_link] to frame [map]
[bt_navigator-6] 
[bt_navigator-6] [WARN] [1757086092.910501949] [BehaviorTreeEngine]: Behavior Tree tick rate 100.00 was exceeded!
[bt_navigator-6] [ERROR] [1757086093.011740443] [transformPoseInTargetFrame]: Extrapolation Error looking up target frame: Lookup would require extrapolation into the past.  Requested time 1757086058.088947 but the earliest data is at time 1757086082.859572, when looking up transform from frame [base_link] to frame [map]
[bt_navigator-6] 
[bt_navigator-6] [WARN] [1757086093.011821058] [BehaviorTreeEngine]: Behavior Tree tick rate 100.00 was exceeded!
[bt_navigator-6] [ERROR] [1757086093.112919809] [transformPoseInTargetFrame]: Extrapolation Error looking up target frame: Lookup would require extrapolation into the past.  Requested time 1757086058.088947 but the earliest data is at time 1757086083.059524, when looking up transform from frame [base_link] to frame [map]
[bt_navigator-6] 
[bt_navigator-6] [WARN] [1757086093.113004127] [BehaviorTreeEngine]: Behavior Tree tick rate 100.00 was exceeded!
[bt_navigator-6] [ERROR] [1757086093.214559316] [transformPoseInTargetFrame]: Extrapolation Error looking up target frame: Lookup would require extrapolation into the past.  Requested time 1757086058.088947 but the earliest data is at time 1757086083.110945, when looking up transform from frame [base_link] to frame [map]
[bt_navigator-6] 
[bt_navigator-6] [WARN] [1757086093.214807739] [BehaviorTreeEngine]: Behavior Tree tick rate 100.00 was exceeded!
[bt_navigator-6] [ERROR] [1757086093.316379577] [transformPoseInTargetFrame]: Extrapolation Error looking up target frame: Lookup would require extrapolation into the past.  Requested time 1757086058.088947 but the earliest data is at time 1757086083.209533, when looking up transform from frame [base_link] to frame [map]
[bt_navigator-6] 
[bt_navigator-6] [WARN] [1757086093.316582716] [BehaviorTreeEngine]: Behavior Tree tick rate 100.00 was exceeded!
[bt_navigator-6] [ERROR] [1757086093.418371555] [transformPoseInTargetFrame]: Extrapolation Error looking up target frame: Lookup would require extrapolation into the past.  Requested time 1757086058.088947 but the earliest data is at time 1757086083.359502, when looking up transform from frame [base_link] to frame [map]
[bt_navigator-6] 
[bt_navigator-6] [WARN] [1757086093.418586846] [BehaviorTreeEngine]: Behavior Tree tick rate 100.00 was exceeded!
[planner_server-4] [ERROR] [1757086093.464235542] [transformPoseInTargetFrame]: Extrapolation Error looking up target frame: Lookup would require extrapolation into the past.  Requested time 1757086058.088947 but the earliest data is at time 1757086083.409555, when looking up transform from frame [base_link] to frame [map]
[planner_server-4] 
[bt_navigator-6] [ERROR] [1757086093.519851194] [transformPoseInTargetFrame]: Extrapolation Error looking up target frame: Lookup would require extrapolation into the past.  Requested time 1757086058.088947 but the earliest data is at time 1757086083.409555, when looking up transform from frame [base_link] to frame [map]
[bt_navigator-6] 
[bt_navigator-6] [WARN] [1757086093.520057985] [BehaviorTreeEngine]: Behavior Tree tick rate 100.00 was exceeded!
[bt_navigator-6] [ERROR] [1757086093.621435520] [transformPoseInTargetFrame]: Extrapolation Error looking up target frame: Lookup would require extrapolation into the past.  Requested time 1757086058.088947 but the earliest data is at time 1757086083.509579, when looking up transform from frame [base_link] to frame [map]
[bt_navigator-6] 
[bt_navigator-6] [WARN] [1757086093.621662669] [BehaviorTreeEngine]: Behavior Tree tick rate 100.00 was exceeded!
[bt_navigator-6] [ERROR] [1757086093.722792629] [transformPoseInTargetFrame]: Extrapolation Error looking up target frame: Lookup would require extrapolation into the past.  Requested time 1757086058.088947 but the earliest data is at time 1757086083.659510, when looking up transform from frame [base_link] to frame [map]
[bt_navigator-6] 
[bt_navigator-6] [WARN] [1757086093.722866054] [BehaviorTreeEngine]: Behavior Tree tick rate 100.00 was exceeded!
[bt_navigator-6] [ERROR] [1757086093.823784702] [transformPoseInTargetFrame]: Extrapolation Error looking up target frame: Lookup would require extrapolation into the past.  Requested time 1757086058.088947 but the earliest data is at time 1757086083.659510, when looking up transform from frame [base_link] to frame [map]
[bt_navigator-6] 
[bt_navigator-6] [WARN] [1757086093.823886753] [BehaviorTreeEngine]: Behavior Tree tick rate 100.00 was exceeded!
[explore-10] [ERROR] [1757086093.826575678] [explore_node]: Extrapolation Error looking up robot pose: Lookup would require extrapolation at time 1757086093.523370, but only time 1757086058.088947 is in the buffer, when looking up transform from frame [base_link] to frame [map]
[explore-10] 
[bt_navigator-6] [ERROR] [1757086093.925022313] [transformPoseInTargetFrame]: Extrapolation Error looking up target frame: Lookup would require extrapolation into the past.  Requested time 1757086058.088947 but the earliest data is at time 1757086083.659510, when looking up transform from frame [base_link] to frame [map]
[bt_navigator-6] 
[bt_navigator-6] [WARN] [1757086093.925204976] [BehaviorTreeEngine]: Behavior Tree tick rate 100.00 was exceeded!
[bt_navigator-6] [ERROR] [1757086094.026412366] [transformPoseInTargetFrame]: Extrapolation Error looking up target frame: Lookup would require extrapolation into the past.  Requested time 1757086058.088947 but the earliest data is at time 1757086083.909574, when looking up transform from frame [base_link] to frame [map]
[bt_navigator-6] 
[bt_navigator-6] [WARN] [1757086094.026493225] [BehaviorTreeEngine]: Behavior Tree tick rate 100.00 was exceeded!
[bt_navigator-6] [ERROR] [1757086094.127884001] [transformPoseInTargetFrame]: Extrapolation Error looking up target frame: Lookup would require extrapolation into the past.  Requested time 1757086058.088947 but the earliest data is at time 1757086084.009566, when looking up transform from frame [base_link] to frame [map]
[bt_navigator-6] 
[bt_navigator-6] [WARN] [1757086094.127989724] [BehaviorTreeEngine]: Behavior Tree tick rate 100.00 was exceeded!
[bt_navigator-6] [ERROR] [1757086094.228931884] [transformPoseInTargetFrame]: Extrapolation Error looking up target frame: Lookup would require extrapolation into the past.  Requested time 1757086058.088947 but the earliest data is at time 1757086084.159554, when looking up transform from frame [base_link] to frame [map]
[bt_navigator-6] 
[bt_navigator-6] [WARN] [1757086094.229016535] [BehaviorTreeEngine]: Behavior Tree tick rate 100.00 was exceeded!
[bt_navigator-6] [ERROR] [1757086094.329877772] [transformPoseInTargetFrame]: Extrapolation Error looking up target frame: Lookup would require extrapolation into the past.  Requested time 1757086058.088947 but the earliest data is at time 1757086084.209567, when looking up transform from frame [base_link] to frame [map]
[bt_navigator-6] 
[bt_navigator-6] [WARN] [1757086094.330014727] [BehaviorTreeEngine]: Behavior Tree tick rate 100.00 was exceeded!
[bt_navigator-6] [ERROR] [1757086094.431133482] [transformPoseInTargetFrame]: Extrapolation Error looking up target frame: Lookup would require extrapolation into the past.  Requested time 1757086058.088947 but the earliest data is at time 1757086084.309709, when looking up transform from frame [base_link] to frame [map]
[bt_navigator-6] 
[bt_navigator-6] [WARN] [1757086094.431327378] [BehaviorTreeEngine]: Behavior Tree tick rate 100.00 was exceeded!
[planner_server-4] [ERROR] [1757086094.463159829] [transformPoseInTargetFrame]: Extrapolation Error looking up target frame: Lookup would require extrapolation into the past.  Requested time 1757086058.088947 but the earliest data is at time 1757086084.309709, when looking up transform from frame [base_link] to frame [map]
[planner_server-4] 
[bt_navigator-6] [ERROR] [1757086094.532553856] [transformPoseInTargetFrame]: Extrapolation Error looking up target frame: Lookup would require extrapolation into the past.  Requested time 1757086058.088947 but the earliest data is at time 1757086084.309709, when looking up transform from frame [base_link] to frame [map]
[bt_navigator-6] 
[bt_navigator-6] [WARN] [1757086094.532701151] [BehaviorTreeEngine]: Behavior Tree tick rate 100.00 was exceeded!
[bt_navigator-6] [ERROR] [1757086094.633938688] [transformPoseInTargetFrame]: Extrapolation Error looking up target frame: Lookup would require extrapolation into the past.  Requested time 1757086058.088947 but the earliest data is at time 1757086084.309709, when looking up transform from frame [base_link] to frame [map]
[bt_navigator-6] 
[bt_navigator-6] [WARN] [1757086094.634126920] [BehaviorTreeEngine]: Behavior Tree tick rate 100.00 was exceeded!
[bt_navigator-6] [ERROR] [1757086094.735434965] [transformPoseInTargetFrame]: Extrapolation Error looking up target frame: Lookup would require extrapolation into the past.  Requested time 1757086058.088947 but the earliest data is at time 1757086084.309709, when looking up transform from frame [base_link] to frame [map]
[bt_navigator-6] 
[bt_navigator-6] [WARN] [1757086094.735682827] [BehaviorTreeEngine]: Behavior Tree tick rate 100.00 was exceeded!
[bt_navigator-6] [ERROR] [1757086094.837653382] [transformPoseInTargetFrame]: Extrapolation Error looking up target frame: Lookup would require extrapolation into the past.  Requested time 1757086058.088947 but the earliest data is at time 1757086084.309709, when looking up transform from frame [base_link] to frame [map]
[bt_navigator-6] 
[bt_navigator-6] [WARN] [1757086094.837903116] [BehaviorTreeEngine]: Behavior Tree tick rate 100.00 was exceeded!
[bt_navigator-6] [ERROR] [1757086094.940387094] [transformPoseInTargetFrame]: Extrapolation Error looking up target frame: Lookup would require extrapolation into the past.  Requested time 1757086058.088947 but the earliest data is at time 1757086084.309709, when looking up transform from frame [base_link] to frame [map]
[bt_navigator-6] 
[bt_navigator-6] [WARN] [1757086094.940568643] [BehaviorTreeEngine]: Behavior Tree tick rate 100.00 was exceeded!
[bt_navigator-6] [ERROR] [1757086095.042797776] [transformPoseInTargetFrame]: Extrapolation Error looking up target frame: Lookup would require extrapolation into the past.  Requested time 1757086058.088947 but the earliest data is at time 1757086084.359578, when looking up transform from frame [base_link] to frame [map]
[bt_navigator-6] 
[bt_navigator-6] [WARN] [1757086095.043088007] [BehaviorTreeEngine]: Behavior Tree tick rate 100.00 was exceeded!
[explore-10] [ERROR] [1757086095.051104139] [explore_node]: Extrapolation Error looking up robot pose: Lookup would require extrapolation into the future.  Requested time 1757086094.747253 but the latest data is at time 1757086094.409514, when looking up transform from frame [base_link] to frame [map]
[explore-10] 
[bt_navigator-6] [ERROR] [1757086095.145751584] [transformPoseInTargetFrame]: Extrapolation Error looking up target frame: Lookup would require extrapolation into the past.  Requested time 1757086058.088947 but the earliest data is at time 1757086084.359578, when looking up transform from frame [base_link] to frame [map]
[bt_navigator-6] 
[bt_navigator-6] [WARN] [1757086095.146053201] [BehaviorTreeEngine]: Behavior Tree tick rate 100.00 was exceeded!
[bt_navigator-6] [ERROR] [1757086095.247580977] [transformPoseInTargetFrame]: Extrapolation Error looking up target frame: Lookup would require extrapolation into the past.  Requested time 1757086058.088947 but the earliest data is at time 1757086084.359578, when looking up transform from frame [base_link] to frame [map]
[bt_navigator-6] 
[bt_navigator-6] [WARN] [1757086095.247800761] [BehaviorTreeEngine]: Behavior Tree tick rate 100.00 was exceeded!
[bt_navigator-6] [ERROR] [1757086095.349817910] [transformPoseInTargetFrame]: Extrapolation Error looking up target frame: Lookup would require extrapolation into the past.  Requested time 1757086058.088947 but the earliest data is at time 1757086084.359578, when looking up transform from frame [base_link] to frame [map]
[bt_navigator-6] 
[bt_navigator-6] [WARN] [1757086095.350057526] [BehaviorTreeEngine]: Behavior Tree tick rate 100.00 was exceeded!
[bt_navigator-6] [ERROR] [1757086095.451246671] [transformPoseInTargetFrame]: Extrapolation Error looking up target frame: Lookup would require extrapolation into the past.  Requested time 1757086058.088947 but the earliest data is at time 1757086084.959582, when looking up transform from frame [base_link] to frame [map]
[bt_navigator-6] 
[bt_navigator-6] [WARN] [1757086095.451328975] [BehaviorTreeEngine]: Behavior Tree tick rate 100.00 was exceeded!
[planner_server-4] [ERROR] [1757086095.464836836] [transformPoseInTargetFrame]: Extrapolation Error looking up target frame: Lookup would require extrapolation into the past.  Requested time 1757086058.088947 but the earliest data is at time 1757086085.409525, when looking up transform from frame [base_link] to frame [map]
[planner_server-4] 
[bt_navigator-6] [ERROR] [1757086095.552235257] [transformPoseInTargetFrame]: Extrapolation Error looking up target frame: Lookup would require extrapolation into the past.  Requested time 1757086058.088947 but the earliest data is at time 1757086085.459503, when looking up transform from frame [base_link] to frame [map]
[bt_navigator-6] 
[bt_navigator-6] [WARN] [1757086095.552421281] [BehaviorTreeEngine]: Behavior Tree tick rate 100.00 was exceeded!
[bt_navigator-6] [ERROR] [1757086095.653623729] [transformPoseInTargetFrame]: Extrapolation Error looking up target frame: Lookup would require extrapolation into the past.  Requested time 1757086058.088947 but the earliest data is at time 1757086085.559536, when looking up transform from frame [base_link] to frame [map]
[bt_navigator-6] 
[bt_navigator-6] [WARN] [1757086095.653780423] [BehaviorTreeEngine]: Behavior Tree tick rate 100.00 was exceeded!
[bt_navigator-6] [ERROR] [1757086095.754856674] [transformPoseInTargetFrame]: Extrapolation Error looking up target frame: Lookup would require extrapolation into the past.  Requested time 1757086058.088947 but the earliest data is at time 1757086085.559536, when looking up transform from frame [base_link] to frame [map]
[bt_navigator-6] 
[bt_navigator-6] [WARN] [1757086095.755103831] [BehaviorTreeEngine]: Behavior Tree tick rate 100.00 was exceeded!
[bt_navigator-6] [ERROR] [1757086095.856205191] [transformPoseInTargetFrame]: Extrapolation Error looking up target frame: Lookup would require extrapolation into the past.  Requested time 1757086058.088947 but the earliest data is at time 1757086085.759526, when looking up transform from frame [base_link] to frame [map]
[bt_navigator-6] 
[bt_navigator-6] [WARN] [1757086095.856381339] [BehaviorTreeEngine]: Behavior Tree tick rate 100.00 was exceeded!
[bt_navigator-6] [ERROR] [1757086095.958642962] [transformPoseInTargetFrame]: Extrapolation Error looking up target frame: Lookup would require extrapolation into the past.  Requested time 1757086058.088947 but the earliest data is at time 1757086085.859573, when looking up transform from frame [base_link] to frame [map]
[bt_navigator-6] 
[bt_navigator-6] [WARN] [1757086095.958847500] [BehaviorTreeEngine]: Behavior Tree tick rate 100.00 was exceeded!
[bt_navigator-6] [ERROR] [1757086096.060644232] [transformPoseInTargetFrame]: Extrapolation Error looking up target frame: Lookup would require extrapolation into the past.  Requested time 1757086058.088947 but the earliest data is at time 1757086086.009505, when looking up transform from frame [base_link] to frame [map]
[bt_navigator-6] 
[bt_navigator-6] [WARN] [1757086096.060849188] [BehaviorTreeEngine]: Behavior Tree tick rate 100.00 was exceeded!
[bt_navigator-6] [ERROR] [1757086096.161984771] [transformPoseInTargetFrame]: Extrapolation Error looking up target frame: Lookup would require extrapolation into the past.  Requested time 1757086058.088947 but the earliest data is at time 1757086086.109763, when looking up transform from frame [base_link] to frame [map]
[bt_navigator-6] 
[bt_navigator-6] [WARN] [1757086096.162169540] [BehaviorTreeEngine]: Behavior Tree tick rate 100.00 was exceeded!
[bt_navigator-6] [ERROR] [1757086096.263288901] [transformPoseInTargetFrame]: Extrapolation Error looking up target frame: Lookup would require extrapolation into the past.  Requested time 1757086058.088947 but the earliest data is at time 1757086086.159534, when looking up transform from frame [base_link] to frame [map]
[bt_navigator-6] 
[bt_navigator-6] [WARN] [1757086096.263481224] [BehaviorTreeEngine]: Behavior Tree tick rate 100.00 was exceeded!
[explore-10] [ERROR] [1757086096.282111132] [explore_node]: Extrapolation Error looking up robot pose: Lookup would require extrapolation at time 1757086095.977507, but only time 1757086058.088947 is in the buffer, when looking up transform from frame [base_link] to frame [map]
[explore-10] 
[bt_navigator-6] [ERROR] [1757086096.364621312] [transformPoseInTargetFrame]: Extrapolation Error looking up target frame: Lookup would require extrapolation into the past.  Requested time 1757086058.088947 but the earliest data is at time 1757086086.259629, when looking up transform from frame [base_link] to frame [map]
[bt_navigator-6] 
[bt_navigator-6] [WARN] [1757086096.364815267] [BehaviorTreeEngine]: Behavior Tree tick rate 100.00 was exceeded!
[planner_server-4] [ERROR] [1757086096.463703068] [transformPoseInTargetFrame]: Extrapolation Error looking up target frame: Lookup would require extrapolation into the past.  Requested time 1757086058.088947 but the earliest data is at time 1757086086.409496, when looking up transform from frame [base_link] to frame [map]
[planner_server-4] 
[bt_navigator-6] [ERROR] [1757086096.465901741] [transformPoseInTargetFrame]: Extrapolation Error looking up target frame: Lookup would require extrapolation into the past.  Requested time 1757086058.088947 but the earliest data is at time 1757086086.409496, when looking up transform from frame [base_link] to frame [map]
[bt_navigator-6] 
[bt_navigator-6] [WARN] [1757086096.466080718] [BehaviorTreeEngine]: Behavior Tree tick rate 100.00 was exceeded!
[bt_navigator-6] [ERROR] [1757086096.567195768] [transformPoseInTargetFrame]: Extrapolation Error looking up target frame: Lookup would require extrapolation into the past.  Requested time 1757086058.088947 but the earliest data is at time 1757086086.459528, when looking up transform from frame [base_link] to frame [map]
[bt_navigator-6] 
[bt_navigator-6] [WARN] [1757086096.567351723] [BehaviorTreeEngine]: Behavior Tree tick rate 100.00 was exceeded!
[bt_navigator-6] [ERROR] [1757086096.668729071] [transformPoseInTargetFrame]: Extrapolation Error looking up target frame: Lookup would require extrapolation into the past.  Requested time 1757086058.088947 but the earliest data is at time 1757086086.659576, when looking up transform from frame [base_link] to frame [map]
[bt_navigator-6] 
[bt_navigator-6] [WARN] [1757086096.668877327] [BehaviorTreeEngine]: Behavior Tree tick rate 100.00 was exceeded!
[bt_navigator-6] [ERROR] [1757086096.770111487] [transformPoseInTargetFrame]: Extrapolation Error looking up target frame: Lookup would require extrapolation into the past.  Requested time 1757086058.088947 but the earliest data is at time 1757086086.759497, when looking up transform from frame [base_link] to frame [map]
[bt_navigator-6] 
[bt_navigator-6] [WARN] [1757086096.770332476] [BehaviorTreeEngine]: Behavior Tree tick rate 100.00 was exceeded!
[bt_navigator-6] [ERROR] [1757086096.871629459] [transformPoseInTargetFrame]: Extrapolation Error looking up target frame: Lookup would require extrapolation into the past.  Requested time 1757086058.088947 but the earliest data is at time 1757086086.759497, when looking up transform from frame [base_link] to frame [map]
[bt_navigator-6] 
[bt_navigator-6] [WARN] [1757086096.871780954] [BehaviorTreeEngine]: Behavior Tree tick rate 100.00 was exceeded!
[bt_navigator-6] [ERROR] [1757086096.973728944] [transformPoseInTargetFrame]: Extrapolation Error looking up target frame: Lookup would require extrapolation into the past.  Requested time 1757086058.088947 but the earliest data is at time 1757086086.909539, when looking up transform from frame [base_link] to frame [map]
[bt_navigator-6] 
[bt_navigator-6] [WARN] [1757086096.973977802] [BehaviorTreeEngine]: Behavior Tree tick rate 100.00 was exceeded!
[bt_navigator-6] [ERROR] [1757086097.076273037] [transformPoseInTargetFrame]: Extrapolation Error looking up target frame: Lookup would require extrapolation into the past.  Requested time 1757086058.088947 but the earliest data is at time 1757086087.009672, when looking up transform from frame [base_link] to frame [map]
[bt_navigator-6] 
[bt_navigator-6] [WARN] [1757086097.076481592] [BehaviorTreeEngine]: Behavior Tree tick rate 100.00 was exceeded!
[bt_navigator-6] [ERROR] [1757086097.178429063] [transformPoseInTargetFrame]: Extrapolation Error looking up target frame: Lookup would require extrapolation into the past.  Requested time 1757086058.088947 but the earliest data is at time 1757086087.159496, when looking up transform from frame [base_link] to frame [map]
[bt_navigator-6] 
[bt_navigator-6] [WARN] [1757086097.178625450] [BehaviorTreeEngine]: Behavior Tree tick rate 100.00 was exceeded!
[bt_navigator-6] [ERROR] [1757086097.279933075] [transformPoseInTargetFrame]: Extrapolation Error looking up target frame: Lookup would require extrapolation into the past.  Requested time 1757086058.088947 but the earliest data is at time 1757086087.259601, when looking up transform from frame [base_link] to frame [map]
[bt_navigator-6] 
[bt_navigator-6] [WARN] [1757086097.280114719] [BehaviorTreeEngine]: Behavior Tree tick rate 100.00 was exceeded!
[bt_navigator-6] [ERROR] [1757086097.381218139] [transformPoseInTargetFrame]: Extrapolation Error looking up target frame: Lookup would require extrapolation into the past.  Requested time 1757086058.088947 but the earliest data is at time 1757086087.259601, when looking up transform from frame [base_link] to frame [map]
[bt_navigator-6] 
[bt_navigator-6] [WARN] [1757086097.381355440] [BehaviorTreeEngine]: Behavior Tree tick rate 100.00 was exceeded!
[planner_server-4] [ERROR] [1757086097.464429477] [transformPoseInTargetFrame]: Extrapolation Error looking up target frame: Lookup would require extrapolation into the past.  Requested time 1757086058.088947 but the earliest data is at time 1757086087.359543, when looking up transform from frame [base_link] to frame [map]
[planner_server-4] 
[bt_navigator-6] [ERROR] [1757086097.483498724] [transformPoseInTargetFrame]: Extrapolation Error looking up target frame: Lookup would require extrapolation into the past.  Requested time 1757086058.088947 but the earliest data is at time 1757086087.459650, when looking up transform from frame [base_link] to frame [map]
[bt_navigator-6] 
[bt_navigator-6] [WARN] [1757086097.483681519] [BehaviorTreeEngine]: Behavior Tree tick rate 100.00 was exceeded!
[explore-10] [ERROR] [1757086097.515561098] [explore_node]: Extrapolation Error looking up robot pose: Lookup would require extrapolation at time 1757086097.211547, but only time 1757086058.088947 is in the buffer, when looking up transform from frame [base_link] to frame [map]
[explore-10] 
[bt_navigator-6] [ERROR] [1757086097.585089954] [transformPoseInTargetFrame]: Extrapolation Error looking up target frame: Lookup would require extrapolation into the past.  Requested time 1757086058.088947 but the earliest data is at time 1757086087.459650, when looking up transform from frame [base_link] to frame [map]
[bt_navigator-6] 
[bt_navigator-6] [WARN] [1757086097.585223645] [BehaviorTreeEngine]: Behavior Tree tick rate 100.00 was exceeded!
[bt_navigator-6] [ERROR] [1757086097.686645328] [transformPoseInTargetFrame]: Extrapolation Error looking up target frame: Lookup would require extrapolation into the past.  Requested time 1757086058.088947 but the earliest data is at time 1757086087.609745, when looking up transform from frame [base_link] to frame [map]
[bt_navigator-6] 
[bt_navigator-6] [WARN] [1757086097.686770514] [BehaviorTreeEngine]: Behavior Tree tick rate 100.00 was exceeded!
[bt_navigator-6] [ERROR] [1757086097.788288027] [transformPoseInTargetFrame]: Extrapolation Error looking up target frame: Lookup would require extrapolation into the past.  Requested time 1757086058.088947 but the earliest data is at time 1757086087.659680, when looking up transform from frame [base_link] to frame [map]
[bt_navigator-6] 
[bt_navigator-6] [WARN] [1757086097.788515423] [BehaviorTreeEngine]: Behavior Tree tick rate 100.00 was exceeded!
[bt_navigator-6] [ERROR] [1757086097.890648706] [transformPoseInTargetFrame]: Extrapolation Error looking up target frame: Lookup would require extrapolation into the past.  Requested time 1757086058.088947 but the earliest data is at time 1757086087.859503, when looking up transform from frame [base_link] to frame [map]
[bt_navigator-6] 
[bt_navigator-6] [WARN] [1757086097.890862300] [BehaviorTreeEngine]: Behavior Tree tick rate 100.00 was exceeded!
[bt_navigator-6] [ERROR] [1757086097.993053443] [transformPoseInTargetFrame]: Extrapolation Error looking up target frame: Lookup would require extrapolation into the past.  Requested time 1757086058.088947 but the earliest data is at time 1757086087.859503, when looking up transform from frame [base_link] to frame [map]
[bt_navigator-6] 
[bt_navigator-6] [WARN] [1757086097.993133514] [BehaviorTreeEngine]: Behavior Tree tick rate 100.00 was exceeded!
[bt_navigator-6] [ERROR] [1757086098.095058847] [transformPoseInTargetFrame]: Extrapolation Error looking up target frame: Lookup would require extrapolation into the past.  Requested time 1757086058.088947 but the earliest data is at time 1757086088.059572, when looking up transform from frame [base_link] to frame [map]
[bt_navigator-6] 
[bt_navigator-6] [WARN] [1757086098.095269453] [BehaviorTreeEngine]: Behavior Tree tick rate 100.00 was exceeded!
[bt_navigator-6] [ERROR] [1757086098.197047517] [transformPoseInTargetFrame]: Extrapolation Error looking up target frame: Lookup would require extrapolation into the past.  Requested time 1757086058.088947 but the earliest data is at time 1757086088.059572, when looking up transform from frame [base_link] to frame [map]
[bt_navigator-6] 
[bt_navigator-6] [WARN] [1757086098.197254568] [BehaviorTreeEngine]: Behavior Tree tick rate 100.00 was exceeded!
[bt_navigator-6] [ERROR] [1757086098.298778847] [transformPoseInTargetFrame]: Extrapolation Error looking up target frame: Lookup would require extrapolation into the past.  Requested time 1757086058.088947 but the earliest data is at time 1757086088.059572, when looking up transform from frame [base_link] to frame [map]
[bt_navigator-6] 
[bt_navigator-6] [WARN] [1757086098.298969725] [BehaviorTreeEngine]: Behavior Tree tick rate 100.00 was exceeded!
[bt_navigator-6] [ERROR] [1757086098.401066321] [transformPoseInTargetFrame]: Extrapolation Error looking up target frame: Lookup would require extrapolation into the past.  Requested time 1757086058.088947 but the earliest data is at time 1757086088.059572, when looking up transform from frame [base_link] to frame [map]
[bt_navigator-6] 
[bt_navigator-6] [WARN] [1757086098.401176683] [BehaviorTreeEngine]: Behavior Tree tick rate 100.00 was exceeded!
[planner_server-4] [ERROR] [1757086098.463197322] [transformPoseInTargetFrame]: Extrapolation Error looking up target frame: Lookup would require extrapolation into the past.  Requested time 1757086058.088947 but the earliest data is at time 1757086088.059572, when looking up transform from frame [base_link] to frame [map]
[planner_server-4] 
[bt_navigator-6] [ERROR] [1757086098.502205072] [transformPoseInTargetFrame]: Extrapolation Error looking up target frame: Lookup would require extrapolation into the past.  Requested time 1757086058.088947 but the earliest data is at time 1757086088.059572, when looking up transform from frame [base_link] to frame [map]
[bt_navigator-6] 
[bt_navigator-6] [WARN] [1757086098.502407970] [BehaviorTreeEngine]: Behavior Tree tick rate 100.00 was exceeded!
[bt_navigator-6] [ERROR] [1757086098.603498889] [transformPoseInTargetFrame]: Extrapolation Error looking up target frame: Lookup would require extrapolation into the past.  Requested time 1757086058.088947 but the earliest data is at time 1757086088.509649, when looking up transform from frame [base_link] to frame [map]
[bt_navigator-6] 
[bt_navigator-6] [WARN] [1757086098.603593128] [BehaviorTreeEngine]: Behavior Tree tick rate 100.00 was exceeded!
[bt_navigator-6] [ERROR] [1757086098.704552155] [transformPoseInTargetFrame]: Extrapolation Error looking up target frame: Lookup would require extrapolation into the past.  Requested time 1757086058.088947 but the earliest data is at time 1757086088.609554, when looking up transform from frame [base_link] to frame [map]
[bt_navigator-6] 
[bt_navigator-6] [WARN] [1757086098.704643892] [BehaviorTreeEngine]: Behavior Tree tick rate 100.00 was exceeded!
[explore-10] [ERROR] [1757086098.746734736] [explore_node]: Extrapolation Error looking up robot pose: Lookup would require extrapolation at time 1757086098.444211, but only time 1757086058.088947 is in the buffer, when looking up transform from frame [base_link] to frame [map]
[explore-10] 
[bt_navigator-6] [ERROR] [1757086098.805572865] [transformPoseInTargetFrame]: Extrapolation Error looking up target frame: Lookup would require extrapolation into the past.  Requested time 1757086058.088947 but the earliest data is at time 1757086088.759556, when looking up transform from frame [base_link] to frame [map]
[bt_navigator-6] 
[bt_navigator-6] [WARN] [1757086098.805659739] [BehaviorTreeEngine]: Behavior Tree tick rate 100.00 was exceeded!
[bt_navigator-6] [ERROR] [1757086098.906615831] [transformPoseInTargetFrame]: Extrapolation Error looking up target frame: Lookup would require extrapolation into the past.  Requested time 1757086058.088947 but the earliest data is at time 1757086088.809542, when looking up transform from frame [base_link] to frame [map]
[bt_navigator-6] 
[bt_navigator-6] [WARN] [1757086098.906740900] [BehaviorTreeEngine]: Behavior Tree tick rate 100.00 was exceeded!
[bt_navigator-6] [ERROR] [1757086099.007518942] [transformPoseInTargetFrame]: Extrapolation Error looking up target frame: Lookup would require extrapolation into the past.  Requested time 1757086058.088947 but the earliest data is at time 1757086088.909586, when looking up transform from frame [base_link] to frame [map]
[bt_navigator-6] 
[bt_navigator-6] [WARN] [1757086099.007586060] [BehaviorTreeEngine]: Behavior Tree tick rate 100.00 was exceeded!
[bt_navigator-6] [ERROR] [1757086099.108333894] [transformPoseInTargetFrame]: Extrapolation Error looking up target frame: Lookup would require extrapolation into the past.  Requested time 1757086058.088947 but the earliest data is at time 1757086088.959531, when looking up transform from frame [base_link] to frame [map]
[bt_navigator-6] 
[bt_navigator-6] [WARN] [1757086099.108401745] [BehaviorTreeEngine]: Behavior Tree tick rate 100.00 was exceeded!
[bt_navigator-6] [ERROR] [1757086099.209389686] [transformPoseInTargetFrame]: Extrapolation Error looking up target frame: Lookup would require extrapolation into the past.  Requested time 1757086058.088947 but the earliest data is at time 1757086089.161210, when looking up transform from frame [base_link] to frame [map]
[bt_navigator-6] 
[bt_navigator-6] [WARN] [1757086099.209558507] [BehaviorTreeEngine]: Behavior Tree tick rate 100.00 was exceeded!
[bt_navigator-6] [ERROR] [1757086099.311225060] [transformPoseInTargetFrame]: Extrapolation Error looking up target frame: Lookup would require extrapolation into the past.  Requested time 1757086058.088947 but the earliest data is at time 1757086089.259509, when looking up transform from frame [base_link] to frame [map]
[bt_navigator-6] 
[bt_navigator-6] [WARN] [1757086099.311440814] [BehaviorTreeEngine]: Behavior Tree tick rate 100.00 was exceeded!
[bt_navigator-6] [ERROR] [1757086099.413053333] [transformPoseInTargetFrame]: Extrapolation Error looking up target frame: Lookup would require extrapolation into the past.  Requested time 1757086058.088947 but the earliest data is at time 1757086089.309568, when looking up transform from frame [base_link] to frame [map]
[bt_navigator-6] 
[bt_navigator-6] [WARN] [1757086099.413297323] [BehaviorTreeEngine]: Behavior Tree tick rate 100.00 was exceeded!
[planner_server-4] [ERROR] [1757086099.463819561] [transformPoseInTargetFrame]: Extrapolation Error looking up target frame: Lookup would require extrapolation into the past.  Requested time 1757086058.088947 but the earliest data is at time 1757086089.409582, when looking up transform from frame [base_link] to frame [map]
[planner_server-4] 
[bt_navigator-6] [ERROR] [1757086099.514526939] [transformPoseInTargetFrame]: Extrapolation Error looking up target frame: Lookup would require extrapolation into the past.  Requested time 1757086058.088947 but the earliest data is at time 1757086089.409582, when looking up transform from frame [base_link] to frame [map]
[bt_navigator-6] 
[bt_navigator-6] [WARN] [1757086099.514770071] [BehaviorTreeEngine]: Behavior Tree tick rate 100.00 was exceeded!
[bt_navigator-6] [ERROR] [1757086099.616474898] [transformPoseInTargetFrame]: Extrapolation Error looking up target frame: Lookup would require extrapolation into the past.  Requested time 1757086058.088947 but the earliest data is at time 1757086089.559519, when looking up transform from frame [base_link] to frame [map]
[bt_navigator-6] 
[bt_navigator-6] [WARN] [1757086099.616700595] [BehaviorTreeEngine]: Behavior Tree tick rate 100.00 was exceeded!
[bt_navigator-6] [ERROR] [1757086099.718626891] [transformPoseInTargetFrame]: Extrapolation Error looking up target frame: Lookup would require extrapolation into the past.  Requested time 1757086058.088947 but the earliest data is at time 1757086089.659958, when looking up transform from frame [base_link] to frame [map]
[bt_navigator-6] 
[bt_navigator-6] [WARN] [1757086099.718836327] [BehaviorTreeEngine]: Behavior Tree tick rate 100.00 was exceeded!
[bt_navigator-6] [ERROR] [1757086099.820286485] [transformPoseInTargetFrame]: Extrapolation Error looking up target frame: Lookup would require extrapolation into the past.  Requested time 1757086058.088947 but the earliest data is at time 1757086089.712059, when looking up transform from frame [base_link] to frame [map]
[bt_navigator-6] 
[bt_navigator-6] [WARN] [1757086099.820485546] [BehaviorTreeEngine]: Behavior Tree tick rate 100.00 was exceeded!
[bt_navigator-6] [ERROR] [1757086099.921567670] [transformPoseInTargetFrame]: Extrapolation Error looking up target frame: Lookup would require extrapolation into the past.  Requested time 1757086058.088947 but the earliest data is at time 1757086089.859488, when looking up transform from frame [base_link] to frame [map]
[bt_navigator-6] 
[bt_navigator-6] [WARN] [1757086099.921697253] [BehaviorTreeEngine]: Behavior Tree tick rate 100.00 was exceeded!
[explore-10] [ERROR] [1757086099.969478719] [explore_node]: Extrapolation Error looking up robot pose: Lookup would require extrapolation at time 1757086099.665990, but only time 1757086058.088947 is in the buffer, when looking up transform from frame [base_link] to frame [map]
[explore-10] 
[bt_navigator-6] [ERROR] [1757086100.022879828] [transformPoseInTargetFrame]: Extrapolation Error looking up target frame: Lookup would require extrapolation into the past.  Requested time 1757086058.088947 but the earliest data is at time 1757086089.959489, when looking up transform from frame [base_link] to frame [map]
[bt_navigator-6] 
[bt_navigator-6] [WARN] [1757086100.023061661] [BehaviorTreeEngine]: Behavior Tree tick rate 100.00 was exceeded!
[bt_navigator-6] [ERROR] [1757086100.124339448] [transformPoseInTargetFrame]: Extrapolation Error looking up target frame: Lookup would require extrapolation into the past.  Requested time 1757086058.088947 but the earliest data is at time 1757086090.009560, when looking up transform from frame [base_link] to frame [map]
[bt_navigator-6] 
[bt_navigator-6] [WARN] [1757086100.124536632] [BehaviorTreeEngine]: Behavior Tree tick rate 100.00 was exceeded!
[bt_navigator-6] [ERROR] [1757086100.226028020] [transformPoseInTargetFrame]: Extrapolation Error looking up target frame: Lookup would require extrapolation into the past.  Requested time 1757086058.088947 but the earliest data is at time 1757086090.109644, when looking up transform from frame [base_link] to frame [map]
[bt_navigator-6] 
[bt_navigator-6] [WARN] [1757086100.226101124] [BehaviorTreeEngine]: Behavior Tree tick rate 100.00 was exceeded!
[bt_navigator-6] [ERROR] [1757086100.327071931] [transformPoseInTargetFrame]: Extrapolation Error looking up target frame: Lookup would require extrapolation into the past.  Requested time 1757086058.088947 but the earliest data is at time 1757086090.209558, when looking up transform from frame [base_link] to frame [map]
[bt_navigator-6] 
[bt_navigator-6] [WARN] [1757086100.327180172] [BehaviorTreeEngine]: Behavior Tree tick rate 100.00 was exceeded!
[bt_navigator-6] [ERROR] [1757086100.428329782] [transformPoseInTargetFrame]: Extrapolation Error looking up target frame: Lookup would require extrapolation into the past.  Requested time 1757086058.088947 but the earliest data is at time 1757086090.359514, when looking up transform from frame [base_link] to frame [map]
[bt_navigator-6] 
[bt_navigator-6] [WARN] [1757086100.428414263] [BehaviorTreeEngine]: Behavior Tree tick rate 100.00 was exceeded!
[planner_server-4] [ERROR] [1757086100.462256163] [transformPoseInTargetFrame]: Extrapolation Error looking up target frame: Lookup would require extrapolation into the past.  Requested time 1757086058.088947 but the earliest data is at time 1757086090.359514, when looking up transform from frame [base_link] to frame [map]
[planner_server-4] 
[bt_navigator-6] [ERROR] [1757086100.529582808] [transformPoseInTargetFrame]: Extrapolation Error looking up target frame: Lookup would require extrapolation into the past.  Requested time 1757086058.088947 but the earliest data is at time 1757086090.459484, when looking up transform from frame [base_link] to frame [map]
[bt_navigator-6] 
[bt_navigator-6] [WARN] [1757086100.529674655] [BehaviorTreeEngine]: Behavior Tree tick rate 100.00 was exceeded!
[bt_navigator-6] [ERROR] [1757086100.630667668] [transformPoseInTargetFrame]: Extrapolation Error looking up target frame: Lookup would require extrapolation into the past.  Requested time 1757086058.088947 but the earliest data is at time 1757086090.559619, when looking up transform from frame [base_link] to frame [map]
[bt_navigator-6] 
[bt_navigator-6] [WARN] [1757086100.630736701] [BehaviorTreeEngine]: Behavior Tree tick rate 100.00 was exceeded!
[bt_navigator-6] [ERROR] [1757086100.731984484] [transformPoseInTargetFrame]: Extrapolation Error looking up target frame: Lookup would require extrapolation into the past.  Requested time 1757086058.088947 but the earliest data is at time 1757086090.614287, when looking up transform from frame [base_link] to frame [map]
[bt_navigator-6] 
[bt_navigator-6] [WARN] [1757086100.732226879] [BehaviorTreeEngine]: Behavior Tree tick rate 100.00 was exceeded!
[bt_navigator-6] [ERROR] [1757086100.834404243] [transformPoseInTargetFrame]: Extrapolation Error looking up target frame: Lookup would require extrapolation into the past.  Requested time 1757086058.088947 but the earliest data is at time 1757086090.809733, when looking up transform from frame [base_link] to frame [map]
[bt_navigator-6] 
[bt_navigator-6] [WARN] [1757086100.834676015] [BehaviorTreeEngine]: Behavior Tree tick rate 100.00 was exceeded!
[bt_navigator-6] [ERROR] [1757086100.936622434] [transformPoseInTargetFrame]: Extrapolation Error looking up target frame: Lookup would require extrapolation into the past.  Requested time 1757086058.088947 but the earliest data is at time 1757086090.859545, when looking up transform from frame [base_link] to frame [map]
[bt_navigator-6] 
[bt_navigator-6] [WARN] [1757086100.936947691] [BehaviorTreeEngine]: Behavior Tree tick rate 100.00 was exceeded!
[bt_navigator-6] [ERROR] [1757086101.038829071] [transformPoseInTargetFrame]: Extrapolation Error looking up target frame: Lookup would require extrapolation into the past.  Requested time 1757086058.088947 but the earliest data is at time 1757086090.960520, when looking up transform from frame [base_link] to frame [map]
[bt_navigator-6] 
[bt_navigator-6] [WARN] [1757086101.039117105] [BehaviorTreeEngine]: Behavior Tree tick rate 100.00 was exceeded!
[bt_navigator-6] [ERROR] [1757086101.140154392] [transformPoseInTargetFrame]: Extrapolation Error looking up target frame: Lookup would require extrapolation into the past.  Requested time 1757086058.088947 but the earliest data is at time 1757086091.109498, when looking up transform from frame [base_link] to frame [map]
[bt_navigator-6] 
[bt_navigator-6] [WARN] [1757086101.140229874] [BehaviorTreeEngine]: Behavior Tree tick rate 100.00 was exceeded!
[explore-10] [ERROR] [1757086101.191409194] [explore_node]: Extrapolation Error looking up robot pose: Lookup would require extrapolation at time 1757086100.887729, but only time 1757086058.088947 is in the buffer, when looking up transform from frame [base_link] to frame [map]
[explore-10] 
[bt_navigator-6] [ERROR] [1757086101.241157607] [transformPoseInTargetFrame]: Extrapolation Error looking up target frame: Lookup would require extrapolation into the past.  Requested time 1757086058.088947 but the earliest data is at time 1757086091.209854, when looking up transform from frame [base_link] to frame [map]
[bt_navigator-6] 
[bt_navigator-6] [WARN] [1757086101.241352346] [BehaviorTreeEngine]: Behavior Tree tick rate 100.00 was exceeded!
[bt_navigator-6] [ERROR] [1757086101.342508133] [transformPoseInTargetFrame]: Extrapolation Error looking up target frame: Lookup would require extrapolation into the past.  Requested time 1757086058.088947 but the earliest data is at time 1757086091.259517, when looking up transform from frame [base_link] to frame [map]
[bt_navigator-6] 
[bt_navigator-6] [WARN] [1757086101.342699555] [BehaviorTreeEngine]: Behavior Tree tick rate 100.00 was exceeded!
[bt_navigator-6] [ERROR] [1757086101.443883051] [transformPoseInTargetFrame]: Extrapolation Error looking up target frame: Lookup would require extrapolation into the past.  Requested time 1757086058.088947 but the earliest data is at time 1757086091.309627, when looking up transform from frame [base_link] to frame [map]
[bt_navigator-6] 
[bt_navigator-6] [WARN] [1757086101.444068471] [BehaviorTreeEngine]: Behavior Tree tick rate 100.00 was exceeded!
[planner_server-4] [ERROR] [1757086101.463538057] [transformPoseInTargetFrame]: Extrapolation Error looking up target frame: Lookup would require extrapolation into the past.  Requested time 1757086058.088947 but the earliest data is at time 1757086091.309627, when looking up transform from frame [base_link] to frame [map]
[planner_server-4] 
[bt_navigator-6] [ERROR] [1757086101.545220947] [transformPoseInTargetFrame]: Extrapolation Error looking up target frame: Lookup would require extrapolation into the past.  Requested time 1757086058.088947 but the earliest data is at time 1757086091.309627, when looking up transform from frame [base_link] to frame [map]
[bt_navigator-6] 
[bt_navigator-6] [WARN] [1757086101.545376548] [BehaviorTreeEngine]: Behavior Tree tick rate 100.00 was exceeded!
[bt_navigator-6] [ERROR] [1757086101.647047323] [transformPoseInTargetFrame]: Extrapolation Error looking up target frame: Lookup would require extrapolation into the past.  Requested time 1757086058.088947 but the earliest data is at time 1757086091.309627, when looking up transform from frame [base_link] to frame [map]
[bt_navigator-6] 
[bt_navigator-6] [WARN] [1757086101.647309767] [BehaviorTreeEngine]: Behavior Tree tick rate 100.00 was exceeded!
[bt_navigator-6] [ERROR] [1757086101.748967766] [transformPoseInTargetFrame]: Extrapolation Error looking up target frame: Lookup would require extrapolation into the past.  Requested time 1757086058.088947 but the earliest data is at time 1757086091.309627, when looking up transform from frame [base_link] to frame [map]
[bt_navigator-6] 
[bt_navigator-6] [WARN] [1757086101.749170013] [BehaviorTreeEngine]: Behavior Tree tick rate 100.00 was exceeded!
[bt_navigator-6] [ERROR] [1757086101.850711453] [transformPoseInTargetFrame]: Extrapolation Error looking up target frame: Lookup would require extrapolation into the past.  Requested time 1757086058.088947 but the earliest data is at time 1757086091.309627, when looking up transform from frame [base_link] to frame [map]
[bt_navigator-6] 
[bt_navigator-6] [WARN] [1757086101.850912105] [BehaviorTreeEngine]: Behavior Tree tick rate 100.00 was exceeded!
[bt_navigator-6] [ERROR] [1757086101.951995526] [transformPoseInTargetFrame]: Extrapolation Error looking up target frame: Lookup would require extrapolation into the past.  Requested time 1757086058.088947 but the earliest data is at time 1757086091.859705, when looking up transform from frame [base_link] to frame [map]
[bt_navigator-6] 
[bt_navigator-6] [WARN] [1757086101.952152073] [BehaviorTreeEngine]: Behavior Tree tick rate 100.00 was exceeded!
[bt_navigator-6] [ERROR] [1757086102.053345579] [transformPoseInTargetFrame]: Extrapolation Error looking up target frame: Lookup would require extrapolation into the past.  Requested time 1757086058.088947 but the earliest data is at time 1757086091.959570, when looking up transform from frame [base_link] to frame [map]
[bt_navigator-6] 
[bt_navigator-6] [WARN] [1757086102.053505334] [BehaviorTreeEngine]: Behavior Tree tick rate 100.00 was exceeded!
[bt_navigator-6] [ERROR] [1757086102.154992537] [transformPoseInTargetFrame]: Extrapolation Error looking up target frame: Lookup would require extrapolation into the past.  Requested time 1757086058.088947 but the earliest data is at time 1757086092.109573, when looking up transform from frame [base_link] to frame [map]
[bt_navigator-6] 
[bt_navigator-6] [WARN] [1757086102.155178323] [BehaviorTreeEngine]: Behavior Tree tick rate 100.00 was exceeded!
[bt_navigator-6] [ERROR] [1757086102.256427380] [transformPoseInTargetFrame]: Extrapolation Error looking up target frame: Lookup would require extrapolation into the past.  Requested time 1757086058.088947 but the earliest data is at time 1757086092.209492, when looking up transform from frame [base_link] to frame [map]
[bt_navigator-6] 
[bt_navigator-6] [WARN] [1757086102.256695066] [BehaviorTreeEngine]: Behavior Tree tick rate 100.00 was exceeded!
[bt_navigator-6] [ERROR] [1757086102.357866091] [transformPoseInTargetFrame]: Extrapolation Error looking up target frame: Lookup would require extrapolation into the past.  Requested time 1757086058.088947 but the earliest data is at time 1757086092.259586, when looking up transform from frame [base_link] to frame [map]
[bt_navigator-6] 
[bt_navigator-6] [WARN] [1757086102.357947742] [BehaviorTreeEngine]: Behavior Tree tick rate 100.00 was exceeded!
[explore-10] [ERROR] [1757086102.423437128] [explore_node]: Extrapolation Error looking up robot pose: Lookup would require extrapolation at time 1757086102.119976, but only time 1757086058.088947 is in the buffer, when looking up transform from frame [base_link] to frame [map]
[explore-10] 
[bt_navigator-6] [ERROR] [1757086102.458833589] [transformPoseInTargetFrame]: Extrapolation Error looking up target frame: Lookup would require extrapolation into the past.  Requested time 1757086058.088947 but the earliest data is at time 1757086092.359538, when looking up transform from frame [base_link] to frame [map]
[bt_navigator-6] 
[bt_navigator-6] [WARN] [1757086102.458924012] [BehaviorTreeEngine]: Behavior Tree tick rate 100.00 was exceeded!
[planner_server-4] [ERROR] [1757086102.463342418] [transformPoseInTargetFrame]: Extrapolation Error looking up target frame: Lookup would require extrapolation into the past.  Requested time 1757086058.088947 but the earliest data is at time 1757086092.259586, when looking up transform from frame [base_link] to frame [map]
[planner_server-4] 
[bt_navigator-6] [ERROR] [1757086102.560282807] [transformPoseInTargetFrame]: Extrapolation Error looking up target frame: Lookup would require extrapolation into the past.  Requested time 1757086058.088947 but the earliest data is at time 1757086092.459518, when looking up transform from frame [base_link] to frame [map]
[bt_navigator-6] 
[bt_navigator-6] [WARN] [1757086102.560488403] [BehaviorTreeEngine]: Behavior Tree tick rate 100.00 was exceeded!
[bt_navigator-6] [ERROR] [1757086102.662121644] [transformPoseInTargetFrame]: Extrapolation Error looking up target frame: Lookup would require extrapolation into the past.  Requested time 1757086058.088947 but the earliest data is at time 1757086092.459518, when looking up transform from frame [base_link] to frame [map]
[bt_navigator-6] 
[bt_navigator-6] [WARN] [1757086102.662415430] [BehaviorTreeEngine]: Behavior Tree tick rate 100.00 was exceeded!
[bt_navigator-6] [ERROR] [1757086102.763637052] [transformPoseInTargetFrame]: Extrapolation Error looking up target frame: Lookup would require extrapolation into the past.  Requested time 1757086058.088947 but the earliest data is at time 1757086092.459518, when looking up transform from frame [base_link] to frame [map]
[bt_navigator-6] 
[bt_navigator-6] [WARN] [1757086102.763855822] [BehaviorTreeEngine]: Behavior Tree tick rate 100.00 was exceeded!
[bt_navigator-6] [ERROR] [1757086102.865542925] [transformPoseInTargetFrame]: Extrapolation Error looking up target frame: Lookup would require extrapolation into the past.  Requested time 1757086058.088947 but the earliest data is at time 1757086092.459518, when looking up transform from frame [base_link] to frame [map]
[bt_navigator-6] 
[bt_navigator-6] [WARN] [1757086102.865787130] [BehaviorTreeEngine]: Behavior Tree tick rate 100.00 was exceeded!
[bt_navigator-6] [ERROR] [1757086102.968070245] [transformPoseInTargetFrame]: Extrapolation Error looking up target frame: Lookup would require extrapolation into the past.  Requested time 1757086058.088947 but the earliest data is at time 1757086092.509681, when looking up transform from frame [base_link] to frame [map]
[bt_navigator-6] 
[bt_navigator-6] [WARN] [1757086102.968449849] [BehaviorTreeEngine]: Behavior Tree tick rate 100.00 was exceeded!
[bt_navigator-6] [ERROR] [1757086103.069574661] [transformPoseInTargetFrame]: Extrapolation Error looking up target frame: Lookup would require extrapolation into the past.  Requested time 1757086058.088947 but the earliest data is at time 1757086092.920353, when looking up transform from frame [base_link] to frame [map]
[bt_navigator-6] 
[bt_navigator-6] [WARN] [1757086103.069680447] [BehaviorTreeEngine]: Behavior Tree tick rate 100.00 was exceeded!
[bt_navigator-6] [ERROR] [1757086103.170819699] [transformPoseInTargetFrame]: Extrapolation Error looking up target frame: Lookup would require extrapolation into the past.  Requested time 1757086058.088947 but the earliest data is at time 1757086093.109495, when looking up transform from frame [base_link] to frame [map]
[bt_navigator-6] 
[bt_navigator-6] [WARN] [1757086103.170943953] [BehaviorTreeEngine]: Behavior Tree tick rate 100.00 was exceeded!
[bt_navigator-6] [ERROR] [1757086103.272472460] [transformPoseInTargetFrame]: Extrapolation Error looking up target frame: Lookup would require extrapolation into the past.  Requested time 1757086058.088947 but the earliest data is at time 1757086093.159830, when looking up transform from frame [base_link] to frame [map]
[bt_navigator-6] 
[bt_navigator-6] [WARN] [1757086103.272672426] [BehaviorTreeEngine]: Behavior Tree tick rate 100.00 was exceeded!
[bt_navigator-6] [ERROR] [1757086103.373934905] [transformPoseInTargetFrame]: Extrapolation Error looking up target frame: Lookup would require extrapolation into the past.  Requested time 1757086058.088947 but the earliest data is at time 1757086093.159830, when looking up transform from frame [base_link] to frame [map]
[bt_navigator-6] 
[bt_navigator-6] [WARN] [1757086103.374117335] [BehaviorTreeEngine]: Behavior Tree tick rate 100.00 was exceeded!
[planner_server-4] [ERROR] [1757086103.465161317] [transformPoseInTargetFrame]: Extrapolation Error looking up target frame: Lookup would require extrapolation into the past.  Requested time 1757086058.088947 but the earliest data is at time 1757086093.159830, when looking up transform from frame [base_link] to frame [map]
[planner_server-4] 
[bt_navigator-6] [ERROR] [1757086103.475606236] [transformPoseInTargetFrame]: Extrapolation Error looking up target frame: Lookup would require extrapolation into the past.  Requested time 1757086058.088947 but the earliest data is at time 1757086093.159830, when looking up transform from frame [base_link] to frame [map]
[bt_navigator-6] 
[bt_navigator-6] [WARN] [1757086103.475818901] [BehaviorTreeEngine]: Behavior Tree tick rate 100.00 was exceeded!
[bt_navigator-6] [ERROR] [1757086103.577864093] [transformPoseInTargetFrame]: Extrapolation Error looking up target frame: Lookup would require extrapolation into the past.  Requested time 1757086058.088947 but the earliest data is at time 1757086093.159830, when looking up transform from frame [base_link] to frame [map]
[bt_navigator-6] 
[bt_navigator-6] [WARN] [1757086103.578073653] [BehaviorTreeEngine]: Behavior Tree tick rate 100.00 was exceeded!
[explore-10] [ERROR] [1757086103.655046131] [explore_node]: Extrapolation Error looking up robot pose: Lookup would require extrapolation into the future.  Requested time 1757086103.349299 but the latest data is at time 1757086103.210129, when looking up transform from frame [base_link] to frame [map]
[explore-10] 
[bt_navigator-6] [ERROR] [1757086103.680149643] [transformPoseInTargetFrame]: Extrapolation Error looking up target frame: Lookup would require extrapolation into the past.  Requested time 1757086058.088947 but the earliest data is at time 1757086093.159830, when looking up transform from frame [base_link] to frame [map]
[bt_navigator-6] 
[bt_navigator-6] [WARN] [1757086103.680342593] [BehaviorTreeEngine]: Behavior Tree tick rate 100.00 was exceeded!
[bt_navigator-6] [ERROR] [1757086103.781533602] [transformPoseInTargetFrame]: Extrapolation Error looking up target frame: Lookup would require extrapolation into the past.  Requested time 1757086058.088947 but the earliest data is at time 1757086093.159830, when looking up transform from frame [base_link] to frame [map]
[bt_navigator-6] 
[bt_navigator-6] [WARN] [1757086103.781726128] [BehaviorTreeEngine]: Behavior Tree tick rate 100.00 was exceeded!
[bt_navigator-6] [ERROR] [1757086103.882721469] [transformPoseInTargetFrame]: Extrapolation Error looking up target frame: Lookup would require extrapolation into the past.  Requested time 1757086058.088947 but the earliest data is at time 1757086093.309603, when looking up transform from frame [base_link] to frame [map]
[bt_navigator-6] 
[bt_navigator-6] [WARN] [1757086103.882787966] [BehaviorTreeEngine]: Behavior Tree tick rate 100.00 was exceeded!
[bt_navigator-6] [ERROR] [1757086103.983591480] [transformPoseInTargetFrame]: Extrapolation Error looking up target frame: Lookup would require extrapolation into the past.  Requested time 1757086058.088947 but the earliest data is at time 1757086093.609517, when looking up transform from frame [base_link] to frame [map]
[bt_navigator-6] 
[bt_navigator-6] [WARN] [1757086103.983818332] [BehaviorTreeEngine]: Behavior Tree tick rate 100.00 was exceeded!
[bt_navigator-6] [ERROR] [1757086104.084808376] [transformPoseInTargetFrame]: Extrapolation Error looking up target frame: Lookup would require extrapolation into the past.  Requested time 1757086058.088947 but the earliest data is at time 1757086094.059500, when looking up transform from frame [base_link] to frame [map]
[bt_navigator-6] 
[bt_navigator-6] [WARN] [1757086104.084922705] [BehaviorTreeEngine]: Behavior Tree tick rate 100.00 was exceeded!
[bt_navigator-6] [ERROR] [1757086104.186026640] [transformPoseInTargetFrame]: Extrapolation Error looking up target frame: Lookup would require extrapolation into the past.  Requested time 1757086058.088947 but the earliest data is at time 1757086094.109518, when looking up transform from frame [base_link] to frame [map]
[bt_navigator-6] 
[bt_navigator-6] [WARN] [1757086104.186240428] [BehaviorTreeEngine]: Behavior Tree tick rate 100.00 was exceeded!
[bt_navigator-6] [ERROR] [1757086104.287110580] [transformPoseInTargetFrame]: Extrapolation Error looking up target frame: Lookup would require extrapolation into the past.  Requested time 1757086058.088947 but the earliest data is at time 1757086094.262710, when looking up transform from frame [base_link] to frame [map]
[bt_navigator-6] 
[bt_navigator-6] [WARN] [1757086104.287209751] [BehaviorTreeEngine]: Behavior Tree tick rate 100.00 was exceeded!
[bt_navigator-6] [ERROR] [1757086104.388195759] [transformPoseInTargetFrame]: Extrapolation Error looking up target frame: Lookup would require extrapolation into the past.  Requested time 1757086058.088947 but the earliest data is at time 1757086094.262710, when looking up transform from frame [base_link] to frame [map]
[bt_navigator-6] 
[bt_navigator-6] [WARN] [1757086104.388362020] [BehaviorTreeEngine]: Behavior Tree tick rate 100.00 was exceeded!
[planner_server-4] [ERROR] [1757086104.461783842] [transformPoseInTargetFrame]: Extrapolation Error looking up target frame: Lookup would require extrapolation into the past.  Requested time 1757086058.088947 but the earliest data is at time 1757086094.409514, when looking up transform from frame [base_link] to frame [map]
[planner_server-4] 
[bt_navigator-6] [ERROR] [1757086104.489368977] [transformPoseInTargetFrame]: Extrapolation Error looking up target frame: Lookup would require extrapolation into the past.  Requested time 1757086058.088947 but the earliest data is at time 1757086094.409514, when looking up transform from frame [base_link] to frame [map]
[bt_navigator-6] 
[bt_navigator-6] [WARN] [1757086104.489525907] [BehaviorTreeEngine]: Behavior Tree tick rate 100.00 was exceeded!
[bt_navigator-6] [ERROR] [1757086104.590577289] [transformPoseInTargetFrame]: Extrapolation Error looking up target frame: Lookup would require extrapolation into the past.  Requested time 1757086058.088947 but the earliest data is at time 1757086094.559552, when looking up transform from frame [base_link] to frame [map]
[bt_navigator-6] 
[bt_navigator-6] [WARN] [1757086104.590641196] [BehaviorTreeEngine]: Behavior Tree tick rate 100.00 was exceeded!
[bt_navigator-6] [ERROR] [1757086104.691612445] [transformPoseInTargetFrame]: Extrapolation Error looking up target frame: Lookup would require extrapolation into the past.  Requested time 1757086058.088947 but the earliest data is at time 1757086094.659520, when looking up transform from frame [base_link] to frame [map]
[bt_navigator-6] 
[bt_navigator-6] [WARN] [1757086104.691662541] [BehaviorTreeEngine]: Behavior Tree tick rate 100.00 was exceeded!
[bt_navigator-6] [ERROR] [1757086104.792782738] [transformPoseInTargetFrame]: Extrapolation Error looking up target frame: Lookup would require extrapolation into the past.  Requested time 1757086058.088947 but the earliest data is at time 1757086094.759501, when looking up transform from frame [base_link] to frame [map]
[bt_navigator-6] 
[bt_navigator-6] [WARN] [1757086104.792962890] [BehaviorTreeEngine]: Behavior Tree tick rate 100.00 was exceeded!
[explore-10] [ERROR] [1757086104.877575134] [explore_node]: Extrapolation Error looking up robot pose: Lookup would require extrapolation at time 1757086104.574616, but only time 1757086058.088947 is in the buffer, when looking up transform from frame [base_link] to frame [map]
[explore-10] 
[bt_navigator-6] [ERROR] [1757086104.894375800] [transformPoseInTargetFrame]: Extrapolation Error looking up target frame: Lookup would require extrapolation into the past.  Requested time 1757086058.088947 but the earliest data is at time 1757086094.859542, when looking up transform from frame [base_link] to frame [map]
[bt_navigator-6] 
[bt_navigator-6] [WARN] [1757086104.894556622] [BehaviorTreeEngine]: Behavior Tree tick rate 100.00 was exceeded!
[bt_navigator-6] [ERROR] [1757086104.995745766] [transformPoseInTargetFrame]: Extrapolation Error looking up target frame: Lookup would require extrapolation into the past.  Requested time 1757086058.088947 but the earliest data is at time 1757086094.909585, when looking up transform from frame [base_link] to frame [map]
[bt_navigator-6] 
[bt_navigator-6] [WARN] [1757086104.995805012] [BehaviorTreeEngine]: Behavior Tree tick rate 100.00 was exceeded!
[bt_navigator-6] [ERROR] [1757086105.097739596] [transformPoseInTargetFrame]: Extrapolation Error looking up target frame: Lookup would require extrapolation into the past.  Requested time 1757086058.088947 but the earliest data is at time 1757086095.059517, when looking up transform from frame [base_link] to frame [map]
[bt_navigator-6] 
[bt_navigator-6] [WARN] [1757086105.097956897] [BehaviorTreeEngine]: Behavior Tree tick rate 100.00 was exceeded!
[bt_navigator-6] [ERROR] [1757086105.199176640] [transformPoseInTargetFrame]: Extrapolation Error looking up target frame: Lookup would require extrapolation into the past.  Requested time 1757086058.088947 but the earliest data is at time 1757086095.159505, when looking up transform from frame [base_link] to frame [map]
[bt_navigator-6] 
[bt_navigator-6] [WARN] [1757086105.199357139] [BehaviorTreeEngine]: Behavior Tree tick rate 100.00 was exceeded!
[bt_navigator-6] [ERROR] [1757086105.300566877] [transformPoseInTargetFrame]: Extrapolation Error looking up target frame: Lookup would require extrapolation into the past.  Requested time 1757086058.088947 but the earliest data is at time 1757086095.259521, when looking up transform from frame [base_link] to frame [map]
[bt_navigator-6] 
[bt_navigator-6] [WARN] [1757086105.300745093] [BehaviorTreeEngine]: Behavior Tree tick rate 100.00 was exceeded!
[bt_navigator-6] [ERROR] [1757086105.402398866] [transformPoseInTargetFrame]: Extrapolation Error looking up target frame: Lookup would require extrapolation into the past.  Requested time 1757086058.088947 but the earliest data is at time 1757086095.385410, when looking up transform from frame [base_link] to frame [map]
[bt_navigator-6] 
[bt_navigator-6] [WARN] [1757086105.402651604] [BehaviorTreeEngine]: Behavior Tree tick rate 100.00 was exceeded!
[planner_server-4] [ERROR] [1757086105.464494325] [transformPoseInTargetFrame]: Extrapolation Error looking up target frame: Lookup would require extrapolation into the past.  Requested time 1757086058.088947 but the earliest data is at time 1757086095.385410, when looking up transform from frame [base_link] to frame [map]
[planner_server-4] 
[bt_navigator-6] [ERROR] [1757086105.504969430] [transformPoseInTargetFrame]: Extrapolation Error looking up target frame: Lookup would require extrapolation into the past.  Requested time 1757086058.088947 but the earliest data is at time 1757086095.459539, when looking up transform from frame [base_link] to frame [map]
[bt_navigator-6] 
[bt_navigator-6] [WARN] [1757086105.505181910] [BehaviorTreeEngine]: Behavior Tree tick rate 100.00 was exceeded!
[bt_navigator-6] [ERROR] [1757086105.606334300] [transformPoseInTargetFrame]: Extrapolation Error looking up target frame: Lookup would require extrapolation into the past.  Requested time 1757086058.088947 but the earliest data is at time 1757086095.509546, when looking up transform from frame [base_link] to frame [map]
[bt_navigator-6] 
[bt_navigator-6] [WARN] [1757086105.606511469] [BehaviorTreeEngine]: Behavior Tree tick rate 100.00 was exceeded!
[bt_navigator-6] [ERROR] [1757086105.707838841] [transformPoseInTargetFrame]: Extrapolation Error looking up target frame: Lookup would require extrapolation into the past.  Requested time 1757086058.088947 but the earliest data is at time 1757086095.659522, when looking up transform from frame [base_link] to frame [map]
[bt_navigator-6] 
[bt_navigator-6] [WARN] [1757086105.707939476] [BehaviorTreeEngine]: Behavior Tree tick rate 100.00 was exceeded!
[bt_navigator-6] [ERROR] [1757086105.809728477] [transformPoseInTargetFrame]: Extrapolation Error looking up target frame: Lookup would require extrapolation into the past.  Requested time 1757086058.088947 but the earliest data is at time 1757086095.759495, when looking up transform from frame [base_link] to frame [map]
[bt_navigator-6] 
[bt_navigator-6] [WARN] [1757086105.809973464] [BehaviorTreeEngine]: Behavior Tree tick rate 100.00 was exceeded!
[bt_navigator-6] [ERROR] [1757086105.911280299] [transformPoseInTargetFrame]: Extrapolation Error looking up target frame: Lookup would require extrapolation into the past.  Requested time 1757086058.088947 but the earliest data is at time 1757086095.859539, when looking up transform from frame [base_link] to frame [map]
[bt_navigator-6] 
[bt_navigator-6] [WARN] [1757086105.911507258] [BehaviorTreeEngine]: Behavior Tree tick rate 100.00 was exceeded!
[bt_navigator-6] [ERROR] [1757086106.012715516] [transformPoseInTargetFrame]: Extrapolation Error looking up target frame: Lookup would require extrapolation into the past.  Requested time 1757086058.088947 but the earliest data is at time 1757086095.966744, when looking up transform from frame [base_link] to frame [map]
[bt_navigator-6] 
[bt_navigator-6] [WARN] [1757086106.012836471] [BehaviorTreeEngine]: Behavior Tree tick rate 100.00 was exceeded!
[explore-10] [ERROR] [1757086106.110147797] [explore_node]: Extrapolation Error looking up robot pose: Lookup would require extrapolation at time 1757086105.805601, but only time 1757086058.088947 is in the buffer, when looking up transform from frame [base_link] to frame [map]
[explore-10] 
[bt_navigator-6] [ERROR] [1757086106.114018214] [transformPoseInTargetFrame]: Extrapolation Error looking up target frame: Lookup would require extrapolation into the past.  Requested time 1757086058.088947 but the earliest data is at time 1757086095.966744, when looking up transform from frame [base_link] to frame [map]
[bt_navigator-6] 
[bt_navigator-6] [WARN] [1757086106.114212454] [BehaviorTreeEngine]: Behavior Tree tick rate 100.00 was exceeded!
[bt_navigator-6] [ERROR] [1757086106.215563347] [transformPoseInTargetFrame]: Extrapolation Error looking up target frame: Lookup would require extrapolation into the past.  Requested time 1757086058.088947 but the earliest data is at time 1757086096.159499, when looking up transform from frame [base_link] to frame [map]
[bt_navigator-6] 
[bt_navigator-6] [WARN] [1757086106.215775626] [BehaviorTreeEngine]: Behavior Tree tick rate 100.00 was exceeded!
[bt_navigator-6] [ERROR] [1757086106.316876286] [transformPoseInTargetFrame]: Extrapolation Error looking up target frame: Lookup would require extrapolation into the past.  Requested time 1757086058.088947 but the earliest data is at time 1757086096.209515, when looking up transform from frame [base_link] to frame [map]
[bt_navigator-6] 
[bt_navigator-6] [WARN] [1757086106.317008080] [BehaviorTreeEngine]: Behavior Tree tick rate 100.00 was exceeded!
[bt_navigator-6] [ERROR] [1757086106.418076579] [transformPoseInTargetFrame]: Extrapolation Error looking up target frame: Lookup would require extrapolation into the past.  Requested time 1757086058.088947 but the earliest data is at time 1757086096.309565, when looking up transform from frame [base_link] to frame [map]
[bt_navigator-6] 
[bt_navigator-6] [WARN] [1757086106.418263213] [BehaviorTreeEngine]: Behavior Tree tick rate 100.00 was exceeded!
[planner_server-4] [ERROR] [1757086106.462586057] [transformPoseInTargetFrame]: Extrapolation Error looking up target frame: Lookup would require extrapolation into the past.  Requested time 1757086058.088947 but the earliest data is at time 1757086096.409574, when looking up transform from frame [base_link] to frame [map]
[planner_server-4] 
[bt_navigator-6] [ERROR] [1757086106.520225206] [transformPoseInTargetFrame]: Extrapolation Error looking up target frame: Lookup would require extrapolation into the past.  Requested time 1757086058.088947 but the earliest data is at time 1757086096.459564, when looking up transform from frame [base_link] to frame [map]
[bt_navigator-6] 
[bt_navigator-6] [WARN] [1757086106.520475837] [BehaviorTreeEngine]: Behavior Tree tick rate 100.00 was exceeded!
[bt_navigator-6] [ERROR] [1757086106.622217354] [transformPoseInTargetFrame]: Extrapolation Error looking up target frame: Lookup would require extrapolation into the past.  Requested time 1757086058.088947 but the earliest data is at time 1757086096.559616, when looking up transform from frame [base_link] to frame [map]
[bt_navigator-6] 
[bt_navigator-6] [WARN] [1757086106.622424032] [BehaviorTreeEngine]: Behavior Tree tick rate 100.00 was exceeded!
[bt_navigator-6] [ERROR] [1757086106.723726875] [transformPoseInTargetFrame]: Extrapolation Error looking up target frame: Lookup would require extrapolation into the past.  Requested time 1757086058.088947 but the earliest data is at time 1757086096.609557, when looking up transform from frame [base_link] to frame [map]
[bt_navigator-6] 
[bt_navigator-6] [WARN] [1757086106.723939330] [BehaviorTreeEngine]: Behavior Tree tick rate 100.00 was exceeded!
[bt_navigator-6] [ERROR] [1757086106.825141051] [transformPoseInTargetFrame]: Extrapolation Error looking up target frame: Lookup would require extrapolation into the past.  Requested time 1757086058.088947 but the earliest data is at time 1757086096.759511, when looking up transform from frame [base_link] to frame [map]
[bt_navigator-6] 
[bt_navigator-6] [WARN] [1757086106.825308130] [BehaviorTreeEngine]: Behavior Tree tick rate 100.00 was exceeded!
[bt_navigator-6] [ERROR] [1757086106.926420157] [transformPoseInTargetFrame]: Extrapolation Error looking up target frame: Lookup would require extrapolation into the past.  Requested time 1757086058.088947 but the earliest data is at time 1757086096.859592, when looking up transform from frame [base_link] to frame [map]
[bt_navigator-6] 
[bt_navigator-6] [WARN] [1757086106.926603718] [BehaviorTreeEngine]: Behavior Tree tick rate 100.00 was exceeded!
[bt_navigator-6] [ERROR] [1757086107.028652982] [transformPoseInTargetFrame]: Extrapolation Error looking up target frame: Lookup would require extrapolation into the past.  Requested time 1757086058.088947 but the earliest data is at time 1757086096.959518, when looking up transform from frame [base_link] to frame [map]
[bt_navigator-6] 
[bt_navigator-6] [WARN] [1757086107.028893766] [BehaviorTreeEngine]: Behavior Tree tick rate 100.00 was exceeded!
[bt_navigator-6] [ERROR] [1757086107.130938391] [transformPoseInTargetFrame]: Extrapolation Error looking up target frame: Lookup would require extrapolation into the past.  Requested time 1757086058.088947 but the earliest data is at time 1757086097.059525, when looking up transform from frame [base_link] to frame [map]
[bt_navigator-6] 
[bt_navigator-6] [WARN] [1757086107.131232462] [BehaviorTreeEngine]: Behavior Tree tick rate 100.00 was exceeded!
[bt_navigator-6] [ERROR] [1757086107.233335285] [transformPoseInTargetFrame]: Extrapolation Error looking up target frame: Lookup would require extrapolation into the past.  Requested time 1757086058.088947 but the earliest data is at time 1757086097.209769, when looking up transform from frame [base_link] to frame [map]
[bt_navigator-6] 
[bt_navigator-6] [WARN] [1757086107.233606083] [BehaviorTreeEngine]: Behavior Tree tick rate 100.00 was exceeded!
[bt_navigator-6] [ERROR] [1757086107.336091048] [transformPoseInTargetFrame]: Extrapolation Error looking up target frame: Lookup would require extrapolation into the past.  Requested time 1757086058.088947 but the earliest data is at time 1757086097.209769, when looking up transform from frame [base_link] to frame [map]
[bt_navigator-6] 
[bt_navigator-6] [WARN] [1757086107.336345756] [BehaviorTreeEngine]: Behavior Tree tick rate 100.00 was exceeded!
[explore-10] [ERROR] [1757086107.341164773] [explore_node]: Extrapolation Error looking up robot pose: Lookup would require extrapolation at time 1757086107.038106, but only time 1757086058.088947 is in the buffer, when looking up transform from frame [base_link] to frame [map]
[explore-10] 
[bt_navigator-6] [ERROR] [1757086107.437759365] [transformPoseInTargetFrame]: Extrapolation Error looking up target frame: Lookup would require extrapolation into the past.  Requested time 1757086058.088947 but the earliest data is at time 1757086097.359518, when looking up transform from frame [base_link] to frame [map]
[bt_navigator-6] 
[bt_navigator-6] [WARN] [1757086107.437850461] [BehaviorTreeEngine]: Behavior Tree tick rate 100.00 was exceeded!
[planner_server-4] [ERROR] [1757086107.462472260] [transformPoseInTargetFrame]: Extrapolation Error looking up target frame: Lookup would require extrapolation into the past.  Requested time 1757086058.088947 but the earliest data is at time 1757086097.359518, when looking up transform from frame [base_link] to frame [map]
[planner_server-4] 
[bt_navigator-6] [ERROR] [1757086107.539276154] [transformPoseInTargetFrame]: Extrapolation Error looking up target frame: Lookup would require extrapolation into the past.  Requested time 1757086058.088947 but the earliest data is at time 1757086097.459565, when looking up transform from frame [base_link] to frame [map]
[bt_navigator-6] 
[bt_navigator-6] [WARN] [1757086107.539512970] [BehaviorTreeEngine]: Behavior Tree tick rate 100.00 was exceeded!
[bt_navigator-6] [ERROR] [1757086107.640920119] [transformPoseInTargetFrame]: Extrapolation Error looking up target frame: Lookup would require extrapolation into the past.  Requested time 1757086058.088947 but the earliest data is at time 1757086097.509524, when looking up transform from frame [base_link] to frame [map]
[bt_navigator-6] 
[bt_navigator-6] [WARN] [1757086107.641126358] [BehaviorTreeEngine]: Behavior Tree tick rate 100.00 was exceeded!
[bt_navigator-6] [ERROR] [1757086107.742510647] [transformPoseInTargetFrame]: Extrapolation Error looking up target frame: Lookup would require extrapolation into the past.  Requested time 1757086058.088947 but the earliest data is at time 1757086097.659572, when looking up transform from frame [base_link] to frame [map]
[bt_navigator-6] 
[bt_navigator-6] [WARN] [1757086107.742702026] [BehaviorTreeEngine]: Behavior Tree tick rate 100.00 was exceeded!
[bt_navigator-6] [ERROR] [1757086107.844578945] [transformPoseInTargetFrame]: Extrapolation Error looking up target frame: Lookup would require extrapolation into the past.  Requested time 1757086058.088947 but the earliest data is at time 1757086097.759622, when looking up transform from frame [base_link] to frame [map]
[bt_navigator-6] 
[bt_navigator-6] [WARN] [1757086107.844824537] [BehaviorTreeEngine]: Behavior Tree tick rate 100.00 was exceeded!
[bt_navigator-6] [ERROR] [1757086107.946967589] [transformPoseInTargetFrame]: Extrapolation Error looking up target frame: Lookup would require extrapolation into the past.  Requested time 1757086058.088947 but the earliest data is at time 1757086097.910697, when looking up transform from frame [base_link] to frame [map]
[bt_navigator-6] 
[bt_navigator-6] [WARN] [1757086107.947183888] [BehaviorTreeEngine]: Behavior Tree tick rate 100.00 was exceeded!
[bt_navigator-6] [ERROR] [1757086108.049159647] [transformPoseInTargetFrame]: Extrapolation Error looking up target frame: Lookup would require extrapolation into the past.  Requested time 1757086058.088947 but the earliest data is at time 1757086097.962711, when looking up transform from frame [base_link] to frame [map]
[bt_navigator-6] 
[bt_navigator-6] [WARN] [1757086108.049348851] [BehaviorTreeEngine]: Behavior Tree tick rate 100.00 was exceeded!
[bt_navigator-6] [ERROR] [1757086108.150614201] [transformPoseInTargetFrame]: Extrapolation Error looking up target frame: Lookup would require extrapolation into the past.  Requested time 1757086058.088947 but the earliest data is at time 1757086098.109536, when looking up transform from frame [base_link] to frame [map]
[bt_navigator-6] 
[bt_navigator-6] [WARN] [1757086108.150933670] [BehaviorTreeEngine]: Behavior Tree tick rate 100.00 was exceeded!
[bt_navigator-6] [ERROR] [1757086108.252689206] [transformPoseInTargetFrame]: Extrapolation Error looking up target frame: Lookup would require extrapolation into the past.  Requested time 1757086058.088947 but the earliest data is at time 1757086098.159719, when looking up transform from frame [base_link] to frame [map]
[bt_navigator-6] 
[bt_navigator-6] [WARN] [1757086108.252934929] [BehaviorTreeEngine]: Behavior Tree tick rate 100.00 was exceeded!
[bt_navigator-6] [ERROR] [1757086108.355042513] [transformPoseInTargetFrame]: Extrapolation Error looking up target frame: Lookup would require extrapolation into the past.  Requested time 1757086058.088947 but the earliest data is at time 1757086098.309508, when looking up transform from frame [base_link] to frame [map]
[bt_navigator-6] 
[bt_navigator-6] [WARN] [1757086108.355279775] [BehaviorTreeEngine]: Behavior Tree tick rate 100.00 was exceeded!
[bt_navigator-6] [ERROR] [1757086108.457313311] [transformPoseInTargetFrame]: Extrapolation Error looking up target frame: Lookup would require extrapolation into the past.  Requested time 1757086058.088947 but the earliest data is at time 1757086098.409695, when looking up transform from frame [base_link] to frame [map]
[bt_navigator-6] 
[bt_navigator-6] [WARN] [1757086108.457496298] [BehaviorTreeEngine]: Behavior Tree tick rate 100.00 was exceeded!
[planner_server-4] [ERROR] [1757086108.463218779] [transformPoseInTargetFrame]: Extrapolation Error looking up target frame: Lookup would require extrapolation into the past.  Requested time 1757086058.088947 but the earliest data is at time 1757086098.409695, when looking up transform from frame [base_link] to frame [map]
[planner_server-4] 
[bt_navigator-6] [ERROR] [1757086108.558726212] [transformPoseInTargetFrame]: Extrapolation Error looking up target frame: Lookup would require extrapolation into the past.  Requested time 1757086058.088947 but the earliest data is at time 1757086098.409695, when looking up transform from frame [base_link] to frame [map]
[bt_navigator-6] 
[bt_navigator-6] [WARN] [1757086108.558908197] [BehaviorTreeEngine]: Behavior Tree tick rate 100.00 was exceeded!
[explore-10] [ERROR] [1757086108.567998584] [explore_node]: Extrapolation Error looking up robot pose: Lookup would require extrapolation at time 1757086108.264177, but only time 1757086058.088947 is in the buffer, when looking up transform from frame [base_link] to frame [map]
[explore-10] 
[bt_navigator-6] [ERROR] [1757086108.660155481] [transformPoseInTargetFrame]: Extrapolation Error looking up target frame: Lookup would require extrapolation into the past.  Requested time 1757086058.088947 but the earliest data is at time 1757086098.560496, when looking up transform from frame [base_link] to frame [map]
[bt_navigator-6] 
[bt_navigator-6] [WARN] [1757086108.660415353] [BehaviorTreeEngine]: Behavior Tree tick rate 100.00 was exceeded!
[bt_navigator-6] [ERROR] [1757086108.762023290] [transformPoseInTargetFrame]: Extrapolation Error looking up target frame: Lookup would require extrapolation into the past.  Requested time 1757086058.088947 but the earliest data is at time 1757086098.659618, when looking up transform from frame [base_link] to frame [map]
[bt_navigator-6] 
[bt_navigator-6] [WARN] [1757086108.762263809] [BehaviorTreeEngine]: Behavior Tree tick rate 100.00 was exceeded!
[bt_navigator-6] [ERROR] [1757086108.863989835] [transformPoseInTargetFrame]: Extrapolation Error looking up target frame: Lookup would require extrapolation into the past.  Requested time 1757086058.088947 but the earliest data is at time 1757086098.759523, when looking up transform from frame [base_link] to frame [map]
[bt_navigator-6] 
[bt_navigator-6] [WARN] [1757086108.864210446] [BehaviorTreeEngine]: Behavior Tree tick rate 100.00 was exceeded!
[bt_navigator-6] [ERROR] [1757086108.965372713] [transformPoseInTargetFrame]: Extrapolation Error looking up target frame: Lookup would require extrapolation into the past.  Requested time 1757086058.088947 but the earliest data is at time 1757086098.909518, when looking up transform from frame [base_link] to frame [map]
[bt_navigator-6] 
[bt_navigator-6] [WARN] [1757086108.965579009] [BehaviorTreeEngine]: Behavior Tree tick rate 100.00 was exceeded!
[bt_navigator-6] [ERROR] [1757086109.067057376] [transformPoseInTargetFrame]: Extrapolation Error looking up target frame: Lookup would require extrapolation into the past.  Requested time 1757086058.088947 but the earliest data is at time 1757086098.959527, when looking up transform from frame [base_link] to frame [map]
[bt_navigator-6] 
[bt_navigator-6] [WARN] [1757086109.067259218] [BehaviorTreeEngine]: Behavior Tree tick rate 100.00 was exceeded!
[bt_navigator-6] [ERROR] [1757086109.168996839] [transformPoseInTargetFrame]: Extrapolation Error looking up target frame: Lookup would require extrapolation into the past.  Requested time 1757086058.088947 but the earliest data is at time 1757086099.109702, when looking up transform from frame [base_link] to frame [map]
[bt_navigator-6] 
[bt_navigator-6] [WARN] [1757086109.169255945] [BehaviorTreeEngine]: Behavior Tree tick rate 100.00 was exceeded!
[bt_navigator-6] [ERROR] [1757086109.270805562] [transformPoseInTargetFrame]: Extrapolation Error looking up target frame: Lookup would require extrapolation into the past.  Requested time 1757086058.088947 but the earliest data is at time 1757086099.259575, when looking up transform from frame [base_link] to frame [map]
[bt_navigator-6] 
[bt_navigator-6] [WARN] [1757086109.271068290] [BehaviorTreeEngine]: Behavior Tree tick rate 100.00 was exceeded!
[bt_navigator-6] [ERROR] [1757086109.372480595] [transformPoseInTargetFrame]: Extrapolation Error looking up target frame: Lookup would require extrapolation into the past.  Requested time 1757086058.088947 but the earliest data is at time 1757086099.359581, when looking up transform from frame [base_link] to frame [map]
[bt_navigator-6] 
[bt_navigator-6] [WARN] [1757086109.372656056] [BehaviorTreeEngine]: Behavior Tree tick rate 100.00 was exceeded!
[planner_server-4] [ERROR] [1757086109.463302520] [transformPoseInTargetFrame]: Extrapolation Error looking up target frame: Lookup would require extrapolation into the past.  Requested time 1757086058.088947 but the earliest data is at time 1757086099.359581, when looking up transform from frame [base_link] to frame [map]
[planner_server-4] 
[bt_navigator-6] [ERROR] [1757086109.474416739] [transformPoseInTargetFrame]: Extrapolation Error looking up target frame: Lookup would require extrapolation into the past.  Requested time 1757086058.088947 but the earliest data is at time 1757086099.459680, when looking up transform from frame [base_link] to frame [map]
[bt_navigator-6] 
[bt_navigator-6] [WARN] [1757086109.474653771] [BehaviorTreeEngine]: Behavior Tree tick rate 100.00 was exceeded!
[bt_navigator-6] [ERROR] [1757086109.576725856] [transformPoseInTargetFrame]: Extrapolation Error looking up target frame: Lookup would require extrapolation into the past.  Requested time 1757086058.088947 but the earliest data is at time 1757086099.509737, when looking up transform from frame [base_link] to frame [map]
[bt_navigator-6] 
[bt_navigator-6] [WARN] [1757086109.576963707] [BehaviorTreeEngine]: Behavior Tree tick rate 100.00 was exceeded!
[bt_navigator-6] [ERROR] [1757086109.678491947] [transformPoseInTargetFrame]: Extrapolation Error looking up target frame: Lookup would require extrapolation into the past.  Requested time 1757086058.088947 but the earliest data is at time 1757086099.609558, when looking up transform from frame [base_link] to frame [map]
[bt_navigator-6] 
[bt_navigator-6] [WARN] [1757086109.678750441] [BehaviorTreeEngine]: Behavior Tree tick rate 100.00 was exceeded!
[bt_navigator-6] [ERROR] [1757086109.780847956] [transformPoseInTargetFrame]: Extrapolation Error looking up target frame: Lookup would require extrapolation into the past.  Requested time 1757086058.088947 but the earliest data is at time 1757086099.709599, when looking up transform from frame [base_link] to frame [map]
[bt_navigator-6] 
[bt_navigator-6] [WARN] [1757086109.781103416] [BehaviorTreeEngine]: Behavior Tree tick rate 100.00 was exceeded!
[explore-10] [ERROR] [1757086109.796291313] [explore_node]: Extrapolation Error looking up robot pose: Lookup would require extrapolation at time 1757086109.491853, but only time 1757086058.088947 is in the buffer, when looking up transform from frame [base_link] to frame [map]
[explore-10] 
[bt_navigator-6] [ERROR] [1757086109.883659703] [transformPoseInTargetFrame]: Extrapolation Error looking up target frame: Lookup would require extrapolation into the past.  Requested time 1757086058.088947 but the earliest data is at time 1757086099.810868, when looking up transform from frame [base_link] to frame [map]
[bt_navigator-6] 
[bt_navigator-6] [WARN] [1757086109.883911139] [BehaviorTreeEngine]: Behavior Tree tick rate 100.00 was exceeded!
[bt_navigator-6] [ERROR] [1757086109.985449999] [transformPoseInTargetFrame]: Extrapolation Error looking up target frame: Lookup would require extrapolation into the past.  Requested time 1757086058.088947 but the earliest data is at time 1757086099.959505, when looking up transform from frame [base_link] to frame [map]
[bt_navigator-6] 
[bt_navigator-6] [WARN] [1757086109.985708738] [BehaviorTreeEngine]: Behavior Tree tick rate 100.00 was exceeded!
[bt_navigator-6] [ERROR] [1757086110.087577648] [transformPoseInTargetFrame]: Extrapolation Error looking up target frame: Lookup would require extrapolation into the past.  Requested time 1757086058.088947 but the earliest data is at time 1757086100.009501, when looking up transform from frame [base_link] to frame [map]
[bt_navigator-6] 
[bt_navigator-6] [WARN] [1757086110.087701969] [BehaviorTreeEngine]: Behavior Tree tick rate 100.00 was exceeded!
[bt_navigator-6] [ERROR] [1757086110.189342009] [transformPoseInTargetFrame]: Extrapolation Error looking up target frame: Lookup would require extrapolation into the past.  Requested time 1757086058.088947 but the earliest data is at time 1757086100.159547, when looking up transform from frame [base_link] to frame [map]
[bt_navigator-6] 
[bt_navigator-6] [WARN] [1757086110.189640654] [BehaviorTreeEngine]: Behavior Tree tick rate 100.00 was exceeded!
[bt_navigator-6] [ERROR] [1757086110.291337466] [transformPoseInTargetFrame]: Extrapolation Error looking up target frame: Lookup would require extrapolation into the past.  Requested time 1757086058.088947 but the earliest data is at time 1757086100.259581, when looking up transform from frame [base_link] to frame [map]
[bt_navigator-6] 
[bt_navigator-6] [WARN] [1757086110.291483258] [BehaviorTreeEngine]: Behavior Tree tick rate 100.00 was exceeded!
[bt_navigator-6] [ERROR] [1757086110.392633386] [transformPoseInTargetFrame]: Extrapolation Error looking up target frame: Lookup would require extrapolation into the past.  Requested time 1757086058.088947 but the earliest data is at time 1757086100.309666, when looking up transform from frame [base_link] to frame [map]
[bt_navigator-6] 
[bt_navigator-6] [WARN] [1757086110.392720158] [BehaviorTreeEngine]: Behavior Tree tick rate 100.00 was exceeded!
[planner_server-4] [ERROR] [1757086110.462926939] [transformPoseInTargetFrame]: Extrapolation Error looking up target frame: Lookup would require extrapolation into the past.  Requested time 1757086058.088947 but the earliest data is at time 1757086100.361484, when looking up transform from frame [base_link] to frame [map]
[planner_server-4] 
[bt_navigator-6] [ERROR] [1757086110.493914410] [transformPoseInTargetFrame]: Extrapolation Error looking up target frame: Lookup would require extrapolation into the past.  Requested time 1757086058.088947 but the earliest data is at time 1757086100.409585, when looking up transform from frame [base_link] to frame [map]
[bt_navigator-6] 
[bt_navigator-6] [WARN] [1757086110.494033639] [BehaviorTreeEngine]: Behavior Tree tick rate 100.00 was exceeded!
[bt_navigator-6] [ERROR] [1757086110.595164458] [transformPoseInTargetFrame]: Extrapolation Error looking up target frame: Lookup would require extrapolation into the past.  Requested time 1757086058.088947 but the earliest data is at time 1757086100.559536, when looking up transform from frame [base_link] to frame [map]
[bt_navigator-6] 
[bt_navigator-6] [WARN] [1757086110.595315771] [BehaviorTreeEngine]: Behavior Tree tick rate 100.00 was exceeded!
[bt_navigator-6] [ERROR] [1757086110.696689876] [transformPoseInTargetFrame]: Extrapolation Error looking up target frame: Lookup would require extrapolation into the past.  Requested time 1757086058.088947 but the earliest data is at time 1757086100.559536, when looking up transform from frame [base_link] to frame [map]
[bt_navigator-6] 
[bt_navigator-6] [WARN] [1757086110.696823519] [BehaviorTreeEngine]: Behavior Tree tick rate 100.00 was exceeded!
[bt_navigator-6] [ERROR] [1757086110.798238674] [transformPoseInTargetFrame]: Extrapolation Error looking up target frame: Lookup would require extrapolation into the past.  Requested time 1757086058.088947 but the earliest data is at time 1757086100.559536, when looking up transform from frame [base_link] to frame [map]
[bt_navigator-6] 
[bt_navigator-6] [WARN] [1757086110.798390962] [BehaviorTreeEngine]: Behavior Tree tick rate 100.00 was exceeded!
[bt_navigator-6] [ERROR] [1757086110.900366861] [transformPoseInTargetFrame]: Extrapolation Error looking up target frame: Lookup would require extrapolation into the past.  Requested time 1757086058.088947 but the earliest data is at time 1757086100.559536, when looking up transform from frame [base_link] to frame [map]
[bt_navigator-6] 
[bt_navigator-6] [WARN] [1757086110.900632694] [BehaviorTreeEngine]: Behavior Tree tick rate 100.00 was exceeded!
[bt_navigator-6] [ERROR] [1757086111.002578660] [transformPoseInTargetFrame]: Extrapolation Error looking up target frame: Lookup would require extrapolation into the past.  Requested time 1757086058.088947 but the earliest data is at time 1757086100.559536, when looking up transform from frame [base_link] to frame [map]
[bt_navigator-6] 
[bt_navigator-6] [WARN] [1757086111.002807968] [BehaviorTreeEngine]: Behavior Tree tick rate 100.00 was exceeded!
[explore-10] [ERROR] [1757086111.020227997] [explore_node]: Extrapolation Error looking up robot pose: Lookup would require extrapolation into the future.  Requested time 1757086110.717058 but the latest data is at time 1757086110.559527, when looking up transform from frame [base_link] to frame [map]
[explore-10] 
[bt_navigator-6] [ERROR] [1757086111.104707887] [transformPoseInTargetFrame]: Extrapolation Error looking up target frame: Lookup would require extrapolation into the past.  Requested time 1757086058.088947 but the earliest data is at time 1757086100.659963, when looking up transform from frame [base_link] to frame [map]
[bt_navigator-6] 
[bt_navigator-6] [WARN] [1757086111.104911670] [BehaviorTreeEngine]: Behavior Tree tick rate 100.00 was exceeded!
[bt_navigator-6] [ERROR] [1757086111.206169099] [transformPoseInTargetFrame]: Extrapolation Error looking up target frame: Lookup would require extrapolation into the past.  Requested time 1757086058.088947 but the earliest data is at time 1757086101.109936, when looking up transform from frame [base_link] to frame [map]
[bt_navigator-6] 
[bt_navigator-6] [WARN] [1757086111.206317103] [BehaviorTreeEngine]: Behavior Tree tick rate 100.00 was exceeded!
[bt_navigator-6] [ERROR] [1757086111.307781243] [transformPoseInTargetFrame]: Extrapolation Error looking up target frame: Lookup would require extrapolation into the past.  Requested time 1757086058.088947 but the earliest data is at time 1757086101.209523, when looking up transform from frame [base_link] to frame [map]
[bt_navigator-6] 
[bt_navigator-6] [WARN] [1757086111.307954162] [BehaviorTreeEngine]: Behavior Tree tick rate 100.00 was exceeded!
[bt_navigator-6] [ERROR] [1757086111.409752095] [transformPoseInTargetFrame]: Extrapolation Error looking up target frame: Lookup would require extrapolation into the past.  Requested time 1757086058.088947 but the earliest data is at time 1757086101.359561, when looking up transform from frame [base_link] to frame [map]
[bt_navigator-6] 
[bt_navigator-6] [WARN] [1757086111.409832531] [BehaviorTreeEngine]: Behavior Tree tick rate 100.00 was exceeded!
[planner_server-4] [ERROR] [1757086111.461783944] [transformPoseInTargetFrame]: Extrapolation Error looking up target frame: Lookup would require extrapolation into the past.  Requested time 1757086058.088947 but the earliest data is at time 1757086101.409603, when looking up transform from frame [base_link] to frame [map]
[planner_server-4] 
[bt_navigator-6] [ERROR] [1757086111.511154509] [transformPoseInTargetFrame]: Extrapolation Error looking up target frame: Lookup would require extrapolation into the past.  Requested time 1757086058.088947 but the earliest data is at time 1757086101.409603, when looking up transform from frame [base_link] to frame [map]
[bt_navigator-6] 
[bt_navigator-6] [WARN] [1757086111.511228000] [BehaviorTreeEngine]: Behavior Tree tick rate 100.00 was exceeded!
[bt_navigator-6] [ERROR] [1757086111.612785274] [transformPoseInTargetFrame]: Extrapolation Error looking up target frame: Lookup would require extrapolation into the past.  Requested time 1757086058.088947 but the earliest data is at time 1757086101.509650, when looking up transform from frame [base_link] to frame [map]
[bt_navigator-6] 
[bt_navigator-6] [WARN] [1757086111.613052938] [BehaviorTreeEngine]: Behavior Tree tick rate 100.00 was exceeded!
[bt_navigator-6] [ERROR] [1757086111.714625327] [transformPoseInTargetFrame]: Extrapolation Error looking up target frame: Lookup would require extrapolation into the past.  Requested time 1757086058.088947 but the earliest data is at time 1757086101.659515, when looking up transform from frame [base_link] to frame [map]
[bt_navigator-6] 
[bt_navigator-6] [WARN] [1757086111.714801908] [BehaviorTreeEngine]: Behavior Tree tick rate 100.00 was exceeded!
[bt_navigator-6] [ERROR] [1757086111.817029105] [transformPoseInTargetFrame]: Extrapolation Error looking up target frame: Lookup would require extrapolation into the past.  Requested time 1757086058.088947 but the earliest data is at time 1757086101.709635, when looking up transform from frame [base_link] to frame [map]
[bt_navigator-6] 
[bt_navigator-6] [WARN] [1757086111.817167699] [BehaviorTreeEngine]: Behavior Tree tick rate 100.00 was exceeded!
[bt_navigator-6] [ERROR] [1757086111.918915244] [transformPoseInTargetFrame]: Extrapolation Error looking up target frame: Lookup would require extrapolation into the past.  Requested time 1757086058.088947 but the earliest data is at time 1757086101.812513, when looking up transform from frame [base_link] to frame [map]
[bt_navigator-6] 
[bt_navigator-6] [WARN] [1757086111.919072704] [BehaviorTreeEngine]: Behavior Tree tick rate 100.00 was exceeded!
[bt_navigator-6] [ERROR] [1757086112.021179436] [transformPoseInTargetFrame]: Extrapolation Error looking up target frame: Lookup would require extrapolation into the past.  Requested time 1757086058.088947 but the earliest data is at time 1757086101.959529, when looking up transform from frame [base_link] to frame [map]
[bt_navigator-6] 
[bt_navigator-6] [WARN] [1757086112.021363422] [BehaviorTreeEngine]: Behavior Tree tick rate 100.00 was exceeded!
[bt_navigator-6] [ERROR] [1757086112.123363689] [transformPoseInTargetFrame]: Extrapolation Error looking up target frame: Lookup would require extrapolation into the past.  Requested time 1757086058.088947 but the earliest data is at time 1757086102.013077, when looking up transform from frame [base_link] to frame [map]
[bt_navigator-6] 
[bt_navigator-6] [WARN] [1757086112.123566627] [BehaviorTreeEngine]: Behavior Tree tick rate 100.00 was exceeded!
[bt_navigator-6] [ERROR] [1757086112.224844760] [transformPoseInTargetFrame]: Extrapolation Error looking up target frame: Lookup would require extrapolation into the past.  Requested time 1757086058.088947 but the earliest data is at time 1757086102.159520, when looking up transform from frame [base_link] to frame [map]
[bt_navigator-6] 
[bt_navigator-6] [WARN] [1757086112.225153613] [BehaviorTreeEngine]: Behavior Tree tick rate 100.00 was exceeded!
[explore-10] [ERROR] [1757086112.238291969] [explore_node]: Extrapolation Error looking up robot pose: Lookup would require extrapolation at time 1757086111.933539, but only time 1757086058.088947 is in the buffer, when looking up transform from frame [base_link] to frame [map]
[explore-10] 
[bt_navigator-6] [ERROR] [1757086112.326560375] [transformPoseInTargetFrame]: Extrapolation Error looking up target frame: Lookup would require extrapolation into the past.  Requested time 1757086058.088947 but the earliest data is at time 1757086102.209535, when looking up transform from frame [base_link] to frame [map]
[bt_navigator-6] 
[bt_navigator-6] [WARN] [1757086112.326651203] [BehaviorTreeEngine]: Behavior Tree tick rate 100.00 was exceeded!
[bt_navigator-6] [ERROR] [1757086112.428467452] [transformPoseInTargetFrame]: Extrapolation Error looking up target frame: Lookup would require extrapolation into the past.  Requested time 1757086058.088947 but the earliest data is at time 1757086102.311224, when looking up transform from frame [base_link] to frame [map]
[bt_navigator-6] 
[bt_navigator-6] [WARN] [1757086112.428731524] [BehaviorTreeEngine]: Behavior Tree tick rate 100.00 was exceeded!
[planner_server-4] [ERROR] [1757086112.462345777] [transformPoseInTargetFrame]: Extrapolation Error looking up target frame: Lookup would require extrapolation into the past.  Requested time 1757086058.088947 but the earliest data is at time 1757086102.311224, when looking up transform from frame [base_link] to frame [map]
[planner_server-4] 
[bt_navigator-6] [ERROR] [1757086112.530429511] [transformPoseInTargetFrame]: Extrapolation Error looking up target frame: Lookup would require extrapolation into the past.  Requested time 1757086058.088947 but the earliest data is at time 1757086102.409790, when looking up transform from frame [base_link] to frame [map]
[bt_navigator-6] 
[bt_navigator-6] [WARN] [1757086112.530604369] [BehaviorTreeEngine]: Behavior Tree tick rate 100.00 was exceeded!
[bt_navigator-6] [ERROR] [1757086112.632563058] [transformPoseInTargetFrame]: Extrapolation Error looking up target frame: Lookup would require extrapolation into the past.  Requested time 1757086058.088947 but the earliest data is at time 1757086102.459615, when looking up transform from frame [base_link] to frame [map]
[bt_navigator-6] 
[bt_navigator-6] [WARN] [1757086112.632737606] [BehaviorTreeEngine]: Behavior Tree tick rate 100.00 was exceeded!
[bt_navigator-6] [ERROR] [1757086112.733899762] [transformPoseInTargetFrame]: Extrapolation Error looking up target frame: Lookup would require extrapolation into the past.  Requested time 1757086058.088947 but the earliest data is at time 1757086102.709519, when looking up transform from frame [base_link] to frame [map]
[bt_navigator-6] 
[bt_navigator-6] [WARN] [1757086112.733976013] [BehaviorTreeEngine]: Behavior Tree tick rate 100.00 was exceeded!
[bt_navigator-6] [ERROR] [1757086112.835349945] [transformPoseInTargetFrame]: Extrapolation Error looking up target frame: Lookup would require extrapolation into the past.  Requested time 1757086058.088947 but the earliest data is at time 1757086102.759538, when looking up transform from frame [base_link] to frame [map]
[bt_navigator-6] 
[bt_navigator-6] [WARN] [1757086112.835518266] [BehaviorTreeEngine]: Behavior Tree tick rate 100.00 was exceeded!
[bt_navigator-6] [ERROR] [1757086112.937478044] [transformPoseInTargetFrame]: Extrapolation Error looking up target frame: Lookup would require extrapolation into the past.  Requested time 1757086058.088947 but the earliest data is at time 1757086102.909520, when looking up transform from frame [base_link] to frame [map]
[bt_navigator-6] 
[bt_navigator-6] [WARN] [1757086112.937672782] [BehaviorTreeEngine]: Behavior Tree tick rate 100.00 was exceeded!
[bt_navigator-6] [ERROR] [1757086113.039858514] [transformPoseInTargetFrame]: Extrapolation Error looking up target frame: Lookup would require extrapolation into the past.  Requested time 1757086058.088947 but the earliest data is at time 1757086103.009550, when looking up transform from frame [base_link] to frame [map]
[bt_navigator-6] 
[bt_navigator-6] [WARN] [1757086113.039926913] [BehaviorTreeEngine]: Behavior Tree tick rate 100.00 was exceeded!
[bt_navigator-6] [ERROR] [1757086113.141528702] [transformPoseInTargetFrame]: Extrapolation Error looking up target frame: Lookup would require extrapolation into the past.  Requested time 1757086058.088947 but the earliest data is at time 1757086103.059697, when looking up transform from frame [base_link] to frame [map]
[bt_navigator-6] 
[bt_navigator-6] [WARN] [1757086113.141768338] [BehaviorTreeEngine]: Behavior Tree tick rate 100.00 was exceeded!
[bt_navigator-6] [ERROR] [1757086113.242964198] [transformPoseInTargetFrame]: Extrapolation Error looking up target frame: Lookup would require extrapolation into the past.  Requested time 1757086058.088947 but the earliest data is at time 1757086103.210129, when looking up transform from frame [base_link] to frame [map]
[bt_navigator-6] 
[bt_navigator-6] [WARN] [1757086113.243071893] [BehaviorTreeEngine]: Behavior Tree tick rate 100.00 was exceeded!
[bt_navigator-6] [ERROR] [1757086113.344398249] [transformPoseInTargetFrame]: Extrapolation Error looking up target frame: Lookup would require extrapolation into the past.  Requested time 1757086058.088947 but the earliest data is at time 1757086103.259513, when looking up transform from frame [base_link] to frame [map]
[bt_navigator-6] 
[bt_navigator-6] [WARN] [1757086113.344673042] [BehaviorTreeEngine]: Behavior Tree tick rate 100.00 was exceeded!
[bt_navigator-6] [ERROR] [1757086113.446365022] [transformPoseInTargetFrame]: Extrapolation Error looking up target frame: Lookup would require extrapolation into the past.  Requested time 1757086058.088947 but the earliest data is at time 1757086103.359519, when looking up transform from frame [base_link] to frame [map]
[bt_navigator-6] 
[bt_navigator-6] [WARN] [1757086113.446499865] [BehaviorTreeEngine]: Behavior Tree tick rate 100.00 was exceeded!
[planner_server-4] [ERROR] [1757086113.461731062] [transformPoseInTargetFrame]: Extrapolation Error looking up target frame: Lookup would require extrapolation into the past.  Requested time 1757086058.088947 but the earliest data is at time 1757086103.359519, when looking up transform from frame [base_link] to frame [map]
[planner_server-4] 
[explore-10] [ERROR] [1757086113.469796667] [explore_node]: Extrapolation Error looking up robot pose: Lookup would require extrapolation at time 1757086113.166804, but only time 1757086058.088947 is in the buffer, when looking up transform from frame [base_link] to frame [map]
[explore-10] 
[bt_navigator-6] [ERROR] [1757086113.548225487] [transformPoseInTargetFrame]: Extrapolation Error looking up target frame: Lookup would require extrapolation into the past.  Requested time 1757086058.088947 but the earliest data is at time 1757086103.509550, when looking up transform from frame [base_link] to frame [map]
[bt_navigator-6] 
[bt_navigator-6] [WARN] [1757086113.548392993] [BehaviorTreeEngine]: Behavior Tree tick rate 100.00 was exceeded!
[bt_navigator-6] [ERROR] [1757086113.650013405] [transformPoseInTargetFrame]: Extrapolation Error looking up target frame: Lookup would require extrapolation into the past.  Requested time 1757086058.088947 but the earliest data is at time 1757086103.609549, when looking up transform from frame [base_link] to frame [map]
[bt_navigator-6] 
[bt_navigator-6] [WARN] [1757086113.650244532] [BehaviorTreeEngine]: Behavior Tree tick rate 100.00 was exceeded!
[bt_navigator-6] [ERROR] [1757086113.752354937] [transformPoseInTargetFrame]: Extrapolation Error looking up target frame: Lookup would require extrapolation into the past.  Requested time 1757086058.088947 but the earliest data is at time 1757086103.659519, when looking up transform from frame [base_link] to frame [map]
[bt_navigator-6] 
[bt_navigator-6] [WARN] [1757086113.752589721] [BehaviorTreeEngine]: Behavior Tree tick rate 100.00 was exceeded!
[bt_navigator-6] [ERROR] [1757086113.855034007] [transformPoseInTargetFrame]: Extrapolation Error looking up target frame: Lookup would require extrapolation into the past.  Requested time 1757086058.088947 but the earliest data is at time 1757086103.759535, when looking up transform from frame [base_link] to frame [map]
[bt_navigator-6] 
[bt_navigator-6] [WARN] [1757086113.855283731] [BehaviorTreeEngine]: Behavior Tree tick rate 100.00 was exceeded!
[bt_navigator-6] [ERROR] [1757086113.957498840] [transformPoseInTargetFrame]: Extrapolation Error looking up target frame: Lookup would require extrapolation into the past.  Requested time 1757086058.088947 but the earliest data is at time 1757086103.859534, when looking up transform from frame [base_link] to frame [map]
[bt_navigator-6] 
[bt_navigator-6] [WARN] [1757086113.957758935] [BehaviorTreeEngine]: Behavior Tree tick rate 100.00 was exceeded!
[bt_navigator-6] [ERROR] [1757086114.059377931] [transformPoseInTargetFrame]: Extrapolation Error looking up target frame: Lookup would require extrapolation into the past.  Requested time 1757086058.088947 but the earliest data is at time 1757086104.009703, when looking up transform from frame [base_link] to frame [map]
[bt_navigator-6] 
[bt_navigator-6] [WARN] [1757086114.059631484] [BehaviorTreeEngine]: Behavior Tree tick rate 100.00 was exceeded!
[bt_navigator-6] [ERROR] [1757086114.161297517] [transformPoseInTargetFrame]: Extrapolation Error looking up target frame: Lookup would require extrapolation into the past.  Requested time 1757086058.088947 but the earliest data is at time 1757086104.059726, when looking up transform from frame [base_link] to frame [map]
[bt_navigator-6] 
[bt_navigator-6] [WARN] [1757086114.161502420] [BehaviorTreeEngine]: Behavior Tree tick rate 100.00 was exceeded!
[bt_navigator-6] [ERROR] [1757086114.262697874] [transformPoseInTargetFrame]: Extrapolation Error looking up target frame: Lookup would require extrapolation into the past.  Requested time 1757086058.088947 but the earliest data is at time 1757086104.162761, when looking up transform from frame [base_link] to frame [map]
[bt_navigator-6] 
[bt_navigator-6] [WARN] [1757086114.262897815] [BehaviorTreeEngine]: Behavior Tree tick rate 100.00 was exceeded!
[bt_navigator-6] [ERROR] [1757086114.364149819] [transformPoseInTargetFrame]: Extrapolation Error looking up target frame: Lookup would require extrapolation into the past.  Requested time 1757086058.088947 but the earliest data is at time 1757086104.309566, when looking up transform from frame [base_link] to frame [map]
[bt_navigator-6] 
[bt_navigator-6] [WARN] [1757086114.364428266] [BehaviorTreeEngine]: Behavior Tree tick rate 100.00 was exceeded!
[planner_server-4] [ERROR] [1757086114.463322759] [transformPoseInTargetFrame]: Extrapolation Error looking up target frame: Lookup would require extrapolation into the past.  Requested time 1757086058.088947 but the earliest data is at time 1757086104.309566, when looking up transform from frame [base_link] to frame [map]
[planner_server-4] 
[bt_navigator-6] [ERROR] [1757086114.466148154] [transformPoseInTargetFrame]: Extrapolation Error looking up target frame: Lookup would require extrapolation into the past.  Requested time 1757086058.088947 but the earliest data is at time 1757086104.409500, when looking up transform from frame [base_link] to frame [map]
[bt_navigator-6] 
[bt_navigator-6] [WARN] [1757086114.466364985] [BehaviorTreeEngine]: Behavior Tree tick rate 100.00 was exceeded!
[bt_navigator-6] [ERROR] [1757086114.568479535] [transformPoseInTargetFrame]: Extrapolation Error looking up target frame: Lookup would require extrapolation into the past.  Requested time 1757086058.088947 but the earliest data is at time 1757086104.509770, when looking up transform from frame [base_link] to frame [map]
[bt_navigator-6] 
[bt_navigator-6] [WARN] [1757086114.568679184] [BehaviorTreeEngine]: Behavior Tree tick rate 100.00 was exceeded!
[bt_navigator-6] [ERROR] [1757086114.670536453] [transformPoseInTargetFrame]: Extrapolation Error looking up target frame: Lookup would require extrapolation into the past.  Requested time 1757086058.088947 but the earliest data is at time 1757086104.659570, when looking up transform from frame [base_link] to frame [map]
[bt_navigator-6] 
[bt_navigator-6] [WARN] [1757086114.670680137] [BehaviorTreeEngine]: Behavior Tree tick rate 100.00 was exceeded!
[explore-10] [ERROR] [1757086114.698869476] [explore_node]: Extrapolation Error looking up robot pose: Lookup would require extrapolation at time 1757086114.395046, but only time 1757086058.088947 is in the buffer, when looking up transform from frame [base_link] to frame [map]
[explore-10] 
[bt_navigator-6] [ERROR] [1757086114.771875011] [transformPoseInTargetFrame]: Extrapolation Error looking up target frame: Lookup would require extrapolation into the past.  Requested time 1757086058.088947 but the earliest data is at time 1757086104.709677, when looking up transform from frame [base_link] to frame [map]
[bt_navigator-6] 
[bt_navigator-6] [WARN] [1757086114.772043471] [BehaviorTreeEngine]: Behavior Tree tick rate 100.00 was exceeded!
[bt_navigator-6] [ERROR] [1757086114.873126100] [transformPoseInTargetFrame]: Extrapolation Error looking up target frame: Lookup would require extrapolation into the past.  Requested time 1757086058.088947 but the earliest data is at time 1757086104.859569, when looking up transform from frame [base_link] to frame [map]
[bt_navigator-6] 
[bt_navigator-6] [WARN] [1757086114.873176991] [BehaviorTreeEngine]: Behavior Tree tick rate 100.00 was exceeded!
[bt_navigator-6] [ERROR] [1757086114.974664995] [transformPoseInTargetFrame]: Extrapolation Error looking up target frame: Lookup would require extrapolation into the past.  Requested time 1757086058.088947 but the earliest data is at time 1757086104.909582, when looking up transform from frame [base_link] to frame [map]
[bt_navigator-6] 
[bt_navigator-6] [WARN] [1757086114.974874381] [BehaviorTreeEngine]: Behavior Tree tick rate 100.00 was exceeded!
[bt_navigator-6] [ERROR] [1757086115.076628674] [transformPoseInTargetFrame]: Extrapolation Error looking up target frame: Lookup would require extrapolation into the past.  Requested time 1757086058.088947 but the earliest data is at time 1757086105.009583, when looking up transform from frame [base_link] to frame [map]
[bt_navigator-6] 
[bt_navigator-6] [WARN] [1757086115.076790994] [BehaviorTreeEngine]: Behavior Tree tick rate 100.00 was exceeded!
[bt_navigator-6] [ERROR] [1757086115.178020991] [transformPoseInTargetFrame]: Extrapolation Error looking up target frame: Lookup would require extrapolation into the past.  Requested time 1757086058.088947 but the earliest data is at time 1757086105.109771, when looking up transform from frame [base_link] to frame [map]
[bt_navigator-6] 
[bt_navigator-6] [WARN] [1757086115.178124692] [BehaviorTreeEngine]: Behavior Tree tick rate 100.00 was exceeded!
[bt_navigator-6] [ERROR] [1757086115.279394578] [transformPoseInTargetFrame]: Extrapolation Error looking up target frame: Lookup would require extrapolation into the past.  Requested time 1757086058.088947 but the earliest data is at time 1757086105.159560, when looking up transform from frame [base_link] to frame [map]
[bt_navigator-6] 
[bt_navigator-6] [WARN] [1757086115.279583688] [BehaviorTreeEngine]: Behavior Tree tick rate 100.00 was exceeded!
[bt_navigator-6] [ERROR] [1757086115.381223107] [transformPoseInTargetFrame]: Extrapolation Error looking up target frame: Lookup would require extrapolation into the past.  Requested time 1757086058.088947 but the earliest data is at time 1757086105.159560, when looking up transform from frame [base_link] to frame [map]
[bt_navigator-6] 
[bt_navigator-6] [WARN] [1757086115.381397854] [BehaviorTreeEngine]: Behavior Tree tick rate 100.00 was exceeded!
[planner_server-4] [ERROR] [1757086115.462677947] [transformPoseInTargetFrame]: Extrapolation Error looking up target frame: Lookup would require extrapolation into the past.  Requested time 1757086058.088947 but the earliest data is at time 1757086105.364332, when looking up transform from frame [base_link] to frame [map]
[planner_server-4] 
[bt_navigator-6] [ERROR] [1757086115.483599805] [transformPoseInTargetFrame]: Extrapolation Error looking up target frame: Lookup would require extrapolation into the past.  Requested time 1757086058.088947 but the earliest data is at time 1757086105.409676, when looking up transform from frame [base_link] to frame [map]
[bt_navigator-6] 
[bt_navigator-6] [WARN] [1757086115.483746208] [BehaviorTreeEngine]: Behavior Tree tick rate 100.00 was exceeded!
[bt_navigator-6] [ERROR] [1757086115.585973886] [transformPoseInTargetFrame]: Extrapolation Error looking up target frame: Lookup would require extrapolation into the past.  Requested time 1757086058.088947 but the earliest data is at time 1757086105.559533, when looking up transform from frame [base_link] to frame [map]
[bt_navigator-6] 
[bt_navigator-6] [WARN] [1757086115.586190203] [BehaviorTreeEngine]: Behavior Tree tick rate 100.00 was exceeded!
[bt_navigator-6] [ERROR] [1757086115.687523159] [transformPoseInTargetFrame]: Extrapolation Error looking up target frame: Lookup would require extrapolation into the past.  Requested time 1757086058.088947 but the earliest data is at time 1757086105.659524, when looking up transform from frame [base_link] to frame [map]
[bt_navigator-6] 
[bt_navigator-6] [WARN] [1757086115.687719041] [BehaviorTreeEngine]: Behavior Tree tick rate 100.00 was exceeded!
[bt_navigator-6] [ERROR] [1757086115.788992198] [transformPoseInTargetFrame]: Extrapolation Error looking up target frame: Lookup would require extrapolation into the past.  Requested time 1757086058.088947 but the earliest data is at time 1757086105.709554, when looking up transform from frame [base_link] to frame [map]
[bt_navigator-6] 
[bt_navigator-6] [WARN] [1757086115.789191059] [BehaviorTreeEngine]: Behavior Tree tick rate 100.00 was exceeded!
[bt_navigator-6] [ERROR] [1757086115.890670102] [transformPoseInTargetFrame]: Extrapolation Error looking up target frame: Lookup would require extrapolation into the past.  Requested time 1757086058.088947 but the earliest data is at time 1757086105.809586, when looking up transform from frame [base_link] to frame [map]
[bt_navigator-6] 
[bt_navigator-6] [WARN] [1757086115.890722511] [BehaviorTreeEngine]: Behavior Tree tick rate 100.00 was exceeded!
[explore-10] [ERROR] [1757086115.929117408] [explore_node]: Extrapolation Error looking up robot pose: Lookup would require extrapolation at time 1757086115.625247, but only time 1757086058.088947 is in the buffer, when looking up transform from frame [base_link] to frame [map]
[explore-10] 
[bt_navigator-6] [ERROR] [1757086115.991850409] [transformPoseInTargetFrame]: Extrapolation Error looking up target frame: Lookup would require extrapolation into the past.  Requested time 1757086058.088947 but the earliest data is at time 1757086105.909900, when looking up transform from frame [base_link] to frame [map]
[bt_navigator-6] 
[bt_navigator-6] [WARN] [1757086115.992044319] [BehaviorTreeEngine]: Behavior Tree tick rate 100.00 was exceeded!
[bt_navigator-6] [ERROR] [1757086116.093561491] [transformPoseInTargetFrame]: Extrapolation Error looking up target frame: Lookup would require extrapolation into the past.  Requested time 1757086058.088947 but the earliest data is at time 1757086106.009633, when looking up transform from frame [base_link] to frame [map]
[bt_navigator-6] 
[bt_navigator-6] [WARN] [1757086116.093732995] [BehaviorTreeEngine]: Behavior Tree tick rate 100.00 was exceeded!
[bt_navigator-6] [ERROR] [1757086116.195179065] [transformPoseInTargetFrame]: Extrapolation Error looking up target frame: Lookup would require extrapolation into the past.  Requested time 1757086058.088947 but the earliest data is at time 1757086106.109711, when looking up transform from frame [base_link] to frame [map]
[bt_navigator-6] 
[bt_navigator-6] [WARN] [1757086116.195375183] [BehaviorTreeEngine]: Behavior Tree tick rate 100.00 was exceeded!
[bt_navigator-6] [ERROR] [1757086116.297110463] [transformPoseInTargetFrame]: Extrapolation Error looking up target frame: Lookup would require extrapolation into the past.  Requested time 1757086058.088947 but the earliest data is at time 1757086106.259645, when looking up transform from frame [base_link] to frame [map]
[bt_navigator-6] 
[bt_navigator-6] [WARN] [1757086116.297302309] [BehaviorTreeEngine]: Behavior Tree tick rate 100.00 was exceeded!
[bt_navigator-6] [ERROR] [1757086116.398811369] [transformPoseInTargetFrame]: Extrapolation Error looking up target frame: Lookup would require extrapolation into the past.  Requested time 1757086058.088947 but the earliest data is at time 1757086106.363014, when looking up transform from frame [base_link] to frame [map]
[bt_navigator-6] 
[bt_navigator-6] [WARN] [1757086116.399002222] [BehaviorTreeEngine]: Behavior Tree tick rate 100.00 was exceeded!
[planner_server-4] [ERROR] [1757086116.463214544] [transformPoseInTargetFrame]: Extrapolation Error looking up target frame: Lookup would require extrapolation into the past.  Requested time 1757086058.088947 but the earliest data is at time 1757086106.363014, when looking up transform from frame [base_link] to frame [map]
[planner_server-4] 
[bt_navigator-6] [ERROR] [1757086116.500642424] [transformPoseInTargetFrame]: Extrapolation Error looking up target frame: Lookup would require extrapolation into the past.  Requested time 1757086058.088947 but the earliest data is at time 1757086106.414025, when looking up transform from frame [base_link] to frame [map]
[bt_navigator-6] 
[bt_navigator-6] [WARN] [1757086116.500721815] [BehaviorTreeEngine]: Behavior Tree tick rate 100.00 was exceeded!
[bt_navigator-6] [ERROR] [1757086116.601715660] [transformPoseInTargetFrame]: Extrapolation Error looking up target frame: Lookup would require extrapolation into the past.  Requested time 1757086058.088947 but the earliest data is at time 1757086106.461204, when looking up transform from frame [base_link] to frame [map]
[bt_navigator-6] 
[bt_navigator-6] [WARN] [1757086116.601889187] [BehaviorTreeEngine]: Behavior Tree tick rate 100.00 was exceeded!
[bt_navigator-6] [ERROR] [1757086116.703042322] [transformPoseInTargetFrame]: Extrapolation Error looking up target frame: Lookup would require extrapolation into the past.  Requested time 1757086058.088947 but the earliest data is at time 1757086106.609524, when looking up transform from frame [base_link] to frame [map]
[bt_navigator-6] 
[bt_navigator-6] [WARN] [1757086116.703238214] [BehaviorTreeEngine]: Behavior Tree tick rate 100.00 was exceeded!
[bt_navigator-6] [ERROR] [1757086116.804744553] [transformPoseInTargetFrame]: Extrapolation Error looking up target frame: Lookup would require extrapolation into the past.  Requested time 1757086058.088947 but the earliest data is at time 1757086106.760040, when looking up transform from frame [base_link] to frame [map]
[bt_navigator-6] 
[bt_navigator-6] [WARN] [1757086116.804931425] [BehaviorTreeEngine]: Behavior Tree tick rate 100.00 was exceeded!
[bt_navigator-6] [ERROR] [1757086116.906799921] [transformPoseInTargetFrame]: Extrapolation Error looking up target frame: Lookup would require extrapolation into the past.  Requested time 1757086058.088947 but the earliest data is at time 1757086106.859541, when looking up transform from frame [base_link] to frame [map]
[bt_navigator-6] 
[bt_navigator-6] [WARN] [1757086116.906903726] [BehaviorTreeEngine]: Behavior Tree tick rate 100.00 was exceeded!
[bt_navigator-6] [ERROR] [1757086117.008589082] [transformPoseInTargetFrame]: Extrapolation Error looking up target frame: Lookup would require extrapolation into the past.  Requested time 1757086058.088947 but the earliest data is at time 1757086106.909513, when looking up transform from frame [base_link] to frame [map]
[bt_navigator-6] 
[bt_navigator-6] [WARN] [1757086117.008789754] [BehaviorTreeEngine]: Behavior Tree tick rate 100.00 was exceeded!
[bt_navigator-6] [ERROR] [1757086117.110897198] [transformPoseInTargetFrame]: Extrapolation Error looking up target frame: Lookup would require extrapolation into the past.  Requested time 1757086058.088947 but the earliest data is at time 1757086106.909513, when looking up transform from frame [base_link] to frame [map]
[bt_navigator-6] 
[bt_navigator-6] [WARN] [1757086117.111143847] [BehaviorTreeEngine]: Behavior Tree tick rate 100.00 was exceeded!
[explore-10] [ERROR] [1757086117.160730782] [explore_node]: Extrapolation Error looking up robot pose: Lookup would require extrapolation at time 1757086116.856837, but only time 1757086058.088947 is in the buffer, when looking up transform from frame [base_link] to frame [map]
[explore-10] 
[bt_navigator-6] [ERROR] [1757086117.212937999] [transformPoseInTargetFrame]: Extrapolation Error looking up target frame: Lookup would require extrapolation into the past.  Requested time 1757086058.088947 but the earliest data is at time 1757086106.909513, when looking up transform from frame [base_link] to frame [map]
[bt_navigator-6] 
[bt_navigator-6] [WARN] [1757086117.213197920] [BehaviorTreeEngine]: Behavior Tree tick rate 100.00 was exceeded!
[bt_navigator-6] [ERROR] [1757086117.314557301] [transformPoseInTargetFrame]: Extrapolation Error looking up target frame: Lookup would require extrapolation into the past.  Requested time 1757086058.088947 but the earliest data is at time 1757086106.909513, when looking up transform from frame [base_link] to frame [map]
[bt_navigator-6] 
[bt_navigator-6] [WARN] [1757086117.314724253] [BehaviorTreeEngine]: Behavior Tree tick rate 100.00 was exceeded!
[bt_navigator-6] [ERROR] [1757086117.416093875] [transformPoseInTargetFrame]: Extrapolation Error looking up target frame: Lookup would require extrapolation into the past.  Requested time 1757086058.088947 but the earliest data is at time 1757086106.962797, when looking up transform from frame [base_link] to frame [map]
[bt_navigator-6] 
[bt_navigator-6] [WARN] [1757086117.416245358] [BehaviorTreeEngine]: Behavior Tree tick rate 100.00 was exceeded!
[planner_server-4] [ERROR] [1757086117.462557541] [transformPoseInTargetFrame]: Extrapolation Error looking up target frame: Lookup would require extrapolation into the past.  Requested time 1757086058.088947 but the earliest data is at time 1757086107.359511, when looking up transform from frame [base_link] to frame [map]
[planner_server-4] 
[bt_navigator-6] [ERROR] [1757086117.517635337] [transformPoseInTargetFrame]: Extrapolation Error looking up target frame: Lookup would require extrapolation into the past.  Requested time 1757086058.088947 but the earliest data is at time 1757086107.459521, when looking up transform from frame [base_link] to frame [map]
[bt_navigator-6] 
[bt_navigator-6] [WARN] [1757086117.517889963] [BehaviorTreeEngine]: Behavior Tree tick rate 100.00 was exceeded!
[bt_navigator-6] [ERROR] [1757086117.619331484] [transformPoseInTargetFrame]: Extrapolation Error looking up target frame: Lookup would require extrapolation into the past.  Requested time 1757086058.088947 but the earliest data is at time 1757086107.562788, when looking up transform from frame [base_link] to frame [map]
[bt_navigator-6] 
[bt_navigator-6] [WARN] [1757086117.619582977] [BehaviorTreeEngine]: Behavior Tree tick rate 100.00 was exceeded!
[bt_navigator-6] [ERROR] [1757086117.721463587] [transformPoseInTargetFrame]: Extrapolation Error looking up target frame: Lookup would require extrapolation into the past.  Requested time 1757086058.088947 but the earliest data is at time 1757086107.663022, when looking up transform from frame [base_link] to frame [map]
[bt_navigator-6] 
[bt_navigator-6] [WARN] [1757086117.721702541] [BehaviorTreeEngine]: Behavior Tree tick rate 100.00 was exceeded!
[bt_navigator-6] [ERROR] [1757086117.823772250] [transformPoseInTargetFrame]: Extrapolation Error looking up target frame: Lookup would require extrapolation into the past.  Requested time 1757086058.088947 but the earliest data is at time 1757086107.759568, when looking up transform from frame [base_link] to frame [map]
[bt_navigator-6] 
[bt_navigator-6] [WARN] [1757086117.823866170] [BehaviorTreeEngine]: Behavior Tree tick rate 100.00 was exceeded!
[bt_navigator-6] [ERROR] [1757086117.926144954] [transformPoseInTargetFrame]: Extrapolation Error looking up target frame: Lookup would require extrapolation into the past.  Requested time 1757086058.088947 but the earliest data is at time 1757086107.859502, when looking up transform from frame [base_link] to frame [map]
[bt_navigator-6] 
[bt_navigator-6] [WARN] [1757086117.926296842] [BehaviorTreeEngine]: Behavior Tree tick rate 100.00 was exceeded!
[bt_navigator-6] [ERROR] [1757086118.028413610] [transformPoseInTargetFrame]: Extrapolation Error looking up target frame: Lookup would require extrapolation into the past.  Requested time 1757086058.088947 but the earliest data is at time 1757086107.959540, when looking up transform from frame [base_link] to frame [map]
[bt_navigator-6] 
[bt_navigator-6] [WARN] [1757086118.028487533] [BehaviorTreeEngine]: Behavior Tree tick rate 100.00 was exceeded!
[bt_navigator-6] [ERROR] [1757086118.130060362] [transformPoseInTargetFrame]: Extrapolation Error looking up target frame: Lookup would require extrapolation into the past.  Requested time 1757086058.088947 but the earliest data is at time 1757086107.959540, when looking up transform from frame [base_link] to frame [map]
[bt_navigator-6] 
[bt_navigator-6] [WARN] [1757086118.130258119] [BehaviorTreeEngine]: Behavior Tree tick rate 100.00 was exceeded!
[bt_navigator-6] [ERROR] [1757086118.231685091] [transformPoseInTargetFrame]: Extrapolation Error looking up target frame: Lookup would require extrapolation into the past.  Requested time 1757086058.088947 but the earliest data is at time 1757086108.109578, when looking up transform from frame [base_link] to frame [map]
[bt_navigator-6] 
[bt_navigator-6] [WARN] [1757086118.231871462] [BehaviorTreeEngine]: Behavior Tree tick rate 100.00 was exceeded!
[bt_navigator-6] [ERROR] [1757086118.333087024] [transformPoseInTargetFrame]: Extrapolation Error looking up target frame: Lookup would require extrapolation into the past.  Requested time 1757086058.088947 but the earliest data is at time 1757086108.159533, when looking up transform from frame [base_link] to frame [map]
[bt_navigator-6] 
[bt_navigator-6] [WARN] [1757086118.333272264] [BehaviorTreeEngine]: Behavior Tree tick rate 100.00 was exceeded!
[explore-10] [ERROR] [1757086118.385196421] [explore_node]: Extrapolation Error looking up robot pose: Lookup would require extrapolation at time 1757086118.081739, but only time 1757086058.088947 is in the buffer, when looking up transform from frame [base_link] to frame [map]
[explore-10] 
[bt_navigator-6] [ERROR] [1757086118.435164712] [transformPoseInTargetFrame]: Extrapolation Error looking up target frame: Lookup would require extrapolation into the past.  Requested time 1757086058.088947 but the earliest data is at time 1757086108.359910, when looking up transform from frame [base_link] to frame [map]
[bt_navigator-6] 
[bt_navigator-6] [WARN] [1757086118.435335854] [BehaviorTreeEngine]: Behavior Tree tick rate 100.00 was exceeded!
[planner_server-4] [ERROR] [1757086118.462876114] [transformPoseInTargetFrame]: Extrapolation Error looking up target frame: Lookup would require extrapolation into the past.  Requested time 1757086058.088947 but the earliest data is at time 1757086108.359910, when looking up transform from frame [base_link] to frame [map]
[planner_server-4] 
[bt_navigator-6] [ERROR] [1757086118.537048820] [transformPoseInTargetFrame]: Extrapolation Error looking up target frame: Lookup would require extrapolation into the past.  Requested time 1757086058.088947 but the earliest data is at time 1757086108.471834, when looking up transform from frame [base_link] to frame [map]
[bt_navigator-6] 
[bt_navigator-6] [WARN] [1757086118.537245013] [BehaviorTreeEngine]: Behavior Tree tick rate 100.00 was exceeded!
[bt_navigator-6] [ERROR] [1757086118.638455192] [transformPoseInTargetFrame]: Extrapolation Error looking up target frame: Lookup would require extrapolation into the past.  Requested time 1757086058.088947 but the earliest data is at time 1757086108.559638, when looking up transform from frame [base_link] to frame [map]
[bt_navigator-6] 
[bt_navigator-6] [WARN] [1757086118.638691747] [BehaviorTreeEngine]: Behavior Tree tick rate 100.00 was exceeded!
[bt_navigator-6] [ERROR] [1757086118.739977625] [transformPoseInTargetFrame]: Extrapolation Error looking up target frame: Lookup would require extrapolation into the past.  Requested time 1757086058.088947 but the earliest data is at time 1757086108.609561, when looking up transform from frame [base_link] to frame [map]
[bt_navigator-6] 
[bt_navigator-6] [WARN] [1757086118.740169467] [BehaviorTreeEngine]: Behavior Tree tick rate 100.00 was exceeded!
[bt_navigator-6] [ERROR] [1757086118.841672969] [transformPoseInTargetFrame]: Extrapolation Error looking up target frame: Lookup would require extrapolation into the past.  Requested time 1757086058.088947 but the earliest data is at time 1757086108.609561, when looking up transform from frame [base_link] to frame [map]
[bt_navigator-6] 
[bt_navigator-6] [WARN] [1757086118.841890095] [BehaviorTreeEngine]: Behavior Tree tick rate 100.00 was exceeded!
[bt_navigator-6] [ERROR] [1757086118.943280118] [transformPoseInTargetFrame]: Extrapolation Error looking up target frame: Lookup would require extrapolation into the past.  Requested time 1757086058.088947 but the earliest data is at time 1757086108.609561, when looking up transform from frame [base_link] to frame [map]
[bt_navigator-6] 
[bt_navigator-6] [WARN] [1757086118.943470519] [BehaviorTreeEngine]: Behavior Tree tick rate 100.00 was exceeded!
[bt_navigator-6] [ERROR] [1757086119.045121892] [transformPoseInTargetFrame]: Extrapolation Error looking up target frame: Lookup would require extrapolation into the past.  Requested time 1757086058.088947 but the earliest data is at time 1757086108.609561, when looking up transform from frame [base_link] to frame [map]
[bt_navigator-6] 
[bt_navigator-6] [WARN] [1757086119.045328197] [BehaviorTreeEngine]: Behavior Tree tick rate 100.00 was exceeded!
[bt_navigator-6] [ERROR] [1757086119.147194146] [transformPoseInTargetFrame]: Extrapolation Error looking up target frame: Lookup would require extrapolation into the past.  Requested time 1757086058.088947 but the earliest data is at time 1757086108.809567, when looking up transform from frame [base_link] to frame [map]
[bt_navigator-6] 
[bt_navigator-6] [WARN] [1757086119.147286469] [BehaviorTreeEngine]: Behavior Tree tick rate 100.00 was exceeded!
[bt_navigator-6] [ERROR] [1757086119.248294157] [transformPoseInTargetFrame]: Extrapolation Error looking up target frame: Lookup would require extrapolation into the past.  Requested time 1757086058.088947 but the earliest data is at time 1757086109.159617, when looking up transform from frame [base_link] to frame [map]
[bt_navigator-6] 
[bt_navigator-6] [WARN] [1757086119.248380798] [BehaviorTreeEngine]: Behavior Tree tick rate 100.00 was exceeded!
[bt_navigator-6] [ERROR] [1757086119.350014550] [transformPoseInTargetFrame]: Extrapolation Error looking up target frame: Lookup would require extrapolation into the past.  Requested time 1757086058.088947 but the earliest data is at time 1757086109.309637, when looking up transform from frame [base_link] to frame [map]
[bt_navigator-6] 
[bt_navigator-6] [WARN] [1757086119.350229424] [BehaviorTreeEngine]: Behavior Tree tick rate 100.00 was exceeded!
[bt_navigator-6] [ERROR] [1757086119.452283031] [transformPoseInTargetFrame]: Extrapolation Error looking up target frame: Lookup would require extrapolation into the past.  Requested time 1757086058.088947 but the earliest data is at time 1757086109.409549, when looking up transform from frame [base_link] to frame [map]
[bt_navigator-6] 
[bt_navigator-6] [WARN] [1757086119.452388572] [BehaviorTreeEngine]: Behavior Tree tick rate 100.00 was exceeded!
[planner_server-4] [ERROR] [1757086119.462426059] [transformPoseInTargetFrame]: Extrapolation Error looking up target frame: Lookup would require extrapolation into the past.  Requested time 1757086058.088947 but the earliest data is at time 1757086109.409549, when looking up transform from frame [base_link] to frame [map]
[planner_server-4] 
[bt_navigator-6] [ERROR] [1757086119.554146097] [transformPoseInTargetFrame]: Extrapolation Error looking up target frame: Lookup would require extrapolation into the past.  Requested time 1757086058.088947 but the earliest data is at time 1757086109.459603, when looking up transform from frame [base_link] to frame [map]
[bt_navigator-6] 
[bt_navigator-6] [WARN] [1757086119.554354940] [BehaviorTreeEngine]: Behavior Tree tick rate 100.00 was exceeded!
[explore-10] [ERROR] [1757086119.611493486] [explore_node]: Extrapolation Error looking up robot pose: Lookup would require extrapolation at time 1757086119.308670, but only time 1757086058.088947 is in the buffer, when looking up transform from frame [base_link] to frame [map]
[explore-10] 
[bt_navigator-6] [ERROR] [1757086119.656105416] [transformPoseInTargetFrame]: Extrapolation Error looking up target frame: Lookup would require extrapolation into the past.  Requested time 1757086058.088947 but the earliest data is at time 1757086109.509730, when looking up transform from frame [base_link] to frame [map]
[bt_navigator-6] 
[bt_navigator-6] [WARN] [1757086119.656211914] [BehaviorTreeEngine]: Behavior Tree tick rate 100.00 was exceeded!
[bt_navigator-6] [ERROR] [1757086119.757492938] [transformPoseInTargetFrame]: Extrapolation Error looking up target frame: Lookup would require extrapolation into the past.  Requested time 1757086058.088947 but the earliest data is at time 1757086109.660018, when looking up transform from frame [base_link] to frame [map]
[bt_navigator-6] 
[bt_navigator-6] [WARN] [1757086119.757547202] [BehaviorTreeEngine]: Behavior Tree tick rate 100.00 was exceeded!
[bt_navigator-6] [ERROR] [1757086119.858592219] [transformPoseInTargetFrame]: Extrapolation Error looking up target frame: Lookup would require extrapolation into the past.  Requested time 1757086058.088947 but the earliest data is at time 1757086109.809599, when looking up transform from frame [base_link] to frame [map]
[bt_navigator-6] 
[bt_navigator-6] [WARN] [1757086119.858782727] [BehaviorTreeEngine]: Behavior Tree tick rate 100.00 was exceeded!
[bt_navigator-6] [ERROR] [1757086119.959976477] [transformPoseInTargetFrame]: Extrapolation Error looking up target frame: Lookup would require extrapolation into the past.  Requested time 1757086058.088947 but the earliest data is at time 1757086109.809599, when looking up transform from frame [base_link] to frame [map]
[bt_navigator-6] 
[bt_navigator-6] [WARN] [1757086119.960183848] [BehaviorTreeEngine]: Behavior Tree tick rate 100.00 was exceeded!
[bt_navigator-6] [ERROR] [1757086120.061396229] [transformPoseInTargetFrame]: Extrapolation Error looking up target frame: Lookup would require extrapolation into the past.  Requested time 1757086058.088947 but the earliest data is at time 1757086109.910792, when looking up transform from frame [base_link] to frame [map]
[bt_navigator-6] 
[bt_navigator-6] [WARN] [1757086120.061583134] [BehaviorTreeEngine]: Behavior Tree tick rate 100.00 was exceeded!
[bt_navigator-6] [ERROR] [1757086120.162588784] [transformPoseInTargetFrame]: Extrapolation Error looking up target frame: Lookup would require extrapolation into the past.  Requested time 1757086058.088947 but the earliest data is at time 1757086110.059500, when looking up transform from frame [base_link] to frame [map]
[bt_navigator-6] 
[bt_navigator-6] [WARN] [1757086120.162673870] [BehaviorTreeEngine]: Behavior Tree tick rate 100.00 was exceeded!
[bt_navigator-6] [ERROR] [1757086120.263991862] [transformPoseInTargetFrame]: Extrapolation Error looking up target frame: Lookup would require extrapolation into the past.  Requested time 1757086058.088947 but the earliest data is at time 1757086110.159682, when looking up transform from frame [base_link] to frame [map]
[bt_navigator-6] 
[bt_navigator-6] [WARN] [1757086120.264192525] [BehaviorTreeEngine]: Behavior Tree tick rate 100.00 was exceeded!
[bt_navigator-6] [ERROR] [1757086120.365547524] [transformPoseInTargetFrame]: Extrapolation Error looking up target frame: Lookup would require extrapolation into the past.  Requested time 1757086058.088947 but the earliest data is at time 1757086110.309515, when looking up transform from frame [base_link] to frame [map]
[bt_navigator-6] 
[bt_navigator-6] [WARN] [1757086120.365791550] [BehaviorTreeEngine]: Behavior Tree tick rate 100.00 was exceeded!
[planner_server-4] [ERROR] [1757086120.464219874] [transformPoseInTargetFrame]: Extrapolation Error looking up target frame: Lookup would require extrapolation into the past.  Requested time 1757086058.088947 but the earliest data is at time 1757086110.409529, when looking up transform from frame [base_link] to frame [map]
[planner_server-4] 
[bt_navigator-6] [ERROR] [1757086120.467322462] [transformPoseInTargetFrame]: Extrapolation Error looking up target frame: Lookup would require extrapolation into the past.  Requested time 1757086058.088947 but the earliest data is at time 1757086110.409529, when looking up transform from frame [base_link] to frame [map]
[bt_navigator-6] 
[bt_navigator-6] [WARN] [1757086120.467575095] [BehaviorTreeEngine]: Behavior Tree tick rate 100.00 was exceeded!
[bt_navigator-6] [ERROR] [1757086120.568931104] [transformPoseInTargetFrame]: Extrapolation Error looking up target frame: Lookup would require extrapolation into the past.  Requested time 1757086058.088947 but the earliest data is at time 1757086110.509972, when looking up transform from frame [base_link] to frame [map]
[bt_navigator-6] 
[bt_navigator-6] [WARN] [1757086120.569110699] [BehaviorTreeEngine]: Behavior Tree tick rate 100.00 was exceeded!
[bt_navigator-6] [ERROR] [1757086120.670695874] [transformPoseInTargetFrame]: Extrapolation Error looking up target frame: Lookup would require extrapolation into the past.  Requested time 1757086058.088947 but the earliest data is at time 1757086110.609581, when looking up transform from frame [base_link] to frame [map]
[bt_navigator-6] 
[bt_navigator-6] [WARN] [1757086120.670928274] [BehaviorTreeEngine]: Behavior Tree tick rate 100.00 was exceeded!
[bt_navigator-6] [ERROR] [1757086120.772657643] [transformPoseInTargetFrame]: Extrapolation Error looking up target frame: Lookup would require extrapolation into the past.  Requested time 1757086058.088947 but the earliest data is at time 1757086110.659547, when looking up transform from frame [base_link] to frame [map]
[bt_navigator-6] 
[bt_navigator-6] [WARN] [1757086120.772869676] [BehaviorTreeEngine]: Behavior Tree tick rate 100.00 was exceeded!
[explore-10] [ERROR] [1757086120.844240328] [explore_node]: Extrapolation Error looking up robot pose: Lookup would require extrapolation at time 1757086120.538961, but only time 1757086058.088947 is in the buffer, when looking up transform from frame [base_link] to frame [map]
[explore-10] 
[bt_navigator-6] [ERROR] [1757086120.875047539] [transformPoseInTargetFrame]: Extrapolation Error looking up target frame: Lookup would require extrapolation into the past.  Requested time 1757086058.088947 but the earliest data is at time 1757086110.809554, when looking up transform from frame [base_link] to frame [map]
[bt_navigator-6] 
[bt_navigator-6] [WARN] [1757086120.875236142] [BehaviorTreeEngine]: Behavior Tree tick rate 100.00 was exceeded!
[bt_navigator-6] [ERROR] [1757086120.977487480] [transformPoseInTargetFrame]: Extrapolation Error looking up target frame: Lookup would require extrapolation into the past.  Requested time 1757086058.088947 but the earliest data is at time 1757086110.909523, when looking up transform from frame [base_link] to frame [map]
[bt_navigator-6] 
[bt_navigator-6] [WARN] [1757086120.977784913] [BehaviorTreeEngine]: Behavior Tree tick rate 100.00 was exceeded!
[bt_navigator-6] [ERROR] [1757086121.079818950] [transformPoseInTargetFrame]: Extrapolation Error looking up target frame: Lookup would require extrapolation into the past.  Requested time 1757086058.088947 but the earliest data is at time 1757086111.059553, when looking up transform from frame [base_link] to frame [map]
[bt_navigator-6] 
[bt_navigator-6] [WARN] [1757086121.079905303] [BehaviorTreeEngine]: Behavior Tree tick rate 100.00 was exceeded!
[bt_navigator-6] [ERROR] [1757086121.180924357] [transformPoseInTargetFrame]: Extrapolation Error looking up target frame: Lookup would require extrapolation into the past.  Requested time 1757086058.088947 but the earliest data is at time 1757086111.109556, when looking up transform from frame [base_link] to frame [map]
[bt_navigator-6] 
[bt_navigator-6] [WARN] [1757086121.181048341] [BehaviorTreeEngine]: Behavior Tree tick rate 100.00 was exceeded!
[bt_navigator-6] [ERROR] [1757086121.282177569] [transformPoseInTargetFrame]: Extrapolation Error looking up target frame: Lookup would require extrapolation into the past.  Requested time 1757086058.088947 but the earliest data is at time 1757086111.259513, when looking up transform from frame [base_link] to frame [map]
[bt_navigator-6] 
[bt_navigator-6] [WARN] [1757086121.282378953] [BehaviorTreeEngine]: Behavior Tree tick rate 100.00 was exceeded!
[bt_navigator-6] [ERROR] [1757086121.383862921] [transformPoseInTargetFrame]: Extrapolation Error looking up target frame: Lookup would require extrapolation into the past.  Requested time 1757086058.088947 but the earliest data is at time 1757086111.359571, when looking up transform from frame [base_link] to frame [map]
[bt_navigator-6] 
[bt_navigator-6] [WARN] [1757086121.384060633] [BehaviorTreeEngine]: Behavior Tree tick rate 100.00 was exceeded!
[planner_server-4] [ERROR] [1757086121.462493834] [transformPoseInTargetFrame]: Extrapolation Error looking up target frame: Lookup would require extrapolation into the past.  Requested time 1757086058.088947 but the earliest data is at time 1757086111.359571, when looking up transform from frame [base_link] to frame [map]
[planner_server-4] 
[bt_navigator-6] [ERROR] [1757086121.485865755] [transformPoseInTargetFrame]: Extrapolation Error looking up target frame: Lookup would require extrapolation into the past.  Requested time 1757086058.088947 but the earliest data is at time 1757086111.459592, when looking up transform from frame [base_link] to frame [map]
[bt_navigator-6] 
[bt_navigator-6] [WARN] [1757086121.486047320] [BehaviorTreeEngine]: Behavior Tree tick rate 100.00 was exceeded!
[bt_navigator-6] [ERROR] [1757086121.587653498] [transformPoseInTargetFrame]: Extrapolation Error looking up target frame: Lookup would require extrapolation into the past.  Requested time 1757086058.088947 but the earliest data is at time 1757086111.559648, when looking up transform from frame [base_link] to frame [map]
[bt_navigator-6] 
[bt_navigator-6] [WARN] [1757086121.587863122] [BehaviorTreeEngine]: Behavior Tree tick rate 100.00 was exceeded!
[bt_navigator-6] [ERROR] [1757086121.689063198] [transformPoseInTargetFrame]: Extrapolation Error looking up target frame: Lookup would require extrapolation into the past.  Requested time 1757086058.088947 but the earliest data is at time 1757086111.609545, when looking up transform from frame [base_link] to frame [map]
[bt_navigator-6] 
[bt_navigator-6] [WARN] [1757086121.689253733] [BehaviorTreeEngine]: Behavior Tree tick rate 100.00 was exceeded!
[bt_navigator-6] [ERROR] [1757086121.791217348] [transformPoseInTargetFrame]: Extrapolation Error looking up target frame: Lookup would require extrapolation into the past.  Requested time 1757086058.088947 but the earliest data is at time 1757086111.759521, when looking up transform from frame [base_link] to frame [map]
[bt_navigator-6] 
[bt_navigator-6] [WARN] [1757086121.791285931] [BehaviorTreeEngine]: Behavior Tree tick rate 100.00 was exceeded!
[bt_navigator-6] [ERROR] [1757086121.892569979] [transformPoseInTargetFrame]: Extrapolation Error looking up target frame: Lookup would require extrapolation into the past.  Requested time 1757086058.088947 but the earliest data is at time 1757086111.859557, when looking up transform from frame [base_link] to frame [map]
[bt_navigator-6] 
[bt_navigator-6] [WARN] [1757086121.892699236] [BehaviorTreeEngine]: Behavior Tree tick rate 100.00 was exceeded!
[bt_navigator-6] [ERROR] [1757086121.994803471] [transformPoseInTargetFrame]: Extrapolation Error looking up target frame: Lookup would require extrapolation into the past.  Requested time 1757086058.088947 but the earliest data is at time 1757086111.909547, when looking up transform from frame [base_link] to frame [map]
[bt_navigator-6] 
[bt_navigator-6] [WARN] [1757086121.995002390] [BehaviorTreeEngine]: Behavior Tree tick rate 100.00 was exceeded!
[explore-10] [ERROR] [1757086122.071192810] [explore_node]: Extrapolation Error looking up robot pose: Lookup would require extrapolation at time 1757086121.766562, but only time 1757086058.088947 is in the buffer, when looking up transform from frame [base_link] to frame [map]
[explore-10] 
[bt_navigator-6] [ERROR] [1757086122.096953238] [transformPoseInTargetFrame]: Extrapolation Error looking up target frame: Lookup would require extrapolation into the past.  Requested time 1757086058.088947 but the earliest data is at time 1757086112.010839, when looking up transform from frame [base_link] to frame [map]
[bt_navigator-6] 
[bt_navigator-6] [WARN] [1757086122.097167955] [BehaviorTreeEngine]: Behavior Tree tick rate 100.00 was exceeded!
[bt_navigator-6] [ERROR] [1757086122.198768751] [transformPoseInTargetFrame]: Extrapolation Error looking up target frame: Lookup would require extrapolation into the past.  Requested time 1757086058.088947 but the earliest data is at time 1757086112.062703, when looking up transform from frame [base_link] to frame [map]
[bt_navigator-6] 
[bt_navigator-6] [WARN] [1757086122.198829767] [BehaviorTreeEngine]: Behavior Tree tick rate 100.00 was exceeded!
[bt_navigator-6] [ERROR] [1757086122.300471988] [transformPoseInTargetFrame]: Extrapolation Error looking up target frame: Lookup would require extrapolation into the past.  Requested time 1757086058.088947 but the earliest data is at time 1757086112.259595, when looking up transform from frame [base_link] to frame [map]
[bt_navigator-6] 
[bt_navigator-6] [WARN] [1757086122.300685001] [BehaviorTreeEngine]: Behavior Tree tick rate 100.00 was exceeded!
[bt_navigator-6] [ERROR] [1757086122.402214284] [transformPoseInTargetFrame]: Extrapolation Error looking up target frame: Lookup would require extrapolation into the past.  Requested time 1757086058.088947 but the earliest data is at time 1757086112.309544, when looking up transform from frame [base_link] to frame [map]
[bt_navigator-6] 
[bt_navigator-6] [WARN] [1757086122.402386480] [BehaviorTreeEngine]: Behavior Tree tick rate 100.00 was exceeded!
[planner_server-4] [ERROR] [1757086122.462900412] [transformPoseInTargetFrame]: Extrapolation Error looking up target frame: Lookup would require extrapolation into the past.  Requested time 1757086058.088947 but the earliest data is at time 1757086112.309544, when looking up transform from frame [base_link] to frame [map]
[planner_server-4] 
[bt_navigator-6] [ERROR] [1757086122.503310694] [transformPoseInTargetFrame]: Extrapolation Error looking up target frame: Lookup would require extrapolation into the past.  Requested time 1757086058.088947 but the earliest data is at time 1757086112.459500, when looking up transform from frame [base_link] to frame [map]
[bt_navigator-6] 
[bt_navigator-6] [WARN] [1757086122.503402535] [BehaviorTreeEngine]: Behavior Tree tick rate 100.00 was exceeded!
[bt_navigator-6] [ERROR] [1757086122.604375064] [transformPoseInTargetFrame]: Extrapolation Error looking up target frame: Lookup would require extrapolation into the past.  Requested time 1757086058.088947 but the earliest data is at time 1757086112.559577, when looking up transform from frame [base_link] to frame [map]
[bt_navigator-6] 
[bt_navigator-6] [WARN] [1757086122.604668248] [BehaviorTreeEngine]: Behavior Tree tick rate 100.00 was exceeded!
[bt_navigator-6] [ERROR] [1757086122.705831888] [transformPoseInTargetFrame]: Extrapolation Error looking up target frame: Lookup would require extrapolation into the past.  Requested time 1757086058.088947 but the earliest data is at time 1757086112.659527, when looking up transform from frame [base_link] to frame [map]
[bt_navigator-6] 
[bt_navigator-6] [WARN] [1757086122.705951809] [BehaviorTreeEngine]: Behavior Tree tick rate 100.00 was exceeded!
[bt_navigator-6] [ERROR] [1757086122.807141371] [transformPoseInTargetFrame]: Extrapolation Error looking up target frame: Lookup would require extrapolation into the past.  Requested time 1757086058.088947 but the earliest data is at time 1757086112.759496, when looking up transform from frame [base_link] to frame [map]
[bt_navigator-6] 
[bt_navigator-6] [WARN] [1757086122.807315319] [BehaviorTreeEngine]: Behavior Tree tick rate 100.00 was exceeded!
[bt_navigator-6] [ERROR] [1757086122.909034595] [transformPoseInTargetFrame]: Extrapolation Error looking up target frame: Lookup would require extrapolation into the past.  Requested time 1757086058.088947 but the earliest data is at time 1757086112.809547, when looking up transform from frame [base_link] to frame [map]
[bt_navigator-6] 
[bt_navigator-6] [WARN] [1757086122.909282998] [BehaviorTreeEngine]: Behavior Tree tick rate 100.00 was exceeded!
[bt_navigator-6] [ERROR] [1757086123.011555141] [transformPoseInTargetFrame]: Extrapolation Error looking up target frame: Lookup would require extrapolation into the past.  Requested time 1757086058.088947 but the earliest data is at time 1757086112.959505, when looking up transform from frame [base_link] to frame [map]
[bt_navigator-6] 
[bt_navigator-6] [WARN] [1757086123.011669525] [BehaviorTreeEngine]: Behavior Tree tick rate 100.00 was exceeded!
[bt_navigator-6] [ERROR] [1757086123.113328237] [transformPoseInTargetFrame]: Extrapolation Error looking up target frame: Lookup would require extrapolation into the past.  Requested time 1757086058.088947 but the earliest data is at time 1757086113.059541, when looking up transform from frame [base_link] to frame [map]
[bt_navigator-6] 
[bt_navigator-6] [WARN] [1757086123.113579183] [BehaviorTreeEngine]: Behavior Tree tick rate 100.00 was exceeded!
[bt_navigator-6] [ERROR] [1757086123.215813500] [transformPoseInTargetFrame]: Extrapolation Error looking up target frame: Lookup would require extrapolation into the past.  Requested time 1757086058.088947 but the earliest data is at time 1757086113.162909, when looking up transform from frame [base_link] to frame [map]
[bt_navigator-6] 
[bt_navigator-6] [WARN] [1757086123.216062165] [BehaviorTreeEngine]: Behavior Tree tick rate 100.00 was exceeded!
[explore-10] [ERROR] [1757086123.291090859] [explore_node]: Extrapolation Error looking up robot pose: Lookup would require extrapolation at time 1757086122.987066, but only time 1757086058.088947 is in the buffer, when looking up transform from frame [base_link] to frame [map]
[explore-10] 
[bt_navigator-6] [ERROR] [1757086123.317895648] [transformPoseInTargetFrame]: Extrapolation Error looking up target frame: Lookup would require extrapolation into the past.  Requested time 1757086058.088947 but the earliest data is at time 1757086113.162909, when looking up transform from frame [base_link] to frame [map]
[bt_navigator-6] 
[bt_navigator-6] [WARN] [1757086123.318135287] [BehaviorTreeEngine]: Behavior Tree tick rate 100.00 was exceeded!
[bt_navigator-6] [ERROR] [1757086123.420097013] [transformPoseInTargetFrame]: Extrapolation Error looking up target frame: Lookup would require extrapolation into the past.  Requested time 1757086058.088947 but the earliest data is at time 1757086113.359485, when looking up transform from frame [base_link] to frame [map]
[bt_navigator-6] 
[bt_navigator-6] [WARN] [1757086123.420156793] [BehaviorTreeEngine]: Behavior Tree tick rate 100.00 was exceeded!
[planner_server-4] [ERROR] [1757086123.464991089] [transformPoseInTargetFrame]: Extrapolation Error looking up target frame: Lookup would require extrapolation into the past.  Requested time 1757086058.088947 but the earliest data is at time 1757086113.409538, when looking up transform from frame [base_link] to frame [map]
[planner_server-4] 
[bt_navigator-6] [ERROR] [1757086123.522132585] [transformPoseInTargetFrame]: Extrapolation Error looking up target frame: Lookup would require extrapolation into the past.  Requested time 1757086058.088947 but the earliest data is at time 1757086113.460873, when looking up transform from frame [base_link] to frame [map]
[bt_navigator-6] 
[bt_navigator-6] [WARN] [1757086123.522359845] [BehaviorTreeEngine]: Behavior Tree tick rate 100.00 was exceeded!
[bt_navigator-6] [ERROR] [1757086123.623961238] [transformPoseInTargetFrame]: Extrapolation Error looking up target frame: Lookup would require extrapolation into the past.  Requested time 1757086058.088947 but the earliest data is at time 1757086113.509541, when looking up transform from frame [base_link] to frame [map]
[bt_navigator-6] 
[bt_navigator-6] [WARN] [1757086123.624064483] [BehaviorTreeEngine]: Behavior Tree tick rate 100.00 was exceeded!
[bt_navigator-6] [ERROR] [1757086123.725326577] [transformPoseInTargetFrame]: Extrapolation Error looking up target frame: Lookup would require extrapolation into the past.  Requested time 1757086058.088947 but the earliest data is at time 1757086113.609687, when looking up transform from frame [base_link] to frame [map]
[bt_navigator-6] 
[bt_navigator-6] [WARN] [1757086123.725525490] [BehaviorTreeEngine]: Behavior Tree tick rate 100.00 was exceeded!
[bt_navigator-6] [ERROR] [1757086123.826716672] [transformPoseInTargetFrame]: Extrapolation Error looking up target frame: Lookup would require extrapolation into the past.  Requested time 1757086058.088947 but the earliest data is at time 1757086113.759513, when looking up transform from frame [base_link] to frame [map]
[bt_navigator-6] 
[bt_navigator-6] [WARN] [1757086123.826940681] [BehaviorTreeEngine]: Behavior Tree tick rate 100.00 was exceeded!
[bt_navigator-6] [ERROR] [1757086123.928584438] [transformPoseInTargetFrame]: Extrapolation Error looking up target frame: Lookup would require extrapolation into the past.  Requested time 1757086058.088947 but the earliest data is at time 1757086113.859508, when looking up transform from frame [base_link] to frame [map]
[bt_navigator-6] 
[bt_navigator-6] [WARN] [1757086123.928780280] [BehaviorTreeEngine]: Behavior Tree tick rate 100.00 was exceeded!
[bt_navigator-6] [ERROR] [1757086124.029899181] [transformPoseInTargetFrame]: Extrapolation Error looking up target frame: Lookup would require extrapolation into the past.  Requested time 1757086058.088947 but the earliest data is at time 1757086113.959570, when looking up transform from frame [base_link] to frame [map]
[bt_navigator-6] 
[bt_navigator-6] [WARN] [1757086124.030101508] [BehaviorTreeEngine]: Behavior Tree tick rate 100.00 was exceeded!
[bt_navigator-6] [ERROR] [1757086124.131242964] [transformPoseInTargetFrame]: Extrapolation Error looking up target frame: Lookup would require extrapolation into the past.  Requested time 1757086058.088947 but the earliest data is at time 1757086114.059531, when looking up transform from frame [base_link] to frame [map]
[bt_navigator-6] 
[bt_navigator-6] [WARN] [1757086124.131340827] [BehaviorTreeEngine]: Behavior Tree tick rate 100.00 was exceeded!
[bt_navigator-6] [ERROR] [1757086124.232356932] [transformPoseInTargetFrame]: Extrapolation Error looking up target frame: Lookup would require extrapolation into the past.  Requested time 1757086058.088947 but the earliest data is at time 1757086114.159515, when looking up transform from frame [base_link] to frame [map]
[bt_navigator-6] 
[bt_navigator-6] [WARN] [1757086124.232524096] [BehaviorTreeEngine]: Behavior Tree tick rate 100.00 was exceeded!
[bt_navigator-6] [ERROR] [1757086124.333642910] [transformPoseInTargetFrame]: Extrapolation Error looking up target frame: Lookup would require extrapolation into the past.  Requested time 1757086058.088947 but the earliest data is at time 1757086114.267030, when looking up transform from frame [base_link] to frame [map]
[bt_navigator-6] 
[bt_navigator-6] [WARN] [1757086124.333806636] [BehaviorTreeEngine]: Behavior Tree tick rate 100.00 was exceeded!
[bt_navigator-6] [ERROR] [1757086124.434914197] [transformPoseInTargetFrame]: Extrapolation Error looking up target frame: Lookup would require extrapolation into the past.  Requested time 1757086058.088947 but the earliest data is at time 1757086114.267030, when looking up transform from frame [base_link] to frame [map]
[bt_navigator-6] 
[bt_navigator-6] [WARN] [1757086124.435090159] [BehaviorTreeEngine]: Behavior Tree tick rate 100.00 was exceeded!
[planner_server-4] [ERROR] [1757086124.465464205] [transformPoseInTargetFrame]: Extrapolation Error looking up target frame: Lookup would require extrapolation into the past.  Requested time 1757086058.088947 but the earliest data is at time 1757086114.409616, when looking up transform from frame [base_link] to frame [map]
[planner_server-4] 
[explore-10] [ERROR] [1757086124.511262067] [explore_node]: Extrapolation Error looking up robot pose: Lookup would require extrapolation at time 1757086124.208394, but only time 1757086058.088947 is in the buffer, when looking up transform from frame [base_link] to frame [map]
[explore-10] 
[bt_navigator-6] [ERROR] [1757086124.536315920] [transformPoseInTargetFrame]: Extrapolation Error looking up target frame: Lookup would require extrapolation into the past.  Requested time 1757086058.088947 but the earliest data is at time 1757086114.509566, when looking up transform from frame [base_link] to frame [map]
[bt_navigator-6] 
[bt_navigator-6] [WARN] [1757086124.536427297] [BehaviorTreeEngine]: Behavior Tree tick rate 100.00 was exceeded!
[bt_navigator-6] [ERROR] [1757086124.637709251] [transformPoseInTargetFrame]: Extrapolation Error looking up target frame: Lookup would require extrapolation into the past.  Requested time 1757086058.088947 but the earliest data is at time 1757086114.559580, when looking up transform from frame [base_link] to frame [map]
[bt_navigator-6] 
[bt_navigator-6] [WARN] [1757086124.637961887] [BehaviorTreeEngine]: Behavior Tree tick rate 100.00 was exceeded!
[bt_navigator-6] [ERROR] [1757086124.739279893] [transformPoseInTargetFrame]: Extrapolation Error looking up target frame: Lookup would require extrapolation into the past.  Requested time 1757086058.088947 but the earliest data is at time 1757086114.659576, when looking up transform from frame [base_link] to frame [map]
[bt_navigator-6] 
[bt_navigator-6] [WARN] [1757086124.739394686] [BehaviorTreeEngine]: Behavior Tree tick rate 100.00 was exceeded!
[bt_navigator-6] [ERROR] [1757086124.840582990] [transformPoseInTargetFrame]: Extrapolation Error looking up target frame: Lookup would require extrapolation into the past.  Requested time 1757086058.088947 but the earliest data is at time 1757086114.759583, when looking up transform from frame [base_link] to frame [map]
[bt_navigator-6] 
[bt_navigator-6] [WARN] [1757086124.840755792] [BehaviorTreeEngine]: Behavior Tree tick rate 100.00 was exceeded!
[bt_navigator-6] [ERROR] [1757086124.942656566] [transformPoseInTargetFrame]: Extrapolation Error looking up target frame: Lookup would require extrapolation into the past.  Requested time 1757086058.088947 but the earliest data is at time 1757086114.859526, when looking up transform from frame [base_link] to frame [map]
[bt_navigator-6] 
[bt_navigator-6] [WARN] [1757086124.942886611] [BehaviorTreeEngine]: Behavior Tree tick rate 100.00 was exceeded!
[bt_navigator-6] [ERROR] [1757086125.045012270] [transformPoseInTargetFrame]: Extrapolation Error looking up target frame: Lookup would require extrapolation into the past.  Requested time 1757086058.088947 but the earliest data is at time 1757086114.959693, when looking up transform from frame [base_link] to frame [map]
[bt_navigator-6] 
[bt_navigator-6] [WARN] [1757086125.045240808] [BehaviorTreeEngine]: Behavior Tree tick rate 100.00 was exceeded!
[bt_navigator-6] [ERROR] [1757086125.147265725] [transformPoseInTargetFrame]: Extrapolation Error looking up target frame: Lookup would require extrapolation into the past.  Requested time 1757086058.088947 but the earliest data is at time 1757086115.059517, when looking up transform from frame [base_link] to frame [map]
[bt_navigator-6] 
[bt_navigator-6] [WARN] [1757086125.147487053] [BehaviorTreeEngine]: Behavior Tree tick rate 100.00 was exceeded!
[bt_navigator-6] [ERROR] [1757086125.248541803] [transformPoseInTargetFrame]: Extrapolation Error looking up target frame: Lookup would require extrapolation into the past.  Requested time 1757086058.088947 but the earliest data is at time 1757086115.159496, when looking up transform from frame [base_link] to frame [map]
[bt_navigator-6] 
[bt_navigator-6] [WARN] [1757086125.248616249] [BehaviorTreeEngine]: Behavior Tree tick rate 100.00 was exceeded!
[bt_navigator-6] [ERROR] [1757086125.349965906] [transformPoseInTargetFrame]: Extrapolation Error looking up target frame: Lookup would require extrapolation into the past.  Requested time 1757086058.088947 but the earliest data is at time 1757086115.309575, when looking up transform from frame [base_link] to frame [map]
[bt_navigator-6] 
[bt_navigator-6] [WARN] [1757086125.350874233] [BehaviorTreeEngine]: Behavior Tree tick rate 100.00 was exceeded!
[bt_navigator-6] [ERROR] [1757086125.451998886] [transformPoseInTargetFrame]: Extrapolation Error looking up target frame: Lookup would require extrapolation into the past.  Requested time 1757086058.088947 but the earliest data is at time 1757086115.359641, when looking up transform from frame [base_link] to frame [map]
[bt_navigator-6] 
[bt_navigator-6] [WARN] [1757086125.452179863] [BehaviorTreeEngine]: Behavior Tree tick rate 100.00 was exceeded!
[planner_server-4] [ERROR] [1757086125.463554900] [transformPoseInTargetFrame]: Extrapolation Error looking up target frame: Lookup would require extrapolation into the past.  Requested time 1757086058.088947 but the earliest data is at time 1757086115.359641, when looking up transform from frame [base_link] to frame [map]
[planner_server-4] 
[bt_navigator-6] [ERROR] [1757086125.553281056] [transformPoseInTargetFrame]: Extrapolation Error looking up target frame: Lookup would require extrapolation into the past.  Requested time 1757086058.088947 but the earliest data is at time 1757086115.409605, when looking up transform from frame [base_link] to frame [map]
[bt_navigator-6] 
[bt_navigator-6] [WARN] [1757086125.553341376] [BehaviorTreeEngine]: Behavior Tree tick rate 100.00 was exceeded!
[bt_navigator-6] [ERROR] [1757086125.654418387] [transformPoseInTargetFrame]: Extrapolation Error looking up target frame: Lookup would require extrapolation into the past.  Requested time 1757086058.088947 but the earliest data is at time 1757086115.559642, when looking up transform from frame [base_link] to frame [map]
[bt_navigator-6] 
[bt_navigator-6] [WARN] [1757086125.654669026] [BehaviorTreeEngine]: Behavior Tree tick rate 100.00 was exceeded!
[explore-10] [ERROR] [1757086125.735637800] [explore_node]: Extrapolation Error looking up robot pose: Lookup would require extrapolation at time 1757086125.431451, but only time 1757086058.088947 is in the buffer, when looking up transform from frame [base_link] to frame [map]
[explore-10] 
[bt_navigator-6] [ERROR] [1757086125.755852066] [transformPoseInTargetFrame]: Extrapolation Error looking up target frame: Lookup would require extrapolation into the past.  Requested time 1757086058.088947 but the earliest data is at time 1757086115.709546, when looking up transform from frame [base_link] to frame [map]
[bt_navigator-6] 
[bt_navigator-6] [WARN] [1757086125.756032920] [BehaviorTreeEngine]: Behavior Tree tick rate 100.00 was exceeded!
[bt_navigator-6] [ERROR] [1757086125.857279862] [transformPoseInTargetFrame]: Extrapolation Error looking up target frame: Lookup would require extrapolation into the past.  Requested time 1757086058.088947 but the earliest data is at time 1757086115.759546, when looking up transform from frame [base_link] to frame [map]
[bt_navigator-6] 
[bt_navigator-6] [WARN] [1757086125.857463451] [BehaviorTreeEngine]: Behavior Tree tick rate 100.00 was exceeded!
[bt_navigator-6] [ERROR] [1757086125.958596810] [transformPoseInTargetFrame]: Extrapolation Error looking up target frame: Lookup would require extrapolation into the past.  Requested time 1757086058.088947 but the earliest data is at time 1757086115.859623, when looking up transform from frame [base_link] to frame [map]
[bt_navigator-6] 
[bt_navigator-6] [WARN] [1757086125.958772371] [BehaviorTreeEngine]: Behavior Tree tick rate 100.00 was exceeded!
[bt_navigator-6] [ERROR] [1757086126.060105550] [transformPoseInTargetFrame]: Extrapolation Error looking up target frame: Lookup would require extrapolation into the past.  Requested time 1757086058.088947 but the earliest data is at time 1757086115.959544, when looking up transform from frame [base_link] to frame [map]
[bt_navigator-6] 
[bt_navigator-6] [WARN] [1757086126.060361443] [BehaviorTreeEngine]: Behavior Tree tick rate 100.00 was exceeded!
[bt_navigator-6] [ERROR] [1757086126.161568487] [transformPoseInTargetFrame]: Extrapolation Error looking up target frame: Lookup would require extrapolation into the past.  Requested time 1757086058.088947 but the earliest data is at time 1757086116.109567, when looking up transform from frame [base_link] to frame [map]
[bt_navigator-6] 
[bt_navigator-6] [WARN] [1757086126.161780907] [BehaviorTreeEngine]: Behavior Tree tick rate 100.00 was exceeded!
[bt_navigator-6] [ERROR] [1757086126.262897237] [transformPoseInTargetFrame]: Extrapolation Error looking up target frame: Lookup would require extrapolation into the past.  Requested time 1757086058.088947 but the earliest data is at time 1757086116.109567, when looking up transform from frame [base_link] to frame [map]
[bt_navigator-6] 
[bt_navigator-6] [WARN] [1757086126.263092110] [BehaviorTreeEngine]: Behavior Tree tick rate 100.00 was exceeded!
[bt_navigator-6] [ERROR] [1757086126.364125630] [transformPoseInTargetFrame]: Extrapolation Error looking up target frame: Lookup would require extrapolation into the past.  Requested time 1757086058.088947 but the earliest data is at time 1757086116.259561, when looking up transform from frame [base_link] to frame [map]
[bt_navigator-6] 
[bt_navigator-6] [WARN] [1757086126.364314825] [BehaviorTreeEngine]: Behavior Tree tick rate 100.00 was exceeded!
[planner_server-4] [ERROR] [1757086126.463293986] [transformPoseInTargetFrame]: Extrapolation Error looking up target frame: Lookup would require extrapolation into the past.  Requested time 1757086058.088947 but the earliest data is at time 1757086116.409551, when looking up transform from frame [base_link] to frame [map]
[planner_server-4] 
[bt_navigator-6] [ERROR] [1757086126.465857093] [transformPoseInTargetFrame]: Extrapolation Error looking up target frame: Lookup would require extrapolation into the past.  Requested time 1757086058.088947 but the earliest data is at time 1757086116.359566, when looking up transform from frame [base_link] to frame [map]
[bt_navigator-6] 
[bt_navigator-6] [WARN] [1757086126.466111285] [BehaviorTreeEngine]: Behavior Tree tick rate 100.00 was exceeded!
[bt_navigator-6] [ERROR] [1757086126.567753666] [transformPoseInTargetFrame]: Extrapolation Error looking up target frame: Lookup would require extrapolation into the past.  Requested time 1757086058.088947 but the earliest data is at time 1757086116.510839, when looking up transform from frame [base_link] to frame [map]
[bt_navigator-6] 
[bt_navigator-6] [WARN] [1757086126.568019997] [BehaviorTreeEngine]: Behavior Tree tick rate 100.00 was exceeded!
[bt_navigator-6] [ERROR] [1757086126.669897184] [transformPoseInTargetFrame]: Extrapolation Error looking up target frame: Lookup would require extrapolation into the past.  Requested time 1757086058.088947 but the earliest data is at time 1757086116.562385, when looking up transform from frame [base_link] to frame [map]
[bt_navigator-6] 
[bt_navigator-6] [WARN] [1757086126.670169027] [BehaviorTreeEngine]: Behavior Tree tick rate 100.00 was exceeded!
[bt_navigator-6] [ERROR] [1757086126.772034185] [transformPoseInTargetFrame]: Extrapolation Error looking up target frame: Lookup would require extrapolation into the past.  Requested time 1757086058.088947 but the earliest data is at time 1757086116.709561, when looking up transform from frame [base_link] to frame [map]
[bt_navigator-6] 
[bt_navigator-6] [WARN] [1757086126.772225933] [BehaviorTreeEngine]: Behavior Tree tick rate 100.00 was exceeded!
[bt_navigator-6] [ERROR] [1757086126.873355703] [transformPoseInTargetFrame]: Extrapolation Error looking up target frame: Lookup would require extrapolation into the past.  Requested time 1757086058.088947 but the earliest data is at time 1757086116.759550, when looking up transform from frame [base_link] to frame [map]
[bt_navigator-6] 
[bt_navigator-6] [WARN] [1757086126.873535713] [BehaviorTreeEngine]: Behavior Tree tick rate 100.00 was exceeded!
[explore-10] [ERROR] [1757086126.960843997] [explore_node]: Extrapolation Error looking up robot pose: Lookup would require extrapolation at time 1757086126.657950, but only time 1757086058.088947 is in the buffer, when looking up transform from frame [base_link] to frame [map]
[explore-10] 
[bt_navigator-6] [ERROR] [1757086126.975022852] [transformPoseInTargetFrame]: Extrapolation Error looking up target frame: Lookup would require extrapolation into the past.  Requested time 1757086058.088947 but the earliest data is at time 1757086116.909606, when looking up transform from frame [base_link] to frame [map]
[bt_navigator-6] 
[bt_navigator-6] [WARN] [1757086126.975175944] [BehaviorTreeEngine]: Behavior Tree tick rate 100.00 was exceeded!
[bt_navigator-6] [ERROR] [1757086127.076748731] [transformPoseInTargetFrame]: Extrapolation Error looking up target frame: Lookup would require extrapolation into the past.  Requested time 1757086058.088947 but the earliest data is at time 1757086117.009532, when looking up transform from frame [base_link] to frame [map]
[bt_navigator-6] 
[bt_navigator-6] [WARN] [1757086127.076936746] [BehaviorTreeEngine]: Behavior Tree tick rate 100.00 was exceeded!
[bt_navigator-6] [ERROR] [1757086127.178155953] [transformPoseInTargetFrame]: Extrapolation Error looking up target frame: Lookup would require extrapolation into the past.  Requested time 1757086058.088947 but the earliest data is at time 1757086117.109559, when looking up transform from frame [base_link] to frame [map]
[bt_navigator-6] 
[bt_navigator-6] [WARN] [1757086127.178327118] [BehaviorTreeEngine]: Behavior Tree tick rate 100.00 was exceeded!
[bt_navigator-6] [ERROR] [1757086127.279459800] [transformPoseInTargetFrame]: Extrapolation Error looking up target frame: Lookup would require extrapolation into the past.  Requested time 1757086058.088947 but the earliest data is at time 1757086117.159538, when looking up transform from frame [base_link] to frame [map]
[bt_navigator-6] 
[bt_navigator-6] [WARN] [1757086127.279640102] [BehaviorTreeEngine]: Behavior Tree tick rate 100.00 was exceeded!
[bt_navigator-6] [ERROR] [1757086127.381168309] [transformPoseInTargetFrame]: Extrapolation Error looking up target frame: Lookup would require extrapolation into the past.  Requested time 1757086058.088947 but the earliest data is at time 1757086117.309907, when looking up transform from frame [base_link] to frame [map]
[bt_navigator-6] 
[bt_navigator-6] [WARN] [1757086127.381387878] [BehaviorTreeEngine]: Behavior Tree tick rate 100.00 was exceeded!
[planner_server-4] [ERROR] [1757086127.462641598] [transformPoseInTargetFrame]: Extrapolation Error looking up target frame: Lookup would require extrapolation into the past.  Requested time 1757086058.088947 but the earliest data is at time 1757086117.359557, when looking up transform from frame [base_link] to frame [map]
[planner_server-4] 
[bt_navigator-6] [ERROR] [1757086127.482853697] [transformPoseInTargetFrame]: Extrapolation Error looking up target frame: Lookup would require extrapolation into the past.  Requested time 1757086058.088947 but the earliest data is at time 1757086117.459518, when looking up transform from frame [base_link] to frame [map]
[bt_navigator-6] 
[bt_navigator-6] [WARN] [1757086127.483065571] [BehaviorTreeEngine]: Behavior Tree tick rate 100.00 was exceeded!
[bt_navigator-6] [ERROR] [1757086127.584698444] [transformPoseInTargetFrame]: Extrapolation Error looking up target frame: Lookup would require extrapolation into the past.  Requested time 1757086058.088947 but the earliest data is at time 1757086117.559534, when looking up transform from frame [base_link] to frame [map]
[bt_navigator-6] 
[bt_navigator-6] [WARN] [1757086127.584906331] [BehaviorTreeEngine]: Behavior Tree tick rate 100.00 was exceeded!
[bt_navigator-6] [ERROR] [1757086127.686013935] [transformPoseInTargetFrame]: Extrapolation Error looking up target frame: Lookup would require extrapolation into the past.  Requested time 1757086058.088947 but the earliest data is at time 1757086117.609653, when looking up transform from frame [base_link] to frame [map]
[bt_navigator-6] 
[bt_navigator-6] [WARN] [1757086127.686208683] [BehaviorTreeEngine]: Behavior Tree tick rate 100.00 was exceeded!
[bt_navigator-6] [ERROR] [1757086127.787366536] [transformPoseInTargetFrame]: Extrapolation Error looking up target frame: Lookup would require extrapolation into the past.  Requested time 1757086058.088947 but the earliest data is at time 1757086117.759521, when looking up transform from frame [base_link] to frame [map]
[bt_navigator-6] 
[bt_navigator-6] [WARN] [1757086127.787481437] [BehaviorTreeEngine]: Behavior Tree tick rate 100.00 was exceeded!
[bt_navigator-6] [ERROR] [1757086127.889075817] [transformPoseInTargetFrame]: Extrapolation Error looking up target frame: Lookup would require extrapolation into the past.  Requested time 1757086058.088947 but the earliest data is at time 1757086117.859522, when looking up transform from frame [base_link] to frame [map]
[bt_navigator-6] 
[bt_navigator-6] [WARN] [1757086127.889316836] [BehaviorTreeEngine]: Behavior Tree tick rate 100.00 was exceeded!
[bt_navigator-6] [ERROR] [1757086127.991583858] [transformPoseInTargetFrame]: Extrapolation Error looking up target frame: Lookup would require extrapolation into the past.  Requested time 1757086058.088947 but the earliest data is at time 1757086117.909864, when looking up transform from frame [base_link] to frame [map]
[bt_navigator-6] 
[bt_navigator-6] [WARN] [1757086127.991747658] [BehaviorTreeEngine]: Behavior Tree tick rate 100.00 was exceeded!
[bt_navigator-6] [ERROR] [1757086128.093125360] [transformPoseInTargetFrame]: Extrapolation Error looking up target frame: Lookup would require extrapolation into the past.  Requested time 1757086058.088947 but the earliest data is at time 1757086118.059517, when looking up transform from frame [base_link] to frame [map]
[bt_navigator-6] 
[bt_navigator-6] [WARN] [1757086128.093199080] [BehaviorTreeEngine]: Behavior Tree tick rate 100.00 was exceeded!
[explore-10] [ERROR] [1757086128.193346610] [explore_node]: Extrapolation Error looking up robot pose: Lookup would require extrapolation at time 1757086127.888465, but only time 1757086058.088947 is in the buffer, when looking up transform from frame [base_link] to frame [map]
[explore-10] 
[bt_navigator-6] [ERROR] [1757086128.194703941] [transformPoseInTargetFrame]: Extrapolation Error looking up target frame: Lookup would require extrapolation into the past.  Requested time 1757086058.088947 but the earliest data is at time 1757086118.159492, when looking up transform from frame [base_link] to frame [map]
[bt_navigator-6] 
[bt_navigator-6] [WARN] [1757086128.194945125] [BehaviorTreeEngine]: Behavior Tree tick rate 100.00 was exceeded!
[bt_navigator-6] [ERROR] [1757086128.297141879] [transformPoseInTargetFrame]: Extrapolation Error looking up target frame: Lookup would require extrapolation into the past.  Requested time 1757086058.088947 but the earliest data is at time 1757086118.259511, when looking up transform from frame [base_link] to frame [map]
[bt_navigator-6] 
[bt_navigator-6] [WARN] [1757086128.297382450] [BehaviorTreeEngine]: Behavior Tree tick rate 100.00 was exceeded!
[bt_navigator-6] [ERROR] [1757086128.399880622] [transformPoseInTargetFrame]: Extrapolation Error looking up target frame: Lookup would require extrapolation into the past.  Requested time 1757086058.088947 but the earliest data is at time 1757086118.359500, when looking up transform from frame [base_link] to frame [map]
[bt_navigator-6] 
[bt_navigator-6] [WARN] [1757086128.400129814] [BehaviorTreeEngine]: Behavior Tree tick rate 100.00 was exceeded!
[planner_server-4] [ERROR] [1757086128.464663200] [transformPoseInTargetFrame]: Extrapolation Error looking up target frame: Lookup would require extrapolation into the past.  Requested time 1757086058.088947 but the earliest data is at time 1757086118.409562, when looking up transform from frame [base_link] to frame [map]
[planner_server-4] 
[bt_navigator-6] [ERROR] [1757086128.502047138] [transformPoseInTargetFrame]: Extrapolation Error looking up target frame: Lookup would require extrapolation into the past.  Requested time 1757086058.088947 but the earliest data is at time 1757086118.409562, when looking up transform from frame [base_link] to frame [map]
[bt_navigator-6] 
[bt_navigator-6] [WARN] [1757086128.502289725] [BehaviorTreeEngine]: Behavior Tree tick rate 100.00 was exceeded!
[bt_navigator-6] [ERROR] [1757086128.604293313] [transformPoseInTargetFrame]: Extrapolation Error looking up target frame: Lookup would require extrapolation into the past.  Requested time 1757086058.088947 but the earliest data is at time 1757086118.509669, when looking up transform from frame [base_link] to frame [map]
[bt_navigator-6] 
[bt_navigator-6] [WARN] [1757086128.604548166] [BehaviorTreeEngine]: Behavior Tree tick rate 100.00 was exceeded!
[bt_navigator-6] [ERROR] [1757086128.706642252] [transformPoseInTargetFrame]: Extrapolation Error looking up target frame: Lookup would require extrapolation into the past.  Requested time 1757086058.088947 but the earliest data is at time 1757086118.660178, when looking up transform from frame [base_link] to frame [map]
[bt_navigator-6] 
[bt_navigator-6] [WARN] [1757086128.706928777] [BehaviorTreeEngine]: Behavior Tree tick rate 100.00 was exceeded!
[bt_navigator-6] [ERROR] [1757086128.808646780] [transformPoseInTargetFrame]: Extrapolation Error looking up target frame: Lookup would require extrapolation into the past.  Requested time 1757086058.088947 but the earliest data is at time 1757086118.710280, when looking up transform from frame [base_link] to frame [map]
[bt_navigator-6] 
[bt_navigator-6] [WARN] [1757086128.808783608] [BehaviorTreeEngine]: Behavior Tree tick rate 100.00 was exceeded!
[bt_navigator-6] [ERROR] [1757086128.910434364] [transformPoseInTargetFrame]: Extrapolation Error looking up target frame: Lookup would require extrapolation into the past.  Requested time 1757086058.088947 but the earliest data is at time 1757086118.809589, when looking up transform from frame [base_link] to frame [map]
[bt_navigator-6] 
[bt_navigator-6] [WARN] [1757086128.910680493] [BehaviorTreeEngine]: Behavior Tree tick rate 100.00 was exceeded!
[bt_navigator-6] [ERROR] [1757086129.012514149] [transformPoseInTargetFrame]: Extrapolation Error looking up target frame: Lookup would require extrapolation into the past.  Requested time 1757086058.088947 but the earliest data is at time 1757086118.909758, when looking up transform from frame [base_link] to frame [map]
[bt_navigator-6] 
[bt_navigator-6] [WARN] [1757086129.012798864] [BehaviorTreeEngine]: Behavior Tree tick rate 100.00 was exceeded!
[bt_navigator-6] [WARN] [1757086129.054181294] [BehaviorTreeEngine]: Behavior Tree tick rate 100.00 was exceeded!
[bt_navigator-6] [WARN] [1757086129.167354556] [BehaviorTreeEngine]: Behavior Tree tick rate 100.00 was exceeded!
[planner_server-4] [WARN] [1757086129.188275856] [planner_server]: Planner loop missed its desired rate of 1.0000 Hz. Current loop rate is 0.0166 Hz
[controller_server-2] [INFO] [1757086129.209941505] [controller_server]: Received a goal, begin computing control effort.
[controller_server-2] [ERROR] [1757086129.311853633] [controller_server]: Exception in transformPose: Lookup would require extrapolation at time 1757086129.159518, but only time 1757086129.147661 is in the buffer, when looking up transform from frame [odom] to frame [map]
[controller_server-2] [WARN] [1757086129.311995186] [controller_server]: Unable to transform robot pose into global plan's frame
[controller_server-2] [WARN] [1757086129.312185718] [controller_server]: Control loop missed its desired rate of 10.0000Hz
[explore-10] [ERROR] [1757086129.359522404] [explore_node]: Extrapolation Error looking up robot pose: Lookup would require extrapolation at time 1757086129.054412, but only time 1757086129.147661 is in the buffer, when looking up transform from frame [base_link] to frame [map]
[explore-10] 
[controller_server-2] [ERROR] [1757086129.414605546] [controller_server]: Exception in transformPose: Lookup would require extrapolation at time 1757086129.259519, but only time 1757086129.147661 is in the buffer, when looking up transform from frame [odom] to frame [map]
[controller_server-2] [WARN] [1757086129.414749736] [controller_server]: Unable to transform robot pose into global plan's frame
[controller_server-2] [WARN] [1757086129.415035264] [controller_server]: Control loop missed its desired rate of 10.0000Hz
[controller_server-2] [ERROR] [1757086129.516522799] [controller_server]: Exception in transformPose: Lookup would require extrapolation at time 1757086129.362787, but only time 1757086129.147661 is in the buffer, when looking up transform from frame [odom] to frame [map]
[controller_server-2] [WARN] [1757086129.516648844] [controller_server]: Unable to transform robot pose into global plan's frame
[controller_server-2] [WARN] [1757086129.516839632] [controller_server]: Control loop missed its desired rate of 10.0000Hz
[controller_server-2] [ERROR] [1757086129.619289734] [controller_server]: Exception in transformPose: Lookup would require extrapolation at time 1757086129.459530, but only time 1757086129.147661 is in the buffer, when looking up transform from frame [odom] to frame [map]
[controller_server-2] [WARN] [1757086129.619411485] [controller_server]: Unable to transform robot pose into global plan's frame
[controller_server-2] [WARN] [1757086129.619599952] [controller_server]: Control loop missed its desired rate of 10.0000Hz
[controller_server-2] [ERROR] [1757086129.720920797] [controller_server]: Exception in transformPose: Lookup would require extrapolation at time 1757086129.509561, but only time 1757086129.147661 is in the buffer, when looking up transform from frame [odom] to frame [map]
[controller_server-2] [WARN] [1757086129.721097148] [controller_server]: Unable to transform robot pose into global plan's frame
[controller_server-2] [WARN] [1757086129.721293803] [controller_server]: Control loop missed its desired rate of 10.0000Hz
[controller_server-2] [ERROR] [1757086129.824162226] [controller_server]: Exception in transformPose: Lookup would require extrapolation at time 1757086129.659514, but only time 1757086129.147661 is in the buffer, when looking up transform from frame [odom] to frame [map]
[controller_server-2] [WARN] [1757086129.824266484] [controller_server]: Unable to transform robot pose into global plan's frame
[controller_server-2] [WARN] [1757086129.824519937] [controller_server]: Control loop missed its desired rate of 10.0000Hz
[controller_server-2] [ERROR] [1757086129.925602392] [controller_server]: Exception in transformPose: Lookup would require extrapolation at time 1757086129.759541, but only time 1757086129.147661 is in the buffer, when looking up transform from frame [odom] to frame [map]
[controller_server-2] [WARN] [1757086129.925659377] [controller_server]: Unable to transform robot pose into global plan's frame
[controller_server-2] [WARN] [1757086129.925761586] [controller_server]: Control loop missed its desired rate of 10.0000Hz
[controller_server-2] [ERROR] [1757086130.027355989] [controller_server]: Exception in transformPose: Lookup would require extrapolation at time 1757086129.859557, but only time 1757086129.147661 is in the buffer, when looking up transform from frame [odom] to frame [map]
[controller_server-2] [WARN] [1757086130.027478184] [controller_server]: Unable to transform robot pose into global plan's frame
[controller_server-2] [WARN] [1757086130.027700318] [controller_server]: Control loop missed its desired rate of 10.0000Hz
[controller_server-2] [ERROR] [1757086130.129171877] [controller_server]: Exception in transformPose: Lookup would require extrapolation at time 1757086129.959532, but only time 1757086129.147661 is in the buffer, when looking up transform from frame [odom] to frame [map]
[controller_server-2] [WARN] [1757086130.129292847] [controller_server]: Unable to transform robot pose into global plan's frame
[controller_server-2] [WARN] [1757086130.129488556] [controller_server]: Control loop missed its desired rate of 10.0000Hz
[controller_server-2] [ERROR] [1757086130.232079265] [controller_server]: Exception in transformPose: Lookup would require extrapolation at time 1757086130.059508, but only time 1757086129.147661 is in the buffer, when looking up transform from frame [odom] to frame [map]
[controller_server-2] [WARN] [1757086130.232119967] [controller_server]: Unable to transform robot pose into global plan's frame
[controller_server-2] [WARN] [1757086130.232173188] [controller_server]: Control loop missed its desired rate of 10.0000Hz
[controller_server-2] [ERROR] [1757086130.333126442] [controller_server]: Exception in transformPose: Lookup would require extrapolation at time 1757086130.162982, but only time 1757086129.147661 is in the buffer, when looking up transform from frame [odom] to frame [map]
[controller_server-2] [WARN] [1757086130.333247649] [controller_server]: Unable to transform robot pose into global plan's frame
[controller_server-2] [WARN] [1757086130.333439146] [controller_server]: Control loop missed its desired rate of 10.0000Hz
[controller_server-2] [INFO] [1757086130.333468066] [controller_server]: Passing new path to controller.
[controller_server-2] [ERROR] [1757086130.436148943] [controller_server]: Exception in transformPose: Lookup would require extrapolation at time 1757086130.259733, but only time 1757086129.147661 is in the buffer, when looking up transform from frame [odom] to frame [map]
[controller_server-2] [WARN] [1757086130.436298799] [controller_server]: Unable to transform robot pose into global plan's frame
[controller_server-2] [WARN] [1757086130.436588703] [controller_server]: Control loop missed its desired rate of 10.0000Hz
[controller_server-2] [ERROR] [1757086130.537881095] [controller_server]: Exception in transformPose: Lookup would require extrapolation at time 1757086130.409556, but only time 1757086129.147661 is in the buffer, when looking up transform from frame [odom] to frame [map]
[controller_server-2] [WARN] [1757086130.538017938] [controller_server]: Unable to transform robot pose into global plan's frame
[controller_server-2] [WARN] [1757086130.538277748] [controller_server]: Control loop missed its desired rate of 10.0000Hz
[explore-10] [ERROR] [1757086130.588275331] [explore_node]: Extrapolation Error looking up robot pose: Lookup would require extrapolation at time 1757086130.284208, but only time 1757086129.147661 is in the buffer, when looking up transform from frame [base_link] to frame [map]
[explore-10] 
[controller_server-2] [ERROR] [1757086130.640359393] [controller_server]: Exception in transformPose: Lookup would require extrapolation at time 1757086130.509538, but only time 1757086129.147661 is in the buffer, when looking up transform from frame [odom] to frame [map]
[controller_server-2] [WARN] [1757086130.640461929] [controller_server]: Unable to transform robot pose into global plan's frame
[controller_server-2] [WARN] [1757086130.640664886] [controller_server]: Control loop missed its desired rate of 10.0000Hz
[controller_server-2] [ERROR] [1757086130.742872253] [controller_server]: Exception in transformPose: Lookup would require extrapolation at time 1757086130.609591, but only time 1757086129.147661 is in the buffer, when looking up transform from frame [odom] to frame [map]
[controller_server-2] [WARN] [1757086130.742977972] [controller_server]: Unable to transform robot pose into global plan's frame
[controller_server-2] [WARN] [1757086130.743168749] [controller_server]: Control loop missed its desired rate of 10.0000Hz
[controller_server-2] [ERROR] [1757086130.844280811] [controller_server]: Exception in transformPose: Lookup would require extrapolation at time 1757086130.709560, but only time 1757086129.147661 is in the buffer, when looking up transform from frame [odom] to frame [map]
[controller_server-2] [WARN] [1757086130.844353575] [controller_server]: Unable to transform robot pose into global plan's frame
[controller_server-2] [WARN] [1757086130.844476734] [controller_server]: Control loop missed its desired rate of 10.0000Hz
[controller_server-2] [ERROR] [1757086130.946443889] [controller_server]: Exception in transformPose: Lookup would require extrapolation at time 1757086130.759519, but only time 1757086129.147661 is in the buffer, when looking up transform from frame [odom] to frame [map]
[controller_server-2] [WARN] [1757086130.946572107] [controller_server]: Unable to transform robot pose into global plan's frame
[controller_server-2] [WARN] [1757086130.946779427] [controller_server]: Control loop missed its desired rate of 10.0000Hz
[controller_server-2] [ERROR] [1757086131.047902892] [controller_server]: Exception in transformPose: Lookup would require extrapolation at time 1757086130.909553, but only time 1757086129.147661 is in the buffer, when looking up transform from frame [odom] to frame [map]
[controller_server-2] [WARN] [1757086131.048026558] [controller_server]: Unable to transform robot pose into global plan's frame
[controller_server-2] [WARN] [1757086131.048224462] [controller_server]: Control loop missed its desired rate of 10.0000Hz
[controller_server-2] [ERROR] [1757086131.150893399] [controller_server]: Exception in transformPose: Lookup would require extrapolation at time 1757086131.009536, but only time 1757086129.147661 is in the buffer, when looking up transform from frame [odom] to frame [map]
[controller_server-2] [WARN] [1757086131.151013464] [controller_server]: Unable to transform robot pose into global plan's frame
[controller_server-2] [WARN] [1757086131.151198391] [controller_server]: Control loop missed its desired rate of 10.0000Hz
[controller_server-2] [ERROR] [1757086131.252335177] [controller_server]: Exception in transformPose: Lookup would require extrapolation at time 1757086131.109547, but only time 1757086129.147661 is in the buffer, when looking up transform from frame [odom] to frame [map]
[controller_server-2] [WARN] [1757086131.252418276] [controller_server]: Unable to transform robot pose into global plan's frame
[controller_server-2] [ERROR] [1757086131.252443193] [controller_server]: Controller patience exceeded
[controller_server-2] [WARN] [1757086131.252489417] [controller_server]: [follow_path] [ActionServer] Aborting handle.
[controller_server-2] [INFO] [1757086131.267737134] [local_costmap.local_costmap]: Received request to clear entirely the local_costmap
[controller_server-2] [INFO] [1757086131.270041215] [controller_server]: Received a goal, begin computing control effort.
[controller_server-2] [INFO] [1757086131.450261454] [controller_server]: Passing new path to controller.
[controller_server-2] [ERROR] [1757086131.552614276] [controller_server]: Exception in transformPose: Lookup would require extrapolation at time 1757086131.409768, but only time 1757086129.147661 is in the buffer, when looking up transform from frame [odom] to frame [map]
[controller_server-2] [WARN] [1757086131.552778796] [controller_server]: Unable to transform robot pose into global plan's frame
[controller_server-2] [WARN] [1757086131.553073015] [controller_server]: Control loop missed its desired rate of 10.0000Hz
[controller_server-2] [ERROR] [1757086131.655260308] [controller_server]: Exception in transformPose: Lookup would require extrapolation at time 1757086131.509531, but only time 1757086129.147661 is in the buffer, when looking up transform from frame [odom] to frame [map]
[controller_server-2] [WARN] [1757086131.655404790] [controller_server]: Unable to transform robot pose into global plan's frame
[explore-10] [ERROR] [1757086131.818528825] [explore_node]: Extrapolation Error looking up robot pose: Lookup would require extrapolation at time 1757086131.514786, but only time 1757086129.147661 is in the buffer, when looking up transform from frame [base_link] to frame [map]
[explore-10] 
[controller_server-2] [ERROR] [1757086131.855663607] [controller_server]: Exception in transformPose: Lookup would require extrapolation at time 1757086131.709618, but only time 1757086129.147661 is in the buffer, when looking up transform from frame [odom] to frame [map]
[controller_server-2] [WARN] [1757086131.855813937] [controller_server]: Unable to transform robot pose into global plan's frame
[controller_server-2] [WARN] [1757086131.856100037] [controller_server]: Control loop missed its desired rate of 10.0000Hz
[controller_server-2] [ERROR] [1757086131.958730717] [controller_server]: Exception in transformPose: Lookup would require extrapolation at time 1757086131.809540, but only time 1757086129.147661 is in the buffer, when looking up transform from frame [odom] to frame [map]
[controller_server-2] [WARN] [1757086131.958777999] [controller_server]: Unable to transform robot pose into global plan's frame
[controller_server-2] [WARN] [1757086131.958870971] [controller_server]: Control loop missed its desired rate of 10.0000Hz
[controller_server-2] [ERROR] [1757086132.059802316] [controller_server]: Exception in transformPose: Lookup would require extrapolation at time 1757086131.859560, but only time 1757086129.147661 is in the buffer, when looking up transform from frame [odom] to frame [map]
[controller_server-2] [WARN] [1757086132.059866991] [controller_server]: Unable to transform robot pose into global plan's frame
[controller_server-2] [WARN] [1757086132.059974730] [controller_server]: Control loop missed its desired rate of 10.0000Hz
[controller_server-2] [ERROR] [1757086132.161191389] [controller_server]: Exception in transformPose: Lookup would require extrapolation at time 1757086132.009583, but only time 1757086129.147661 is in the buffer, when looking up transform from frame [odom] to frame [map]
[controller_server-2] [WARN] [1757086132.161258007] [controller_server]: Unable to transform robot pose into global plan's frame
[controller_server-2] [WARN] [1757086132.161379572] [controller_server]: Control loop missed its desired rate of 10.0000Hz
[controller_server-2] [ERROR] [1757086132.262299138] [controller_server]: Exception in transformPose: Lookup would require extrapolation at time 1757086132.109526, but only time 1757086129.147661 is in the buffer, when looking up transform from frame [odom] to frame [map]
[controller_server-2] [WARN] [1757086132.262389261] [controller_server]: Unable to transform robot pose into global plan's frame
[controller_server-2] [WARN] [1757086132.262525047] [controller_server]: Control loop missed its desired rate of 10.0000Hz
[controller_server-2] [ERROR] [1757086132.363982198] [controller_server]: Exception in transformPose: Lookup would require extrapolation at time 1757086132.209599, but only time 1757086129.147661 is in the buffer, when looking up transform from frame [odom] to frame [map]
[controller_server-2] [WARN] [1757086132.364056090] [controller_server]: Unable to transform robot pose into global plan's frame
[controller_server-2] [WARN] [1757086132.364194314] [controller_server]: Control loop missed its desired rate of 10.0000Hz
[controller_server-2] [INFO] [1757086132.364217659] [controller_server]: Passing new path to controller.
[controller_server-2] [ERROR] [1757086132.465475364] [controller_server]: Exception in transformPose: Lookup would require extrapolation at time 1757086132.259513, but only time 1757086129.147661 is in the buffer, when looking up transform from frame [odom] to frame [map]
[controller_server-2] [WARN] [1757086132.465602525] [controller_server]: Unable to transform robot pose into global plan's frame
[controller_server-2] [WARN] [1757086132.465817846] [controller_server]: Control loop missed its desired rate of 10.0000Hz
[controller_server-2] [ERROR] [1757086132.568125643] [controller_server]: Exception in transformPose: Lookup would require extrapolation at time 1757086132.459509, but only time 1757086129.147661 is in the buffer, when looking up transform from frame [odom] to frame [map]
[controller_server-2] [WARN] [1757086132.568174507] [controller_server]: Unable to transform robot pose into global plan's frame
[controller_server-2] [WARN] [1757086132.568334169] [controller_server]: Control loop missed its desired rate of 10.0000Hz
[controller_server-2] [ERROR] [1757086132.669261934] [controller_server]: Exception in transformPose: Lookup would require extrapolation at time 1757086132.559498, but only time 1757086129.147661 is in the buffer, when looking up transform from frame [odom] to frame [map]
[controller_server-2] [WARN] [1757086132.669387890] [controller_server]: Unable to transform robot pose into global plan's frame
[controller_server-2] [WARN] [1757086132.669578857] [controller_server]: Control loop missed its desired rate of 10.0000Hz
[controller_server-2] [ERROR] [1757086132.772187416] [controller_server]: Exception in transformPose: Lookup would require extrapolation at time 1757086132.609505, but only time 1757086129.147661 is in the buffer, when looking up transform from frame [odom] to frame [map]
[controller_server-2] [WARN] [1757086132.772302691] [controller_server]: Unable to transform robot pose into global plan's frame
[controller_server-2] [WARN] [1757086132.772487995] [controller_server]: Control loop missed its desired rate of 10.0000Hz
[controller_server-2] [ERROR] [1757086132.873401787] [controller_server]: Exception in transformPose: Lookup would require extrapolation at time 1757086132.759490, but only time 1757086129.147661 is in the buffer, when looking up transform from frame [odom] to frame [map]
[controller_server-2] [WARN] [1757086132.873473334] [controller_server]: Unable to transform robot pose into global plan's frame
[controller_server-2] [WARN] [1757086132.873568170] [controller_server]: Control loop missed its desired rate of 10.0000Hz
[controller_server-2] [ERROR] [1757086132.974999233] [controller_server]: Exception in transformPose: Lookup would require extrapolation at time 1757086132.759490, but only time 1757086129.147661 is in the buffer, when looking up transform from frame [odom] to frame [map]
[controller_server-2] [WARN] [1757086132.975050083] [controller_server]: Unable to transform robot pose into global plan's frame
[controller_server-2] [WARN] [1757086132.975133114] [controller_server]: Control loop missed its desired rate of 10.0000Hz
[explore-10] [ERROR] [1757086133.040867791] [explore_node]: Extrapolation Error looking up robot pose: Lookup would require extrapolation at time 1757086132.738291, but only time 1757086129.147661 is in the buffer, when looking up transform from frame [base_link] to frame [map]
[explore-10] 
[controller_server-2] [ERROR] [1757086133.076036811] [controller_server]: Exception in transformPose: Lookup would require extrapolation at time 1757086132.971082, but only time 1757086129.147661 is in the buffer, when looking up transform from frame [odom] to frame [map]
[controller_server-2] [WARN] [1757086133.076163529] [controller_server]: Unable to transform robot pose into global plan's frame
[controller_server-2] [WARN] [1757086133.076355535] [controller_server]: Control loop missed its desired rate of 10.0000Hz
[controller_server-2] [ERROR] [1757086133.178974811] [controller_server]: Exception in transformPose: Lookup would require extrapolation at time 1757086133.009519, but only time 1757086129.147661 is in the buffer, when looking up transform from frame [odom] to frame [map]
[controller_server-2] [WARN] [1757086133.179089582] [controller_server]: Unable to transform robot pose into global plan's frame
[controller_server-2] [WARN] [1757086133.179304929] [controller_server]: Control loop missed its desired rate of 10.0000Hz
[controller_server-2] [ERROR] [1757086133.280406936] [controller_server]: Exception in transformPose: Lookup would require extrapolation at time 1757086133.159502, but only time 1757086129.147661 is in the buffer, when looking up transform from frame [odom] to frame [map]
[controller_server-2] [WARN] [1757086133.280523430] [controller_server]: Unable to transform robot pose into global plan's frame
[controller_server-2] [ERROR] [1757086133.280567289] [controller_server]: Controller patience exceeded
[controller_server-2] [WARN] [1757086133.280633424] [controller_server]: [follow_path] [ActionServer] Aborting handle.
[behavior_server-5] [INFO] [1757086133.299593847] [behavior_server]: Running spin
[behavior_server-5] [INFO] [1757086133.299848894] [behavior_server]: Turning 1.57 for spin behavior.
[explore-10] [ERROR] [1757086134.270744474] [explore_node]: Extrapolation Error looking up robot pose: Lookup would require extrapolation at time 1757086133.966056, but only time 1757086129.147661 is in the buffer, when looking up transform from frame [base_link] to frame [map]
[explore-10] 
[explore-10] [ERROR] [1757086135.503071434] [explore_node]: Extrapolation Error looking up robot pose: Lookup would require extrapolation at time 1757086135.197367, but only time 1757086129.147661 is in the buffer, when looking up transform from frame [base_link] to frame [map]
[explore-10] 
[explore-10] [ERROR] [1757086136.739511918] [explore_node]: Extrapolation Error looking up robot pose: Lookup would require extrapolation at time 1757086136.435486, but only time 1757086129.147661 is in the buffer, when looking up transform from frame [base_link] to frame [map]
[explore-10] 
[explore-10] [ERROR] [1757086137.971998421] [explore_node]: Extrapolation Error looking up robot pose: Lookup would require extrapolation at time 1757086137.668667, but only time 1757086129.147661 is in the buffer, when looking up transform from frame [base_link] to frame [map]
[explore-10] 
[explore-10] [ERROR] [1757086139.203584235] [explore_node]: Extrapolation Error looking up robot pose: Lookup would require extrapolation into the future.  Requested time 1757086138.899707 but the latest data is at time 1757086138.809517, when looking up transform from frame [base_link] to frame [map]
[explore-10] 
[behavior_server-5] [ERROR] [1757086139.501018603] [transformPoseInTargetFrame]: Extrapolation Error looking up target frame: Lookup would require extrapolation into the past.  Requested time 1757086129.147661 but the earliest data is at time 1757086129.459530, when looking up transform from frame [base_link] to frame [map]
[behavior_server-5] 
[behavior_server-5] [ERROR] [1757086139.501088352] [behavior_server]: Current robot pose is not available.
[behavior_server-5] [WARN] [1757086139.501135624] [behavior_server]: spin failed
[behavior_server-5] [WARN] [1757086139.501165484] [behavior_server]: [spin] [ActionServer] Aborting handle.
[bt_navigator-6] [ERROR] [1757086139.579714150] [transformPoseInTargetFrame]: Extrapolation Error looking up target frame: Lookup would require extrapolation into the past.  Requested time 1757086129.147661 but the earliest data is at time 1757086129.509561, when looking up transform from frame [base_link] to frame [map]
[bt_navigator-6] 
[bt_navigator-6] [WARN] [1757086139.579961494] [BehaviorTreeEngine]: Behavior Tree tick rate 100.00 was exceeded!
[bt_navigator-6] [ERROR] [1757086139.682192495] [transformPoseInTargetFrame]: Extrapolation Error looking up target frame: Lookup would require extrapolation into the past.  Requested time 1757086129.147661 but the earliest data is at time 1757086129.659514, when looking up transform from frame [base_link] to frame [map]
[bt_navigator-6] 
[bt_navigator-6] [WARN] [1757086139.682386113] [BehaviorTreeEngine]: Behavior Tree tick rate 100.00 was exceeded!
[behavior_server-5] [INFO] [1757086139.682991510] [behavior_server]: Running wait
[bt_navigator-6] [ERROR] [1757086139.783995528] [transformPoseInTargetFrame]: Extrapolation Error looking up target frame: Lookup would require extrapolation into the past.  Requested time 1757086129.147661 but the earliest data is at time 1757086129.759541, when looking up transform from frame [base_link] to frame [map]
[bt_navigator-6] 
[bt_navigator-6] [WARN] [1757086139.784182688] [BehaviorTreeEngine]: Behavior Tree tick rate 100.00 was exceeded!
[bt_navigator-6] [ERROR] [1757086139.885358058] [transformPoseInTargetFrame]: Extrapolation Error looking up target frame: Lookup would require extrapolation into the past.  Requested time 1757086129.147661 but the earliest data is at time 1757086129.809526, when looking up transform from frame [base_link] to frame [map]
[bt_navigator-6] 
[bt_navigator-6] [WARN] [1757086139.885566831] [BehaviorTreeEngine]: Behavior Tree tick rate 100.00 was exceeded!
[bt_navigator-6] [ERROR] [1757086139.987106781] [transformPoseInTargetFrame]: Extrapolation Error looking up target frame: Lookup would require extrapolation into the past.  Requested time 1757086129.147661 but the earliest data is at time 1757086129.809526, when looking up transform from frame [base_link] to frame [map]
[bt_navigator-6] 
[bt_navigator-6] [WARN] [1757086139.987321874] [BehaviorTreeEngine]: Behavior Tree tick rate 100.00 was exceeded!
[bt_navigator-6] [ERROR] [1757086140.089611084] [transformPoseInTargetFrame]: Extrapolation Error looking up target frame: Lookup would require extrapolation into the past.  Requested time 1757086129.147661 but the earliest data is at time 1757086129.809526, when looking up transform from frame [base_link] to frame [map]
[bt_navigator-6] 
[bt_navigator-6] [WARN] [1757086140.089849529] [BehaviorTreeEngine]: Behavior Tree tick rate 100.00 was exceeded!
[bt_navigator-6] [ERROR] [1757086140.192178014] [transformPoseInTargetFrame]: Extrapolation Error looking up target frame: Lookup would require extrapolation into the past.  Requested time 1757086129.147661 but the earliest data is at time 1757086129.809526, when looking up transform from frame [base_link] to frame [map]
[bt_navigator-6] 
[bt_navigator-6] [WARN] [1757086140.192492591] [BehaviorTreeEngine]: Behavior Tree tick rate 100.00 was exceeded!
[bt_navigator-6] [ERROR] [1757086140.295051209] [transformPoseInTargetFrame]: Extrapolation Error looking up target frame: Lookup would require extrapolation into the past.  Requested time 1757086129.147661 but the earliest data is at time 1757086129.809526, when looking up transform from frame [base_link] to frame [map]
[bt_navigator-6] 
[bt_navigator-6] [WARN] [1757086140.295287609] [BehaviorTreeEngine]: Behavior Tree tick rate 100.00 was exceeded!
[bt_navigator-6] [ERROR] [1757086140.397707140] [transformPoseInTargetFrame]: Extrapolation Error looking up target frame: Lookup would require extrapolation into the past.  Requested time 1757086129.147661 but the earliest data is at time 1757086130.059508, when looking up transform from frame [base_link] to frame [map]
[bt_navigator-6] 
[bt_navigator-6] [WARN] [1757086140.398013228] [BehaviorTreeEngine]: Behavior Tree tick rate 100.00 was exceeded!
[explore-10] [ERROR] [1757086140.435444888] [explore_node]: Extrapolation Error looking up robot pose: Lookup would require extrapolation at time 1757086140.130465, but only time 1757086129.147661 is in the buffer, when looking up transform from frame [base_link] to frame [map]
[explore-10] 
[planner_server-4] [ERROR] [1757086140.464023645] [transformPoseInTargetFrame]: Extrapolation Error looking up target frame: Lookup would require extrapolation into the past.  Requested time 1757086129.147661 but the earliest data is at time 1757086130.359560, when looking up transform from frame [base_link] to frame [map]
[planner_server-4] 
[bt_navigator-6] [ERROR] [1757086140.500045577] [transformPoseInTargetFrame]: Extrapolation Error looking up target frame: Lookup would require extrapolation into the past.  Requested time 1757086129.147661 but the earliest data is at time 1757086130.409556, when looking up transform from frame [base_link] to frame [map]
[bt_navigator-6] 
[bt_navigator-6] [WARN] [1757086140.500398568] [BehaviorTreeEngine]: Behavior Tree tick rate 100.00 was exceeded!
[bt_navigator-6] [ERROR] [1757086140.602095431] [transformPoseInTargetFrame]: Extrapolation Error looking up target frame: Lookup would require extrapolation into the past.  Requested time 1757086129.147661 but the earliest data is at time 1757086130.509538, when looking up transform from frame [base_link] to frame [map]
[bt_navigator-6] 
[bt_navigator-6] [WARN] [1757086140.602269742] [BehaviorTreeEngine]: Behavior Tree tick rate 100.00 was exceeded!
[bt_navigator-6] [ERROR] [1757086140.703731329] [transformPoseInTargetFrame]: Extrapolation Error looking up target frame: Lookup would require extrapolation into the past.  Requested time 1757086129.147661 but the earliest data is at time 1757086130.659521, when looking up transform from frame [base_link] to frame [map]
[bt_navigator-6] 
[bt_navigator-6] [WARN] [1757086140.703897932] [BehaviorTreeEngine]: Behavior Tree tick rate 100.00 was exceeded!
[bt_navigator-6] [ERROR] [1757086140.805238414] [transformPoseInTargetFrame]: Extrapolation Error looking up target frame: Lookup would require extrapolation into the past.  Requested time 1757086129.147661 but the earliest data is at time 1757086130.709560, when looking up transform from frame [base_link] to frame [map]
[bt_navigator-6] 
[bt_navigator-6] [WARN] [1757086140.805429557] [BehaviorTreeEngine]: Behavior Tree tick rate 100.00 was exceeded!
[bt_navigator-6] [ERROR] [1757086140.907343751] [transformPoseInTargetFrame]: Extrapolation Error looking up target frame: Lookup would require extrapolation into the past.  Requested time 1757086129.147661 but the earliest data is at time 1757086130.859501, when looking up transform from frame [base_link] to frame [map]
[bt_navigator-6] 
[bt_navigator-6] [WARN] [1757086140.907529571] [BehaviorTreeEngine]: Behavior Tree tick rate 100.00 was exceeded!
[bt_navigator-6] [ERROR] [1757086141.009254156] [transformPoseInTargetFrame]: Extrapolation Error looking up target frame: Lookup would require extrapolation into the past.  Requested time 1757086129.147661 but the earliest data is at time 1757086130.909553, when looking up transform from frame [base_link] to frame [map]
[bt_navigator-6] 
[bt_navigator-6] [WARN] [1757086141.009440068] [BehaviorTreeEngine]: Behavior Tree tick rate 100.00 was exceeded!
[bt_navigator-6] [ERROR] [1757086141.110737294] [transformPoseInTargetFrame]: Extrapolation Error looking up target frame: Lookup would require extrapolation into the past.  Requested time 1757086129.147661 but the earliest data is at time 1757086131.059573, when looking up transform from frame [base_link] to frame [map]
[bt_navigator-6] 
[bt_navigator-6] [WARN] [1757086141.110916586] [BehaviorTreeEngine]: Behavior Tree tick rate 100.00 was exceeded!
[bt_navigator-6] [ERROR] [1757086141.212552469] [transformPoseInTargetFrame]: Extrapolation Error looking up target frame: Lookup would require extrapolation into the past.  Requested time 1757086129.147661 but the earliest data is at time 1757086131.059573, when looking up transform from frame [base_link] to frame [map]
[bt_navigator-6] 
[bt_navigator-6] [WARN] [1757086141.212783133] [BehaviorTreeEngine]: Behavior Tree tick rate 100.00 was exceeded!
[bt_navigator-6] [ERROR] [1757086141.314076876] [transformPoseInTargetFrame]: Extrapolation Error looking up target frame: Lookup would require extrapolation into the past.  Requested time 1757086129.147661 but the earliest data is at time 1757086131.059573, when looking up transform from frame [base_link] to frame [map]
[bt_navigator-6] 
[bt_navigator-6] [WARN] [1757086141.314248006] [BehaviorTreeEngine]: Behavior Tree tick rate 100.00 was exceeded!
[bt_navigator-6] [ERROR] [1757086141.415388088] [transformPoseInTargetFrame]: Extrapolation Error looking up target frame: Lookup would require extrapolation into the past.  Requested time 1757086129.147661 but the earliest data is at time 1757086131.309583, when looking up transform from frame [base_link] to frame [map]
[bt_navigator-6] 
[bt_navigator-6] [WARN] [1757086141.415566369] [BehaviorTreeEngine]: Behavior Tree tick rate 100.00 was exceeded!
[planner_server-4] [ERROR] [1757086141.464175550] [transformPoseInTargetFrame]: Extrapolation Error looking up target frame: Lookup would require extrapolation into the past.  Requested time 1757086129.147661 but the earliest data is at time 1757086131.359554, when looking up transform from frame [base_link] to frame [map]
[planner_server-4] 
[bt_navigator-6] [ERROR] [1757086141.516734947] [transformPoseInTargetFrame]: Extrapolation Error looking up target frame: Lookup would require extrapolation into the past.  Requested time 1757086129.147661 but the earliest data is at time 1757086131.409768, when looking up transform from frame [base_link] to frame [map]
[bt_navigator-6] 
[bt_navigator-6] [WARN] [1757086141.516934353] [BehaviorTreeEngine]: Behavior Tree tick rate 100.00 was exceeded!
[bt_navigator-6] [ERROR] [1757086141.618407827] [transformPoseInTargetFrame]: Extrapolation Error looking up target frame: Lookup would require extrapolation into the past.  Requested time 1757086129.147661 but the earliest data is at time 1757086131.559611, when looking up transform from frame [base_link] to frame [map]
[bt_navigator-6] 
[bt_navigator-6] [WARN] [1757086141.618611974] [BehaviorTreeEngine]: Behavior Tree tick rate 100.00 was exceeded!
[explore-10] [ERROR] [1757086141.666982304] [explore_node]: Extrapolation Error looking up robot pose: Lookup would require extrapolation at time 1757086141.362992, but only time 1757086129.147661 is in the buffer, when looking up transform from frame [base_link] to frame [map]
[explore-10] 
[bt_navigator-6] [ERROR] [1757086141.720128288] [transformPoseInTargetFrame]: Extrapolation Error looking up target frame: Lookup would require extrapolation into the past.  Requested time 1757086129.147661 but the earliest data is at time 1757086131.659520, when looking up transform from frame [base_link] to frame [map]
[bt_navigator-6] 
[bt_navigator-6] [WARN] [1757086141.720278127] [BehaviorTreeEngine]: Behavior Tree tick rate 100.00 was exceeded!
[bt_navigator-6] [ERROR] [1757086141.821589414] [transformPoseInTargetFrame]: Extrapolation Error looking up target frame: Lookup would require extrapolation into the past.  Requested time 1757086129.147661 but the earliest data is at time 1757086131.709618, when looking up transform from frame [base_link] to frame [map]
[bt_navigator-6] 
[bt_navigator-6] [WARN] [1757086141.821789131] [BehaviorTreeEngine]: Behavior Tree tick rate 100.00 was exceeded!
[bt_navigator-6] [ERROR] [1757086141.923023165] [transformPoseInTargetFrame]: Extrapolation Error looking up target frame: Lookup would require extrapolation into the past.  Requested time 1757086129.147661 but the earliest data is at time 1757086131.809540, when looking up transform from frame [base_link] to frame [map]
[bt_navigator-6] 
[bt_navigator-6] [WARN] [1757086141.923104314] [BehaviorTreeEngine]: Behavior Tree tick rate 100.00 was exceeded!
[bt_navigator-6] [ERROR] [1757086142.024845055] [transformPoseInTargetFrame]: Extrapolation Error looking up target frame: Lookup would require extrapolation into the past.  Requested time 1757086129.147661 but the earliest data is at time 1757086131.909559, when looking up transform from frame [base_link] to frame [map]
[bt_navigator-6] 
[bt_navigator-6] [WARN] [1757086142.024976453] [BehaviorTreeEngine]: Behavior Tree tick rate 100.00 was exceeded!
[bt_navigator-6] [ERROR] [1757086142.126154530] [transformPoseInTargetFrame]: Extrapolation Error looking up target frame: Lookup would require extrapolation into the past.  Requested time 1757086129.147661 but the earliest data is at time 1757086132.009583, when looking up transform from frame [base_link] to frame [map]
[bt_navigator-6] 
[bt_navigator-6] [WARN] [1757086142.126404816] [BehaviorTreeEngine]: Behavior Tree tick rate 100.00 was exceeded!
[bt_navigator-6] [ERROR] [1757086142.228661492] [transformPoseInTargetFrame]: Extrapolation Error looking up target frame: Lookup would require extrapolation into the past.  Requested time 1757086129.147661 but the earliest data is at time 1757086132.159519, when looking up transform from frame [base_link] to frame [map]
[bt_navigator-6] 
[bt_navigator-6] [WARN] [1757086142.228882783] [BehaviorTreeEngine]: Behavior Tree tick rate 100.00 was exceeded!
[bt_navigator-6] [ERROR] [1757086142.331321459] [transformPoseInTargetFrame]: Extrapolation Error looking up target frame: Lookup would require extrapolation into the past.  Requested time 1757086129.147661 but the earliest data is at time 1757086132.209599, when looking up transform from frame [base_link] to frame [map]
[bt_navigator-6] 
[bt_navigator-6] [WARN] [1757086142.331525951] [BehaviorTreeEngine]: Behavior Tree tick rate 100.00 was exceeded!
[bt_navigator-6] [ERROR] [1757086142.433135691] [transformPoseInTargetFrame]: Extrapolation Error looking up target frame: Lookup would require extrapolation into the past.  Requested time 1757086129.147661 but the earliest data is at time 1757086132.209599, when looking up transform from frame [base_link] to frame [map]
[bt_navigator-6] 
[bt_navigator-6] [WARN] [1757086142.433367970] [BehaviorTreeEngine]: Behavior Tree tick rate 100.00 was exceeded!
[planner_server-4] [ERROR] [1757086142.463909468] [transformPoseInTargetFrame]: Extrapolation Error looking up target frame: Lookup would require extrapolation into the past.  Requested time 1757086129.147661 but the earliest data is at time 1757086132.364110, when looking up transform from frame [base_link] to frame [map]
[planner_server-4] 
[bt_navigator-6] [ERROR] [1757086142.535368942] [transformPoseInTargetFrame]: Extrapolation Error looking up target frame: Lookup would require extrapolation into the past.  Requested time 1757086129.147661 but the earliest data is at time 1757086132.459509, when looking up transform from frame [base_link] to frame [map]
[bt_navigator-6] 
[bt_navigator-6] [WARN] [1757086142.535630766] [BehaviorTreeEngine]: Behavior Tree tick rate 100.00 was exceeded!
[bt_navigator-6] [ERROR] [1757086142.636876391] [transformPoseInTargetFrame]: Extrapolation Error looking up target frame: Lookup would require extrapolation into the past.  Requested time 1757086129.147661 but the earliest data is at time 1757086132.609505, when looking up transform from frame [base_link] to frame [map]
[bt_navigator-6] 
[bt_navigator-6] [WARN] [1757086142.637050456] [BehaviorTreeEngine]: Behavior Tree tick rate 100.00 was exceeded!
[bt_navigator-6] [ERROR] [1757086142.738297092] [transformPoseInTargetFrame]: Extrapolation Error looking up target frame: Lookup would require extrapolation into the past.  Requested time 1757086129.147661 but the earliest data is at time 1757086132.659528, when looking up transform from frame [base_link] to frame [map]
[bt_navigator-6] 
[bt_navigator-6] [WARN] [1757086142.738488764] [BehaviorTreeEngine]: Behavior Tree tick rate 100.00 was exceeded!
[bt_navigator-6] [ERROR] [1757086142.839880727] [transformPoseInTargetFrame]: Extrapolation Error looking up target frame: Lookup would require extrapolation into the past.  Requested time 1757086129.147661 but the earliest data is at time 1757086132.809489, when looking up transform from frame [base_link] to frame [map]
[bt_navigator-6] 
[bt_navigator-6] [WARN] [1757086142.840057813] [BehaviorTreeEngine]: Behavior Tree tick rate 100.00 was exceeded!
[explore-10] [ERROR] [1757086142.902405455] [explore_node]: Extrapolation Error looking up robot pose: Lookup would require extrapolation at time 1757086142.597203, but only time 1757086129.147661 is in the buffer, when looking up transform from frame [base_link] to frame [map]
[explore-10] 
[bt_navigator-6] [ERROR] [1757086142.941390492] [transformPoseInTargetFrame]: Extrapolation Error looking up target frame: Lookup would require extrapolation into the past.  Requested time 1757086129.147661 but the earliest data is at time 1757086132.809489, when looking up transform from frame [base_link] to frame [map]
[bt_navigator-6] 
[bt_navigator-6] [WARN] [1757086142.941585482] [BehaviorTreeEngine]: Behavior Tree tick rate 100.00 was exceeded!
[bt_navigator-6] [ERROR] [1757086143.043013670] [transformPoseInTargetFrame]: Extrapolation Error looking up target frame: Lookup would require extrapolation into the past.  Requested time 1757086129.147661 but the earliest data is at time 1757086132.809489, when looking up transform from frame [base_link] to frame [map]
[bt_navigator-6] 
[bt_navigator-6] [WARN] [1757086143.043219419] [BehaviorTreeEngine]: Behavior Tree tick rate 100.00 was exceeded!
[bt_navigator-6] [ERROR] [1757086143.144367448] [transformPoseInTargetFrame]: Extrapolation Error looking up target frame: Lookup would require extrapolation into the past.  Requested time 1757086129.147661 but the earliest data is at time 1757086132.809489, when looking up transform from frame [base_link] to frame [map]
[bt_navigator-6] 
[bt_navigator-6] [WARN] [1757086143.144558000] [BehaviorTreeEngine]: Behavior Tree tick rate 100.00 was exceeded!
[bt_navigator-6] [ERROR] [1757086143.246075951] [transformPoseInTargetFrame]: Extrapolation Error looking up target frame: Lookup would require extrapolation into the past.  Requested time 1757086129.147661 but the earliest data is at time 1757086132.809489, when looking up transform from frame [base_link] to frame [map]
[bt_navigator-6] 
[bt_navigator-6] [WARN] [1757086143.246296054] [BehaviorTreeEngine]: Behavior Tree tick rate 100.00 was exceeded!
[bt_navigator-6] [ERROR] [1757086143.347974935] [transformPoseInTargetFrame]: Extrapolation Error looking up target frame: Lookup would require extrapolation into the past.  Requested time 1757086129.147661 but the earliest data is at time 1757086132.971082, when looking up transform from frame [base_link] to frame [map]
[bt_navigator-6] 
[bt_navigator-6] [WARN] [1757086143.348243716] [BehaviorTreeEngine]: Behavior Tree tick rate 100.00 was exceeded!
[bt_navigator-6] [ERROR] [1757086143.449299360] [transformPoseInTargetFrame]: Extrapolation Error looking up target frame: Lookup would require extrapolation into the past.  Requested time 1757086129.147661 but the earliest data is at time 1757086133.309538, when looking up transform from frame [base_link] to frame [map]
[bt_navigator-6] 
[bt_navigator-6] [WARN] [1757086143.449436675] [BehaviorTreeEngine]: Behavior Tree tick rate 100.00 was exceeded!
[planner_server-4] [ERROR] [1757086143.462506920] [transformPoseInTargetFrame]: Extrapolation Error looking up target frame: Lookup would require extrapolation into the past.  Requested time 1757086129.147661 but the earliest data is at time 1757086133.309538, when looking up transform from frame [base_link] to frame [map]
[planner_server-4] 
[bt_navigator-6] [ERROR] [1757086143.551279343] [transformPoseInTargetFrame]: Extrapolation Error looking up target frame: Lookup would require extrapolation into the past.  Requested time 1757086129.147661 but the earliest data is at time 1757086133.511570, when looking up transform from frame [base_link] to frame [map]
[bt_navigator-6] 
[bt_navigator-6] [WARN] [1757086143.551484547] [BehaviorTreeEngine]: Behavior Tree tick rate 100.00 was exceeded!
[bt_navigator-6] [ERROR] [1757086143.652957933] [transformPoseInTargetFrame]: Extrapolation Error looking up target frame: Lookup would require extrapolation into the past.  Requested time 1757086129.147661 but the earliest data is at time 1757086133.609540, when looking up transform from frame [base_link] to frame [map]
[bt_navigator-6] 
[bt_navigator-6] [WARN] [1757086143.653139331] [BehaviorTreeEngine]: Behavior Tree tick rate 100.00 was exceeded!
[bt_navigator-6] [ERROR] [1757086143.754227857] [transformPoseInTargetFrame]: Extrapolation Error looking up target frame: Lookup would require extrapolation into the past.  Requested time 1757086129.147661 but the earliest data is at time 1757086133.709738, when looking up transform from frame [base_link] to frame [map]
[bt_navigator-6] 
[bt_navigator-6] [WARN] [1757086143.754381514] [BehaviorTreeEngine]: Behavior Tree tick rate 100.00 was exceeded!
[bt_navigator-6] [ERROR] [1757086143.855631480] [transformPoseInTargetFrame]: Extrapolation Error looking up target frame: Lookup would require extrapolation into the past.  Requested time 1757086129.147661 but the earliest data is at time 1757086133.809658, when looking up transform from frame [base_link] to frame [map]
[bt_navigator-6] 
[bt_navigator-6] [WARN] [1757086143.855821301] [BehaviorTreeEngine]: Behavior Tree tick rate 100.00 was exceeded!
[bt_navigator-6] [ERROR] [1757086143.957201331] [transformPoseInTargetFrame]: Extrapolation Error looking up target frame: Lookup would require extrapolation into the past.  Requested time 1757086129.147661 but the earliest data is at time 1757086133.909514, when looking up transform from frame [base_link] to frame [map]
[bt_navigator-6] 
[bt_navigator-6] [WARN] [1757086143.957335250] [BehaviorTreeEngine]: Behavior Tree tick rate 100.00 was exceeded!
[bt_navigator-6] [ERROR] [1757086144.058511345] [transformPoseInTargetFrame]: Extrapolation Error looking up target frame: Lookup would require extrapolation into the past.  Requested time 1757086129.147661 but the earliest data is at time 1757086133.959536, when looking up transform from frame [base_link] to frame [map]
[bt_navigator-6] 
[bt_navigator-6] [WARN] [1757086144.058694520] [BehaviorTreeEngine]: Behavior Tree tick rate 100.00 was exceeded!
[explore-10] [ERROR] [1757086144.135751928] [explore_node]: Extrapolation Error looking up robot pose: Lookup would require extrapolation at time 1757086143.832749, but only time 1757086129.147661 is in the buffer, when looking up transform from frame [base_link] to frame [map]
[explore-10] 
[bt_navigator-6] [ERROR] [1757086144.159974567] [transformPoseInTargetFrame]: Extrapolation Error looking up target frame: Lookup would require extrapolation into the past.  Requested time 1757086129.147661 but the earliest data is at time 1757086134.109520, when looking up transform from frame [base_link] to frame [map]
[bt_navigator-6] 
[bt_navigator-6] [WARN] [1757086144.160139621] [BehaviorTreeEngine]: Behavior Tree tick rate 100.00 was exceeded!
[bt_navigator-6] [ERROR] [1757086144.261169656] [transformPoseInTargetFrame]: Extrapolation Error looking up target frame: Lookup would require extrapolation into the past.  Requested time 1757086129.147661 but the earliest data is at time 1757086134.159622, when looking up transform from frame [base_link] to frame [map]
[bt_navigator-6] 
[bt_navigator-6] [WARN] [1757086144.261303032] [BehaviorTreeEngine]: Behavior Tree tick rate 100.00 was exceeded!
[bt_navigator-6] [ERROR] [1757086144.362408822] [transformPoseInTargetFrame]: Extrapolation Error looking up target frame: Lookup would require extrapolation into the past.  Requested time 1757086129.147661 but the earliest data is at time 1757086134.259623, when looking up transform from frame [base_link] to frame [map]
[bt_navigator-6] 
[bt_navigator-6] [WARN] [1757086144.362653631] [BehaviorTreeEngine]: Behavior Tree tick rate 100.00 was exceeded!
[bt_navigator-6] [ERROR] [1757086144.463743318] [transformPoseInTargetFrame]: Extrapolation Error looking up target frame: Lookup would require extrapolation into the past.  Requested time 1757086129.147661 but the earliest data is at time 1757086134.409513, when looking up transform from frame [base_link] to frame [map]
[bt_navigator-6] 
[bt_navigator-6] [WARN] [1757086144.463904657] [BehaviorTreeEngine]: Behavior Tree tick rate 100.00 was exceeded!
[planner_server-4] [ERROR] [1757086144.464089743] [transformPoseInTargetFrame]: Extrapolation Error looking up target frame: Lookup would require extrapolation into the past.  Requested time 1757086129.147661 but the earliest data is at time 1757086134.409513, when looking up transform from frame [base_link] to frame [map]
[planner_server-4] 
[bt_navigator-6] [ERROR] [1757086144.565070421] [transformPoseInTargetFrame]: Extrapolation Error looking up target frame: Lookup would require extrapolation into the past.  Requested time 1757086129.147661 but the earliest data is at time 1757086134.462690, when looking up transform from frame [base_link] to frame [map]
[bt_navigator-6] 
[bt_navigator-6] [WARN] [1757086144.565245479] [BehaviorTreeEngine]: Behavior Tree tick rate 100.00 was exceeded!
[bt_navigator-6] [ERROR] [1757086144.666726797] [transformPoseInTargetFrame]: Extrapolation Error looking up target frame: Lookup would require extrapolation into the past.  Requested time 1757086129.147661 but the earliest data is at time 1757086134.661082, when looking up transform from frame [base_link] to frame [map]
[bt_navigator-6] 
[bt_navigator-6] [WARN] [1757086144.666987647] [BehaviorTreeEngine]: Behavior Tree tick rate 100.00 was exceeded!
[behavior_server-5] [INFO] [1757086144.683341547] [behavior_server]: wait completed successfully
[bt_navigator-6] [ERROR] [1757086144.768521932] [transformPoseInTargetFrame]: Extrapolation Error looking up target frame: Lookup would require extrapolation into the past.  Requested time 1757086129.147661 but the earliest data is at time 1757086134.713396, when looking up transform from frame [base_link] to frame [map]
[bt_navigator-6] 
[bt_navigator-6] [WARN] [1757086144.768755189] [BehaviorTreeEngine]: Behavior Tree tick rate 100.00 was exceeded!
[bt_navigator-6] [ERROR] [1757086144.870249949] [transformPoseInTargetFrame]: Extrapolation Error looking up target frame: Lookup would require extrapolation into the past.  Requested time 1757086129.147661 but the earliest data is at time 1757086134.760714, when looking up transform from frame [base_link] to frame [map]
[bt_navigator-6] 
[bt_navigator-6] [WARN] [1757086144.870444391] [BehaviorTreeEngine]: Behavior Tree tick rate 100.00 was exceeded!
[bt_navigator-6] [ERROR] [1757086144.971747152] [transformPoseInTargetFrame]: Extrapolation Error looking up target frame: Lookup would require extrapolation into the past.  Requested time 1757086129.147661 but the earliest data is at time 1757086134.909521, when looking up transform from frame [base_link] to frame [map]
[bt_navigator-6] 
[bt_navigator-6] [WARN] [1757086144.971934403] [BehaviorTreeEngine]: Behavior Tree tick rate 100.00 was exceeded!
[bt_navigator-6] [ERROR] [1757086145.073161319] [transformPoseInTargetFrame]: Extrapolation Error looking up target frame: Lookup would require extrapolation into the past.  Requested time 1757086129.147661 but the earliest data is at time 1757086135.059499, when looking up transform from frame [base_link] to frame [map]
[bt_navigator-6] 
[bt_navigator-6] [WARN] [1757086145.073360121] [BehaviorTreeEngine]: Behavior Tree tick rate 100.00 was exceeded!
[bt_navigator-6] [ERROR] [1757086145.174984926] [transformPoseInTargetFrame]: Extrapolation Error looking up target frame: Lookup would require extrapolation into the past.  Requested time 1757086129.147661 but the earliest data is at time 1757086135.109505, when looking up transform from frame [base_link] to frame [map]
[bt_navigator-6] 
[bt_navigator-6] [WARN] [1757086145.175187070] [BehaviorTreeEngine]: Behavior Tree tick rate 100.00 was exceeded!
[bt_navigator-6] [ERROR] [1757086145.276239101] [transformPoseInTargetFrame]: Extrapolation Error looking up target frame: Lookup would require extrapolation into the past.  Requested time 1757086129.147661 but the earliest data is at time 1757086135.209569, when looking up transform from frame [base_link] to frame [map]
[bt_navigator-6] 
[bt_navigator-6] [WARN] [1757086145.276437269] [BehaviorTreeEngine]: Behavior Tree tick rate 100.00 was exceeded!
[explore-10] [ERROR] [1757086145.364407373] [explore_node]: Extrapolation Error looking up robot pose: Lookup would require extrapolation at time 1757086145.061461, but only time 1757086129.147661 is in the buffer, when looking up transform from frame [base_link] to frame [map]
[explore-10] 
[planner_server-4] [ERROR] [1757086145.377463412] [transformPoseInTargetFrame]: Extrapolation Error looking up target frame: Lookup would require extrapolation into the past.  Requested time 1757086129.147661 but the earliest data is at time 1757086135.359503, when looking up transform from frame [base_link] to frame [map]
[planner_server-4] 
[planner_server-4] [WARN] [1757086145.377539677] [planner_server]: [compute_path_to_pose] [ActionServer] Aborting handle.
[bt_navigator-6] [ERROR] [1757086145.377928406] [transformPoseInTargetFrame]: Extrapolation Error looking up target frame: Lookup would require extrapolation into the past.  Requested time 1757086129.147661 but the earliest data is at time 1757086135.359503, when looking up transform from frame [base_link] to frame [map]
[bt_navigator-6] 
[bt_navigator-6] [WARN] [1757086145.378191766] [BehaviorTreeEngine]: Behavior Tree tick rate 100.00 was exceeded!
[planner_server-4] [ERROR] [1757086145.463919172] [transformPoseInTargetFrame]: Extrapolation Error looking up target frame: Lookup would require extrapolation into the past.  Requested time 1757086129.147661 but the earliest data is at time 1757086135.409505, when looking up transform from frame [base_link] to frame [map]
[planner_server-4] 
[bt_navigator-6] [ERROR] [1757086145.479576206] [transformPoseInTargetFrame]: Extrapolation Error looking up target frame: Lookup would require extrapolation into the past.  Requested time 1757086129.147661 but the earliest data is at time 1757086135.459521, when looking up transform from frame [base_link] to frame [map]
[bt_navigator-6] 
[bt_navigator-6] [WARN] [1757086145.479775231] [BehaviorTreeEngine]: Behavior Tree tick rate 100.00 was exceeded!
[planner_server-4] [INFO] [1757086145.480091322] [global_costmap.global_costmap]: Received request to clear entirely the global_costmap
[bt_navigator-6] [ERROR] [1757086145.583072883] [transformPoseInTargetFrame]: Extrapolation Error looking up target frame: Lookup would require extrapolation into the past.  Requested time 1757086129.147661 but the earliest data is at time 1757086135.509575, when looking up transform from frame [base_link] to frame [map]
[bt_navigator-6] 
[bt_navigator-6] [WARN] [1757086145.583270502] [BehaviorTreeEngine]: Behavior Tree tick rate 100.00 was exceeded!
[bt_navigator-6] [ERROR] [1757086145.684346041] [transformPoseInTargetFrame]: Extrapolation Error looking up target frame: Lookup would require extrapolation into the past.  Requested time 1757086129.147661 but the earliest data is at time 1757086135.659566, when looking up transform from frame [base_link] to frame [map]
[bt_navigator-6] 
[bt_navigator-6] [WARN] [1757086145.684492218] [BehaviorTreeEngine]: Behavior Tree tick rate 100.00 was exceeded!
[bt_navigator-6] [ERROR] [1757086145.786180726] [transformPoseInTargetFrame]: Extrapolation Error looking up target frame: Lookup would require extrapolation into the past.  Requested time 1757086129.147661 but the earliest data is at time 1757086135.709557, when looking up transform from frame [base_link] to frame [map]
[bt_navigator-6] 
[bt_navigator-6] [WARN] [1757086145.786377611] [BehaviorTreeEngine]: Behavior Tree tick rate 100.00 was exceeded!
[bt_navigator-6] [ERROR] [1757086145.887775940] [transformPoseInTargetFrame]: Extrapolation Error looking up target frame: Lookup would require extrapolation into the past.  Requested time 1757086129.147661 but the earliest data is at time 1757086135.809585, when looking up transform from frame [base_link] to frame [map]
[bt_navigator-6] 
[bt_navigator-6] [WARN] [1757086145.887947359] [BehaviorTreeEngine]: Behavior Tree tick rate 100.00 was exceeded!
[bt_navigator-6] [ERROR] [1757086145.990082503] [transformPoseInTargetFrame]: Extrapolation Error looking up target frame: Lookup would require extrapolation into the past.  Requested time 1757086129.147661 but the earliest data is at time 1757086135.959538, when looking up transform from frame [base_link] to frame [map]
[bt_navigator-6] 
[bt_navigator-6] [WARN] [1757086145.990321096] [BehaviorTreeEngine]: Behavior Tree tick rate 100.00 was exceeded!
[bt_navigator-6] [ERROR] [1757086146.092661781] [transformPoseInTargetFrame]: Extrapolation Error looking up target frame: Lookup would require extrapolation into the past.  Requested time 1757086129.147661 but the earliest data is at time 1757086136.009568, when looking up transform from frame [base_link] to frame [map]
[bt_navigator-6] 
[bt_navigator-6] [WARN] [1757086146.092912459] [BehaviorTreeEngine]: Behavior Tree tick rate 100.00 was exceeded!
[bt_navigator-6] [ERROR] [1757086146.194404149] [transformPoseInTargetFrame]: Extrapolation Error looking up target frame: Lookup would require extrapolation into the past.  Requested time 1757086129.147661 but the earliest data is at time 1757086136.109533, when looking up transform from frame [base_link] to frame [map]
[bt_navigator-6] 
[bt_navigator-6] [WARN] [1757086146.194506954] [BehaviorTreeEngine]: Behavior Tree tick rate 100.00 was exceeded!
[bt_navigator-6] [ERROR] [1757086146.296602282] [transformPoseInTargetFrame]: Extrapolation Error looking up target frame: Lookup would require extrapolation into the past.  Requested time 1757086129.147661 but the earliest data is at time 1757086136.209553, when looking up transform from frame [base_link] to frame [map]
[bt_navigator-6] 
[bt_navigator-6] [WARN] [1757086146.296845805] [BehaviorTreeEngine]: Behavior Tree tick rate 100.00 was exceeded!
[bt_navigator-6] [ERROR] [1757086146.398647861] [transformPoseInTargetFrame]: Extrapolation Error looking up target frame: Lookup would require extrapolation into the past.  Requested time 1757086129.147661 but the earliest data is at time 1757086136.309566, when looking up transform from frame [base_link] to frame [map]
[bt_navigator-6] 
[bt_navigator-6] [WARN] [1757086146.398910218] [BehaviorTreeEngine]: Behavior Tree tick rate 100.00 was exceeded!
[planner_server-4] [ERROR] [1757086146.463615084] [transformPoseInTargetFrame]: Extrapolation Error looking up target frame: Lookup would require extrapolation into the past.  Requested time 1757086129.147661 but the earliest data is at time 1757086136.359652, when looking up transform from frame [base_link] to frame [map]
[planner_server-4] 
[bt_navigator-6] [ERROR] [1757086146.500141079] [transformPoseInTargetFrame]: Extrapolation Error looking up target frame: Lookup would require extrapolation into the past.  Requested time 1757086129.147661 but the earliest data is at time 1757086136.409601, when looking up transform from frame [base_link] to frame [map]
[bt_navigator-6] 
[bt_navigator-6] [WARN] [1757086146.500325960] [BehaviorTreeEngine]: Behavior Tree tick rate 100.00 was exceeded!
[explore-10] [ERROR] [1757086146.597084257] [explore_node]: Extrapolation Error looking up robot pose: Lookup would require extrapolation at time 1757086146.292928, but only time 1757086129.147661 is in the buffer, when looking up transform from frame [base_link] to frame [map]
[explore-10] 
[bt_navigator-6] [ERROR] [1757086146.601593954] [transformPoseInTargetFrame]: Extrapolation Error looking up target frame: Lookup would require extrapolation into the past.  Requested time 1757086129.147661 but the earliest data is at time 1757086136.509593, when looking up transform from frame [base_link] to frame [map]
[bt_navigator-6] 
[bt_navigator-6] [WARN] [1757086146.601778090] [BehaviorTreeEngine]: Behavior Tree tick rate 100.00 was exceeded!
[bt_navigator-6] [ERROR] [1757086146.702949207] [transformPoseInTargetFrame]: Extrapolation Error looking up target frame: Lookup would require extrapolation into the past.  Requested time 1757086129.147661 but the earliest data is at time 1757086136.509593, when looking up transform from frame [base_link] to frame [map]
[bt_navigator-6] 
[bt_navigator-6] [WARN] [1757086146.703156945] [BehaviorTreeEngine]: Behavior Tree tick rate 100.00 was exceeded!
[bt_navigator-6] [ERROR] [1757086146.804795786] [transformPoseInTargetFrame]: Extrapolation Error looking up target frame: Lookup would require extrapolation into the past.  Requested time 1757086129.147661 but the earliest data is at time 1757086136.759568, when looking up transform from frame [base_link] to frame [map]
[bt_navigator-6] 
[bt_navigator-6] [WARN] [1757086146.805014196] [BehaviorTreeEngine]: Behavior Tree tick rate 100.00 was exceeded!
[bt_navigator-6] [ERROR] [1757086146.906649784] [transformPoseInTargetFrame]: Extrapolation Error looking up target frame: Lookup would require extrapolation into the past.  Requested time 1757086129.147661 but the earliest data is at time 1757086136.759568, when looking up transform from frame [base_link] to frame [map]
[bt_navigator-6] 
[bt_navigator-6] [WARN] [1757086146.906856212] [BehaviorTreeEngine]: Behavior Tree tick rate 100.00 was exceeded!
[bt_navigator-6] [ERROR] [1757086147.008399552] [transformPoseInTargetFrame]: Extrapolation Error looking up target frame: Lookup would require extrapolation into the past.  Requested time 1757086129.147661 but the earliest data is at time 1757086136.909877, when looking up transform from frame [base_link] to frame [map]
[bt_navigator-6] 
[bt_navigator-6] [WARN] [1757086147.008599581] [BehaviorTreeEngine]: Behavior Tree tick rate 100.00 was exceeded!
[bt_navigator-6] [ERROR] [1757086147.110151083] [transformPoseInTargetFrame]: Extrapolation Error looking up target frame: Lookup would require extrapolation into the past.  Requested time 1757086129.147661 but the earliest data is at time 1757086137.009684, when looking up transform from frame [base_link] to frame [map]
[bt_navigator-6] 
[bt_navigator-6] [WARN] [1757086147.110373786] [BehaviorTreeEngine]: Behavior Tree tick rate 100.00 was exceeded!
[bt_navigator-6] [ERROR] [1757086147.212129004] [transformPoseInTargetFrame]: Extrapolation Error looking up target frame: Lookup would require extrapolation into the past.  Requested time 1757086129.147661 but the earliest data is at time 1757086137.159520, when looking up transform from frame [base_link] to frame [map]
[bt_navigator-6] 
[bt_navigator-6] [WARN] [1757086147.212332908] [BehaviorTreeEngine]: Behavior Tree tick rate 100.00 was exceeded!
[bt_navigator-6] [ERROR] [1757086147.313872479] [transformPoseInTargetFrame]: Extrapolation Error looking up target frame: Lookup would require extrapolation into the past.  Requested time 1757086129.147661 but the earliest data is at time 1757086137.259527, when looking up transform from frame [base_link] to frame [map]
[bt_navigator-6] 
[bt_navigator-6] [WARN] [1757086147.314084785] [BehaviorTreeEngine]: Behavior Tree tick rate 100.00 was exceeded!
[bt_navigator-6] [ERROR] [1757086147.415333052] [transformPoseInTargetFrame]: Extrapolation Error looking up target frame: Lookup would require extrapolation into the past.  Requested time 1757086129.147661 but the earliest data is at time 1757086137.310145, when looking up transform from frame [base_link] to frame [map]
[bt_navigator-6] 
[bt_navigator-6] [WARN] [1757086147.415587969] [BehaviorTreeEngine]: Behavior Tree tick rate 100.00 was exceeded!
[planner_server-4] [ERROR] [1757086147.465269476] [transformPoseInTargetFrame]: Extrapolation Error looking up target frame: Lookup would require extrapolation into the past.  Requested time 1757086129.147661 but the earliest data is at time 1757086137.359525, when looking up transform from frame [base_link] to frame [map]
[planner_server-4] 
[bt_navigator-6] [ERROR] [1757086147.516960185] [transformPoseInTargetFrame]: Extrapolation Error looking up target frame: Lookup would require extrapolation into the past.  Requested time 1757086129.147661 but the earliest data is at time 1757086137.409742, when looking up transform from frame [base_link] to frame [map]
[bt_navigator-6] 
[bt_navigator-6] [WARN] [1757086147.517164785] [BehaviorTreeEngine]: Behavior Tree tick rate 100.00 was exceeded!
[bt_navigator-6] [ERROR] [1757086147.618622334] [transformPoseInTargetFrame]: Extrapolation Error looking up target frame: Lookup would require extrapolation into the past.  Requested time 1757086129.147661 but the earliest data is at time 1757086137.509549, when looking up transform from frame [base_link] to frame [map]
[bt_navigator-6] 
[bt_navigator-6] [WARN] [1757086147.618808592] [BehaviorTreeEngine]: Behavior Tree tick rate 100.00 was exceeded!
[bt_navigator-6] [ERROR] [1757086147.720206356] [transformPoseInTargetFrame]: Extrapolation Error looking up target frame: Lookup would require extrapolation into the past.  Requested time 1757086129.147661 but the earliest data is at time 1757086137.609546, when looking up transform from frame [base_link] to frame [map]
[bt_navigator-6] 
[bt_navigator-6] [WARN] [1757086147.720475250] [BehaviorTreeEngine]: Behavior Tree tick rate 100.00 was exceeded!
[bt_navigator-6] [ERROR] [1757086147.822765914] [transformPoseInTargetFrame]: Extrapolation Error looking up target frame: Lookup would require extrapolation into the past.  Requested time 1757086129.147661 but the earliest data is at time 1757086137.709627, when looking up transform from frame [base_link] to frame [map]
[bt_navigator-6] 
[bt_navigator-6] [WARN] [1757086147.823006608] [BehaviorTreeEngine]: Behavior Tree tick rate 100.00 was exceeded!
[explore-10] [ERROR] [1757086147.827293697] [explore_node]: Extrapolation Error looking up robot pose: Lookup would require extrapolation at time 1757086147.524328, but only time 1757086129.147661 is in the buffer, when looking up transform from frame [base_link] to frame [map]
[explore-10] 
[bt_navigator-6] [ERROR] [1757086147.924993278] [transformPoseInTargetFrame]: Extrapolation Error looking up target frame: Lookup would require extrapolation into the past.  Requested time 1757086129.147661 but the earliest data is at time 1757086137.809542, when looking up transform from frame [base_link] to frame [map]
[bt_navigator-6] 
[bt_navigator-6] [WARN] [1757086147.925068807] [BehaviorTreeEngine]: Behavior Tree tick rate 100.00 was exceeded!
[bt_navigator-6] [ERROR] [1757086148.027131042] [transformPoseInTargetFrame]: Extrapolation Error looking up target frame: Lookup would require extrapolation into the past.  Requested time 1757086129.147661 but the earliest data is at time 1757086137.965223, when looking up transform from frame [base_link] to frame [map]
[bt_navigator-6] 
[bt_navigator-6] [WARN] [1757086148.027367725] [BehaviorTreeEngine]: Behavior Tree tick rate 100.00 was exceeded!
[bt_navigator-6] [ERROR] [1757086148.129773156] [transformPoseInTargetFrame]: Extrapolation Error looking up target frame: Lookup would require extrapolation into the past.  Requested time 1757086129.147661 but the earliest data is at time 1757086138.010819, when looking up transform from frame [base_link] to frame [map]
[bt_navigator-6] 
[bt_navigator-6] [WARN] [1757086148.130060813] [BehaviorTreeEngine]: Behavior Tree tick rate 100.00 was exceeded!
[bt_navigator-6] [ERROR] [1757086148.232375541] [transformPoseInTargetFrame]: Extrapolation Error looking up target frame: Lookup would require extrapolation into the past.  Requested time 1757086129.147661 but the earliest data is at time 1757086138.109552, when looking up transform from frame [base_link] to frame [map]
[bt_navigator-6] 
[bt_navigator-6] [WARN] [1757086148.232625267] [BehaviorTreeEngine]: Behavior Tree tick rate 100.00 was exceeded!
[bt_navigator-6] [ERROR] [1757086148.334660591] [transformPoseInTargetFrame]: Extrapolation Error looking up target frame: Lookup would require extrapolation into the past.  Requested time 1757086129.147661 but the earliest data is at time 1757086138.259527, when looking up transform from frame [base_link] to frame [map]
[bt_navigator-6] 
[bt_navigator-6] [WARN] [1757086148.334907110] [BehaviorTreeEngine]: Behavior Tree tick rate 100.00 was exceeded!
[bt_navigator-6] [ERROR] [1757086148.437354151] [transformPoseInTargetFrame]: Extrapolation Error looking up target frame: Lookup would require extrapolation into the past.  Requested time 1757086129.147661 but the earliest data is at time 1757086138.259527, when looking up transform from frame [base_link] to frame [map]
[bt_navigator-6] 
[bt_navigator-6] [WARN] [1757086148.437683214] [BehaviorTreeEngine]: Behavior Tree tick rate 100.00 was exceeded!
[planner_server-4] [ERROR] [1757086148.464431707] [transformPoseInTargetFrame]: Extrapolation Error looking up target frame: Lookup would require extrapolation into the past.  Requested time 1757086129.147661 but the earliest data is at time 1757086138.409495, when looking up transform from frame [base_link] to frame [map]
[planner_server-4] 
[bt_navigator-6] [ERROR] [1757086148.540000136] [transformPoseInTargetFrame]: Extrapolation Error looking up target frame: Lookup would require extrapolation into the past.  Requested time 1757086129.147661 but the earliest data is at time 1757086138.459757, when looking up transform from frame [base_link] to frame [map]
[bt_navigator-6] 
[bt_navigator-6] [WARN] [1757086148.540240388] [BehaviorTreeEngine]: Behavior Tree tick rate 100.00 was exceeded!
[bt_navigator-6] [ERROR] [1757086148.642734842] [transformPoseInTargetFrame]: Extrapolation Error looking up target frame: Lookup would require extrapolation into the past.  Requested time 1757086129.147661 but the earliest data is at time 1757086138.559512, when looking up transform from frame [base_link] to frame [map]
[bt_navigator-6] 
[bt_navigator-6] [WARN] [1757086148.642971900] [BehaviorTreeEngine]: Behavior Tree tick rate 100.00 was exceeded!
[bt_navigator-6] [ERROR] [1757086148.744436975] [transformPoseInTargetFrame]: Extrapolation Error looking up target frame: Lookup would require extrapolation into the past.  Requested time 1757086129.147661 but the earliest data is at time 1757086138.709568, when looking up transform from frame [base_link] to frame [map]
[bt_navigator-6] 
[bt_navigator-6] [WARN] [1757086148.744533768] [BehaviorTreeEngine]: Behavior Tree tick rate 100.00 was exceeded!
[bt_navigator-6] [ERROR] [1757086148.846572629] [transformPoseInTargetFrame]: Extrapolation Error looking up target frame: Lookup would require extrapolation into the past.  Requested time 1757086129.147661 but the earliest data is at time 1757086138.709568, when looking up transform from frame [base_link] to frame [map]
[bt_navigator-6] 
[bt_navigator-6] [WARN] [1757086148.846839255] [BehaviorTreeEngine]: Behavior Tree tick rate 100.00 was exceeded!
[bt_navigator-6] [ERROR] [1757086148.948697618] [transformPoseInTargetFrame]: Extrapolation Error looking up target frame: Lookup would require extrapolation into the past.  Requested time 1757086129.147661 but the earliest data is at time 1757086138.909516, when looking up transform from frame [base_link] to frame [map]
[bt_navigator-6] 
[bt_navigator-6] [WARN] [1757086148.948896492] [BehaviorTreeEngine]: Behavior Tree tick rate 100.00 was exceeded!
[bt_navigator-6] [ERROR] [1757086149.051112124] [transformPoseInTargetFrame]: Extrapolation Error looking up target frame: Lookup would require extrapolation into the past.  Requested time 1757086129.147661 but the earliest data is at time 1757086139.009539, when looking up transform from frame [base_link] to frame [map]
[bt_navigator-6] 
[bt_navigator-6] [WARN] [1757086149.051358144] [BehaviorTreeEngine]: Behavior Tree tick rate 100.00 was exceeded!
[explore-10] [ERROR] [1757086149.063198530] [explore_node]: Extrapolation Error looking up robot pose: Lookup would require extrapolation at time 1757086148.758483, but only time 1757086129.147661 is in the buffer, when looking up transform from frame [base_link] to frame [map]
[explore-10] 
[bt_navigator-6] [ERROR] [1757086149.153880619] [transformPoseInTargetFrame]: Extrapolation Error looking up target frame: Lookup would require extrapolation into the past.  Requested time 1757086129.147661 but the earliest data is at time 1757086139.062448, when looking up transform from frame [base_link] to frame [map]
[bt_navigator-6] 
[bt_navigator-6] [WARN] [1757086149.154158795] [BehaviorTreeEngine]: Behavior Tree tick rate 100.00 was exceeded!
[bt_navigator-6] [ERROR] [1757086149.256150001] [transformPoseInTargetFrame]: Extrapolation Error looking up target frame: Lookup would require extrapolation into the past.  Requested time 1757086129.147661 but the earliest data is at time 1757086139.209562, when looking up transform from frame [base_link] to frame [map]
[bt_navigator-6] 
[bt_navigator-6] [WARN] [1757086149.256316736] [BehaviorTreeEngine]: Behavior Tree tick rate 100.00 was exceeded!
[bt_navigator-6] [ERROR] [1757086149.357540550] [transformPoseInTargetFrame]: Extrapolation Error looking up target frame: Lookup would require extrapolation into the past.  Requested time 1757086129.147661 but the earliest data is at time 1757086139.209562, when looking up transform from frame [base_link] to frame [map]
[bt_navigator-6] 
[bt_navigator-6] [WARN] [1757086149.357707888] [BehaviorTreeEngine]: Behavior Tree tick rate 100.00 was exceeded!
[bt_navigator-6] [ERROR] [1757086149.458877964] [transformPoseInTargetFrame]: Extrapolation Error looking up target frame: Lookup would require extrapolation into the past.  Requested time 1757086129.147661 but the earliest data is at time 1757086139.209562, when looking up transform from frame [base_link] to frame [map]
[bt_navigator-6] 
[bt_navigator-6] [WARN] [1757086149.459062951] [BehaviorTreeEngine]: Behavior Tree tick rate 100.00 was exceeded!
[planner_server-4] [ERROR] [1757086149.466161850] [transformPoseInTargetFrame]: Extrapolation Error looking up target frame: Lookup would require extrapolation into the past.  Requested time 1757086129.147661 but the earliest data is at time 1757086139.209562, when looking up transform from frame [base_link] to frame [map]
[planner_server-4] 
[bt_navigator-6] [ERROR] [1757086149.560420308] [transformPoseInTargetFrame]: Extrapolation Error looking up target frame: Lookup would require extrapolation into the past.  Requested time 1757086129.147661 but the earliest data is at time 1757086139.209562, when looking up transform from frame [base_link] to frame [map]
[bt_navigator-6] 
[bt_navigator-6] [WARN] [1757086149.560615230] [BehaviorTreeEngine]: Behavior Tree tick rate 100.00 was exceeded!
[bt_navigator-6] [ERROR] [1757086149.662169625] [transformPoseInTargetFrame]: Extrapolation Error looking up target frame: Lookup would require extrapolation into the past.  Requested time 1757086129.147661 but the earliest data is at time 1757086139.209562, when looking up transform from frame [base_link] to frame [map]
[bt_navigator-6] 
[bt_navigator-6] [WARN] [1757086149.662355024] [BehaviorTreeEngine]: Behavior Tree tick rate 100.00 was exceeded!
[bt_navigator-6] [ERROR] [1757086149.764048313] [transformPoseInTargetFrame]: Extrapolation Error looking up target frame: Lookup would require extrapolation into the past.  Requested time 1757086129.147661 but the earliest data is at time 1757086139.259872, when looking up transform from frame [base_link] to frame [map]
[bt_navigator-6] 
[bt_navigator-6] [WARN] [1757086149.764258791] [BehaviorTreeEngine]: Behavior Tree tick rate 100.00 was exceeded!
[bt_navigator-6] [ERROR] [1757086149.865822360] [transformPoseInTargetFrame]: Extrapolation Error looking up target frame: Lookup would require extrapolation into the past.  Requested time 1757086129.147661 but the earliest data is at time 1757086139.759779, when looking up transform from frame [base_link] to frame [map]
[bt_navigator-6] 
[bt_navigator-6] [WARN] [1757086149.866079493] [BehaviorTreeEngine]: Behavior Tree tick rate 100.00 was exceeded!
[bt_navigator-6] [ERROR] [1757086149.967898209] [transformPoseInTargetFrame]: Extrapolation Error looking up target frame: Lookup would require extrapolation into the past.  Requested time 1757086129.147661 but the earliest data is at time 1757086139.959497, when looking up transform from frame [base_link] to frame [map]
[bt_navigator-6] 
[bt_navigator-6] [WARN] [1757086149.968137869] [BehaviorTreeEngine]: Behavior Tree tick rate 100.00 was exceeded!
[bt_navigator-6] [ERROR] [1757086150.069672396] [transformPoseInTargetFrame]: Extrapolation Error looking up target frame: Lookup would require extrapolation into the past.  Requested time 1757086129.147661 but the earliest data is at time 1757086140.009569, when looking up transform from frame [base_link] to frame [map]
[bt_navigator-6] 
[bt_navigator-6] [WARN] [1757086150.069871137] [BehaviorTreeEngine]: Behavior Tree tick rate 100.00 was exceeded!
[bt_navigator-6] [ERROR] [1757086150.171768672] [transformPoseInTargetFrame]: Extrapolation Error looking up target frame: Lookup would require extrapolation into the past.  Requested time 1757086129.147661 but the earliest data is at time 1757086140.009569, when looking up transform from frame [base_link] to frame [map]
[bt_navigator-6] 
[bt_navigator-6] [WARN] [1757086150.172009886] [BehaviorTreeEngine]: Behavior Tree tick rate 100.00 was exceeded!
[bt_navigator-6] [ERROR] [1757086150.273986235] [transformPoseInTargetFrame]: Extrapolation Error looking up target frame: Lookup would require extrapolation into the past.  Requested time 1757086129.147661 but the earliest data is at time 1757086140.259728, when looking up transform from frame [base_link] to frame [map]
[bt_navigator-6] 
[bt_navigator-6] [WARN] [1757086150.274167823] [BehaviorTreeEngine]: Behavior Tree tick rate 100.00 was exceeded!
[explore-10] [ERROR] [1757086150.300069613] [explore_node]: Extrapolation Error looking up robot pose: Lookup would require extrapolation at time 1757086149.995152, but only time 1757086129.147661 is in the buffer, when looking up transform from frame [base_link] to frame [map]
[explore-10] 
[bt_navigator-6] [ERROR] [1757086150.376856432] [transformPoseInTargetFrame]: Extrapolation Error looking up target frame: Lookup would require extrapolation into the past.  Requested time 1757086129.147661 but the earliest data is at time 1757086140.359505, when looking up transform from frame [base_link] to frame [map]
[bt_navigator-6] 
[bt_navigator-6] [WARN] [1757086150.377111540] [BehaviorTreeEngine]: Behavior Tree tick rate 100.00 was exceeded!
[planner_server-4] [ERROR] [1757086150.465535532] [transformPoseInTargetFrame]: Extrapolation Error looking up target frame: Lookup would require extrapolation into the past.  Requested time 1757086129.147661 but the earliest data is at time 1757086140.409503, when looking up transform from frame [base_link] to frame [map]
[planner_server-4] 
[bt_navigator-6] [ERROR] [1757086150.479178787] [transformPoseInTargetFrame]: Extrapolation Error looking up target frame: Lookup would require extrapolation into the past.  Requested time 1757086129.147661 but the earliest data is at time 1757086140.409503, when looking up transform from frame [base_link] to frame [map]
[bt_navigator-6] 
[bt_navigator-6] [WARN] [1757086150.479401463] [BehaviorTreeEngine]: Behavior Tree tick rate 100.00 was exceeded!
[bt_navigator-6] [ERROR] [1757086150.581712479] [transformPoseInTargetFrame]: Extrapolation Error looking up target frame: Lookup would require extrapolation into the past.  Requested time 1757086129.147661 but the earliest data is at time 1757086140.559501, when looking up transform from frame [base_link] to frame [map]
[bt_navigator-6] 
[bt_navigator-6] [WARN] [1757086150.582004507] [BehaviorTreeEngine]: Behavior Tree tick rate 100.00 was exceeded!
[bt_navigator-6] [ERROR] [1757086150.683699720] [transformPoseInTargetFrame]: Extrapolation Error looking up target frame: Lookup would require extrapolation into the past.  Requested time 1757086129.147661 but the earliest data is at time 1757086140.609606, when looking up transform from frame [base_link] to frame [map]
[bt_navigator-6] 
[bt_navigator-6] [WARN] [1757086150.683894790] [BehaviorTreeEngine]: Behavior Tree tick rate 100.00 was exceeded!
[bt_navigator-6] [ERROR] [1757086150.784977458] [transformPoseInTargetFrame]: Extrapolation Error looking up target frame: Lookup would require extrapolation into the past.  Requested time 1757086129.147661 but the earliest data is at time 1757086140.759537, when looking up transform from frame [base_link] to frame [map]
[bt_navigator-6] 
[bt_navigator-6] [WARN] [1757086150.785169376] [BehaviorTreeEngine]: Behavior Tree tick rate 100.00 was exceeded!
[bt_navigator-6] [ERROR] [1757086150.887003258] [transformPoseInTargetFrame]: Extrapolation Error looking up target frame: Lookup would require extrapolation into the past.  Requested time 1757086129.147661 but the earliest data is at time 1757086140.809661, when looking up transform from frame [base_link] to frame [map]
[bt_navigator-6] 
[bt_navigator-6] [WARN] [1757086150.887206279] [BehaviorTreeEngine]: Behavior Tree tick rate 100.00 was exceeded!
[bt_navigator-6] [ERROR] [1757086150.988913860] [transformPoseInTargetFrame]: Extrapolation Error looking up target frame: Lookup would require extrapolation into the past.  Requested time 1757086129.147661 but the earliest data is at time 1757086140.909505, when looking up transform from frame [base_link] to frame [map]
[bt_navigator-6] 
[bt_navigator-6] [WARN] [1757086150.989099710] [BehaviorTreeEngine]: Behavior Tree tick rate 100.00 was exceeded!
[bt_navigator-6] [ERROR] [1757086151.090389006] [transformPoseInTargetFrame]: Extrapolation Error looking up target frame: Lookup would require extrapolation into the past.  Requested time 1757086129.147661 but the earliest data is at time 1757086140.909505, when looking up transform from frame [base_link] to frame [map]
[bt_navigator-6] 
[bt_navigator-6] [WARN] [1757086151.090559928] [BehaviorTreeEngine]: Behavior Tree tick rate 100.00 was exceeded!
[bt_navigator-6] [ERROR] [1757086151.191685599] [transformPoseInTargetFrame]: Extrapolation Error looking up target frame: Lookup would require extrapolation into the past.  Requested time 1757086129.147661 but the earliest data is at time 1757086140.909505, when looking up transform from frame [base_link] to frame [map]
[bt_navigator-6] 
[bt_navigator-6] [WARN] [1757086151.191868061] [BehaviorTreeEngine]: Behavior Tree tick rate 100.00 was exceeded!
[bt_navigator-6] [ERROR] [1757086151.293066001] [transformPoseInTargetFrame]: Extrapolation Error looking up target frame: Lookup would require extrapolation into the past.  Requested time 1757086129.147661 but the earliest data is at time 1757086140.909505, when looking up transform from frame [base_link] to frame [map]
[bt_navigator-6] 
[bt_navigator-6] [WARN] [1757086151.293147497] [BehaviorTreeEngine]: Behavior Tree tick rate 100.00 was exceeded!
[bt_navigator-6] [ERROR] [1757086151.394155243] [transformPoseInTargetFrame]: Extrapolation Error looking up target frame: Lookup would require extrapolation into the past.  Requested time 1757086129.147661 but the earliest data is at time 1757086140.909505, when looking up transform from frame [base_link] to frame [map]
[bt_navigator-6] 
[bt_navigator-6] [WARN] [1757086151.394322315] [BehaviorTreeEngine]: Behavior Tree tick rate 100.00 was exceeded!
[planner_server-4] [ERROR] [1757086151.465015390] [transformPoseInTargetFrame]: Extrapolation Error looking up target frame: Lookup would require extrapolation into the past.  Requested time 1757086129.147661 but the earliest data is at time 1757086141.359482, when looking up transform from frame [base_link] to frame [map]
[planner_server-4] 
[bt_navigator-6] [ERROR] [1757086151.495583939] [transformPoseInTargetFrame]: Extrapolation Error looking up target frame: Lookup would require extrapolation into the past.  Requested time 1757086129.147661 but the earliest data is at time 1757086141.461536, when looking up transform from frame [base_link] to frame [map]
[bt_navigator-6] 
[bt_navigator-6] [WARN] [1757086151.495780918] [BehaviorTreeEngine]: Behavior Tree tick rate 100.00 was exceeded!
[explore-10] [ERROR] [1757086151.529805452] [explore_node]: Extrapolation Error looking up robot pose: Lookup would require extrapolation at time 1757086151.226330, but only time 1757086129.147661 is in the buffer, when looking up transform from frame [base_link] to frame [map]
[explore-10] 
[bt_navigator-6] [ERROR] [1757086151.596813434] [transformPoseInTargetFrame]: Extrapolation Error looking up target frame: Lookup would require extrapolation into the past.  Requested time 1757086129.147661 but the earliest data is at time 1757086141.511224, when looking up transform from frame [base_link] to frame [map]
[bt_navigator-6] 
[bt_navigator-6] [WARN] [1757086151.597010714] [BehaviorTreeEngine]: Behavior Tree tick rate 100.00 was exceeded!
[bt_navigator-6] [ERROR] [1757086151.698116729] [transformPoseInTargetFrame]: Extrapolation Error looking up target frame: Lookup would require extrapolation into the past.  Requested time 1757086129.147661 but the earliest data is at time 1757086141.559585, when looking up transform from frame [base_link] to frame [map]
[bt_navigator-6] 
[bt_navigator-6] [WARN] [1757086151.698235404] [BehaviorTreeEngine]: Behavior Tree tick rate 100.00 was exceeded!
[bt_navigator-6] [ERROR] [1757086151.799320787] [transformPoseInTargetFrame]: Extrapolation Error looking up target frame: Lookup would require extrapolation into the past.  Requested time 1757086129.147661 but the earliest data is at time 1757086141.709593, when looking up transform from frame [base_link] to frame [map]
[bt_navigator-6] 
[bt_navigator-6] [WARN] [1757086151.799522068] [BehaviorTreeEngine]: Behavior Tree tick rate 100.00 was exceeded!
[bt_navigator-6] [ERROR] [1757086151.901401366] [transformPoseInTargetFrame]: Extrapolation Error looking up target frame: Lookup would require extrapolation into the past.  Requested time 1757086129.147661 but the earliest data is at time 1757086141.859583, when looking up transform from frame [base_link] to frame [map]
[bt_navigator-6] 
[bt_navigator-6] [WARN] [1757086151.901649120] [BehaviorTreeEngine]: Behavior Tree tick rate 100.00 was exceeded!
[bt_navigator-6] [ERROR] [1757086152.004154969] [transformPoseInTargetFrame]: Extrapolation Error looking up target frame: Lookup would require extrapolation into the past.  Requested time 1757086129.147661 but the earliest data is at time 1757086141.959514, when looking up transform from frame [base_link] to frame [map]
[bt_navigator-6] 
[bt_navigator-6] [WARN] [1757086152.004424245] [BehaviorTreeEngine]: Behavior Tree tick rate 100.00 was exceeded!
[bt_navigator-6] [ERROR] [1757086152.106481280] [transformPoseInTargetFrame]: Extrapolation Error looking up target frame: Lookup would require extrapolation into the past.  Requested time 1757086129.147661 but the earliest data is at time 1757086142.009531, when looking up transform from frame [base_link] to frame [map]
[bt_navigator-6] 
[bt_navigator-6] [WARN] [1757086152.106720373] [BehaviorTreeEngine]: Behavior Tree tick rate 100.00 was exceeded!
[bt_navigator-6] [ERROR] [1757086152.208686455] [transformPoseInTargetFrame]: Extrapolation Error looking up target frame: Lookup would require extrapolation into the past.  Requested time 1757086129.147661 but the earliest data is at time 1757086142.109710, when looking up transform from frame [base_link] to frame [map]
[bt_navigator-6] 
[bt_navigator-6] [WARN] [1757086152.208954970] [BehaviorTreeEngine]: Behavior Tree tick rate 100.00 was exceeded!
[bt_navigator-6] [ERROR] [1757086152.310505370] [transformPoseInTargetFrame]: Extrapolation Error looking up target frame: Lookup would require extrapolation into the past.  Requested time 1757086129.147661 but the earliest data is at time 1757086142.259559, when looking up transform from frame [base_link] to frame [map]
[bt_navigator-6] 
[bt_navigator-6] [WARN] [1757086152.310703555] [BehaviorTreeEngine]: Behavior Tree tick rate 100.00 was exceeded!
[bt_navigator-6] [ERROR] [1757086152.412398430] [transformPoseInTargetFrame]: Extrapolation Error looking up target frame: Lookup would require extrapolation into the past.  Requested time 1757086129.147661 but the earliest data is at time 1757086142.359590, when looking up transform from frame [base_link] to frame [map]
[bt_navigator-6] 
[bt_navigator-6] [WARN] [1757086152.412653026] [BehaviorTreeEngine]: Behavior Tree tick rate 100.00 was exceeded!
[planner_server-4] [ERROR] [1757086152.462827088] [transformPoseInTargetFrame]: Extrapolation Error looking up target frame: Lookup would require extrapolation into the past.  Requested time 1757086129.147661 but the earliest data is at time 1757086142.359590, when looking up transform from frame [base_link] to frame [map]
[planner_server-4] 
[bt_navigator-6] [ERROR] [1757086152.515149165] [transformPoseInTargetFrame]: Extrapolation Error looking up target frame: Lookup would require extrapolation into the past.  Requested time 1757086129.147661 but the earliest data is at time 1757086142.359590, when looking up transform from frame [base_link] to frame [map]
[bt_navigator-6] 
[bt_navigator-6] [WARN] [1757086152.515400092] [BehaviorTreeEngine]: Behavior Tree tick rate 100.00 was exceeded!
[bt_navigator-6] [ERROR] [1757086152.617635766] [transformPoseInTargetFrame]: Extrapolation Error looking up target frame: Lookup would require extrapolation into the past.  Requested time 1757086129.147661 but the earliest data is at time 1757086142.359590, when looking up transform from frame [base_link] to frame [map]
[bt_navigator-6] 
[bt_navigator-6] [WARN] [1757086152.617983574] [BehaviorTreeEngine]: Behavior Tree tick rate 100.00 was exceeded!
[bt_navigator-6] [ERROR] [1757086152.720519705] [transformPoseInTargetFrame]: Extrapolation Error looking up target frame: Lookup would require extrapolation into the past.  Requested time 1757086129.147661 but the earliest data is at time 1757086142.359590, when looking up transform from frame [base_link] to frame [map]
[bt_navigator-6] 
[bt_navigator-6] [WARN] [1757086152.720735472] [BehaviorTreeEngine]: Behavior Tree tick rate 100.00 was exceeded!
[explore-10] [ERROR] [1757086152.762606275] [explore_node]: Extrapolation Error looking up robot pose: Lookup would require extrapolation into the future.  Requested time 1757086152.456919 but the latest data is at time 1757086152.359534, when looking up transform from frame [base_link] to frame [map]
[explore-10] 
[bt_navigator-6] [ERROR] [1757086152.822250290] [transformPoseInTargetFrame]: Extrapolation Error looking up target frame: Lookup would require extrapolation into the past.  Requested time 1757086129.147661 but the earliest data is at time 1757086142.359590, when looking up transform from frame [base_link] to frame [map]
[bt_navigator-6] 
[bt_navigator-6] [WARN] [1757086152.822432741] [BehaviorTreeEngine]: Behavior Tree tick rate 100.00 was exceeded!
[bt_navigator-6] [ERROR] [1757086152.923762159] [transformPoseInTargetFrame]: Extrapolation Error looking up target frame: Lookup would require extrapolation into the past.  Requested time 1757086129.147661 but the earliest data is at time 1757086142.511027, when looking up transform from frame [base_link] to frame [map]
[bt_navigator-6] 
[bt_navigator-6] [WARN] [1757086152.923815882] [BehaviorTreeEngine]: Behavior Tree tick rate 100.00 was exceeded!
[bt_navigator-6] [ERROR] [1757086153.025001916] [transformPoseInTargetFrame]: Extrapolation Error looking up target frame: Lookup would require extrapolation into the past.  Requested time 1757086129.147661 but the earliest data is at time 1757086142.909609, when looking up transform from frame [base_link] to frame [map]
[bt_navigator-6] 
[bt_navigator-6] [WARN] [1757086153.025225030] [BehaviorTreeEngine]: Behavior Tree tick rate 100.00 was exceeded!
[bt_navigator-6] [ERROR] [1757086153.126923664] [transformPoseInTargetFrame]: Extrapolation Error looking up target frame: Lookup would require extrapolation into the past.  Requested time 1757086129.147661 but the earliest data is at time 1757086143.059597, when looking up transform from frame [base_link] to frame [map]
[bt_navigator-6] 
[bt_navigator-6] [WARN] [1757086153.127130287] [BehaviorTreeEngine]: Behavior Tree tick rate 100.00 was exceeded!
[bt_navigator-6] [ERROR] [1757086153.228499594] [transformPoseInTargetFrame]: Extrapolation Error looking up target frame: Lookup would require extrapolation into the past.  Requested time 1757086129.147661 but the earliest data is at time 1757086143.159558, when looking up transform from frame [base_link] to frame [map]
[bt_navigator-6] 
[bt_navigator-6] [WARN] [1757086153.228704428] [BehaviorTreeEngine]: Behavior Tree tick rate 100.00 was exceeded!
[bt_navigator-6] [ERROR] [1757086153.329971983] [transformPoseInTargetFrame]: Extrapolation Error looking up target frame: Lookup would require extrapolation into the past.  Requested time 1757086129.147661 but the earliest data is at time 1757086143.159558, when looking up transform from frame [base_link] to frame [map]
[bt_navigator-6] 
[bt_navigator-6] [WARN] [1757086153.330163764] [BehaviorTreeEngine]: Behavior Tree tick rate 100.00 was exceeded!
[bt_navigator-6] [ERROR] [1757086153.431540359] [transformPoseInTargetFrame]: Extrapolation Error looking up target frame: Lookup would require extrapolation into the past.  Requested time 1757086129.147661 but the earliest data is at time 1757086143.159558, when looking up transform from frame [base_link] to frame [map]
[bt_navigator-6] 
[bt_navigator-6] [WARN] [1757086153.431725872] [BehaviorTreeEngine]: Behavior Tree tick rate 100.00 was exceeded!
[planner_server-4] [ERROR] [1757086153.462850880] [transformPoseInTargetFrame]: Extrapolation Error looking up target frame: Lookup would require extrapolation into the past.  Requested time 1757086129.147661 but the earliest data is at time 1757086143.059597, when looking up transform from frame [base_link] to frame [map]
[planner_server-4] 
[bt_navigator-6] [ERROR] [1757086153.532984941] [transformPoseInTargetFrame]: Extrapolation Error looking up target frame: Lookup would require extrapolation into the past.  Requested time 1757086129.147661 but the earliest data is at time 1757086143.159558, when looking up transform from frame [base_link] to frame [map]
[bt_navigator-6] 
[bt_navigator-6] [WARN] [1757086153.533186678] [BehaviorTreeEngine]: Behavior Tree tick rate 100.00 was exceeded!
[bt_navigator-6] [ERROR] [1757086153.634493639] [transformPoseInTargetFrame]: Extrapolation Error looking up target frame: Lookup would require extrapolation into the past.  Requested time 1757086129.147661 but the earliest data is at time 1757086143.159558, when looking up transform from frame [base_link] to frame [map]
[bt_navigator-6] 
[bt_navigator-6] [WARN] [1757086153.634758564] [BehaviorTreeEngine]: Behavior Tree tick rate 100.00 was exceeded!
[bt_navigator-6] [ERROR] [1757086153.736360370] [transformPoseInTargetFrame]: Extrapolation Error looking up target frame: Lookup would require extrapolation into the past.  Requested time 1757086129.147661 but the earliest data is at time 1757086143.459537, when looking up transform from frame [base_link] to frame [map]
[bt_navigator-6] 
[bt_navigator-6] [WARN] [1757086153.736551962] [BehaviorTreeEngine]: Behavior Tree tick rate 100.00 was exceeded!
[bt_navigator-6] [ERROR] [1757086153.837694432] [transformPoseInTargetFrame]: Extrapolation Error looking up target frame: Lookup would require extrapolation into the past.  Requested time 1757086129.147661 but the earliest data is at time 1757086143.711150, when looking up transform from frame [base_link] to frame [map]
[bt_navigator-6] 
[bt_navigator-6] [WARN] [1757086153.837873777] [BehaviorTreeEngine]: Behavior Tree tick rate 100.00 was exceeded!
[bt_navigator-6] [ERROR] [1757086153.939996220] [transformPoseInTargetFrame]: Extrapolation Error looking up target frame: Lookup would require extrapolation into the past.  Requested time 1757086129.147661 but the earliest data is at time 1757086143.909520, when looking up transform from frame [base_link] to frame [map]
[bt_navigator-6] 
[bt_navigator-6] [WARN] [1757086153.940227307] [BehaviorTreeEngine]: Behavior Tree tick rate 100.00 was exceeded!
[explore-10] [ERROR] [1757086153.991506622] [explore_node]: Extrapolation Error looking up robot pose: Lookup would require extrapolation at time 1757086153.688403, but only time 1757086129.147661 is in the buffer, when looking up transform from frame [base_link] to frame [map]
[explore-10] 
[bt_navigator-6] [ERROR] [1757086154.042453625] [transformPoseInTargetFrame]: Extrapolation Error looking up target frame: Lookup would require extrapolation into the past.  Requested time 1757086129.147661 but the earliest data is at time 1757086144.009511, when looking up transform from frame [base_link] to frame [map]
[bt_navigator-6] 
[bt_navigator-6] [WARN] [1757086154.042638713] [BehaviorTreeEngine]: Behavior Tree tick rate 100.00 was exceeded!
[bt_navigator-6] [ERROR] [1757086154.143824171] [transformPoseInTargetFrame]: Extrapolation Error looking up target frame: Lookup would require extrapolation into the past.  Requested time 1757086129.147661 but the earliest data is at time 1757086144.059661, when looking up transform from frame [base_link] to frame [map]
[bt_navigator-6] 
[bt_navigator-6] [WARN] [1757086154.144008420] [BehaviorTreeEngine]: Behavior Tree tick rate 100.00 was exceeded!
[bt_navigator-6] [ERROR] [1757086154.246421789] [transformPoseInTargetFrame]: Extrapolation Error looking up target frame: Lookup would require extrapolation into the past.  Requested time 1757086129.147661 but the earliest data is at time 1757086144.159504, when looking up transform from frame [base_link] to frame [map]
[bt_navigator-6] 
[bt_navigator-6] [WARN] [1757086154.246674117] [BehaviorTreeEngine]: Behavior Tree tick rate 100.00 was exceeded!
[bt_navigator-6] [ERROR] [1757086154.349121714] [transformPoseInTargetFrame]: Extrapolation Error looking up target frame: Lookup would require extrapolation into the past.  Requested time 1757086129.147661 but the earliest data is at time 1757086144.309542, when looking up transform from frame [base_link] to frame [map]
[bt_navigator-6] 
[bt_navigator-6] [WARN] [1757086154.349360311] [BehaviorTreeEngine]: Behavior Tree tick rate 100.00 was exceeded!
[bt_navigator-6] [ERROR] [1757086154.451301002] [transformPoseInTargetFrame]: Extrapolation Error looking up target frame: Lookup would require extrapolation into the past.  Requested time 1757086129.147661 but the earliest data is at time 1757086144.409541, when looking up transform from frame [base_link] to frame [map]
[bt_navigator-6] 
[bt_navigator-6] [WARN] [1757086154.451548464] [BehaviorTreeEngine]: Behavior Tree tick rate 100.00 was exceeded!
[planner_server-4] [ERROR] [1757086154.465432060] [transformPoseInTargetFrame]: Extrapolation Error looking up target frame: Lookup would require extrapolation into the past.  Requested time 1757086129.147661 but the earliest data is at time 1757086144.309542, when looking up transform from frame [base_link] to frame [map]
[planner_server-4] 
[bt_navigator-6] [ERROR] [1757086154.553811259] [transformPoseInTargetFrame]: Extrapolation Error looking up target frame: Lookup would require extrapolation into the past.  Requested time 1757086129.147661 but the earliest data is at time 1757086144.509517, when looking up transform from frame [base_link] to frame [map]
[bt_navigator-6] 
[bt_navigator-6] [WARN] [1757086154.554088164] [BehaviorTreeEngine]: Behavior Tree tick rate 100.00 was exceeded!
[bt_navigator-6] [ERROR] [1757086154.656298365] [transformPoseInTargetFrame]: Extrapolation Error looking up target frame: Lookup would require extrapolation into the past.  Requested time 1757086129.147661 but the earliest data is at time 1757086144.559536, when looking up transform from frame [base_link] to frame [map]
[bt_navigator-6] 
[bt_navigator-6] [WARN] [1757086154.656649847] [BehaviorTreeEngine]: Behavior Tree tick rate 100.00 was exceeded!
[bt_navigator-6] [ERROR] [1757086154.758649589] [transformPoseInTargetFrame]: Extrapolation Error looking up target frame: Lookup would require extrapolation into the past.  Requested time 1757086129.147661 but the earliest data is at time 1757086144.659585, when looking up transform from frame [base_link] to frame [map]
[bt_navigator-6] 
[bt_navigator-6] [WARN] [1757086154.759191659] [BehaviorTreeEngine]: Behavior Tree tick rate 100.00 was exceeded!
[bt_navigator-6] [ERROR] [1757086154.860885412] [transformPoseInTargetFrame]: Extrapolation Error looking up target frame: Lookup would require extrapolation into the past.  Requested time 1757086129.147661 but the earliest data is at time 1757086144.760580, when looking up transform from frame [base_link] to frame [map]
[bt_navigator-6] 
[bt_navigator-6] [WARN] [1757086154.861098490] [BehaviorTreeEngine]: Behavior Tree tick rate 100.00 was exceeded!
[bt_navigator-6] [ERROR] [1757086154.962168417] [transformPoseInTargetFrame]: Extrapolation Error looking up target frame: Lookup would require extrapolation into the past.  Requested time 1757086129.147661 but the earliest data is at time 1757086144.859539, when looking up transform from frame [base_link] to frame [map]
[bt_navigator-6] 
[bt_navigator-6] [WARN] [1757086154.962372770] [BehaviorTreeEngine]: Behavior Tree tick rate 100.00 was exceeded!
[bt_navigator-6] [ERROR] [1757086155.063723782] [transformPoseInTargetFrame]: Extrapolation Error looking up target frame: Lookup would require extrapolation into the past.  Requested time 1757086129.147661 but the earliest data is at time 1757086145.009713, when looking up transform from frame [base_link] to frame [map]
[bt_navigator-6] 
[bt_navigator-6] [WARN] [1757086155.063923476] [BehaviorTreeEngine]: Behavior Tree tick rate 100.00 was exceeded!
[bt_navigator-6] [ERROR] [1757086155.165411054] [transformPoseInTargetFrame]: Extrapolation Error looking up target frame: Lookup would require extrapolation into the past.  Requested time 1757086129.147661 but the earliest data is at time 1757086145.062697, when looking up transform from frame [base_link] to frame [map]
[bt_navigator-6] 
[bt_navigator-6] [WARN] [1757086155.165596726] [BehaviorTreeEngine]: Behavior Tree tick rate 100.00 was exceeded!
[explore-10] [ERROR] [1757086155.220408997] [explore_node]: Extrapolation Error looking up robot pose: Lookup would require extrapolation at time 1757086154.914084, but only time 1757086129.147661 is in the buffer, when looking up transform from frame [base_link] to frame [map]
[explore-10] 
[bt_navigator-6] [ERROR] [1757086155.267160085] [transformPoseInTargetFrame]: Extrapolation Error looking up target frame: Lookup would require extrapolation into the past.  Requested time 1757086129.147661 but the earliest data is at time 1757086145.259656, when looking up transform from frame [base_link] to frame [map]
[bt_navigator-6] 
[bt_navigator-6] [WARN] [1757086155.267404169] [BehaviorTreeEngine]: Behavior Tree tick rate 100.00 was exceeded!
[bt_navigator-6] [ERROR] [1757086155.369124764] [transformPoseInTargetFrame]: Extrapolation Error looking up target frame: Lookup would require extrapolation into the past.  Requested time 1757086129.147661 but the earliest data is at time 1757086145.259656, when looking up transform from frame [base_link] to frame [map]
[bt_navigator-6] 
[bt_navigator-6] [WARN] [1757086155.369330233] [BehaviorTreeEngine]: Behavior Tree tick rate 100.00 was exceeded!
[planner_server-4] [ERROR] [1757086155.463162634] [transformPoseInTargetFrame]: Extrapolation Error looking up target frame: Lookup would require extrapolation into the past.  Requested time 1757086129.147661 but the earliest data is at time 1757086145.359544, when looking up transform from frame [base_link] to frame [map]
[planner_server-4] 
[bt_navigator-6] [ERROR] [1757086155.470700300] [transformPoseInTargetFrame]: Extrapolation Error looking up target frame: Lookup would require extrapolation into the past.  Requested time 1757086129.147661 but the earliest data is at time 1757086145.359544, when looking up transform from frame [base_link] to frame [map]
[bt_navigator-6] 
[bt_navigator-6] [WARN] [1757086155.470934286] [BehaviorTreeEngine]: Behavior Tree tick rate 100.00 was exceeded!
[bt_navigator-6] [ERROR] [1757086155.572964189] [transformPoseInTargetFrame]: Extrapolation Error looking up target frame: Lookup would require extrapolation into the past.  Requested time 1757086129.147661 but the earliest data is at time 1757086145.559722, when looking up transform from frame [base_link] to frame [map]
[bt_navigator-6] 
[bt_navigator-6] [WARN] [1757086155.573150837] [BehaviorTreeEngine]: Behavior Tree tick rate 100.00 was exceeded!
[bt_navigator-6] [ERROR] [1757086155.674506850] [transformPoseInTargetFrame]: Extrapolation Error looking up target frame: Lookup would require extrapolation into the past.  Requested time 1757086129.147661 but the earliest data is at time 1757086145.609580, when looking up transform from frame [base_link] to frame [map]
[bt_navigator-6] 
[bt_navigator-6] [WARN] [1757086155.674790999] [BehaviorTreeEngine]: Behavior Tree tick rate 100.00 was exceeded!
[bt_navigator-6] [ERROR] [1757086155.775992786] [transformPoseInTargetFrame]: Extrapolation Error looking up target frame: Lookup would require extrapolation into the past.  Requested time 1757086129.147661 but the earliest data is at time 1757086145.709520, when looking up transform from frame [base_link] to frame [map]
[bt_navigator-6] 
[bt_navigator-6] [WARN] [1757086155.776181565] [BehaviorTreeEngine]: Behavior Tree tick rate 100.00 was exceeded!
[bt_navigator-6] [ERROR] [1757086155.877782720] [transformPoseInTargetFrame]: Extrapolation Error looking up target frame: Lookup would require extrapolation into the past.  Requested time 1757086129.147661 but the earliest data is at time 1757086145.871611, when looking up transform from frame [base_link] to frame [map]
[bt_navigator-6] 
[bt_navigator-6] [WARN] [1757086155.878011192] [BehaviorTreeEngine]: Behavior Tree tick rate 100.00 was exceeded!
[bt_navigator-6] [ERROR] [1757086155.979440810] [transformPoseInTargetFrame]: Extrapolation Error looking up target frame: Lookup would require extrapolation into the past.  Requested time 1757086129.147661 but the earliest data is at time 1757086145.912803, when looking up transform from frame [base_link] to frame [map]
[bt_navigator-6] 
[bt_navigator-6] [WARN] [1757086155.979612325] [BehaviorTreeEngine]: Behavior Tree tick rate 100.00 was exceeded!
[bt_navigator-6] [ERROR] [1757086156.080879484] [transformPoseInTargetFrame]: Extrapolation Error looking up target frame: Lookup would require extrapolation into the past.  Requested time 1757086129.147661 but the earliest data is at time 1757086146.059530, when looking up transform from frame [base_link] to frame [map]
[bt_navigator-6] 
[bt_navigator-6] [WARN] [1757086156.081066867] [BehaviorTreeEngine]: Behavior Tree tick rate 100.00 was exceeded!
[bt_navigator-6] [ERROR] [1757086156.182534260] [transformPoseInTargetFrame]: Extrapolation Error looking up target frame: Lookup would require extrapolation into the past.  Requested time 1757086129.147661 but the earliest data is at time 1757086146.109628, when looking up transform from frame [base_link] to frame [map]
[bt_navigator-6] 
[bt_navigator-6] [WARN] [1757086156.182717368] [BehaviorTreeEngine]: Behavior Tree tick rate 100.00 was exceeded!
[bt_navigator-6] [ERROR] [1757086156.283876874] [transformPoseInTargetFrame]: Extrapolation Error looking up target frame: Lookup would require extrapolation into the past.  Requested time 1757086129.147661 but the earliest data is at time 1757086146.259502, when looking up transform from frame [base_link] to frame [map]
[bt_navigator-6] 
[bt_navigator-6] [WARN] [1757086156.284051164] [BehaviorTreeEngine]: Behavior Tree tick rate 100.00 was exceeded!
[bt_navigator-6] [ERROR] [1757086156.385196600] [transformPoseInTargetFrame]: Extrapolation Error looking up target frame: Lookup would require extrapolation into the past.  Requested time 1757086129.147661 but the earliest data is at time 1757086146.359497, when looking up transform from frame [base_link] to frame [map]
[bt_navigator-6] 
[bt_navigator-6] [WARN] [1757086156.385384260] [BehaviorTreeEngine]: Behavior Tree tick rate 100.00 was exceeded!
[explore-10] [ERROR] [1757086156.453959818] [explore_node]: Extrapolation Error looking up robot pose: Lookup would require extrapolation at time 1757086156.150759, but only time 1757086129.147661 is in the buffer, when looking up transform from frame [base_link] to frame [map]
[explore-10] 
[planner_server-4] [ERROR] [1757086156.463915886] [transformPoseInTargetFrame]: Extrapolation Error looking up target frame: Lookup would require extrapolation into the past.  Requested time 1757086129.147661 but the earliest data is at time 1757086146.409532, when looking up transform from frame [base_link] to frame [map]
[planner_server-4] 
[bt_navigator-6] [ERROR] [1757086156.486588047] [transformPoseInTargetFrame]: Extrapolation Error looking up target frame: Lookup would require extrapolation into the past.  Requested time 1757086129.147661 but the earliest data is at time 1757086146.459561, when looking up transform from frame [base_link] to frame [map]
[bt_navigator-6] 
[bt_navigator-6] [WARN] [1757086156.486766316] [BehaviorTreeEngine]: Behavior Tree tick rate 100.00 was exceeded!
[bt_navigator-6] [ERROR] [1757086156.588003795] [transformPoseInTargetFrame]: Extrapolation Error looking up target frame: Lookup would require extrapolation into the past.  Requested time 1757086129.147661 but the earliest data is at time 1757086146.559559, when looking up transform from frame [base_link] to frame [map]
[bt_navigator-6] 
[bt_navigator-6] [WARN] [1757086156.588178424] [BehaviorTreeEngine]: Behavior Tree tick rate 100.00 was exceeded!
[bt_navigator-6] [ERROR] [1757086156.689498984] [transformPoseInTargetFrame]: Extrapolation Error looking up target frame: Lookup would require extrapolation into the past.  Requested time 1757086129.147661 but the earliest data is at time 1757086146.659538, when looking up transform from frame [base_link] to frame [map]
[bt_navigator-6] 
[bt_navigator-6] [WARN] [1757086156.689710358] [BehaviorTreeEngine]: Behavior Tree tick rate 100.00 was exceeded!
[bt_navigator-6] [ERROR] [1757086156.791013396] [transformPoseInTargetFrame]: Extrapolation Error looking up target frame: Lookup would require extrapolation into the past.  Requested time 1757086129.147661 but the earliest data is at time 1757086146.759532, when looking up transform from frame [base_link] to frame [map]
[bt_navigator-6] 
[bt_navigator-6] [WARN] [1757086156.791208141] [BehaviorTreeEngine]: Behavior Tree tick rate 100.00 was exceeded!
[bt_navigator-6] [ERROR] [1757086156.892476635] [transformPoseInTargetFrame]: Extrapolation Error looking up target frame: Lookup would require extrapolation into the past.  Requested time 1757086129.147661 but the earliest data is at time 1757086146.859557, when looking up transform from frame [base_link] to frame [map]
[bt_navigator-6] 
[bt_navigator-6] [WARN] [1757086156.892672907] [BehaviorTreeEngine]: Behavior Tree tick rate 100.00 was exceeded!
[bt_navigator-6] [ERROR] [1757086156.993894873] [transformPoseInTargetFrame]: Extrapolation Error looking up target frame: Lookup would require extrapolation into the past.  Requested time 1757086129.147661 but the earliest data is at time 1757086146.959537, when looking up transform from frame [base_link] to frame [map]
[bt_navigator-6] 
[bt_navigator-6] [WARN] [1757086156.994099866] [BehaviorTreeEngine]: Behavior Tree tick rate 100.00 was exceeded!
[bt_navigator-6] [ERROR] [1757086157.095592833] [transformPoseInTargetFrame]: Extrapolation Error looking up target frame: Lookup would require extrapolation into the past.  Requested time 1757086129.147661 but the earliest data is at time 1757086147.059573, when looking up transform from frame [base_link] to frame [map]
[bt_navigator-6] 
[bt_navigator-6] [WARN] [1757086157.095796673] [BehaviorTreeEngine]: Behavior Tree tick rate 100.00 was exceeded!
[bt_navigator-6] [ERROR] [1757086157.198004471] [transformPoseInTargetFrame]: Extrapolation Error looking up target frame: Lookup would require extrapolation into the past.  Requested time 1757086129.147661 but the earliest data is at time 1757086147.159624, when looking up transform from frame [base_link] to frame [map]
[bt_navigator-6] 
[bt_navigator-6] [WARN] [1757086157.198232588] [BehaviorTreeEngine]: Behavior Tree tick rate 100.00 was exceeded!
[bt_navigator-6] [ERROR] [1757086157.300433521] [transformPoseInTargetFrame]: Extrapolation Error looking up target frame: Lookup would require extrapolation into the past.  Requested time 1757086129.147661 but the earliest data is at time 1757086147.259855, when looking up transform from frame [base_link] to frame [map]
[bt_navigator-6] 
[bt_navigator-6] [WARN] [1757086157.300630770] [BehaviorTreeEngine]: Behavior Tree tick rate 100.00 was exceeded!
[bt_navigator-6] [ERROR] [1757086157.401848022] [transformPoseInTargetFrame]: Extrapolation Error looking up target frame: Lookup would require extrapolation into the past.  Requested time 1757086129.147661 but the earliest data is at time 1757086147.359518, when looking up transform from frame [base_link] to frame [map]
[bt_navigator-6] 
[bt_navigator-6] [WARN] [1757086157.402056144] [BehaviorTreeEngine]: Behavior Tree tick rate 100.00 was exceeded!
[planner_server-4] [ERROR] [1757086157.463759527] [transformPoseInTargetFrame]: Extrapolation Error looking up target frame: Lookup would require extrapolation into the past.  Requested time 1757086129.147661 but the earliest data is at time 1757086147.409523, when looking up transform from frame [base_link] to frame [map]
[planner_server-4] 
[bt_navigator-6] [ERROR] [1757086157.503815688] [transformPoseInTargetFrame]: Extrapolation Error looking up target frame: Lookup would require extrapolation into the past.  Requested time 1757086129.147661 but the earliest data is at time 1757086147.409523, when looking up transform from frame [base_link] to frame [map]
[bt_navigator-6] 
[bt_navigator-6] [WARN] [1757086157.504012879] [BehaviorTreeEngine]: Behavior Tree tick rate 100.00 was exceeded!
[bt_navigator-6] [ERROR] [1757086157.605473691] [transformPoseInTargetFrame]: Extrapolation Error looking up target frame: Lookup would require extrapolation into the past.  Requested time 1757086129.147661 but the earliest data is at time 1757086147.559527, when looking up transform from frame [base_link] to frame [map]
[bt_navigator-6] 
[bt_navigator-6] [WARN] [1757086157.605660516] [BehaviorTreeEngine]: Behavior Tree tick rate 100.00 was exceeded!
[explore-10] [ERROR] [1757086157.686248579] [explore_node]: Extrapolation Error looking up robot pose: Lookup would require extrapolation at time 1757086157.379958, but only time 1757086129.147661 is in the buffer, when looking up transform from frame [base_link] to frame [map]
[explore-10] 
[bt_navigator-6] [ERROR] [1757086157.707248209] [transformPoseInTargetFrame]: Extrapolation Error looking up target frame: Lookup would require extrapolation into the past.  Requested time 1757086129.147661 but the earliest data is at time 1757086147.659564, when looking up transform from frame [base_link] to frame [map]
[bt_navigator-6] 
[bt_navigator-6] [WARN] [1757086157.707489302] [BehaviorTreeEngine]: Behavior Tree tick rate 100.00 was exceeded!
[bt_navigator-6] [ERROR] [1757086157.809667675] [transformPoseInTargetFrame]: Extrapolation Error looking up target frame: Lookup would require extrapolation into the past.  Requested time 1757086129.147661 but the earliest data is at time 1757086147.759522, when looking up transform from frame [base_link] to frame [map]
[bt_navigator-6] 
[bt_navigator-6] [WARN] [1757086157.809888540] [BehaviorTreeEngine]: Behavior Tree tick rate 100.00 was exceeded!
[bt_navigator-6] [ERROR] [1757086157.912456466] [transformPoseInTargetFrame]: Extrapolation Error looking up target frame: Lookup would require extrapolation into the past.  Requested time 1757086129.147661 but the earliest data is at time 1757086147.859565, when looking up transform from frame [base_link] to frame [map]
[bt_navigator-6] 
[bt_navigator-6] [WARN] [1757086157.912714089] [BehaviorTreeEngine]: Behavior Tree tick rate 100.00 was exceeded!
[bt_navigator-6] [ERROR] [1757086158.015321437] [transformPoseInTargetFrame]: Extrapolation Error looking up target frame: Lookup would require extrapolation into the past.  Requested time 1757086129.147661 but the earliest data is at time 1757086147.959551, when looking up transform from frame [base_link] to frame [map]
[bt_navigator-6] 
[bt_navigator-6] [WARN] [1757086158.015570556] [BehaviorTreeEngine]: Behavior Tree tick rate 100.00 was exceeded!
[bt_navigator-6] [ERROR] [1757086158.117956678] [transformPoseInTargetFrame]: Extrapolation Error looking up target frame: Lookup would require extrapolation into the past.  Requested time 1757086129.147661 but the earliest data is at time 1757086148.059576, when looking up transform from frame [base_link] to frame [map]
[bt_navigator-6] 
[bt_navigator-6] [WARN] [1757086158.118215826] [BehaviorTreeEngine]: Behavior Tree tick rate 100.00 was exceeded!
[bt_navigator-6] [ERROR] [1757086158.220624902] [transformPoseInTargetFrame]: Extrapolation Error looking up target frame: Lookup would require extrapolation into the past.  Requested time 1757086129.147661 but the earliest data is at time 1757086148.059576, when looking up transform from frame [base_link] to frame [map]
[bt_navigator-6] 
[bt_navigator-6] [WARN] [1757086158.220863555] [BehaviorTreeEngine]: Behavior Tree tick rate 100.00 was exceeded!
[bt_navigator-6] [ERROR] [1757086158.323111089] [transformPoseInTargetFrame]: Extrapolation Error looking up target frame: Lookup would require extrapolation into the past.  Requested time 1757086129.147661 but the earliest data is at time 1757086148.059576, when looking up transform from frame [base_link] to frame [map]
[bt_navigator-6] 
[bt_navigator-6] [WARN] [1757086158.323312364] [BehaviorTreeEngine]: Behavior Tree tick rate 100.00 was exceeded!
[bt_navigator-6] [ERROR] [1757086158.424824953] [transformPoseInTargetFrame]: Extrapolation Error looking up target frame: Lookup would require extrapolation into the past.  Requested time 1757086129.147661 but the earliest data is at time 1757086148.059576, when looking up transform from frame [base_link] to frame [map]
[bt_navigator-6] 
[bt_navigator-6] [WARN] [1757086158.425014961] [BehaviorTreeEngine]: Behavior Tree tick rate 100.00 was exceeded!
[planner_server-4] [ERROR] [1757086158.462815101] [transformPoseInTargetFrame]: Extrapolation Error looking up target frame: Lookup would require extrapolation into the past.  Requested time 1757086129.147661 but the earliest data is at time 1757086148.160513, when looking up transform from frame [base_link] to frame [map]
[planner_server-4] 
[bt_navigator-6] [ERROR] [1757086158.526424520] [transformPoseInTargetFrame]: Extrapolation Error looking up target frame: Lookup would require extrapolation into the past.  Requested time 1757086129.147661 but the earliest data is at time 1757086148.059576, when looking up transform from frame [base_link] to frame [map]
[bt_navigator-6] 
[bt_navigator-6] [WARN] [1757086158.526701274] [BehaviorTreeEngine]: Behavior Tree tick rate 100.00 was exceeded!
[bt_navigator-6] [ERROR] [1757086158.628176744] [transformPoseInTargetFrame]: Extrapolation Error looking up target frame: Lookup would require extrapolation into the past.  Requested time 1757086129.147661 but the earliest data is at time 1757086148.059576, when looking up transform from frame [base_link] to frame [map]
[bt_navigator-6] 
[bt_navigator-6] [WARN] [1757086158.628364335] [BehaviorTreeEngine]: Behavior Tree tick rate 100.00 was exceeded!
[bt_navigator-6] [ERROR] [1757086158.729723816] [transformPoseInTargetFrame]: Extrapolation Error looking up target frame: Lookup would require extrapolation into the past.  Requested time 1757086129.147661 but the earliest data is at time 1757086148.359563, when looking up transform from frame [base_link] to frame [map]
[bt_navigator-6] 
[bt_navigator-6] [WARN] [1757086158.729877513] [BehaviorTreeEngine]: Behavior Tree tick rate 100.00 was exceeded!
[bt_navigator-6] [ERROR] [1757086158.830963971] [transformPoseInTargetFrame]: Extrapolation Error looking up target frame: Lookup would require extrapolation into the past.  Requested time 1757086129.147661 but the earliest data is at time 1757086148.759698, when looking up transform from frame [base_link] to frame [map]
[bt_navigator-6] 
[bt_navigator-6] [WARN] [1757086158.831623530] [BehaviorTreeEngine]: Behavior Tree tick rate 100.00 was exceeded!
[explore-10] [ERROR] [1757086158.921701759] [explore_node]: Extrapolation Error looking up robot pose: Lookup would require extrapolation at time 1757086158.616837, but only time 1757086129.147661 is in the buffer, when looking up transform from frame [base_link] to frame [map]
[explore-10] 
[bt_navigator-6] [ERROR] [1757086158.933082277] [transformPoseInTargetFrame]: Extrapolation Error looking up target frame: Lookup would require extrapolation into the past.  Requested time 1757086129.147661 but the earliest data is at time 1757086148.859518, when looking up transform from frame [base_link] to frame [map]
[bt_navigator-6] 
[bt_navigator-6] [WARN] [1757086158.933309104] [BehaviorTreeEngine]: Behavior Tree tick rate 100.00 was exceeded!
[bt_navigator-6] [ERROR] [1757086159.035602087] [transformPoseInTargetFrame]: Extrapolation Error looking up target frame: Lookup would require extrapolation into the past.  Requested time 1757086129.147661 but the earliest data is at time 1757086148.859518, when looking up transform from frame [base_link] to frame [map]
[bt_navigator-6] 
[bt_navigator-6] [WARN] [1757086159.035807324] [BehaviorTreeEngine]: Behavior Tree tick rate 100.00 was exceeded!
[bt_navigator-6] [ERROR] [1757086159.137281844] [transformPoseInTargetFrame]: Extrapolation Error looking up target frame: Lookup would require extrapolation into the past.  Requested time 1757086129.147661 but the earliest data is at time 1757086148.859518, when looking up transform from frame [base_link] to frame [map]
[bt_navigator-6] 
[bt_navigator-6] [WARN] [1757086159.137448169] [BehaviorTreeEngine]: Behavior Tree tick rate 100.00 was exceeded!
[bt_navigator-6] [ERROR] [1757086159.238881878] [transformPoseInTargetFrame]: Extrapolation Error looking up target frame: Lookup would require extrapolation into the past.  Requested time 1757086129.147661 but the earliest data is at time 1757086149.159900, when looking up transform from frame [base_link] to frame [map]
[bt_navigator-6] 
[bt_navigator-6] [WARN] [1757086159.239052185] [BehaviorTreeEngine]: Behavior Tree tick rate 100.00 was exceeded!
[bt_navigator-6] [ERROR] [1757086159.340396920] [transformPoseInTargetFrame]: Extrapolation Error looking up target frame: Lookup would require extrapolation into the past.  Requested time 1757086129.147661 but the earliest data is at time 1757086149.262716, when looking up transform from frame [base_link] to frame [map]
[bt_navigator-6] 
[bt_navigator-6] [WARN] [1757086159.340581614] [BehaviorTreeEngine]: Behavior Tree tick rate 100.00 was exceeded!
[bt_navigator-6] [ERROR] [1757086159.441735218] [transformPoseInTargetFrame]: Extrapolation Error looking up target frame: Lookup would require extrapolation into the past.  Requested time 1757086129.147661 but the earliest data is at time 1757086149.409639, when looking up transform from frame [base_link] to frame [map]
[bt_navigator-6] 
[bt_navigator-6] [WARN] [1757086159.441922410] [BehaviorTreeEngine]: Behavior Tree tick rate 100.00 was exceeded!
[planner_server-4] [ERROR] [1757086159.462862040] [transformPoseInTargetFrame]: Extrapolation Error looking up target frame: Lookup would require extrapolation into the past.  Requested time 1757086129.147661 but the earliest data is at time 1757086149.409639, when looking up transform from frame [base_link] to frame [map]
[planner_server-4] 
[bt_navigator-6] [ERROR] [1757086159.543273322] [transformPoseInTargetFrame]: Extrapolation Error looking up target frame: Lookup would require extrapolation into the past.  Requested time 1757086129.147661 but the earliest data is at time 1757086149.459597, when looking up transform from frame [base_link] to frame [map]
[bt_navigator-6] 
[bt_navigator-6] [WARN] [1757086159.543457380] [BehaviorTreeEngine]: Behavior Tree tick rate 100.00 was exceeded!
[bt_navigator-6] [ERROR] [1757086159.644857560] [transformPoseInTargetFrame]: Extrapolation Error looking up target frame: Lookup would require extrapolation into the past.  Requested time 1757086129.147661 but the earliest data is at time 1757086149.559604, when looking up transform from frame [base_link] to frame [map]
[bt_navigator-6] 
[bt_navigator-6] [WARN] [1757086159.645058763] [BehaviorTreeEngine]: Behavior Tree tick rate 100.00 was exceeded!
[bt_navigator-6] [ERROR] [1757086159.746325741] [transformPoseInTargetFrame]: Extrapolation Error looking up target frame: Lookup would require extrapolation into the past.  Requested time 1757086129.147661 but the earliest data is at time 1757086149.609580, when looking up transform from frame [base_link] to frame [map]
[bt_navigator-6] 
[bt_navigator-6] [WARN] [1757086159.746526745] [BehaviorTreeEngine]: Behavior Tree tick rate 100.00 was exceeded!
[bt_navigator-6] [ERROR] [1757086159.848457973] [transformPoseInTargetFrame]: Extrapolation Error looking up target frame: Lookup would require extrapolation into the past.  Requested time 1757086129.147661 but the earliest data is at time 1757086149.809688, when looking up transform from frame [base_link] to frame [map]
[bt_navigator-6] 
[bt_navigator-6] [WARN] [1757086159.848776390] [BehaviorTreeEngine]: Behavior Tree tick rate 100.00 was exceeded!
[bt_navigator-6] [ERROR] [1757086159.950688128] [transformPoseInTargetFrame]: Extrapolation Error looking up target frame: Lookup would require extrapolation into the past.  Requested time 1757086129.147661 but the earliest data is at time 1757086149.909585, when looking up transform from frame [base_link] to frame [map]
[bt_navigator-6] 
[bt_navigator-6] [WARN] [1757086159.950930749] [BehaviorTreeEngine]: Behavior Tree tick rate 100.00 was exceeded!
[bt_navigator-6] [ERROR] [1757086160.052729753] [transformPoseInTargetFrame]: Extrapolation Error looking up target frame: Lookup would require extrapolation into the past.  Requested time 1757086129.147661 but the earliest data is at time 1757086149.959604, when looking up transform from frame [base_link] to frame [map]
[bt_navigator-6] 
[bt_navigator-6] [WARN] [1757086160.052947300] [BehaviorTreeEngine]: Behavior Tree tick rate 100.00 was exceeded!
[bt_navigator-6] [ERROR] [1757086160.154138107] [transformPoseInTargetFrame]: Extrapolation Error looking up target frame: Lookup would require extrapolation into the past.  Requested time 1757086129.147661 but the earliest data is at time 1757086150.059517, when looking up transform from frame [base_link] to frame [map]
[bt_navigator-6] 
[bt_navigator-6] [WARN] [1757086160.154328317] [BehaviorTreeEngine]: Behavior Tree tick rate 100.00 was exceeded!
[explore-10] [ERROR] [1757086160.157450527] [explore_node]: Extrapolation Error looking up robot pose: Lookup would require extrapolation at time 1757086159.853426, but only time 1757086129.147661 is in the buffer, when looking up transform from frame [base_link] to frame [map]
[explore-10] 
[bt_navigator-6] [ERROR] [1757086160.255474106] [transformPoseInTargetFrame]: Extrapolation Error looking up target frame: Lookup would require extrapolation into the past.  Requested time 1757086129.147661 but the earliest data is at time 1757086150.160522, when looking up transform from frame [base_link] to frame [map]
[bt_navigator-6] 
[bt_navigator-6] [WARN] [1757086160.255654749] [BehaviorTreeEngine]: Behavior Tree tick rate 100.00 was exceeded!
[bt_navigator-6] [ERROR] [1757086160.357108708] [transformPoseInTargetFrame]: Extrapolation Error looking up target frame: Lookup would require extrapolation into the past.  Requested time 1757086129.147661 but the earliest data is at time 1757086150.309581, when looking up transform from frame [base_link] to frame [map]
[bt_navigator-6] 
[bt_navigator-6] [WARN] [1757086160.357303416] [BehaviorTreeEngine]: Behavior Tree tick rate 100.00 was exceeded!
[bt_navigator-6] [ERROR] [1757086160.459598078] [transformPoseInTargetFrame]: Extrapolation Error looking up target frame: Lookup would require extrapolation into the past.  Requested time 1757086129.147661 but the earliest data is at time 1757086150.410743, when looking up transform from frame [base_link] to frame [map]
[bt_navigator-6] 
[bt_navigator-6] [WARN] [1757086160.459845420] [BehaviorTreeEngine]: Behavior Tree tick rate 100.00 was exceeded!
[planner_server-4] [ERROR] [1757086160.462912877] [transformPoseInTargetFrame]: Extrapolation Error looking up target frame: Lookup would require extrapolation into the past.  Requested time 1757086129.147661 but the earliest data is at time 1757086150.359569, when looking up transform from frame [base_link] to frame [map]
[planner_server-4] 
[bt_navigator-6] [ERROR] [1757086160.562172435] [transformPoseInTargetFrame]: Extrapolation Error looking up target frame: Lookup would require extrapolation into the past.  Requested time 1757086129.147661 but the earliest data is at time 1757086150.465053, when looking up transform from frame [base_link] to frame [map]
[bt_navigator-6] 
[bt_navigator-6] [WARN] [1757086160.562411767] [BehaviorTreeEngine]: Behavior Tree tick rate 100.00 was exceeded!
[bt_navigator-6] [ERROR] [1757086160.664752522] [transformPoseInTargetFrame]: Extrapolation Error looking up target frame: Lookup would require extrapolation into the past.  Requested time 1757086129.147661 but the earliest data is at time 1757086150.559997, when looking up transform from frame [base_link] to frame [map]
[bt_navigator-6] 
[bt_navigator-6] [WARN] [1757086160.664984153] [BehaviorTreeEngine]: Behavior Tree tick rate 100.00 was exceeded!
[bt_navigator-6] [ERROR] [1757086160.767259216] [transformPoseInTargetFrame]: Extrapolation Error looking up target frame: Lookup would require extrapolation into the past.  Requested time 1757086129.147661 but the earliest data is at time 1757086150.664253, when looking up transform from frame [base_link] to frame [map]
[bt_navigator-6] 
[bt_navigator-6] [WARN] [1757086160.767474514] [BehaviorTreeEngine]: Behavior Tree tick rate 100.00 was exceeded!
[bt_navigator-6] [ERROR] [1757086160.868948051] [transformPoseInTargetFrame]: Extrapolation Error looking up target frame: Lookup would require extrapolation into the past.  Requested time 1757086129.147661 but the earliest data is at time 1757086150.859603, when looking up transform from frame [base_link] to frame [map]
[bt_navigator-6] 
[bt_navigator-6] [WARN] [1757086160.869533999] [BehaviorTreeEngine]: Behavior Tree tick rate 100.00 was exceeded!
[bt_navigator-6] [ERROR] [1757086160.971200568] [transformPoseInTargetFrame]: Extrapolation Error looking up target frame: Lookup would require extrapolation into the past.  Requested time 1757086129.147661 but the earliest data is at time 1757086150.909586, when looking up transform from frame [base_link] to frame [map]
[bt_navigator-6] 
[bt_navigator-6] [WARN] [1757086160.971358108] [BehaviorTreeEngine]: Behavior Tree tick rate 100.00 was exceeded!
[bt_navigator-6] [ERROR] [1757086161.072660164] [transformPoseInTargetFrame]: Extrapolation Error looking up target frame: Lookup would require extrapolation into the past.  Requested time 1757086129.147661 but the earliest data is at time 1757086151.059514, when looking up transform from frame [base_link] to frame [map]
[bt_navigator-6] 
[bt_navigator-6] [WARN] [1757086161.072826191] [BehaviorTreeEngine]: Behavior Tree tick rate 100.00 was exceeded!
[bt_navigator-6] [ERROR] [1757086161.173954677] [transformPoseInTargetFrame]: Extrapolation Error looking up target frame: Lookup would require extrapolation into the past.  Requested time 1757086129.147661 but the earliest data is at time 1757086151.159523, when looking up transform from frame [base_link] to frame [map]
[bt_navigator-6] 
[bt_navigator-6] [WARN] [1757086161.174132583] [BehaviorTreeEngine]: Behavior Tree tick rate 100.00 was exceeded!
[bt_navigator-6] [ERROR] [1757086161.275196474] [transformPoseInTargetFrame]: Extrapolation Error looking up target frame: Lookup would require extrapolation into the past.  Requested time 1757086129.147661 but the earliest data is at time 1757086151.259514, when looking up transform from frame [base_link] to frame [map]
[bt_navigator-6] 
[bt_navigator-6] [WARN] [1757086161.275375066] [BehaviorTreeEngine]: Behavior Tree tick rate 100.00 was exceeded!
[bt_navigator-6] [ERROR] [1757086161.376517888] [transformPoseInTargetFrame]: Extrapolation Error looking up target frame: Lookup would require extrapolation into the past.  Requested time 1757086129.147661 but the earliest data is at time 1757086151.259514, when looking up transform from frame [base_link] to frame [map]
[bt_navigator-6] 
[bt_navigator-6] [WARN] [1757086161.376718741] [BehaviorTreeEngine]: Behavior Tree tick rate 100.00 was exceeded!
[explore-10] [ERROR] [1757086161.389641378] [explore_node]: Extrapolation Error looking up robot pose: Lookup would require extrapolation at time 1757086161.086221, but only time 1757086129.147661 is in the buffer, when looking up transform from frame [base_link] to frame [map]
[explore-10] 
[planner_server-4] [ERROR] [1757086161.463823801] [transformPoseInTargetFrame]: Extrapolation Error looking up target frame: Lookup would require extrapolation into the past.  Requested time 1757086129.147661 but the earliest data is at time 1757086151.412741, when looking up transform from frame [base_link] to frame [map]
[planner_server-4] 
[bt_navigator-6] [ERROR] [1757086161.478910148] [transformPoseInTargetFrame]: Extrapolation Error looking up target frame: Lookup would require extrapolation into the past.  Requested time 1757086129.147661 but the earliest data is at time 1757086151.412741, when looking up transform from frame [base_link] to frame [map]
[bt_navigator-6] 
[bt_navigator-6] [WARN] [1757086161.479122834] [BehaviorTreeEngine]: Behavior Tree tick rate 100.00 was exceeded!
[bt_navigator-6] [ERROR] [1757086161.580738235] [transformPoseInTargetFrame]: Extrapolation Error looking up target frame: Lookup would require extrapolation into the past.  Requested time 1757086129.147661 but the earliest data is at time 1757086151.459643, when looking up transform from frame [base_link] to frame [map]
[bt_navigator-6] 
[bt_navigator-6] [WARN] [1757086161.580918117] [BehaviorTreeEngine]: Behavior Tree tick rate 100.00 was exceeded!
[bt_navigator-6] [ERROR] [1757086161.682945999] [transformPoseInTargetFrame]: Extrapolation Error looking up target frame: Lookup would require extrapolation into the past.  Requested time 1757086129.147661 but the earliest data is at time 1757086151.459643, when looking up transform from frame [base_link] to frame [map]
[bt_navigator-6] 
[bt_navigator-6] [WARN] [1757086161.683170225] [BehaviorTreeEngine]: Behavior Tree tick rate 100.00 was exceeded!
[bt_navigator-6] [ERROR] [1757086161.785695685] [transformPoseInTargetFrame]: Extrapolation Error looking up target frame: Lookup would require extrapolation into the past.  Requested time 1757086129.147661 but the earliest data is at time 1757086151.459643, when looking up transform from frame [base_link] to frame [map]
[bt_navigator-6] 
[bt_navigator-6] [WARN] [1757086161.785978493] [BehaviorTreeEngine]: Behavior Tree tick rate 100.00 was exceeded!
[bt_navigator-6] [ERROR] [1757086161.888298779] [transformPoseInTargetFrame]: Extrapolation Error looking up target frame: Lookup would require extrapolation into the past.  Requested time 1757086129.147661 but the earliest data is at time 1757086151.459643, when looking up transform from frame [base_link] to frame [map]
[bt_navigator-6] 
[bt_navigator-6] [WARN] [1757086161.888619882] [BehaviorTreeEngine]: Behavior Tree tick rate 100.00 was exceeded!
[bt_navigator-6] [ERROR] [1757086161.991040947] [transformPoseInTargetFrame]: Extrapolation Error looking up target frame: Lookup would require extrapolation into the past.  Requested time 1757086129.147661 but the earliest data is at time 1757086151.459643, when looking up transform from frame [base_link] to frame [map]
[bt_navigator-6] 
[bt_navigator-6] [WARN] [1757086161.991289670] [BehaviorTreeEngine]: Behavior Tree tick rate 100.00 was exceeded!
[bt_navigator-6] [ERROR] [1757086162.093855477] [transformPoseInTargetFrame]: Extrapolation Error looking up target frame: Lookup would require extrapolation into the past.  Requested time 1757086129.147661 but the earliest data is at time 1757086151.459643, when looking up transform from frame [base_link] to frame [map]
[bt_navigator-6] 
[bt_navigator-6] [WARN] [1757086162.094119925] [BehaviorTreeEngine]: Behavior Tree tick rate 100.00 was exceeded!
[bt_navigator-6] [ERROR] [1757086162.195778342] [transformPoseInTargetFrame]: Extrapolation Error looking up target frame: Lookup would require extrapolation into the past.  Requested time 1757086129.147661 but the earliest data is at time 1757086152.159560, when looking up transform from frame [base_link] to frame [map]
[bt_navigator-6] 
[bt_navigator-6] [WARN] [1757086162.195909867] [BehaviorTreeEngine]: Behavior Tree tick rate 100.00 was exceeded!
[bt_navigator-6] [ERROR] [1757086162.297348007] [transformPoseInTargetFrame]: Extrapolation Error looking up target frame: Lookup would require extrapolation into the past.  Requested time 1757086129.147661 but the earliest data is at time 1757086152.259543, when looking up transform from frame [base_link] to frame [map]
[bt_navigator-6] 
[bt_navigator-6] [WARN] [1757086162.297418263] [BehaviorTreeEngine]: Behavior Tree tick rate 100.00 was exceeded!
[bt_navigator-6] [ERROR] [1757086162.398391116] [transformPoseInTargetFrame]: Extrapolation Error looking up target frame: Lookup would require extrapolation into the past.  Requested time 1757086129.147661 but the earliest data is at time 1757086152.359534, when looking up transform from frame [base_link] to frame [map]
[bt_navigator-6] 
[bt_navigator-6] [WARN] [1757086162.398557564] [BehaviorTreeEngine]: Behavior Tree tick rate 100.00 was exceeded!
[planner_server-4] [ERROR] [1757086162.463694762] [transformPoseInTargetFrame]: Extrapolation Error looking up target frame: Lookup would require extrapolation into the past.  Requested time 1757086129.147661 but the earliest data is at time 1757086152.409544, when looking up transform from frame [base_link] to frame [map]
[planner_server-4] 
[bt_navigator-6] [ERROR] [1757086162.500241198] [transformPoseInTargetFrame]: Extrapolation Error looking up target frame: Lookup would require extrapolation into the past.  Requested time 1757086129.147661 but the earliest data is at time 1757086152.409544, when looking up transform from frame [base_link] to frame [map]
[bt_navigator-6] 
[bt_navigator-6] [WARN] [1757086162.500477009] [BehaviorTreeEngine]: Behavior Tree tick rate 100.00 was exceeded!
[bt_navigator-6] [ERROR] [1757086162.602677742] [transformPoseInTargetFrame]: Extrapolation Error looking up target frame: Lookup would require extrapolation into the past.  Requested time 1757086129.147661 but the earliest data is at time 1757086152.559570, when looking up transform from frame [base_link] to frame [map]
[bt_navigator-6] 
[bt_navigator-6] [WARN] [1757086162.602880710] [BehaviorTreeEngine]: Behavior Tree tick rate 100.00 was exceeded!
[explore-10] [ERROR] [1757086162.627683604] [explore_node]: Extrapolation Error looking up robot pose: Lookup would require extrapolation at time 1757086162.322246, but only time 1757086129.147661 is in the buffer, when looking up transform from frame [base_link] to frame [map]
[explore-10] 
[bt_navigator-6] [ERROR] [1757086162.704932415] [transformPoseInTargetFrame]: Extrapolation Error looking up target frame: Lookup would require extrapolation into the past.  Requested time 1757086129.147661 but the earliest data is at time 1757086152.559570, when looking up transform from frame [base_link] to frame [map]
[bt_navigator-6] 
[bt_navigator-6] [WARN] [1757086162.705135767] [BehaviorTreeEngine]: Behavior Tree tick rate 100.00 was exceeded!
[bt_navigator-6] [ERROR] [1757086162.807578675] [transformPoseInTargetFrame]: Extrapolation Error looking up target frame: Lookup would require extrapolation into the past.  Requested time 1757086129.147661 but the earliest data is at time 1757086152.559570, when looking up transform from frame [base_link] to frame [map]
[bt_navigator-6] 
[bt_navigator-6] [WARN] [1757086162.807829010] [BehaviorTreeEngine]: Behavior Tree tick rate 100.00 was exceeded!
[bt_navigator-6] [ERROR] [1757086162.910431366] [transformPoseInTargetFrame]: Extrapolation Error looking up target frame: Lookup would require extrapolation into the past.  Requested time 1757086129.147661 but the earliest data is at time 1757086152.559570, when looking up transform from frame [base_link] to frame [map]
[bt_navigator-6] 
[bt_navigator-6] [WARN] [1757086162.910756828] [BehaviorTreeEngine]: Behavior Tree tick rate 100.00 was exceeded!
[bt_navigator-6] [ERROR] [1757086163.013279156] [transformPoseInTargetFrame]: Extrapolation Error looking up target frame: Lookup would require extrapolation into the past.  Requested time 1757086129.147661 but the earliest data is at time 1757086152.559570, when looking up transform from frame [base_link] to frame [map]
[bt_navigator-6] 
[bt_navigator-6] [WARN] [1757086163.013543345] [BehaviorTreeEngine]: Behavior Tree tick rate 100.00 was exceeded!
[bt_navigator-6] [ERROR] [1757086163.115800917] [transformPoseInTargetFrame]: Extrapolation Error looking up target frame: Lookup would require extrapolation into the past.  Requested time 1757086129.147661 but the earliest data is at time 1757086152.559570, when looking up transform from frame [base_link] to frame [map]
[bt_navigator-6] 
[bt_navigator-6] [WARN] [1757086163.116043898] [BehaviorTreeEngine]: Behavior Tree tick rate 100.00 was exceeded!
[bt_navigator-6] [ERROR] [1757086163.217568655] [transformPoseInTargetFrame]: Extrapolation Error looking up target frame: Lookup would require extrapolation into the past.  Requested time 1757086129.147661 but the earliest data is at time 1757086153.109712, when looking up transform from frame [base_link] to frame [map]
[bt_navigator-6] 
[bt_navigator-6] [WARN] [1757086163.217652318] [BehaviorTreeEngine]: Behavior Tree tick rate 100.00 was exceeded!
[bt_navigator-6] [ERROR] [1757086163.318739177] [transformPoseInTargetFrame]: Extrapolation Error looking up target frame: Lookup would require extrapolation into the past.  Requested time 1757086129.147661 but the earliest data is at time 1757086153.259488, when looking up transform from frame [base_link] to frame [map]
[bt_navigator-6] 
[bt_navigator-6] [WARN] [1757086163.318946737] [BehaviorTreeEngine]: Behavior Tree tick rate 100.00 was exceeded!
[bt_navigator-6] [ERROR] [1757086163.420230610] [transformPoseInTargetFrame]: Extrapolation Error looking up target frame: Lookup would require extrapolation into the past.  Requested time 1757086129.147661 but the earliest data is at time 1757086153.359659, when looking up transform from frame [base_link] to frame [map]
[bt_navigator-6] 
[bt_navigator-6] [WARN] [1757086163.420442248] [BehaviorTreeEngine]: Behavior Tree tick rate 100.00 was exceeded!
[planner_server-4] [ERROR] [1757086163.462180758] [transformPoseInTargetFrame]: Extrapolation Error looking up target frame: Lookup would require extrapolation into the past.  Requested time 1757086129.147661 but the earliest data is at time 1757086153.359659, when looking up transform from frame [base_link] to frame [map]
[planner_server-4] 
[bt_navigator-6] [ERROR] [1757086163.521588998] [transformPoseInTargetFrame]: Extrapolation Error looking up target frame: Lookup would require extrapolation into the past.  Requested time 1757086129.147661 but the earliest data is at time 1757086153.459503, when looking up transform from frame [base_link] to frame [map]
[bt_navigator-6] 
[bt_navigator-6] [WARN] [1757086163.521787904] [BehaviorTreeEngine]: Behavior Tree tick rate 100.00 was exceeded!
[bt_navigator-6] [ERROR] [1757086163.623145242] [transformPoseInTargetFrame]: Extrapolation Error looking up target frame: Lookup would require extrapolation into the past.  Requested time 1757086129.147661 but the earliest data is at time 1757086153.509775, when looking up transform from frame [base_link] to frame [map]
[bt_navigator-6] 
[bt_navigator-6] [WARN] [1757086163.623346097] [BehaviorTreeEngine]: Behavior Tree tick rate 100.00 was exceeded!
[bt_navigator-6] [ERROR] [1757086163.724724538] [transformPoseInTargetFrame]: Extrapolation Error looking up target frame: Lookup would require extrapolation into the past.  Requested time 1757086129.147661 but the earliest data is at time 1757086153.659551, when looking up transform from frame [base_link] to frame [map]
[bt_navigator-6] 
[bt_navigator-6] [WARN] [1757086163.724927342] [BehaviorTreeEngine]: Behavior Tree tick rate 100.00 was exceeded!
[bt_navigator-6] [ERROR] [1757086163.826086929] [transformPoseInTargetFrame]: Extrapolation Error looking up target frame: Lookup would require extrapolation into the past.  Requested time 1757086129.147661 but the earliest data is at time 1757086153.709644, when looking up transform from frame [base_link] to frame [map]
[bt_navigator-6] 
[bt_navigator-6] [WARN] [1757086163.826246799] [BehaviorTreeEngine]: Behavior Tree tick rate 100.00 was exceeded!
[explore-10] [ERROR] [1757086163.857051034] [explore_node]: Extrapolation Error looking up robot pose: Lookup would require extrapolation at time 1757086163.552956, but only time 1757086129.147661 is in the buffer, when looking up transform from frame [base_link] to frame [map]
[explore-10] 
[bt_navigator-6] [ERROR] [1757086163.927300646] [transformPoseInTargetFrame]: Extrapolation Error looking up target frame: Lookup would require extrapolation into the past.  Requested time 1757086129.147661 but the earliest data is at time 1757086153.809639, when looking up transform from frame [base_link] to frame [map]
[bt_navigator-6] 
[bt_navigator-6] [WARN] [1757086163.927381283] [BehaviorTreeEngine]: Behavior Tree tick rate 100.00 was exceeded!
[bt_navigator-6] [ERROR] [1757086164.028579857] [transformPoseInTargetFrame]: Extrapolation Error looking up target frame: Lookup would require extrapolation into the past.  Requested time 1757086129.147661 but the earliest data is at time 1757086153.960778, when looking up transform from frame [base_link] to frame [map]
[bt_navigator-6] 
[bt_navigator-6] [WARN] [1757086164.028665983] [BehaviorTreeEngine]: Behavior Tree tick rate 100.00 was exceeded!
[bt_navigator-6] [ERROR] [1757086164.129530328] [transformPoseInTargetFrame]: Extrapolation Error looking up target frame: Lookup would require extrapolation into the past.  Requested time 1757086129.147661 but the earliest data is at time 1757086154.010714, when looking up transform from frame [base_link] to frame [map]
[bt_navigator-6] 
[bt_navigator-6] [WARN] [1757086164.129609821] [BehaviorTreeEngine]: Behavior Tree tick rate 100.00 was exceeded!
[bt_navigator-6] [ERROR] [1757086164.230401042] [transformPoseInTargetFrame]: Extrapolation Error looking up target frame: Lookup would require extrapolation into the past.  Requested time 1757086129.147661 but the earliest data is at time 1757086154.159563, when looking up transform from frame [base_link] to frame [map]
[bt_navigator-6] 
[bt_navigator-6] [WARN] [1757086164.230485773] [BehaviorTreeEngine]: Behavior Tree tick rate 100.00 was exceeded!
[bt_navigator-6] [ERROR] [1757086164.332441886] [transformPoseInTargetFrame]: Extrapolation Error looking up target frame: Lookup would require extrapolation into the past.  Requested time 1757086129.147661 but the earliest data is at time 1757086154.209699, when looking up transform from frame [base_link] to frame [map]
[bt_navigator-6] 
[bt_navigator-6] [WARN] [1757086164.332674657] [BehaviorTreeEngine]: Behavior Tree tick rate 100.00 was exceeded!
[bt_navigator-6] [ERROR] [1757086164.435120101] [transformPoseInTargetFrame]: Extrapolation Error looking up target frame: Lookup would require extrapolation into the past.  Requested time 1757086129.147661 but the earliest data is at time 1757086154.409547, when looking up transform from frame [base_link] to frame [map]
[bt_navigator-6] 
[bt_navigator-6] [WARN] [1757086164.435247565] [BehaviorTreeEngine]: Behavior Tree tick rate 100.00 was exceeded!
[planner_server-4] [ERROR] [1757086164.462627995] [transformPoseInTargetFrame]: Extrapolation Error looking up target frame: Lookup would require extrapolation into the past.  Requested time 1757086129.147661 but the earliest data is at time 1757086154.359512, when looking up transform from frame [base_link] to frame [map]
[planner_server-4] 
[bt_navigator-6] [ERROR] [1757086164.537764895] [transformPoseInTargetFrame]: Extrapolation Error looking up target frame: Lookup would require extrapolation into the past.  Requested time 1757086129.147661 but the earliest data is at time 1757086154.509549, when looking up transform from frame [base_link] to frame [map]
[bt_navigator-6] 
[bt_navigator-6] [WARN] [1757086164.538093024] [BehaviorTreeEngine]: Behavior Tree tick rate 100.00 was exceeded!
[bt_navigator-6] [ERROR] [1757086164.639562323] [transformPoseInTargetFrame]: Extrapolation Error looking up target frame: Lookup would require extrapolation into the past.  Requested time 1757086129.147661 but the earliest data is at time 1757086154.509549, when looking up transform from frame [base_link] to frame [map]
[bt_navigator-6] 
[bt_navigator-6] [WARN] [1757086164.639790471] [BehaviorTreeEngine]: Behavior Tree tick rate 100.00 was exceeded!
[bt_navigator-6] [ERROR] [1757086164.741011964] [transformPoseInTargetFrame]: Extrapolation Error looking up target frame: Lookup would require extrapolation into the past.  Requested time 1757086129.147661 but the earliest data is at time 1757086154.659577, when looking up transform from frame [base_link] to frame [map]
[bt_navigator-6] 
[bt_navigator-6] [WARN] [1757086164.741188513] [BehaviorTreeEngine]: Behavior Tree tick rate 100.00 was exceeded!
[bt_navigator-6] [ERROR] [1757086164.842536087] [transformPoseInTargetFrame]: Extrapolation Error looking up target frame: Lookup would require extrapolation into the past.  Requested time 1757086129.147661 but the earliest data is at time 1757086154.809534, when looking up transform from frame [base_link] to frame [map]
[bt_navigator-6] 
[bt_navigator-6] [WARN] [1757086164.842723597] [BehaviorTreeEngine]: Behavior Tree tick rate 100.00 was exceeded!
[bt_navigator-6] [ERROR] [1757086164.944236025] [transformPoseInTargetFrame]: Extrapolation Error looking up target frame: Lookup would require extrapolation into the past.  Requested time 1757086129.147661 but the earliest data is at time 1757086154.909740, when looking up transform from frame [base_link] to frame [map]
[bt_navigator-6] 
[bt_navigator-6] [WARN] [1757086164.944305245] [BehaviorTreeEngine]: Behavior Tree tick rate 100.00 was exceeded!
[bt_navigator-6] [ERROR] [1757086165.045500476] [transformPoseInTargetFrame]: Extrapolation Error looking up target frame: Lookup would require extrapolation into the past.  Requested time 1757086129.147661 but the earliest data is at time 1757086155.009629, when looking up transform from frame [base_link] to frame [map]
[bt_navigator-6] 
[bt_navigator-6] [WARN] [1757086165.045712159] [BehaviorTreeEngine]: Behavior Tree tick rate 100.00 was exceeded!
[explore-10] [ERROR] [1757086165.087323926] [explore_node]: Extrapolation Error looking up robot pose: Lookup would require extrapolation at time 1757086164.782889, but only time 1757086129.147661 is in the buffer, when looking up transform from frame [base_link] to frame [map]
[explore-10] 
[bt_navigator-6] [ERROR] [1757086165.147054190] [transformPoseInTargetFrame]: Extrapolation Error looking up target frame: Lookup would require extrapolation into the past.  Requested time 1757086129.147661 but the earliest data is at time 1757086155.110151, when looking up transform from frame [base_link] to frame [map]
[bt_navigator-6] 
[bt_navigator-6] [WARN] [1757086165.147131998] [BehaviorTreeEngine]: Behavior Tree tick rate 100.00 was exceeded!
[bt_navigator-6] [ERROR] [1757086165.249306419] [transformPoseInTargetFrame]: Extrapolation Error looking up target frame: Lookup would require extrapolation into the past.  Requested time 1757086129.147661 but the earliest data is at time 1757086155.209757, when looking up transform from frame [base_link] to frame [map]
[bt_navigator-6] 
[bt_navigator-6] [WARN] [1757086165.249542762] [BehaviorTreeEngine]: Behavior Tree tick rate 100.00 was exceeded!
[bt_navigator-6] [ERROR] [1757086165.351512136] [transformPoseInTargetFrame]: Extrapolation Error looking up target frame: Lookup would require extrapolation into the past.  Requested time 1757086129.147661 but the earliest data is at time 1757086155.259555, when looking up transform from frame [base_link] to frame [map]
[bt_navigator-6] 
[bt_navigator-6] [WARN] [1757086165.351709044] [BehaviorTreeEngine]: Behavior Tree tick rate 100.00 was exceeded!
[bt_navigator-6] [ERROR] [1757086165.452877867] [transformPoseInTargetFrame]: Extrapolation Error looking up target frame: Lookup would require extrapolation into the past.  Requested time 1757086129.147661 but the earliest data is at time 1757086155.259555, when looking up transform from frame [base_link] to frame [map]
[bt_navigator-6] 
[bt_navigator-6] [WARN] [1757086165.453058053] [BehaviorTreeEngine]: Behavior Tree tick rate 100.00 was exceeded!
[planner_server-4] [ERROR] [1757086165.465825651] [transformPoseInTargetFrame]: Extrapolation Error looking up target frame: Lookup would require extrapolation into the past.  Requested time 1757086129.147661 but the earliest data is at time 1757086155.409528, when looking up transform from frame [base_link] to frame [map]
[planner_server-4] 
[bt_navigator-6] [ERROR] [1757086165.554327857] [transformPoseInTargetFrame]: Extrapolation Error looking up target frame: Lookup would require extrapolation into the past.  Requested time 1757086129.147661 but the earliest data is at time 1757086155.460408, when looking up transform from frame [base_link] to frame [map]
[bt_navigator-6] 
[bt_navigator-6] [WARN] [1757086165.554427431] [BehaviorTreeEngine]: Behavior Tree tick rate 100.00 was exceeded!
[bt_navigator-6] [ERROR] [1757086165.656480206] [transformPoseInTargetFrame]: Extrapolation Error looking up target frame: Lookup would require extrapolation into the past.  Requested time 1757086129.147661 but the earliest data is at time 1757086155.609691, when looking up transform from frame [base_link] to frame [map]
[bt_navigator-6] 
[bt_navigator-6] [WARN] [1757086165.656677488] [BehaviorTreeEngine]: Behavior Tree tick rate 100.00 was exceeded!
[bt_navigator-6] [ERROR] [1757086165.758447867] [transformPoseInTargetFrame]: Extrapolation Error looking up target frame: Lookup would require extrapolation into the past.  Requested time 1757086129.147661 but the earliest data is at time 1757086155.709510, when looking up transform from frame [base_link] to frame [map]
[bt_navigator-6] 
[bt_navigator-6] [WARN] [1757086165.758643572] [BehaviorTreeEngine]: Behavior Tree tick rate 100.00 was exceeded!
[bt_navigator-6] [ERROR] [1757086165.860198082] [transformPoseInTargetFrame]: Extrapolation Error looking up target frame: Lookup would require extrapolation into the past.  Requested time 1757086129.147661 but the earliest data is at time 1757086155.809530, when looking up transform from frame [base_link] to frame [map]
[bt_navigator-6] 
[bt_navigator-6] [WARN] [1757086165.860264608] [BehaviorTreeEngine]: Behavior Tree tick rate 100.00 was exceeded!
[bt_navigator-6] [ERROR] [1757086165.962113114] [transformPoseInTargetFrame]: Extrapolation Error looking up target frame: Lookup would require extrapolation into the past.  Requested time 1757086129.147661 but the earliest data is at time 1757086155.909596, when looking up transform from frame [base_link] to frame [map]
[bt_navigator-6] 
[bt_navigator-6] [WARN] [1757086165.962279892] [BehaviorTreeEngine]: Behavior Tree tick rate 100.00 was exceeded!
[bt_navigator-6] [ERROR] [1757086166.064211256] [transformPoseInTargetFrame]: Extrapolation Error looking up target frame: Lookup would require extrapolation into the past.  Requested time 1757086129.147661 but the earliest data is at time 1757086155.959761, when looking up transform from frame [base_link] to frame [map]
[bt_navigator-6] 
[bt_navigator-6] [WARN] [1757086166.064496479] [BehaviorTreeEngine]: Behavior Tree tick rate 100.00 was exceeded!
[bt_navigator-6] [ERROR] [1757086166.166894638] [transformPoseInTargetFrame]: Extrapolation Error looking up target frame: Lookup would require extrapolation into the past.  Requested time 1757086129.147661 but the earliest data is at time 1757086156.059653, when looking up transform from frame [base_link] to frame [map]
[bt_navigator-6] 
[bt_navigator-6] [WARN] [1757086166.167146817] [BehaviorTreeEngine]: Behavior Tree tick rate 100.00 was exceeded!
[bt_navigator-6] [ERROR] [1757086166.269423732] [transformPoseInTargetFrame]: Extrapolation Error looking up target frame: Lookup would require extrapolation into the past.  Requested time 1757086129.147661 but the earliest data is at time 1757086156.209742, when looking up transform from frame [base_link] to frame [map]
[bt_navigator-6] 
[bt_navigator-6] [WARN] [1757086166.269652511] [BehaviorTreeEngine]: Behavior Tree tick rate 100.00 was exceeded!
[explore-10] [ERROR] [1757086166.320495362] [explore_node]: Extrapolation Error looking up robot pose: Lookup would require extrapolation at time 1757086166.014332, but only time 1757086129.147661 is in the buffer, when looking up transform from frame [base_link] to frame [map]
[explore-10] 
[bt_navigator-6] [ERROR] [1757086166.371172349] [transformPoseInTargetFrame]: Extrapolation Error looking up target frame: Lookup would require extrapolation into the past.  Requested time 1757086129.147661 but the earliest data is at time 1757086156.309683, when looking up transform from frame [base_link] to frame [map]
[bt_navigator-6] 
[bt_navigator-6] [WARN] [1757086166.371241533] [BehaviorTreeEngine]: Behavior Tree tick rate 100.00 was exceeded!
[planner_server-4] [ERROR] [1757086166.464810241] [transformPoseInTargetFrame]: Extrapolation Error looking up target frame: Lookup would require extrapolation into the past.  Requested time 1757086129.147661 but the earliest data is at time 1757086156.309683, when looking up transform from frame [base_link] to frame [map]
[planner_server-4] 
[bt_navigator-6] [ERROR] [1757086166.472288296] [transformPoseInTargetFrame]: Extrapolation Error looking up target frame: Lookup would require extrapolation into the past.  Requested time 1757086129.147661 but the earliest data is at time 1757086156.309683, when looking up transform from frame [base_link] to frame [map]
[bt_navigator-6] 
[bt_navigator-6] [WARN] [1757086166.472484445] [BehaviorTreeEngine]: Behavior Tree tick rate 100.00 was exceeded!
[bt_navigator-6] [ERROR] [1757086166.574452668] [transformPoseInTargetFrame]: Extrapolation Error looking up target frame: Lookup would require extrapolation into the past.  Requested time 1757086129.147661 but the earliest data is at time 1757086156.509826, when looking up transform from frame [base_link] to frame [map]
[bt_navigator-6] 
[bt_navigator-6] [WARN] [1757086166.574619094] [BehaviorTreeEngine]: Behavior Tree tick rate 100.00 was exceeded!
[bt_navigator-6] [ERROR] [1757086166.676051802] [transformPoseInTargetFrame]: Extrapolation Error looking up target frame: Lookup would require extrapolation into the past.  Requested time 1757086129.147661 but the earliest data is at time 1757086156.609596, when looking up transform from frame [base_link] to frame [map]
[bt_navigator-6] 
[bt_navigator-6] [WARN] [1757086166.676223126] [BehaviorTreeEngine]: Behavior Tree tick rate 100.00 was exceeded!
[bt_navigator-6] [ERROR] [1757086166.778058999] [transformPoseInTargetFrame]: Extrapolation Error looking up target frame: Lookup would require extrapolation into the past.  Requested time 1757086129.147661 but the earliest data is at time 1757086156.709600, when looking up transform from frame [base_link] to frame [map]
[bt_navigator-6] 
[bt_navigator-6] [WARN] [1757086166.778259474] [BehaviorTreeEngine]: Behavior Tree tick rate 100.00 was exceeded!
[bt_navigator-6] [ERROR] [1757086166.879506472] [transformPoseInTargetFrame]: Extrapolation Error looking up target frame: Lookup would require extrapolation into the past.  Requested time 1757086129.147661 but the earliest data is at time 1757086156.709600, when looking up transform from frame [base_link] to frame [map]
[bt_navigator-6] 
[bt_navigator-6] [WARN] [1757086166.879719633] [BehaviorTreeEngine]: Behavior Tree tick rate 100.00 was exceeded!
[bt_navigator-6] [ERROR] [1757086166.981521573] [transformPoseInTargetFrame]: Extrapolation Error looking up target frame: Lookup would require extrapolation into the past.  Requested time 1757086129.147661 but the earliest data is at time 1757086156.959740, when looking up transform from frame [base_link] to frame [map]
[bt_navigator-6] 
[bt_navigator-6] [WARN] [1757086166.981733194] [BehaviorTreeEngine]: Behavior Tree tick rate 100.00 was exceeded!
[bt_navigator-6] [ERROR] [1757086167.082898362] [transformPoseInTargetFrame]: Extrapolation Error looking up target frame: Lookup would require extrapolation into the past.  Requested time 1757086129.147661 but the earliest data is at time 1757086157.009534, when looking up transform from frame [base_link] to frame [map]
[bt_navigator-6] 
[bt_navigator-6] [WARN] [1757086167.083126481] [BehaviorTreeEngine]: Behavior Tree tick rate 100.00 was exceeded!
[bt_navigator-6] [ERROR] [1757086167.184405222] [transformPoseInTargetFrame]: Extrapolation Error looking up target frame: Lookup would require extrapolation into the past.  Requested time 1757086129.147661 but the earliest data is at time 1757086157.159604, when looking up transform from frame [base_link] to frame [map]
[bt_navigator-6] 
[bt_navigator-6] [WARN] [1757086167.184588498] [BehaviorTreeEngine]: Behavior Tree tick rate 100.00 was exceeded!
[bt_navigator-6] [ERROR] [1757086167.285853501] [transformPoseInTargetFrame]: Extrapolation Error looking up target frame: Lookup would require extrapolation into the past.  Requested time 1757086129.147661 but the earliest data is at time 1757086157.263499, when looking up transform from frame [base_link] to frame [map]
[bt_navigator-6] 
[bt_navigator-6] [WARN] [1757086167.286060174] [BehaviorTreeEngine]: Behavior Tree tick rate 100.00 was exceeded!
[bt_navigator-6] [ERROR] [1757086167.388280015] [transformPoseInTargetFrame]: Extrapolation Error looking up target frame: Lookup would require extrapolation into the past.  Requested time 1757086129.147661 but the earliest data is at time 1757086157.309618, when looking up transform from frame [base_link] to frame [map]
[bt_navigator-6] 
[bt_navigator-6] [WARN] [1757086167.388534320] [BehaviorTreeEngine]: Behavior Tree tick rate 100.00 was exceeded!
[planner_server-4] [ERROR] [1757086167.465836518] [transformPoseInTargetFrame]: Extrapolation Error looking up target frame: Lookup would require extrapolation into the past.  Requested time 1757086129.147661 but the earliest data is at time 1757086157.459935, when looking up transform from frame [base_link] to frame [map]
[planner_server-4] 
[bt_navigator-6] [ERROR] [1757086167.490833631] [transformPoseInTargetFrame]: Extrapolation Error looking up target frame: Lookup would require extrapolation into the past.  Requested time 1757086129.147661 but the earliest data is at time 1757086157.459935, when looking up transform from frame [base_link] to frame [map]
[bt_navigator-6] 
[bt_navigator-6] [WARN] [1757086167.491084321] [BehaviorTreeEngine]: Behavior Tree tick rate 100.00 was exceeded!
[explore-10] [ERROR] [1757086167.556240136] [explore_node]: Extrapolation Error looking up robot pose: Lookup would require extrapolation at time 1757086167.252604, but only time 1757086129.147661 is in the buffer, when looking up transform from frame [base_link] to frame [map]
[explore-10] 
[bt_navigator-6] [ERROR] [1757086167.593204855] [transformPoseInTargetFrame]: Extrapolation Error looking up target frame: Lookup would require extrapolation into the past.  Requested time 1757086129.147661 but the earliest data is at time 1757086157.559548, when looking up transform from frame [base_link] to frame [map]
[bt_navigator-6] 
[bt_navigator-6] [WARN] [1757086167.593450280] [BehaviorTreeEngine]: Behavior Tree tick rate 100.00 was exceeded!
[bt_navigator-6] [ERROR] [1757086167.695774101] [transformPoseInTargetFrame]: Extrapolation Error looking up target frame: Lookup would require extrapolation into the past.  Requested time 1757086129.147661 but the earliest data is at time 1757086157.609753, when looking up transform from frame [base_link] to frame [map]
[bt_navigator-6] 
[bt_navigator-6] [WARN] [1757086167.696019670] [BehaviorTreeEngine]: Behavior Tree tick rate 100.00 was exceeded!
[bt_navigator-6] [ERROR] [1757086167.798248577] [transformPoseInTargetFrame]: Extrapolation Error looking up target frame: Lookup would require extrapolation into the past.  Requested time 1757086129.147661 but the earliest data is at time 1757086157.709608, when looking up transform from frame [base_link] to frame [map]
[bt_navigator-6] 
[bt_navigator-6] [WARN] [1757086167.798466202] [BehaviorTreeEngine]: Behavior Tree tick rate 100.00 was exceeded!
[bt_navigator-6] [ERROR] [1757086167.900780913] [transformPoseInTargetFrame]: Extrapolation Error looking up target frame: Lookup would require extrapolation into the past.  Requested time 1757086129.147661 but the earliest data is at time 1757086157.709608, when looking up transform from frame [base_link] to frame [map]
[bt_navigator-6] 
[bt_navigator-6] [WARN] [1757086167.901045276] [BehaviorTreeEngine]: Behavior Tree tick rate 100.00 was exceeded!
[bt_navigator-6] [ERROR] [1757086168.003406819] [transformPoseInTargetFrame]: Extrapolation Error looking up target frame: Lookup would require extrapolation into the past.  Requested time 1757086129.147661 but the earliest data is at time 1757086157.959634, when looking up transform from frame [base_link] to frame [map]
[bt_navigator-6] 
[bt_navigator-6] [WARN] [1757086168.003661651] [BehaviorTreeEngine]: Behavior Tree tick rate 100.00 was exceeded!
[bt_navigator-6] [ERROR] [1757086168.106088074] [transformPoseInTargetFrame]: Extrapolation Error looking up target frame: Lookup would require extrapolation into the past.  Requested time 1757086129.147661 but the earliest data is at time 1757086158.009666, when looking up transform from frame [base_link] to frame [map]
[bt_navigator-6] 
[bt_navigator-6] [WARN] [1757086168.106386672] [BehaviorTreeEngine]: Behavior Tree tick rate 100.00 was exceeded!
[bt_navigator-6] [ERROR] [1757086168.208071800] [transformPoseInTargetFrame]: Extrapolation Error looking up target frame: Lookup would require extrapolation into the past.  Requested time 1757086129.147661 but the earliest data is at time 1757086158.109577, when looking up transform from frame [base_link] to frame [map]
[bt_navigator-6] 
[bt_navigator-6] [WARN] [1757086168.208256595] [BehaviorTreeEngine]: Behavior Tree tick rate 100.00 was exceeded!
[bt_navigator-6] [ERROR] [1757086168.309999531] [transformPoseInTargetFrame]: Extrapolation Error looking up target frame: Lookup would require extrapolation into the past.  Requested time 1757086129.147661 but the earliest data is at time 1757086158.209816, when looking up transform from frame [base_link] to frame [map]
[bt_navigator-6] 
[bt_navigator-6] [WARN] [1757086168.310209191] [BehaviorTreeEngine]: Behavior Tree tick rate 100.00 was exceeded!
[bt_navigator-6] [ERROR] [1757086168.411420910] [transformPoseInTargetFrame]: Extrapolation Error looking up target frame: Lookup would require extrapolation into the past.  Requested time 1757086129.147661 but the earliest data is at time 1757086158.312197, when looking up transform from frame [base_link] to frame [map]
[bt_navigator-6] 
[bt_navigator-6] [WARN] [1757086168.411617849] [BehaviorTreeEngine]: Behavior Tree tick rate 100.00 was exceeded!
[planner_server-4] [ERROR] [1757086168.465745902] [transformPoseInTargetFrame]: Extrapolation Error looking up target frame: Lookup would require extrapolation into the past.  Requested time 1757086129.147661 but the earliest data is at time 1757086158.409625, when looking up transform from frame [base_link] to frame [map]
[planner_server-4] 
[bt_navigator-6] [ERROR] [1757086168.513439019] [transformPoseInTargetFrame]: Extrapolation Error looking up target frame: Lookup would require extrapolation into the past.  Requested time 1757086129.147661 but the earliest data is at time 1757086158.459513, when looking up transform from frame [base_link] to frame [map]
[bt_navigator-6] 
[bt_navigator-6] [WARN] [1757086168.513681784] [BehaviorTreeEngine]: Behavior Tree tick rate 100.00 was exceeded!
[bt_navigator-6] [ERROR] [1757086168.615862831] [transformPoseInTargetFrame]: Extrapolation Error looking up target frame: Lookup would require extrapolation into the past.  Requested time 1757086129.147661 but the earliest data is at time 1757086158.509555, when looking up transform from frame [base_link] to frame [map]
[bt_navigator-6] 
[bt_navigator-6] [WARN] [1757086168.616068518] [BehaviorTreeEngine]: Behavior Tree tick rate 100.00 was exceeded!
[bt_navigator-6] [ERROR] [1757086168.717839035] [transformPoseInTargetFrame]: Extrapolation Error looking up target frame: Lookup would require extrapolation into the past.  Requested time 1757086129.147661 but the earliest data is at time 1757086158.659531, when looking up transform from frame [base_link] to frame [map]
[bt_navigator-6] 
[bt_navigator-6] [WARN] [1757086168.718063072] [BehaviorTreeEngine]: Behavior Tree tick rate 100.00 was exceeded!
[explore-10] [ERROR] [1757086168.792980590] [explore_node]: Extrapolation Error looking up robot pose: Lookup would require extrapolation at time 1757086168.487615, but only time 1757086129.147661 is in the buffer, when looking up transform from frame [base_link] to frame [map]
[explore-10] 
[bt_navigator-6] [ERROR] [1757086168.820380241] [transformPoseInTargetFrame]: Extrapolation Error looking up target frame: Lookup would require extrapolation into the past.  Requested time 1757086129.147661 but the earliest data is at time 1757086158.709548, when looking up transform from frame [base_link] to frame [map]
[bt_navigator-6] 
[bt_navigator-6] [WARN] [1757086168.820645461] [BehaviorTreeEngine]: Behavior Tree tick rate 100.00 was exceeded!
[bt_navigator-6] [ERROR] [1757086168.922310523] [transformPoseInTargetFrame]: Extrapolation Error looking up target frame: Lookup would require extrapolation into the past.  Requested time 1757086129.147661 but the earliest data is at time 1757086158.859519, when looking up transform from frame [base_link] to frame [map]
[bt_navigator-6] 
[bt_navigator-6] [WARN] [1757086168.922466540] [BehaviorTreeEngine]: Behavior Tree tick rate 100.00 was exceeded!
[bt_navigator-6] [ERROR] [1757086169.024715764] [transformPoseInTargetFrame]: Extrapolation Error looking up target frame: Lookup would require extrapolation into the past.  Requested time 1757086129.147661 but the earliest data is at time 1757086158.909709, when looking up transform from frame [base_link] to frame [map]
[bt_navigator-6] 
[bt_navigator-6] [WARN] [1757086169.024974771] [BehaviorTreeEngine]: Behavior Tree tick rate 100.00 was exceeded!
[bt_navigator-6] [ERROR] [1757086169.127377930] [transformPoseInTargetFrame]: Extrapolation Error looking up target frame: Lookup would require extrapolation into the past.  Requested time 1757086129.147661 but the earliest data is at time 1757086159.059581, when looking up transform from frame [base_link] to frame [map]
[bt_navigator-6] 
[bt_navigator-6] [WARN] [1757086169.127635620] [BehaviorTreeEngine]: Behavior Tree tick rate 100.00 was exceeded!
[bt_navigator-6] [ERROR] [1757086169.229484110] [transformPoseInTargetFrame]: Extrapolation Error looking up target frame: Lookup would require extrapolation into the past.  Requested time 1757086129.147661 but the earliest data is at time 1757086159.109585, when looking up transform from frame [base_link] to frame [map]
[bt_navigator-6] 
[bt_navigator-6] [WARN] [1757086169.229662903] [BehaviorTreeEngine]: Behavior Tree tick rate 100.00 was exceeded!
[bt_navigator-6] [ERROR] [1757086169.331067676] [transformPoseInTargetFrame]: Extrapolation Error looking up target frame: Lookup would require extrapolation into the past.  Requested time 1757086129.147661 but the earliest data is at time 1757086159.209835, when looking up transform from frame [base_link] to frame [map]
[bt_navigator-6] 
[bt_navigator-6] [WARN] [1757086169.331255966] [BehaviorTreeEngine]: Behavior Tree tick rate 100.00 was exceeded!
[bt_navigator-6] [ERROR] [1757086169.432732220] [transformPoseInTargetFrame]: Extrapolation Error looking up target frame: Lookup would require extrapolation into the past.  Requested time 1757086129.147661 but the earliest data is at time 1757086159.309658, when looking up transform from frame [base_link] to frame [map]
[bt_navigator-6] 
[bt_navigator-6] [WARN] [1757086169.432920474] [BehaviorTreeEngine]: Behavior Tree tick rate 100.00 was exceeded!
[planner_server-4] [ERROR] [1757086169.465106233] [transformPoseInTargetFrame]: Extrapolation Error looking up target frame: Lookup would require extrapolation into the past.  Requested time 1757086129.147661 but the earliest data is at time 1757086159.409593, when looking up transform from frame [base_link] to frame [map]
[planner_server-4] 
[bt_navigator-6] [ERROR] [1757086169.534064746] [transformPoseInTargetFrame]: Extrapolation Error looking up target frame: Lookup would require extrapolation into the past.  Requested time 1757086129.147661 but the earliest data is at time 1757086159.509541, when looking up transform from frame [base_link] to frame [map]
[bt_navigator-6] 
[bt_navigator-6] [WARN] [1757086169.534250598] [BehaviorTreeEngine]: Behavior Tree tick rate 100.00 was exceeded!
[bt_navigator-6] [ERROR] [1757086169.635233268] [transformPoseInTargetFrame]: Extrapolation Error looking up target frame: Lookup would require extrapolation into the past.  Requested time 1757086129.147661 but the earliest data is at time 1757086159.609569, when looking up transform from frame [base_link] to frame [map]
[bt_navigator-6] 
[bt_navigator-6] [WARN] [1757086169.635299591] [BehaviorTreeEngine]: Behavior Tree tick rate 100.00 was exceeded!
[bt_navigator-6] [ERROR] [1757086169.736451969] [transformPoseInTargetFrame]: Extrapolation Error looking up target frame: Lookup would require extrapolation into the past.  Requested time 1757086129.147661 but the earliest data is at time 1757086159.660702, when looking up transform from frame [base_link] to frame [map]
[bt_navigator-6] 
[bt_navigator-6] [WARN] [1757086169.736655063] [BehaviorTreeEngine]: Behavior Tree tick rate 100.00 was exceeded!
[bt_navigator-6] [ERROR] [1757086169.837930511] [transformPoseInTargetFrame]: Extrapolation Error looking up target frame: Lookup would require extrapolation into the past.  Requested time 1757086129.147661 but the earliest data is at time 1757086159.710031, when looking up transform from frame [base_link] to frame [map]
[bt_navigator-6] 
[bt_navigator-6] [WARN] [1757086169.838211597] [BehaviorTreeEngine]: Behavior Tree tick rate 100.00 was exceeded!
[bt_navigator-6] [ERROR] [1757086169.939509133] [transformPoseInTargetFrame]: Extrapolation Error looking up target frame: Lookup would require extrapolation into the past.  Requested time 1757086129.147661 but the earliest data is at time 1757086159.859552, when looking up transform from frame [base_link] to frame [map]
[bt_navigator-6] 
[bt_navigator-6] [WARN] [1757086169.939618467] [BehaviorTreeEngine]: Behavior Tree tick rate 100.00 was exceeded!
[explore-10] [ERROR] [1757086170.028087517] [explore_node]: Extrapolation Error looking up robot pose: Lookup would require extrapolation at time 1757086169.724964, but only time 1757086129.147661 is in the buffer, when looking up transform from frame [base_link] to frame [map]
[explore-10] 
[bt_navigator-6] [ERROR] [1757086170.040741460] [transformPoseInTargetFrame]: Extrapolation Error looking up target frame: Lookup would require extrapolation into the past.  Requested time 1757086129.147661 but the earliest data is at time 1757086160.009736, when looking up transform from frame [base_link] to frame [map]
[bt_navigator-6] 
[bt_navigator-6] [WARN] [1757086170.040956269] [BehaviorTreeEngine]: Behavior Tree tick rate 100.00 was exceeded!
[bt_navigator-6] [ERROR] [1757086170.142366064] [transformPoseInTargetFrame]: Extrapolation Error looking up target frame: Lookup would require extrapolation into the past.  Requested time 1757086129.147661 but the earliest data is at time 1757086160.109560, when looking up transform from frame [base_link] to frame [map]
[bt_navigator-6] 
[bt_navigator-6] [WARN] [1757086170.142614833] [BehaviorTreeEngine]: Behavior Tree tick rate 100.00 was exceeded!
[bt_navigator-6] [ERROR] [1757086170.244345986] [transformPoseInTargetFrame]: Extrapolation Error looking up target frame: Lookup would require extrapolation into the past.  Requested time 1757086129.147661 but the earliest data is at time 1757086160.109560, when looking up transform from frame [base_link] to frame [map]
[bt_navigator-6] 
[bt_navigator-6] [WARN] [1757086170.244543824] [BehaviorTreeEngine]: Behavior Tree tick rate 100.00 was exceeded!
[bt_navigator-6] [ERROR] [1757086170.346008010] [transformPoseInTargetFrame]: Extrapolation Error looking up target frame: Lookup would require extrapolation into the past.  Requested time 1757086129.147661 but the earliest data is at time 1757086160.309776, when looking up transform from frame [base_link] to frame [map]
[bt_navigator-6] 
[bt_navigator-6] [WARN] [1757086170.346061702] [BehaviorTreeEngine]: Behavior Tree tick rate 100.00 was exceeded!
[bt_navigator-6] [ERROR] [1757086170.447703099] [transformPoseInTargetFrame]: Extrapolation Error looking up target frame: Lookup would require extrapolation into the past.  Requested time 1757086129.147661 but the earliest data is at time 1757086160.359586, when looking up transform from frame [base_link] to frame [map]
[bt_navigator-6] 
[bt_navigator-6] [WARN] [1757086170.447872191] [BehaviorTreeEngine]: Behavior Tree tick rate 100.00 was exceeded!
[planner_server-4] [ERROR] [1757086170.462973665] [transformPoseInTargetFrame]: Extrapolation Error looking up target frame: Lookup would require extrapolation into the past.  Requested time 1757086129.147661 but the earliest data is at time 1757086160.359586, when looking up transform from frame [base_link] to frame [map]
[planner_server-4] 
[bt_navigator-6] [ERROR] [1757086170.549649405] [transformPoseInTargetFrame]: Extrapolation Error looking up target frame: Lookup would require extrapolation into the past.  Requested time 1757086129.147661 but the earliest data is at time 1757086160.509556, when looking up transform from frame [base_link] to frame [map]
[bt_navigator-6] 
[bt_navigator-6] [WARN] [1757086170.549847990] [BehaviorTreeEngine]: Behavior Tree tick rate 100.00 was exceeded!
[bt_navigator-6] [ERROR] [1757086170.650997945] [transformPoseInTargetFrame]: Extrapolation Error looking up target frame: Lookup would require extrapolation into the past.  Requested time 1757086129.147661 but the earliest data is at time 1757086160.559669, when looking up transform from frame [base_link] to frame [map]
[bt_navigator-6] 
[bt_navigator-6] [WARN] [1757086170.651202193] [BehaviorTreeEngine]: Behavior Tree tick rate 100.00 was exceeded!
[bt_navigator-6] [ERROR] [1757086170.752552541] [transformPoseInTargetFrame]: Extrapolation Error looking up target frame: Lookup would require extrapolation into the past.  Requested time 1757086129.147661 but the earliest data is at time 1757086160.659594, when looking up transform from frame [base_link] to frame [map]
[bt_navigator-6] 
[bt_navigator-6] [WARN] [1757086170.752783596] [BehaviorTreeEngine]: Behavior Tree tick rate 100.00 was exceeded!
[bt_navigator-6] [ERROR] [1757086170.854370523] [transformPoseInTargetFrame]: Extrapolation Error looking up target frame: Lookup would require extrapolation into the past.  Requested time 1757086129.147661 but the earliest data is at time 1757086160.760456, when looking up transform from frame [base_link] to frame [map]
[bt_navigator-6] 
[bt_navigator-6] [WARN] [1757086170.854460518] [BehaviorTreeEngine]: Behavior Tree tick rate 100.00 was exceeded!
[bt_navigator-6] [ERROR] [1757086170.955991093] [transformPoseInTargetFrame]: Extrapolation Error looking up target frame: Lookup would require extrapolation into the past.  Requested time 1757086129.147661 but the earliest data is at time 1757086160.859849, when looking up transform from frame [base_link] to frame [map]
[bt_navigator-6] 
[bt_navigator-6] [WARN] [1757086170.956216528] [BehaviorTreeEngine]: Behavior Tree tick rate 100.00 was exceeded!
[bt_navigator-6] [ERROR] [1757086171.057776962] [transformPoseInTargetFrame]: Extrapolation Error looking up target frame: Lookup would require extrapolation into the past.  Requested time 1757086129.147661 but the earliest data is at time 1757086161.009580, when looking up transform from frame [base_link] to frame [map]
[bt_navigator-6] 
[bt_navigator-6] [WARN] [1757086171.058037037] [BehaviorTreeEngine]: Behavior Tree tick rate 100.00 was exceeded!
[bt_navigator-6] [ERROR] [1757086171.160067791] [transformPoseInTargetFrame]: Extrapolation Error looking up target frame: Lookup would require extrapolation into the past.  Requested time 1757086129.147661 but the earliest data is at time 1757086161.109695, when looking up transform from frame [base_link] to frame [map]
[bt_navigator-6] 
[bt_navigator-6] [WARN] [1757086171.160317865] [BehaviorTreeEngine]: Behavior Tree tick rate 100.00 was exceeded!
[explore-10] [ERROR] [1757086171.254665781] [explore_node]: Extrapolation Error looking up robot pose: Lookup would require extrapolation at time 1757086170.951496, but only time 1757086129.147661 is in the buffer, when looking up transform from frame [base_link] to frame [map]
[explore-10] 
[bt_navigator-6] [ERROR] [1757086171.262776976] [transformPoseInTargetFrame]: Extrapolation Error looking up target frame: Lookup would require extrapolation into the past.  Requested time 1757086129.147661 but the earliest data is at time 1757086161.109695, when looking up transform from frame [base_link] to frame [map]
[bt_navigator-6] 
[bt_navigator-6] [WARN] [1757086171.263013013] [BehaviorTreeEngine]: Behavior Tree tick rate 100.00 was exceeded!
[bt_navigator-6] [ERROR] [1757086171.365392123] [transformPoseInTargetFrame]: Extrapolation Error looking up target frame: Lookup would require extrapolation into the past.  Requested time 1757086129.147661 but the earliest data is at time 1757086161.309683, when looking up transform from frame [base_link] to frame [map]
[bt_navigator-6] 
[bt_navigator-6] [WARN] [1757086171.365632021] [BehaviorTreeEngine]: Behavior Tree tick rate 100.00 was exceeded!
[planner_server-4] [ERROR] [1757086171.463949572] [transformPoseInTargetFrame]: Extrapolation Error looking up target frame: Lookup would require extrapolation into the past.  Requested time 1757086129.147661 but the earliest data is at time 1757086161.359522, when looking up transform from frame [base_link] to frame [map]
[planner_server-4] 
[bt_navigator-6] [ERROR] [1757086171.467960463] [transformPoseInTargetFrame]: Extrapolation Error looking up target frame: Lookup would require extrapolation into the past.  Requested time 1757086129.147661 but the earliest data is at time 1757086161.459517, when looking up transform from frame [base_link] to frame [map]
[bt_navigator-6] 
[bt_navigator-6] [WARN] [1757086171.468203026] [BehaviorTreeEngine]: Behavior Tree tick rate 100.00 was exceeded!
[bt_navigator-6] [ERROR] [1757086171.570242820] [transformPoseInTargetFrame]: Extrapolation Error looking up target frame: Lookup would require extrapolation into the past.  Requested time 1757086129.147661 but the earliest data is at time 1757086161.459517, when looking up transform from frame [base_link] to frame [map]
[bt_navigator-6] 
[bt_navigator-6] [WARN] [1757086171.570445219] [BehaviorTreeEngine]: Behavior Tree tick rate 100.00 was exceeded!
[bt_navigator-6] [ERROR] [1757086171.672073763] [transformPoseInTargetFrame]: Extrapolation Error looking up target frame: Lookup would require extrapolation into the past.  Requested time 1757086129.147661 but the earliest data is at time 1757086161.609791, when looking up transform from frame [base_link] to frame [map]
[bt_navigator-6] 
[bt_navigator-6] [WARN] [1757086171.672203674] [BehaviorTreeEngine]: Behavior Tree tick rate 100.00 was exceeded!
[bt_navigator-6] [ERROR] [1757086171.774519097] [transformPoseInTargetFrame]: Extrapolation Error looking up target frame: Lookup would require extrapolation into the past.  Requested time 1757086129.147661 but the earliest data is at time 1757086161.609791, when looking up transform from frame [base_link] to frame [map]
[bt_navigator-6] 
[bt_navigator-6] [WARN] [1757086171.774724864] [BehaviorTreeEngine]: Behavior Tree tick rate 100.00 was exceeded!
[bt_navigator-6] [ERROR] [1757086171.876633697] [transformPoseInTargetFrame]: Extrapolation Error looking up target frame: Lookup would require extrapolation into the past.  Requested time 1757086129.147661 but the earliest data is at time 1757086161.859522, when looking up transform from frame [base_link] to frame [map]
[bt_navigator-6] 
[bt_navigator-6] [WARN] [1757086171.876704173] [BehaviorTreeEngine]: Behavior Tree tick rate 100.00 was exceeded!
[bt_navigator-6] [ERROR] [1757086171.978583348] [transformPoseInTargetFrame]: Extrapolation Error looking up target frame: Lookup would require extrapolation into the past.  Requested time 1757086129.147661 but the earliest data is at time 1757086161.909663, when looking up transform from frame [base_link] to frame [map]
[bt_navigator-6] 
[bt_navigator-6] [WARN] [1757086171.978801272] [BehaviorTreeEngine]: Behavior Tree tick rate 100.00 was exceeded!
[bt_navigator-6] [ERROR] [1757086172.080560830] [transformPoseInTargetFrame]: Extrapolation Error looking up target frame: Lookup would require extrapolation into the past.  Requested time 1757086129.147661 but the earliest data is at time 1757086162.009523, when looking up transform from frame [base_link] to frame [map]
[bt_navigator-6] 
[bt_navigator-6] [WARN] [1757086172.080763888] [BehaviorTreeEngine]: Behavior Tree tick rate 100.00 was exceeded!
[bt_navigator-6] [ERROR] [1757086172.182405917] [transformPoseInTargetFrame]: Extrapolation Error looking up target frame: Lookup would require extrapolation into the past.  Requested time 1757086129.147661 but the earliest data is at time 1757086162.109717, when looking up transform from frame [base_link] to frame [map]
[bt_navigator-6] 
[bt_navigator-6] [WARN] [1757086172.182560015] [BehaviorTreeEngine]: Behavior Tree tick rate 100.00 was exceeded!
[bt_navigator-6] [ERROR] [1757086172.284352962] [transformPoseInTargetFrame]: Extrapolation Error looking up target frame: Lookup would require extrapolation into the past.  Requested time 1757086129.147661 but the earliest data is at time 1757086162.209771, when looking up transform from frame [base_link] to frame [map]
[bt_navigator-6] 
[bt_navigator-6] [WARN] [1757086172.284552285] [BehaviorTreeEngine]: Behavior Tree tick rate 100.00 was exceeded!
[bt_navigator-6] [ERROR] [1757086172.386236303] [transformPoseInTargetFrame]: Extrapolation Error looking up target frame: Lookup would require extrapolation into the past.  Requested time 1757086129.147661 but the earliest data is at time 1757086162.311971, when looking up transform from frame [base_link] to frame [map]
[bt_navigator-6] 
[bt_navigator-6] [WARN] [1757086172.386313052] [BehaviorTreeEngine]: Behavior Tree tick rate 100.00 was exceeded!
[planner_server-4] [ERROR] [1757086172.463496500] [transformPoseInTargetFrame]: Extrapolation Error looking up target frame: Lookup would require extrapolation into the past.  Requested time 1757086129.147661 but the earliest data is at time 1757086162.311971, when looking up transform from frame [base_link] to frame [map]
[planner_server-4] 
[explore-10] [ERROR] [1757086172.483879618] [explore_node]: Extrapolation Error looking up robot pose: Lookup would require extrapolation at time 1757086172.180861, but only time 1757086129.147661 is in the buffer, when looking up transform from frame [base_link] to frame [map]
[explore-10] 
[bt_navigator-6] [ERROR] [1757086172.487713438] [transformPoseInTargetFrame]: Extrapolation Error looking up target frame: Lookup would require extrapolation into the past.  Requested time 1757086129.147661 but the earliest data is at time 1757086162.409650, when looking up transform from frame [base_link] to frame [map]
[bt_navigator-6] 
[bt_navigator-6] [WARN] [1757086172.487893401] [BehaviorTreeEngine]: Behavior Tree tick rate 100.00 was exceeded!
[bt_navigator-6] [ERROR] [1757086172.589036648] [transformPoseInTargetFrame]: Extrapolation Error looking up target frame: Lookup would require extrapolation into the past.  Requested time 1757086129.147661 but the earliest data is at time 1757086162.509586, when looking up transform from frame [base_link] to frame [map]
[bt_navigator-6] 
[bt_navigator-6] [WARN] [1757086172.589154700] [BehaviorTreeEngine]: Behavior Tree tick rate 100.00 was exceeded!
[bt_navigator-6] [ERROR] [1757086172.690294435] [transformPoseInTargetFrame]: Extrapolation Error looking up target frame: Lookup would require extrapolation into the past.  Requested time 1757086129.147661 but the earliest data is at time 1757086162.659728, when looking up transform from frame [base_link] to frame [map]
[bt_navigator-6] 
[bt_navigator-6] [WARN] [1757086172.690476574] [BehaviorTreeEngine]: Behavior Tree tick rate 100.00 was exceeded!
[bt_navigator-6] [ERROR] [1757086172.792387086] [transformPoseInTargetFrame]: Extrapolation Error looking up target frame: Lookup would require extrapolation into the past.  Requested time 1757086129.147661 but the earliest data is at time 1757086162.759541, when looking up transform from frame [base_link] to frame [map]
[bt_navigator-6] 
[bt_navigator-6] [WARN] [1757086172.792627406] [BehaviorTreeEngine]: Behavior Tree tick rate 100.00 was exceeded!
[bt_navigator-6] [ERROR] [1757086172.895018345] [transformPoseInTargetFrame]: Extrapolation Error looking up target frame: Lookup would require extrapolation into the past.  Requested time 1757086129.147661 but the earliest data is at time 1757086162.859513, when looking up transform from frame [base_link] to frame [map]
[bt_navigator-6] 
[bt_navigator-6] [WARN] [1757086172.895263039] [BehaviorTreeEngine]: Behavior Tree tick rate 100.00 was exceeded!
[bt_navigator-6] [ERROR] [1757086172.997519544] [transformPoseInTargetFrame]: Extrapolation Error looking up target frame: Lookup would require extrapolation into the past.  Requested time 1757086129.147661 but the earliest data is at time 1757086162.909684, when looking up transform from frame [base_link] to frame [map]
[bt_navigator-6] 
[bt_navigator-6] [WARN] [1757086172.997788798] [BehaviorTreeEngine]: Behavior Tree tick rate 100.00 was exceeded!
[bt_navigator-6] [ERROR] [1757086173.099616653] [transformPoseInTargetFrame]: Extrapolation Error looking up target frame: Lookup would require extrapolation into the past.  Requested time 1757086129.147661 but the earliest data is at time 1757086162.959544, when looking up transform from frame [base_link] to frame [map]
[bt_navigator-6] 
[bt_navigator-6] [WARN] [1757086173.099825760] [BehaviorTreeEngine]: Behavior Tree tick rate 100.00 was exceeded!
[bt_navigator-6] [ERROR] [1757086173.201874658] [transformPoseInTargetFrame]: Extrapolation Error looking up target frame: Lookup would require extrapolation into the past.  Requested time 1757086129.147661 but the earliest data is at time 1757086163.160736, when looking up transform from frame [base_link] to frame [map]
[bt_navigator-6] 
[bt_navigator-6] [WARN] [1757086173.202095120] [BehaviorTreeEngine]: Behavior Tree tick rate 100.00 was exceeded!
[bt_navigator-6] [ERROR] [1757086173.304093258] [transformPoseInTargetFrame]: Extrapolation Error looking up target frame: Lookup would require extrapolation into the past.  Requested time 1757086129.147661 but the earliest data is at time 1757086163.259511, when looking up transform from frame [base_link] to frame [map]
[bt_navigator-6] 
[bt_navigator-6] [WARN] [1757086173.304337443] [BehaviorTreeEngine]: Behavior Tree tick rate 100.00 was exceeded!
[bt_navigator-6] [ERROR] [1757086173.406212829] [transformPoseInTargetFrame]: Extrapolation Error looking up target frame: Lookup would require extrapolation into the past.  Requested time 1757086129.147661 but the earliest data is at time 1757086163.309657, when looking up transform from frame [base_link] to frame [map]
[bt_navigator-6] 
[bt_navigator-6] [WARN] [1757086173.406297434] [BehaviorTreeEngine]: Behavior Tree tick rate 100.00 was exceeded!
[planner_server-4] [ERROR] [1757086173.463130990] [transformPoseInTargetFrame]: Extrapolation Error looking up target frame: Lookup would require extrapolation into the past.  Requested time 1757086129.147661 but the earliest data is at time 1757086163.409643, when looking up transform from frame [base_link] to frame [map]
[planner_server-4] 
[bt_navigator-6] [ERROR] [1757086173.507622296] [transformPoseInTargetFrame]: Extrapolation Error looking up target frame: Lookup would require extrapolation into the past.  Requested time 1757086129.147661 but the earliest data is at time 1757086163.409643, when looking up transform from frame [base_link] to frame [map]
[bt_navigator-6] 
[bt_navigator-6] [WARN] [1757086173.507774373] [BehaviorTreeEngine]: Behavior Tree tick rate 100.00 was exceeded!
[bt_navigator-6] [ERROR] [1757086173.609296021] [transformPoseInTargetFrame]: Extrapolation Error looking up target frame: Lookup would require extrapolation into the past.  Requested time 1757086129.147661 but the earliest data is at time 1757086163.509562, when looking up transform from frame [base_link] to frame [map]
[bt_navigator-6] 
[bt_navigator-6] [WARN] [1757086173.609510694] [BehaviorTreeEngine]: Behavior Tree tick rate 100.00 was exceeded!
[bt_navigator-6] [ERROR] [1757086173.710692252] [transformPoseInTargetFrame]: Extrapolation Error looking up target frame: Lookup would require extrapolation into the past.  Requested time 1757086129.147661 but the earliest data is at time 1757086163.609643, when looking up transform from frame [base_link] to frame [map]
[bt_navigator-6] 
[bt_navigator-6] [WARN] [1757086173.710752989] [BehaviorTreeEngine]: Behavior Tree tick rate 100.00 was exceeded!
[explore-10] [ERROR] [1757086173.714306496] [explore_node]: Extrapolation Error looking up robot pose: Lookup would require extrapolation at time 1757086173.409945, but only time 1757086129.147661 is in the buffer, when looking up transform from frame [base_link] to frame [map]
[explore-10] 
[bt_navigator-6] [ERROR] [1757086173.811603105] [transformPoseInTargetFrame]: Extrapolation Error looking up target frame: Lookup would require extrapolation into the past.  Requested time 1757086129.147661 but the earliest data is at time 1757086163.609643, when looking up transform from frame [base_link] to frame [map]
[bt_navigator-6] 
[bt_navigator-6] [WARN] [1757086173.811728031] [BehaviorTreeEngine]: Behavior Tree tick rate 100.00 was exceeded!
[bt_navigator-6] [ERROR] [1757086173.912715372] [transformPoseInTargetFrame]: Extrapolation Error looking up target frame: Lookup would require extrapolation into the past.  Requested time 1757086129.147661 but the earliest data is at time 1757086163.859630, when looking up transform from frame [base_link] to frame [map]
[bt_navigator-6] 
[bt_navigator-6] [WARN] [1757086173.912850894] [BehaviorTreeEngine]: Behavior Tree tick rate 100.00 was exceeded!
[bt_navigator-6] [ERROR] [1757086174.014162737] [transformPoseInTargetFrame]: Extrapolation Error looking up target frame: Lookup would require extrapolation into the past.  Requested time 1757086129.147661 but the earliest data is at time 1757086163.859630, when looking up transform from frame [base_link] to frame [map]
[bt_navigator-6] 
[bt_navigator-6] [WARN] [1757086174.014432198] [BehaviorTreeEngine]: Behavior Tree tick rate 100.00 was exceeded!
[bt_navigator-6] [ERROR] [1757086174.116048810] [transformPoseInTargetFrame]: Extrapolation Error looking up target frame: Lookup would require extrapolation into the past.  Requested time 1757086129.147661 but the earliest data is at time 1757086164.009599, when looking up transform from frame [base_link] to frame [map]
[bt_navigator-6] 
[bt_navigator-6] [WARN] [1757086174.116292611] [BehaviorTreeEngine]: Behavior Tree tick rate 100.00 was exceeded!
[bt_navigator-6] [ERROR] [1757086174.218099537] [transformPoseInTargetFrame]: Extrapolation Error looking up target frame: Lookup would require extrapolation into the past.  Requested time 1757086129.147661 but the earliest data is at time 1757086164.109777, when looking up transform from frame [base_link] to frame [map]
[bt_navigator-6] 
[bt_navigator-6] [WARN] [1757086174.218227714] [BehaviorTreeEngine]: Behavior Tree tick rate 100.00 was exceeded!
[bt_navigator-6] [ERROR] [1757086174.319738516] [transformPoseInTargetFrame]: Extrapolation Error looking up target frame: Lookup would require extrapolation into the past.  Requested time 1757086129.147661 but the earliest data is at time 1757086164.209563, when looking up transform from frame [base_link] to frame [map]
[bt_navigator-6] 
[bt_navigator-6] [WARN] [1757086174.320051471] [BehaviorTreeEngine]: Behavior Tree tick rate 100.00 was exceeded!
[bt_navigator-6] [ERROR] [1757086174.422024773] [transformPoseInTargetFrame]: Extrapolation Error looking up target frame: Lookup would require extrapolation into the past.  Requested time 1757086129.147661 but the earliest data is at time 1757086164.209563, when looking up transform from frame [base_link] to frame [map]
[bt_navigator-6] 
[bt_navigator-6] [WARN] [1757086174.422230676] [BehaviorTreeEngine]: Behavior Tree tick rate 100.00 was exceeded!
[planner_server-4] [ERROR] [1757086174.463628775] [transformPoseInTargetFrame]: Extrapolation Error looking up target frame: Lookup would require extrapolation into the past.  Requested time 1757086129.147661 but the earliest data is at time 1757086164.209563, when looking up transform from frame [base_link] to frame [map]
[planner_server-4] 
[bt_navigator-6] [ERROR] [1757086174.524111039] [transformPoseInTargetFrame]: Extrapolation Error looking up target frame: Lookup would require extrapolation into the past.  Requested time 1757086129.147661 but the earliest data is at time 1757086164.209563, when looking up transform from frame [base_link] to frame [map]
[bt_navigator-6] 
[bt_navigator-6] [WARN] [1757086174.524295926] [BehaviorTreeEngine]: Behavior Tree tick rate 100.00 was exceeded!
[bt_navigator-6] [ERROR] [1757086174.626258935] [transformPoseInTargetFrame]: Extrapolation Error looking up target frame: Lookup would require extrapolation into the past.  Requested time 1757086129.147661 but the earliest data is at time 1757086164.209563, when looking up transform from frame [base_link] to frame [map]
[bt_navigator-6] 
[bt_navigator-6] [WARN] [1757086174.626463695] [BehaviorTreeEngine]: Behavior Tree tick rate 100.00 was exceeded!
[bt_navigator-6] [ERROR] [1757086174.728121351] [transformPoseInTargetFrame]: Extrapolation Error looking up target frame: Lookup would require extrapolation into the past.  Requested time 1757086129.147661 but the earliest data is at time 1757086164.209563, when looking up transform from frame [base_link] to frame [map]
[bt_navigator-6] 
[bt_navigator-6] [WARN] [1757086174.728253971] [BehaviorTreeEngine]: Behavior Tree tick rate 100.00 was exceeded!
[bt_navigator-6] [ERROR] [1757086174.829279729] [transformPoseInTargetFrame]: Extrapolation Error looking up target frame: Lookup would require extrapolation into the past.  Requested time 1757086129.147661 but the earliest data is at time 1757086164.709651, when looking up transform from frame [base_link] to frame [map]
[bt_navigator-6] 
[bt_navigator-6] [WARN] [1757086174.829339655] [BehaviorTreeEngine]: Behavior Tree tick rate 100.00 was exceeded!
[bt_navigator-6] [ERROR] [1757086174.930257029] [transformPoseInTargetFrame]: Extrapolation Error looking up target frame: Lookup would require extrapolation into the past.  Requested time 1757086129.147661 but the earliest data is at time 1757086164.859548, when looking up transform from frame [base_link] to frame [map]
[bt_navigator-6] 
[bt_navigator-6] [WARN] [1757086174.930453749] [BehaviorTreeEngine]: Behavior Tree tick rate 100.00 was exceeded!
[explore-10] [ERROR] [1757086174.944616903] [explore_node]: Extrapolation Error looking up robot pose: Lookup would require extrapolation at time 1757086174.641819, but only time 1757086129.147661 is in the buffer, when looking up transform from frame [base_link] to frame [map]
[explore-10] 
[bt_navigator-6] [ERROR] [1757086175.031629486] [transformPoseInTargetFrame]: Extrapolation Error looking up target frame: Lookup would require extrapolation into the past.  Requested time 1757086129.147661 but the earliest data is at time 1757086164.909564, when looking up transform from frame [base_link] to frame [map]
[bt_navigator-6] 
[bt_navigator-6] [WARN] [1757086175.031824564] [BehaviorTreeEngine]: Behavior Tree tick rate 100.00 was exceeded!
[bt_navigator-6] [ERROR] [1757086175.133231591] [transformPoseInTargetFrame]: Extrapolation Error looking up target frame: Lookup would require extrapolation into the past.  Requested time 1757086129.147661 but the earliest data is at time 1757086165.009952, when looking up transform from frame [base_link] to frame [map]
[bt_navigator-6] 
[bt_navigator-6] [WARN] [1757086175.133431079] [BehaviorTreeEngine]: Behavior Tree tick rate 100.00 was exceeded!
[bt_navigator-6] [ERROR] [1757086175.234447315] [transformPoseInTargetFrame]: Extrapolation Error looking up target frame: Lookup would require extrapolation into the past.  Requested time 1757086129.147661 but the earliest data is at time 1757086165.109587, when looking up transform from frame [base_link] to frame [map]
[bt_navigator-6] 
[bt_navigator-6] [WARN] [1757086175.234554836] [BehaviorTreeEngine]: Behavior Tree tick rate 100.00 was exceeded!
[bt_navigator-6] [ERROR] [1757086175.335670877] [transformPoseInTargetFrame]: Extrapolation Error looking up target frame: Lookup would require extrapolation into the past.  Requested time 1757086129.147661 but the earliest data is at time 1757086165.309605, when looking up transform from frame [base_link] to frame [map]
[bt_navigator-6] 
[bt_navigator-6] [WARN] [1757086175.335926037] [BehaviorTreeEngine]: Behavior Tree tick rate 100.00 was exceeded!
[bt_navigator-6] [ERROR] [1757086175.438222226] [transformPoseInTargetFrame]: Extrapolation Error looking up target frame: Lookup would require extrapolation into the past.  Requested time 1757086129.147661 but the earliest data is at time 1757086165.309605, when looking up transform from frame [base_link] to frame [map]
[bt_navigator-6] 
[bt_navigator-6] [WARN] [1757086175.438441388] [BehaviorTreeEngine]: Behavior Tree tick rate 100.00 was exceeded!
[planner_server-4] [ERROR] [1757086175.464014862] [transformPoseInTargetFrame]: Extrapolation Error looking up target frame: Lookup would require extrapolation into the past.  Requested time 1757086129.147661 but the earliest data is at time 1757086165.360030, when looking up transform from frame [base_link] to frame [map]
[planner_server-4] 
[bt_navigator-6] [ERROR] [1757086175.540581016] [transformPoseInTargetFrame]: Extrapolation Error looking up target frame: Lookup would require extrapolation into the past.  Requested time 1757086129.147661 but the earliest data is at time 1757086165.409589, when looking up transform from frame [base_link] to frame [map]
[bt_navigator-6] 
[bt_navigator-6] [WARN] [1757086175.540823697] [BehaviorTreeEngine]: Behavior Tree tick rate 100.00 was exceeded!
[bt_navigator-6] [ERROR] [1757086175.642673016] [transformPoseInTargetFrame]: Extrapolation Error looking up target frame: Lookup would require extrapolation into the past.  Requested time 1757086129.147661 but the earliest data is at time 1757086165.561869, when looking up transform from frame [base_link] to frame [map]
[bt_navigator-6] 
[bt_navigator-6] [WARN] [1757086175.642899374] [BehaviorTreeEngine]: Behavior Tree tick rate 100.00 was exceeded!
[bt_navigator-6] [ERROR] [1757086175.744710002] [transformPoseInTargetFrame]: Extrapolation Error looking up target frame: Lookup would require extrapolation into the past.  Requested time 1757086129.147661 but the earliest data is at time 1757086165.561869, when looking up transform from frame [base_link] to frame [map]
[bt_navigator-6] 
[bt_navigator-6] [WARN] [1757086175.744900476] [BehaviorTreeEngine]: Behavior Tree tick rate 100.00 was exceeded!
[bt_navigator-6] [ERROR] [1757086175.846144817] [transformPoseInTargetFrame]: Extrapolation Error looking up target frame: Lookup would require extrapolation into the past.  Requested time 1757086129.147661 but the earliest data is at time 1757086165.809561, when looking up transform from frame [base_link] to frame [map]
[bt_navigator-6] 
[bt_navigator-6] [WARN] [1757086175.846375073] [BehaviorTreeEngine]: Behavior Tree tick rate 100.00 was exceeded!
[bt_navigator-6] [ERROR] [1757086175.947706801] [transformPoseInTargetFrame]: Extrapolation Error looking up target frame: Lookup would require extrapolation into the past.  Requested time 1757086129.147661 but the earliest data is at time 1757086165.909515, when looking up transform from frame [base_link] to frame [map]
[bt_navigator-6] 
[bt_navigator-6] [WARN] [1757086175.947903789] [BehaviorTreeEngine]: Behavior Tree tick rate 100.00 was exceeded!
[bt_navigator-6] [ERROR] [1757086176.049357521] [transformPoseInTargetFrame]: Extrapolation Error looking up target frame: Lookup would require extrapolation into the past.  Requested time 1757086129.147661 but the earliest data is at time 1757086166.009659, when looking up transform from frame [base_link] to frame [map]
[bt_navigator-6] 
[bt_navigator-6] [WARN] [1757086176.049572429] [BehaviorTreeEngine]: Behavior Tree tick rate 100.00 was exceeded!
[bt_navigator-6] [ERROR] [1757086176.150860586] [transformPoseInTargetFrame]: Extrapolation Error looking up target frame: Lookup would require extrapolation into the past.  Requested time 1757086129.147661 but the earliest data is at time 1757086166.109740, when looking up transform from frame [base_link] to frame [map]
[bt_navigator-6] 
[bt_navigator-6] [WARN] [1757086176.151059520] [BehaviorTreeEngine]: Behavior Tree tick rate 100.00 was exceeded!
[explore-10] [ERROR] [1757086176.178142431] [explore_node]: Extrapolation Error looking up robot pose: Lookup would require extrapolation at time 1757086175.874395, but only time 1757086129.147661 is in the buffer, when looking up transform from frame [base_link] to frame [map]
[explore-10] 
[bt_navigator-6] [ERROR] [1757086176.252225085] [transformPoseInTargetFrame]: Extrapolation Error looking up target frame: Lookup would require extrapolation into the past.  Requested time 1757086129.147661 but the earliest data is at time 1757086166.209503, when looking up transform from frame [base_link] to frame [map]
[bt_navigator-6] 
[bt_navigator-6] [WARN] [1757086176.252278941] [BehaviorTreeEngine]: Behavior Tree tick rate 100.00 was exceeded!
[bt_navigator-6] [ERROR] [1757086176.353480048] [transformPoseInTargetFrame]: Extrapolation Error looking up target frame: Lookup would require extrapolation into the past.  Requested time 1757086129.147661 but the earliest data is at time 1757086166.259550, when looking up transform from frame [base_link] to frame [map]
[bt_navigator-6] 
[bt_navigator-6] [WARN] [1757086176.353719481] [BehaviorTreeEngine]: Behavior Tree tick rate 100.00 was exceeded!
[bt_navigator-6] [ERROR] [1757086176.454830118] [transformPoseInTargetFrame]: Extrapolation Error looking up target frame: Lookup would require extrapolation into the past.  Requested time 1757086129.147661 but the earliest data is at time 1757086166.359644, when looking up transform from frame [base_link] to frame [map]
[bt_navigator-6] 
[bt_navigator-6] [WARN] [1757086176.454993845] [BehaviorTreeEngine]: Behavior Tree tick rate 100.00 was exceeded!
[planner_server-4] [ERROR] [1757086176.463425507] [transformPoseInTargetFrame]: Extrapolation Error looking up target frame: Lookup would require extrapolation into the past.  Requested time 1757086129.147661 but the earliest data is at time 1757086166.359644, when looking up transform from frame [base_link] to frame [map]
[planner_server-4] 
[bt_navigator-6] [ERROR] [1757086176.556325227] [transformPoseInTargetFrame]: Extrapolation Error looking up target frame: Lookup would require extrapolation into the past.  Requested time 1757086129.147661 but the earliest data is at time 1757086166.509561, when looking up transform from frame [base_link] to frame [map]
[bt_navigator-6] 
[bt_navigator-6] [WARN] [1757086176.556512400] [BehaviorTreeEngine]: Behavior Tree tick rate 100.00 was exceeded!
[bt_navigator-6] [ERROR] [1757086176.657552540] [transformPoseInTargetFrame]: Extrapolation Error looking up target frame: Lookup would require extrapolation into the past.  Requested time 1757086129.147661 but the earliest data is at time 1757086166.609548, when looking up transform from frame [base_link] to frame [map]
[bt_navigator-6] 
[bt_navigator-6] [WARN] [1757086176.657595024] [BehaviorTreeEngine]: Behavior Tree tick rate 100.00 was exceeded!
[bt_navigator-6] [ERROR] [1757086176.758871285] [transformPoseInTargetFrame]: Extrapolation Error looking up target frame: Lookup would require extrapolation into the past.  Requested time 1757086129.147661 but the earliest data is at time 1757086166.659595, when looking up transform from frame [base_link] to frame [map]
[bt_navigator-6] 
[bt_navigator-6] [WARN] [1757086176.759066322] [BehaviorTreeEngine]: Behavior Tree tick rate 100.00 was exceeded!
[bt_navigator-6] [ERROR] [1757086176.860581417] [transformPoseInTargetFrame]: Extrapolation Error looking up target frame: Lookup would require extrapolation into the past.  Requested time 1757086129.147661 but the earliest data is at time 1757086166.759681, when looking up transform from frame [base_link] to frame [map]
[bt_navigator-6] 
[bt_navigator-6] [WARN] [1757086176.860785470] [BehaviorTreeEngine]: Behavior Tree tick rate 100.00 was exceeded!
[bt_navigator-6] [ERROR] [1757086176.963057261] [transformPoseInTargetFrame]: Extrapolation Error looking up target frame: Lookup would require extrapolation into the past.  Requested time 1757086129.147661 but the earliest data is at time 1757086166.859625, when looking up transform from frame [base_link] to frame [map]
[bt_navigator-6] 
[bt_navigator-6] [WARN] [1757086176.963261085] [BehaviorTreeEngine]: Behavior Tree tick rate 100.00 was exceeded!
[bt_navigator-6] [ERROR] [1757086177.064689524] [transformPoseInTargetFrame]: Extrapolation Error looking up target frame: Lookup would require extrapolation into the past.  Requested time 1757086129.147661 but the earliest data is at time 1757086166.959548, when looking up transform from frame [base_link] to frame [map]
[bt_navigator-6] 
[bt_navigator-6] [WARN] [1757086177.064887312] [BehaviorTreeEngine]: Behavior Tree tick rate 100.00 was exceeded!
[bt_navigator-6] [ERROR] [1757086177.166241215] [transformPoseInTargetFrame]: Extrapolation Error looking up target frame: Lookup would require extrapolation into the past.  Requested time 1757086129.147661 but the earliest data is at time 1757086167.059594, when looking up transform from frame [base_link] to frame [map]
[bt_navigator-6] 
[bt_navigator-6] [WARN] [1757086177.166462052] [BehaviorTreeEngine]: Behavior Tree tick rate 100.00 was exceeded!
[bt_navigator-6] [ERROR] [1757086177.267827008] [transformPoseInTargetFrame]: Extrapolation Error looking up target frame: Lookup would require extrapolation into the past.  Requested time 1757086129.147661 but the earliest data is at time 1757086167.210877, when looking up transform from frame [base_link] to frame [map]
[bt_navigator-6] 
[bt_navigator-6] [WARN] [1757086177.268034652] [BehaviorTreeEngine]: Behavior Tree tick rate 100.00 was exceeded!
[bt_navigator-6] [ERROR] [1757086177.369162481] [transformPoseInTargetFrame]: Extrapolation Error looking up target frame: Lookup would require extrapolation into the past.  Requested time 1757086129.147661 but the earliest data is at time 1757086167.359570, when looking up transform from frame [base_link] to frame [map]
[bt_navigator-6] 
[bt_navigator-6] [WARN] [1757086177.369437986] [BehaviorTreeEngine]: Behavior Tree tick rate 100.00 was exceeded!
[explore-10] [ERROR] [1757086177.407839219] [explore_node]: Extrapolation Error looking up robot pose: Lookup would require extrapolation at time 1757086177.104270, but only time 1757086129.147661 is in the buffer, when looking up transform from frame [base_link] to frame [map]
[explore-10] 
[planner_server-4] [ERROR] [1757086177.462836628] [transformPoseInTargetFrame]: Extrapolation Error looking up target frame: Lookup would require extrapolation into the past.  Requested time 1757086129.147661 but the earliest data is at time 1757086167.359570, when looking up transform from frame [base_link] to frame [map]
[planner_server-4] 
[bt_navigator-6] [ERROR] [1757086177.470945772] [transformPoseInTargetFrame]: Extrapolation Error looking up target frame: Lookup would require extrapolation into the past.  Requested time 1757086129.147661 but the earliest data is at time 1757086167.409565, when looking up transform from frame [base_link] to frame [map]
[bt_navigator-6] 
[bt_navigator-6] [WARN] [1757086177.471135288] [BehaviorTreeEngine]: Behavior Tree tick rate 100.00 was exceeded!
[bt_navigator-6] [ERROR] [1757086177.572565637] [transformPoseInTargetFrame]: Extrapolation Error looking up target frame: Lookup would require extrapolation into the past.  Requested time 1757086129.147661 but the earliest data is at time 1757086167.510581, when looking up transform from frame [base_link] to frame [map]
[bt_navigator-6] 
[bt_navigator-6] [WARN] [1757086177.572777885] [BehaviorTreeEngine]: Behavior Tree tick rate 100.00 was exceeded!
[bt_navigator-6] [ERROR] [1757086177.673996261] [transformPoseInTargetFrame]: Extrapolation Error looking up target frame: Lookup would require extrapolation into the past.  Requested time 1757086129.147661 but the earliest data is at time 1757086167.659541, when looking up transform from frame [base_link] to frame [map]
[bt_navigator-6] 
[bt_navigator-6] [WARN] [1757086177.674163422] [BehaviorTreeEngine]: Behavior Tree tick rate 100.00 was exceeded!
[bt_navigator-6] [ERROR] [1757086177.776150215] [transformPoseInTargetFrame]: Extrapolation Error looking up target frame: Lookup would require extrapolation into the past.  Requested time 1757086129.147661 but the earliest data is at time 1757086167.759565, when looking up transform from frame [base_link] to frame [map]
[bt_navigator-6] 
[bt_navigator-6] [WARN] [1757086177.776332767] [BehaviorTreeEngine]: Behavior Tree tick rate 100.00 was exceeded!
[bt_navigator-6] [ERROR] [1757086177.878357714] [transformPoseInTargetFrame]: Extrapolation Error looking up target frame: Lookup would require extrapolation into the past.  Requested time 1757086129.147661 but the earliest data is at time 1757086167.809567, when looking up transform from frame [base_link] to frame [map]
[bt_navigator-6] 
[bt_navigator-6] [WARN] [1757086177.878559270] [BehaviorTreeEngine]: Behavior Tree tick rate 100.00 was exceeded!
[bt_navigator-6] [ERROR] [1757086177.980242969] [transformPoseInTargetFrame]: Extrapolation Error looking up target frame: Lookup would require extrapolation into the past.  Requested time 1757086129.147661 but the earliest data is at time 1757086167.959559, when looking up transform from frame [base_link] to frame [map]
[bt_navigator-6] 
[bt_navigator-6] [WARN] [1757086177.980488922] [BehaviorTreeEngine]: Behavior Tree tick rate 100.00 was exceeded!
[bt_navigator-6] [ERROR] [1757086178.082671453] [transformPoseInTargetFrame]: Extrapolation Error looking up target frame: Lookup would require extrapolation into the past.  Requested time 1757086129.147661 but the earliest data is at time 1757086168.009547, when looking up transform from frame [base_link] to frame [map]
[bt_navigator-6] 
[bt_navigator-6] [WARN] [1757086178.082940749] [BehaviorTreeEngine]: Behavior Tree tick rate 100.00 was exceeded!
[bt_navigator-6] [ERROR] [1757086178.185068192] [transformPoseInTargetFrame]: Extrapolation Error looking up target frame: Lookup would require extrapolation into the past.  Requested time 1757086129.147661 but the earliest data is at time 1757086168.159535, when looking up transform from frame [base_link] to frame [map]
[bt_navigator-6] 
[bt_navigator-6] [WARN] [1757086178.185320578] [BehaviorTreeEngine]: Behavior Tree tick rate 100.00 was exceeded!
[bt_navigator-6] [ERROR] [1757086178.287677076] [transformPoseInTargetFrame]: Extrapolation Error looking up target frame: Lookup would require extrapolation into the past.  Requested time 1757086129.147661 but the earliest data is at time 1757086168.259502, when looking up transform from frame [base_link] to frame [map]
[bt_navigator-6] 
[bt_navigator-6] [WARN] [1757086178.287889115] [BehaviorTreeEngine]: Behavior Tree tick rate 100.00 was exceeded!
[bt_navigator-6] [ERROR] [1757086178.389564787] [transformPoseInTargetFrame]: Extrapolation Error looking up target frame: Lookup would require extrapolation into the past.  Requested time 1757086129.147661 but the earliest data is at time 1757086168.309679, when looking up transform from frame [base_link] to frame [map]
[bt_navigator-6] 
[bt_navigator-6] [WARN] [1757086178.389836318] [BehaviorTreeEngine]: Behavior Tree tick rate 100.00 was exceeded!
[planner_server-4] [ERROR] [1757086178.463933653] [transformPoseInTargetFrame]: Extrapolation Error looking up target frame: Lookup would require extrapolation into the past.  Requested time 1757086129.147661 but the earliest data is at time 1757086168.359582, when looking up transform from frame [base_link] to frame [map]
[planner_server-4] 
[bt_navigator-6] [ERROR] [1757086178.491719917] [transformPoseInTargetFrame]: Extrapolation Error looking up target frame: Lookup would require extrapolation into the past.  Requested time 1757086129.147661 but the earliest data is at time 1757086168.359582, when looking up transform from frame [base_link] to frame [map]
[bt_navigator-6] 
[bt_navigator-6] [WARN] [1757086178.491951311] [BehaviorTreeEngine]: Behavior Tree tick rate 100.00 was exceeded!
[bt_navigator-6] [ERROR] [1757086178.593878794] [transformPoseInTargetFrame]: Extrapolation Error looking up target frame: Lookup would require extrapolation into the past.  Requested time 1757086129.147661 but the earliest data is at time 1757086168.509533, when looking up transform from frame [base_link] to frame [map]
[bt_navigator-6] 
[bt_navigator-6] [WARN] [1757086178.594022138] [BehaviorTreeEngine]: Behavior Tree tick rate 100.00 was exceeded!
[explore-10] [ERROR] [1757086178.636902802] [explore_node]: Extrapolation Error looking up robot pose: Lookup would require extrapolation at time 1757086178.333538, but only time 1757086129.147661 is in the buffer, when looking up transform from frame [base_link] to frame [map]
[explore-10] 
[bt_navigator-6] [ERROR] [1757086178.696118431] [transformPoseInTargetFrame]: Extrapolation Error looking up target frame: Lookup would require extrapolation into the past.  Requested time 1757086129.147661 but the earliest data is at time 1757086168.609615, when looking up transform from frame [base_link] to frame [map]
[bt_navigator-6] 
[bt_navigator-6] [WARN] [1757086178.696323405] [BehaviorTreeEngine]: Behavior Tree tick rate 100.00 was exceeded!
[bt_navigator-6] [ERROR] [1757086178.797793762] [transformPoseInTargetFrame]: Extrapolation Error looking up target frame: Lookup would require extrapolation into the past.  Requested time 1757086129.147661 but the earliest data is at time 1757086168.709532, when looking up transform from frame [base_link] to frame [map]
[bt_navigator-6] 
[bt_navigator-6] [WARN] [1757086178.798002197] [BehaviorTreeEngine]: Behavior Tree tick rate 100.00 was exceeded!
[bt_navigator-6] [ERROR] [1757086178.899733968] [transformPoseInTargetFrame]: Extrapolation Error looking up target frame: Lookup would require extrapolation into the past.  Requested time 1757086129.147661 but the earliest data is at time 1757086168.809770, when looking up transform from frame [base_link] to frame [map]
[bt_navigator-6] 
[bt_navigator-6] [WARN] [1757086178.899920243] [BehaviorTreeEngine]: Behavior Tree tick rate 100.00 was exceeded!
[bt_navigator-6] [ERROR] [1757086179.000889707] [transformPoseInTargetFrame]: Extrapolation Error looking up target frame: Lookup would require extrapolation into the past.  Requested time 1757086129.147661 but the earliest data is at time 1757086168.959493, when looking up transform from frame [base_link] to frame [map]
[bt_navigator-6] 
[bt_navigator-6] [WARN] [1757086179.001114337] [BehaviorTreeEngine]: Behavior Tree tick rate 100.00 was exceeded!
[bt_navigator-6] [ERROR] [1757086179.102317551] [transformPoseInTargetFrame]: Extrapolation Error looking up target frame: Lookup would require extrapolation into the past.  Requested time 1757086129.147661 but the earliest data is at time 1757086169.009788, when looking up transform from frame [base_link] to frame [map]
[bt_navigator-6] 
[bt_navigator-6] [WARN] [1757086179.102535428] [BehaviorTreeEngine]: Behavior Tree tick rate 100.00 was exceeded!
[bt_navigator-6] [ERROR] [1757086179.203710374] [transformPoseInTargetFrame]: Extrapolation Error looking up target frame: Lookup would require extrapolation into the past.  Requested time 1757086129.147661 but the earliest data is at time 1757086169.159656, when looking up transform from frame [base_link] to frame [map]
[bt_navigator-6] 
[bt_navigator-6] [WARN] [1757086179.203934979] [BehaviorTreeEngine]: Behavior Tree tick rate 100.00 was exceeded!
[bt_navigator-6] [ERROR] [1757086179.305167687] [transformPoseInTargetFrame]: Extrapolation Error looking up target frame: Lookup would require extrapolation into the past.  Requested time 1757086129.147661 but the earliest data is at time 1757086169.209533, when looking up transform from frame [base_link] to frame [map]
[bt_navigator-6] 
[bt_navigator-6] [WARN] [1757086179.305361694] [BehaviorTreeEngine]: Behavior Tree tick rate 100.00 was exceeded!
[bt_navigator-6] [ERROR] [1757086179.406523923] [transformPoseInTargetFrame]: Extrapolation Error looking up target frame: Lookup would require extrapolation into the past.  Requested time 1757086129.147661 but the earliest data is at time 1757086169.359599, when looking up transform from frame [base_link] to frame [map]
[bt_navigator-6] 
[bt_navigator-6] [WARN] [1757086179.406735121] [BehaviorTreeEngine]: Behavior Tree tick rate 100.00 was exceeded!
[planner_server-4] [ERROR] [1757086179.463102670] [transformPoseInTargetFrame]: Extrapolation Error looking up target frame: Lookup would require extrapolation into the past.  Requested time 1757086129.147661 but the earliest data is at time 1757086169.359599, when looking up transform from frame [base_link] to frame [map]
[planner_server-4] 
[bt_navigator-6] [ERROR] [1757086179.508087677] [transformPoseInTargetFrame]: Extrapolation Error looking up target frame: Lookup would require extrapolation into the past.  Requested time 1757086129.147661 but the earliest data is at time 1757086169.459625, when looking up transform from frame [base_link] to frame [map]
[bt_navigator-6] 
[bt_navigator-6] [WARN] [1757086179.508300355] [BehaviorTreeEngine]: Behavior Tree tick rate 100.00 was exceeded!
[bt_navigator-6] [ERROR] [1757086179.610342501] [transformPoseInTargetFrame]: Extrapolation Error looking up target frame: Lookup would require extrapolation into the past.  Requested time 1757086129.147661 but the earliest data is at time 1757086169.559601, when looking up transform from frame [base_link] to frame [map]
[bt_navigator-6] 
[bt_navigator-6] [WARN] [1757086179.610570648] [BehaviorTreeEngine]: Behavior Tree tick rate 100.00 was exceeded!
[bt_navigator-6] [ERROR] [1757086179.712601898] [transformPoseInTargetFrame]: Extrapolation Error looking up target frame: Lookup would require extrapolation into the past.  Requested time 1757086129.147661 but the earliest data is at time 1757086169.659526, when looking up transform from frame [base_link] to frame [map]
[bt_navigator-6] 
[bt_navigator-6] [WARN] [1757086179.712847351] [BehaviorTreeEngine]: Behavior Tree tick rate 100.00 was exceeded!
[bt_navigator-6] [ERROR] [1757086179.814822035] [transformPoseInTargetFrame]: Extrapolation Error looking up target frame: Lookup would require extrapolation into the past.  Requested time 1757086129.147661 but the earliest data is at time 1757086169.659526, when looking up transform from frame [base_link] to frame [map]
[bt_navigator-6] 
[bt_navigator-6] [WARN] [1757086179.815045978] [BehaviorTreeEngine]: Behavior Tree tick rate 100.00 was exceeded!
[explore-10] [ERROR] [1757086179.864966719] [explore_node]: Extrapolation Error looking up robot pose: Lookup would require extrapolation at time 1757086179.560828, but only time 1757086129.147661 is in the buffer, when looking up transform from frame [base_link] to frame [map]
[explore-10] 
[bt_navigator-6] [ERROR] [1757086179.917083392] [transformPoseInTargetFrame]: Extrapolation Error looking up target frame: Lookup would require extrapolation into the past.  Requested time 1757086129.147661 but the earliest data is at time 1757086169.810769, when looking up transform from frame [base_link] to frame [map]
[bt_navigator-6] 
[bt_navigator-6] [WARN] [1757086179.917339264] [BehaviorTreeEngine]: Behavior Tree tick rate 100.00 was exceeded!
[bt_navigator-6] [ERROR] [1757086180.019291496] [transformPoseInTargetFrame]: Extrapolation Error looking up target frame: Lookup would require extrapolation into the past.  Requested time 1757086129.147661 but the earliest data is at time 1757086169.959831, when looking up transform from frame [base_link] to frame [map]
[bt_navigator-6] 
[bt_navigator-6] [WARN] [1757086180.019549022] [BehaviorTreeEngine]: Behavior Tree tick rate 100.00 was exceeded!
[bt_navigator-6] [ERROR] [1757086180.120951423] [transformPoseInTargetFrame]: Extrapolation Error looking up target frame: Lookup would require extrapolation into the past.  Requested time 1757086129.147661 but the earliest data is at time 1757086169.959831, when looking up transform from frame [base_link] to frame [map]
[bt_navigator-6] 
[bt_navigator-6] [WARN] [1757086180.121187436] [BehaviorTreeEngine]: Behavior Tree tick rate 100.00 was exceeded!
[bt_navigator-6] [ERROR] [1757086180.223361585] [transformPoseInTargetFrame]: Extrapolation Error looking up target frame: Lookup would require extrapolation into the past.  Requested time 1757086129.147661 but the earliest data is at time 1757086170.109610, when looking up transform from frame [base_link] to frame [map]
[bt_navigator-6] 
[bt_navigator-6] [WARN] [1757086180.223611485] [BehaviorTreeEngine]: Behavior Tree tick rate 100.00 was exceeded!
[bt_navigator-6] [ERROR] [1757086180.325516257] [transformPoseInTargetFrame]: Extrapolation Error looking up target frame: Lookup would require extrapolation into the past.  Requested time 1757086129.147661 but the earliest data is at time 1757086170.259565, when looking up transform from frame [base_link] to frame [map]
[bt_navigator-6] 
[bt_navigator-6] [WARN] [1757086180.325712073] [BehaviorTreeEngine]: Behavior Tree tick rate 100.00 was exceeded!
[bt_navigator-6] [ERROR] [1757086180.427163375] [transformPoseInTargetFrame]: Extrapolation Error looking up target frame: Lookup would require extrapolation into the past.  Requested time 1757086129.147661 but the earliest data is at time 1757086170.359515, when looking up transform from frame [base_link] to frame [map]
[bt_navigator-6] 
[bt_navigator-6] [WARN] [1757086180.427355765] [BehaviorTreeEngine]: Behavior Tree tick rate 100.00 was exceeded!
[planner_server-4] [ERROR] [1757086180.463120370] [transformPoseInTargetFrame]: Extrapolation Error looking up target frame: Lookup would require extrapolation into the past.  Requested time 1757086129.147661 but the earliest data is at time 1757086170.359515, when looking up transform from frame [base_link] to frame [map]
[planner_server-4] 
[bt_navigator-6] [ERROR] [1757086180.528637025] [transformPoseInTargetFrame]: Extrapolation Error looking up target frame: Lookup would require extrapolation into the past.  Requested time 1757086129.147661 but the earliest data is at time 1757086170.409895, when looking up transform from frame [base_link] to frame [map]
[bt_navigator-6] 
[bt_navigator-6] [WARN] [1757086180.528786362] [BehaviorTreeEngine]: Behavior Tree tick rate 100.00 was exceeded!
[bt_navigator-6] [ERROR] [1757086180.630128966] [transformPoseInTargetFrame]: Extrapolation Error looking up target frame: Lookup would require extrapolation into the past.  Requested time 1757086129.147661 but the earliest data is at time 1757086170.509622, when looking up transform from frame [base_link] to frame [map]
[bt_navigator-6] 
[bt_navigator-6] [WARN] [1757086180.630343592] [BehaviorTreeEngine]: Behavior Tree tick rate 100.00 was exceeded!
[bt_navigator-6] [ERROR] [1757086180.731645023] [transformPoseInTargetFrame]: Extrapolation Error looking up target frame: Lookup would require extrapolation into the past.  Requested time 1757086129.147661 but the earliest data is at time 1757086170.559518, when looking up transform from frame [base_link] to frame [map]
[bt_navigator-6] 
[bt_navigator-6] [WARN] [1757086180.731840301] [BehaviorTreeEngine]: Behavior Tree tick rate 100.00 was exceeded!
[bt_navigator-6] [ERROR] [1757086180.833021543] [transformPoseInTargetFrame]: Extrapolation Error looking up target frame: Lookup would require extrapolation into the past.  Requested time 1757086129.147661 but the earliest data is at time 1757086170.759636, when looking up transform from frame [base_link] to frame [map]
[bt_navigator-6] 
[bt_navigator-6] [WARN] [1757086180.833219289] [BehaviorTreeEngine]: Behavior Tree tick rate 100.00 was exceeded!
[bt_navigator-6] [ERROR] [1757086180.934349048] [transformPoseInTargetFrame]: Extrapolation Error looking up target frame: Lookup would require extrapolation into the past.  Requested time 1757086129.147661 but the earliest data is at time 1757086170.809766, when looking up transform from frame [base_link] to frame [map]
[bt_navigator-6] 
[bt_navigator-6] [WARN] [1757086180.934418025] [BehaviorTreeEngine]: Behavior Tree tick rate 100.00 was exceeded!
[bt_navigator-6] [ERROR] [1757086181.035234790] [transformPoseInTargetFrame]: Extrapolation Error looking up target frame: Lookup would require extrapolation into the past.  Requested time 1757086129.147661 but the earliest data is at time 1757086170.959890, when looking up transform from frame [base_link] to frame [map]
[bt_navigator-6] 
[bt_navigator-6] [WARN] [1757086181.035327639] [BehaviorTreeEngine]: Behavior Tree tick rate 100.00 was exceeded!
[explore-10] [ERROR] [1757086181.089437688] [explore_node]: Extrapolation Error looking up robot pose: Lookup would require extrapolation at time 1757086180.784801, but only time 1757086129.147661 is in the buffer, when looking up transform from frame [base_link] to frame [map]
[explore-10] 
[bt_navigator-6] [ERROR] [1757086181.136239615] [transformPoseInTargetFrame]: Extrapolation Error looking up target frame: Lookup would require extrapolation into the past.  Requested time 1757086129.147661 but the earliest data is at time 1757086171.059828, when looking up transform from frame [base_link] to frame [map]
[bt_navigator-6] 
[bt_navigator-6] [WARN] [1757086181.136319263] [BehaviorTreeEngine]: Behavior Tree tick rate 100.00 was exceeded!
[bt_navigator-6] [ERROR] [1757086181.237545489] [transformPoseInTargetFrame]: Extrapolation Error looking up target frame: Lookup would require extrapolation into the past.  Requested time 1757086129.147661 but the earliest data is at time 1757086171.109631, when looking up transform from frame [base_link] to frame [map]
[bt_navigator-6] 
[bt_navigator-6] [WARN] [1757086181.237676640] [BehaviorTreeEngine]: Behavior Tree tick rate 100.00 was exceeded!
[bt_navigator-6] [ERROR] [1757086181.338864592] [transformPoseInTargetFrame]: Extrapolation Error looking up target frame: Lookup would require extrapolation into the past.  Requested time 1757086129.147661 but the earliest data is at time 1757086171.209713, when looking up transform from frame [base_link] to frame [map]
[bt_navigator-6] 
[bt_navigator-6] [WARN] [1757086181.338942055] [BehaviorTreeEngine]: Behavior Tree tick rate 100.00 was exceeded!
[bt_navigator-6] [ERROR] [1757086181.440464472] [transformPoseInTargetFrame]: Extrapolation Error looking up target frame: Lookup would require extrapolation into the past.  Requested time 1757086129.147661 but the earliest data is at time 1757086171.359513, when looking up transform from frame [base_link] to frame [map]
[bt_navigator-6] 
[bt_navigator-6] [WARN] [1757086181.440546053] [BehaviorTreeEngine]: Behavior Tree tick rate 100.00 was exceeded!
[planner_server-4] [ERROR] [1757086181.461579819] [transformPoseInTargetFrame]: Extrapolation Error looking up target frame: Lookup would require extrapolation into the past.  Requested time 1757086129.147661 but the earliest data is at time 1757086171.359513, when looking up transform from frame [base_link] to frame [map]
[planner_server-4] 
[bt_navigator-6] [ERROR] [1757086181.541998737] [transformPoseInTargetFrame]: Extrapolation Error looking up target frame: Lookup would require extrapolation into the past.  Requested time 1757086129.147661 but the earliest data is at time 1757086171.459524, when looking up transform from frame [base_link] to frame [map]
[bt_navigator-6] 
[bt_navigator-6] [WARN] [1757086181.542284509] [BehaviorTreeEngine]: Behavior Tree tick rate 100.00 was exceeded!
[bt_navigator-6] [ERROR] [1757086181.643952947] [transformPoseInTargetFrame]: Extrapolation Error looking up target frame: Lookup would require extrapolation into the past.  Requested time 1757086129.147661 but the earliest data is at time 1757086171.559562, when looking up transform from frame [base_link] to frame [map]
[bt_navigator-6] 
[bt_navigator-6] [WARN] [1757086181.644099512] [BehaviorTreeEngine]: Behavior Tree tick rate 100.00 was exceeded!
[bt_navigator-6] [ERROR] [1757086181.746129314] [transformPoseInTargetFrame]: Extrapolation Error looking up target frame: Lookup would require extrapolation into the past.  Requested time 1757086129.147661 but the earliest data is at time 1757086171.709508, when looking up transform from frame [base_link] to frame [map]
[bt_navigator-6] 
[bt_navigator-6] [WARN] [1757086181.746346341] [BehaviorTreeEngine]: Behavior Tree tick rate 100.00 was exceeded!
[bt_navigator-6] [ERROR] [1757086181.848318283] [transformPoseInTargetFrame]: Extrapolation Error looking up target frame: Lookup would require extrapolation into the past.  Requested time 1757086129.147661 but the earliest data is at time 1757086171.809572, when looking up transform from frame [base_link] to frame [map]
[bt_navigator-6] 
[bt_navigator-6] [WARN] [1757086181.848502354] [BehaviorTreeEngine]: Behavior Tree tick rate 100.00 was exceeded!
[bt_navigator-6] [ERROR] [1757086181.949903253] [transformPoseInTargetFrame]: Extrapolation Error looking up target frame: Lookup would require extrapolation into the past.  Requested time 1757086129.147661 but the earliest data is at time 1757086171.909541, when looking up transform from frame [base_link] to frame [map]
[bt_navigator-6] 
[bt_navigator-6] [WARN] [1757086181.950103573] [BehaviorTreeEngine]: Behavior Tree tick rate 100.00 was exceeded!
[bt_navigator-6] [ERROR] [1757086182.051408300] [transformPoseInTargetFrame]: Extrapolation Error looking up target frame: Lookup would require extrapolation into the past.  Requested time 1757086129.147661 but the earliest data is at time 1757086171.959510, when looking up transform from frame [base_link] to frame [map]
[bt_navigator-6] 
[bt_navigator-6] [WARN] [1757086182.051598084] [BehaviorTreeEngine]: Behavior Tree tick rate 100.00 was exceeded!
[bt_navigator-6] [ERROR] [1757086182.152979810] [transformPoseInTargetFrame]: Extrapolation Error looking up target frame: Lookup would require extrapolation into the past.  Requested time 1757086129.147661 but the earliest data is at time 1757086172.109518, when looking up transform from frame [base_link] to frame [map]
[bt_navigator-6] 
[bt_navigator-6] [WARN] [1757086182.153184011] [BehaviorTreeEngine]: Behavior Tree tick rate 100.00 was exceeded!
[bt_navigator-6] [ERROR] [1757086182.254472964] [transformPoseInTargetFrame]: Extrapolation Error looking up target frame: Lookup would require extrapolation into the past.  Requested time 1757086129.147661 but the earliest data is at time 1757086172.159708, when looking up transform from frame [base_link] to frame [map]
[bt_navigator-6] 
[bt_navigator-6] [WARN] [1757086182.254669579] [BehaviorTreeEngine]: Behavior Tree tick rate 100.00 was exceeded!
[explore-10] [ERROR] [1757086182.321117810] [explore_node]: Extrapolation Error looking up robot pose: Lookup would require extrapolation at time 1757086182.017625, but only time 1757086129.147661 is in the buffer, when looking up transform from frame [base_link] to frame [map]
[explore-10] 
[bt_navigator-6] [ERROR] [1757086182.355895231] [transformPoseInTargetFrame]: Extrapolation Error looking up target frame: Lookup would require extrapolation into the past.  Requested time 1757086129.147661 but the earliest data is at time 1757086172.309566, when looking up transform from frame [base_link] to frame [map]
[bt_navigator-6] 
[bt_navigator-6] [WARN] [1757086182.356079435] [BehaviorTreeEngine]: Behavior Tree tick rate 100.00 was exceeded!
[bt_navigator-6] [ERROR] [1757086182.457209137] [transformPoseInTargetFrame]: Extrapolation Error looking up target frame: Lookup would require extrapolation into the past.  Requested time 1757086129.147661 but the earliest data is at time 1757086172.409550, when looking up transform from frame [base_link] to frame [map]
[bt_navigator-6] 
[bt_navigator-6] [WARN] [1757086182.457404956] [BehaviorTreeEngine]: Behavior Tree tick rate 100.00 was exceeded!
[planner_server-4] [ERROR] [1757086182.462855235] [transformPoseInTargetFrame]: Extrapolation Error looking up target frame: Lookup would require extrapolation into the past.  Requested time 1757086129.147661 but the earliest data is at time 1757086172.409550, when looking up transform from frame [base_link] to frame [map]
[planner_server-4] 
[bt_navigator-6] [ERROR] [1757086182.558548542] [transformPoseInTargetFrame]: Extrapolation Error looking up target frame: Lookup would require extrapolation into the past.  Requested time 1757086129.147661 but the earliest data is at time 1757086172.459612, when looking up transform from frame [base_link] to frame [map]
[bt_navigator-6] 
[bt_navigator-6] [WARN] [1757086182.558798868] [BehaviorTreeEngine]: Behavior Tree tick rate 100.00 was exceeded!
[bt_navigator-6] [ERROR] [1757086182.660383324] [transformPoseInTargetFrame]: Extrapolation Error looking up target frame: Lookup would require extrapolation into the past.  Requested time 1757086129.147661 but the earliest data is at time 1757086172.459612, when looking up transform from frame [base_link] to frame [map]
[bt_navigator-6] 
[bt_navigator-6] [WARN] [1757086182.660594578] [BehaviorTreeEngine]: Behavior Tree tick rate 100.00 was exceeded!
[bt_navigator-6] [ERROR] [1757086182.763009201] [transformPoseInTargetFrame]: Extrapolation Error looking up target frame: Lookup would require extrapolation into the past.  Requested time 1757086129.147661 but the earliest data is at time 1757086172.459612, when looking up transform from frame [base_link] to frame [map]
[bt_navigator-6] 
[bt_navigator-6] [WARN] [1757086182.763258310] [BehaviorTreeEngine]: Behavior Tree tick rate 100.00 was exceeded!
[bt_navigator-6] [ERROR] [1757086182.865093629] [transformPoseInTargetFrame]: Extrapolation Error looking up target frame: Lookup would require extrapolation into the past.  Requested time 1757086129.147661 but the earliest data is at time 1757086172.759619, when looking up transform from frame [base_link] to frame [map]
[bt_navigator-6] 
[bt_navigator-6] [WARN] [1757086182.865317321] [BehaviorTreeEngine]: Behavior Tree tick rate 100.00 was exceeded!
[bt_navigator-6] [ERROR] [1757086182.967084627] [transformPoseInTargetFrame]: Extrapolation Error looking up target frame: Lookup would require extrapolation into the past.  Requested time 1757086129.147661 but the earliest data is at time 1757086172.909652, when looking up transform from frame [base_link] to frame [map]
[bt_navigator-6] 
[bt_navigator-6] [WARN] [1757086182.967325771] [BehaviorTreeEngine]: Behavior Tree tick rate 100.00 was exceeded!
[bt_navigator-6] [ERROR] [1757086183.069072030] [transformPoseInTargetFrame]: Extrapolation Error looking up target frame: Lookup would require extrapolation into the past.  Requested time 1757086129.147661 but the earliest data is at time 1757086173.030553, when looking up transform from frame [base_link] to frame [map]
[bt_navigator-6] 
[bt_navigator-6] [WARN] [1757086183.069352051] [BehaviorTreeEngine]: Behavior Tree tick rate 100.00 was exceeded!
[bt_navigator-6] [ERROR] [1757086183.171034893] [transformPoseInTargetFrame]: Extrapolation Error looking up target frame: Lookup would require extrapolation into the past.  Requested time 1757086129.147661 but the earliest data is at time 1757086173.030553, when looking up transform from frame [base_link] to frame [map]
[bt_navigator-6] 
[bt_navigator-6] [WARN] [1757086183.171300825] [BehaviorTreeEngine]: Behavior Tree tick rate 100.00 was exceeded!
[bt_navigator-6] [ERROR] [1757086183.273344933] [transformPoseInTargetFrame]: Extrapolation Error looking up target frame: Lookup would require extrapolation into the past.  Requested time 1757086129.147661 but the earliest data is at time 1757086173.209602, when looking up transform from frame [base_link] to frame [map]
[bt_navigator-6] 
[bt_navigator-6] [WARN] [1757086183.273546291] [BehaviorTreeEngine]: Behavior Tree tick rate 100.00 was exceeded!
[bt_navigator-6] [ERROR] [1757086183.375911236] [transformPoseInTargetFrame]: Extrapolation Error looking up target frame: Lookup would require extrapolation into the past.  Requested time 1757086129.147661 but the earliest data is at time 1757086173.359692, when looking up transform from frame [base_link] to frame [map]
[bt_navigator-6] 
[bt_navigator-6] [WARN] [1757086183.376156605] [BehaviorTreeEngine]: Behavior Tree tick rate 100.00 was exceeded!
[planner_server-4] [ERROR] [1757086183.463656025] [transformPoseInTargetFrame]: Extrapolation Error looking up target frame: Lookup would require extrapolation into the past.  Requested time 1757086129.147661 but the earliest data is at time 1757086173.409578, when looking up transform from frame [base_link] to frame [map]
[planner_server-4] 
[bt_navigator-6] [ERROR] [1757086183.478220531] [transformPoseInTargetFrame]: Extrapolation Error looking up target frame: Lookup would require extrapolation into the past.  Requested time 1757086129.147661 but the earliest data is at time 1757086173.459523, when looking up transform from frame [base_link] to frame [map]
[bt_navigator-6] 
[bt_navigator-6] [WARN] [1757086183.478483179] [BehaviorTreeEngine]: Behavior Tree tick rate 100.00 was exceeded!
[explore-10] [ERROR] [1757086183.551731312] [explore_node]: Extrapolation Error looking up robot pose: Lookup would require extrapolation at time 1757086183.248394, but only time 1757086129.147661 is in the buffer, when looking up transform from frame [base_link] to frame [map]
[explore-10] 
[bt_navigator-6] [ERROR] [1757086183.579914078] [transformPoseInTargetFrame]: Extrapolation Error looking up target frame: Lookup would require extrapolation into the past.  Requested time 1757086129.147661 but the earliest data is at time 1757086173.509541, when looking up transform from frame [base_link] to frame [map]
[bt_navigator-6] 
[bt_navigator-6] [WARN] [1757086183.580056303] [BehaviorTreeEngine]: Behavior Tree tick rate 100.00 was exceeded!
[bt_navigator-6] [ERROR] [1757086183.681301231] [transformPoseInTargetFrame]: Extrapolation Error looking up target frame: Lookup would require extrapolation into the past.  Requested time 1757086129.147661 but the earliest data is at time 1757086173.609587, when looking up transform from frame [base_link] to frame [map]
[bt_navigator-6] 
[bt_navigator-6] [WARN] [1757086183.681519889] [BehaviorTreeEngine]: Behavior Tree tick rate 100.00 was exceeded!
[bt_navigator-6] [ERROR] [1757086183.783048582] [transformPoseInTargetFrame]: Extrapolation Error looking up target frame: Lookup would require extrapolation into the past.  Requested time 1757086129.147661 but the earliest data is at time 1757086173.759929, when looking up transform from frame [base_link] to frame [map]
[bt_navigator-6] 
[bt_navigator-6] [WARN] [1757086183.783246017] [BehaviorTreeEngine]: Behavior Tree tick rate 100.00 was exceeded!
[bt_navigator-6] [ERROR] [1757086183.884549604] [transformPoseInTargetFrame]: Extrapolation Error looking up target frame: Lookup would require extrapolation into the past.  Requested time 1757086129.147661 but the earliest data is at time 1757086173.759929, when looking up transform from frame [base_link] to frame [map]
[bt_navigator-6] 
[bt_navigator-6] [WARN] [1757086183.884641205] [BehaviorTreeEngine]: Behavior Tree tick rate 100.00 was exceeded!
[bt_navigator-6] [ERROR] [1757086183.986206250] [transformPoseInTargetFrame]: Extrapolation Error looking up target frame: Lookup would require extrapolation into the past.  Requested time 1757086129.147661 but the earliest data is at time 1757086173.909604, when looking up transform from frame [base_link] to frame [map]
[bt_navigator-6] 
[bt_navigator-6] [WARN] [1757086183.986338109] [BehaviorTreeEngine]: Behavior Tree tick rate 100.00 was exceeded!
[bt_navigator-6] [ERROR] [1757086184.087925248] [transformPoseInTargetFrame]: Extrapolation Error looking up target frame: Lookup would require extrapolation into the past.  Requested time 1757086129.147661 but the earliest data is at time 1757086174.059589, when looking up transform from frame [base_link] to frame [map]
[bt_navigator-6] 
[bt_navigator-6] [WARN] [1757086184.088167918] [BehaviorTreeEngine]: Behavior Tree tick rate 100.00 was exceeded!
[bt_navigator-6] [ERROR] [1757086184.190340608] [transformPoseInTargetFrame]: Extrapolation Error looking up target frame: Lookup would require extrapolation into the past.  Requested time 1757086129.147661 but the earliest data is at time 1757086174.109604, when looking up transform from frame [base_link] to frame [map]
[bt_navigator-6] 
[bt_navigator-6] [WARN] [1757086184.190615453] [BehaviorTreeEngine]: Behavior Tree tick rate 100.00 was exceeded!
[bt_navigator-6] [ERROR] [1757086184.292719947] [transformPoseInTargetFrame]: Extrapolation Error looking up target frame: Lookup would require extrapolation into the past.  Requested time 1757086129.147661 but the earliest data is at time 1757086174.259523, when looking up transform from frame [base_link] to frame [map]
[bt_navigator-6] 
[bt_navigator-6] [WARN] [1757086184.292982645] [BehaviorTreeEngine]: Behavior Tree tick rate 100.00 was exceeded!
[bt_navigator-6] [ERROR] [1757086184.394408500] [transformPoseInTargetFrame]: Extrapolation Error looking up target frame: Lookup would require extrapolation into the past.  Requested time 1757086129.147661 but the earliest data is at time 1757086174.359532, when looking up transform from frame [base_link] to frame [map]
[bt_navigator-6] 
[bt_navigator-6] [WARN] [1757086184.394475184] [BehaviorTreeEngine]: Behavior Tree tick rate 100.00 was exceeded!
[planner_server-4] [ERROR] [1757086184.463717012] [transformPoseInTargetFrame]: Extrapolation Error looking up target frame: Lookup would require extrapolation into the past.  Requested time 1757086129.147661 but the earliest data is at time 1757086174.409499, when looking up transform from frame [base_link] to frame [map]
[planner_server-4] 
[bt_navigator-6] [ERROR] [1757086184.495503076] [transformPoseInTargetFrame]: Extrapolation Error looking up target frame: Lookup would require extrapolation into the past.  Requested time 1757086129.147661 but the earliest data is at time 1757086174.459508, when looking up transform from frame [base_link] to frame [map]
[bt_navigator-6] 
[bt_navigator-6] [WARN] [1757086184.495707180] [BehaviorTreeEngine]: Behavior Tree tick rate 100.00 was exceeded!
[bt_navigator-6] [ERROR] [1757086184.597194000] [transformPoseInTargetFrame]: Extrapolation Error looking up target frame: Lookup would require extrapolation into the past.  Requested time 1757086129.147661 but the earliest data is at time 1757086174.459508, when looking up transform from frame [base_link] to frame [map]
[bt_navigator-6] 
[bt_navigator-6] [WARN] [1757086184.597496056] [BehaviorTreeEngine]: Behavior Tree tick rate 100.00 was exceeded!
[bt_navigator-6] [ERROR] [1757086184.699806225] [transformPoseInTargetFrame]: Extrapolation Error looking up target frame: Lookup would require extrapolation into the past.  Requested time 1757086129.147661 but the earliest data is at time 1757086174.659603, when looking up transform from frame [base_link] to frame [map]
[bt_navigator-6] 
[bt_navigator-6] [WARN] [1757086184.700041908] [BehaviorTreeEngine]: Behavior Tree tick rate 100.00 was exceeded!
[explore-10] [ERROR] [1757086184.778241398] [explore_node]: Extrapolation Error looking up robot pose: Lookup would require extrapolation at time 1757086184.474711, but only time 1757086129.147661 is in the buffer, when looking up transform from frame [base_link] to frame [map]
[explore-10] 
[bt_navigator-6] [ERROR] [1757086184.802462094] [transformPoseInTargetFrame]: Extrapolation Error looking up target frame: Lookup would require extrapolation into the past.  Requested time 1757086129.147661 but the earliest data is at time 1757086174.709513, when looking up transform from frame [base_link] to frame [map]
[bt_navigator-6] 
[bt_navigator-6] [WARN] [1757086184.802643655] [BehaviorTreeEngine]: Behavior Tree tick rate 100.00 was exceeded!
[bt_navigator-6] [ERROR] [1757086184.904922644] [transformPoseInTargetFrame]: Extrapolation Error looking up target frame: Lookup would require extrapolation into the past.  Requested time 1757086129.147661 but the earliest data is at time 1757086174.809697, when looking up transform from frame [base_link] to frame [map]
[bt_navigator-6] 
[bt_navigator-6] [WARN] [1757086184.905132255] [BehaviorTreeEngine]: Behavior Tree tick rate 100.00 was exceeded!
[bt_navigator-6] [ERROR] [1757086185.006544162] [transformPoseInTargetFrame]: Extrapolation Error looking up target frame: Lookup would require extrapolation into the past.  Requested time 1757086129.147661 but the earliest data is at time 1757086174.962273, when looking up transform from frame [base_link] to frame [map]
[bt_navigator-6] 
[bt_navigator-6] [WARN] [1757086185.006736760] [BehaviorTreeEngine]: Behavior Tree tick rate 100.00 was exceeded!
[bt_navigator-6] [ERROR] [1757086185.108072824] [transformPoseInTargetFrame]: Extrapolation Error looking up target frame: Lookup would require extrapolation into the past.  Requested time 1757086129.147661 but the earliest data is at time 1757086175.009547, when looking up transform from frame [base_link] to frame [map]
[bt_navigator-6] 
[bt_navigator-6] [WARN] [1757086185.108263152] [BehaviorTreeEngine]: Behavior Tree tick rate 100.00 was exceeded!
[bt_navigator-6] [ERROR] [1757086185.209438575] [transformPoseInTargetFrame]: Extrapolation Error looking up target frame: Lookup would require extrapolation into the past.  Requested time 1757086129.147661 but the earliest data is at time 1757086175.109540, when looking up transform from frame [base_link] to frame [map]
[bt_navigator-6] 
[bt_navigator-6] [WARN] [1757086185.209483009] [BehaviorTreeEngine]: Behavior Tree tick rate 100.00 was exceeded!
[bt_navigator-6] [ERROR] [1757086185.310505446] [transformPoseInTargetFrame]: Extrapolation Error looking up target frame: Lookup would require extrapolation into the past.  Requested time 1757086129.147661 but the earliest data is at time 1757086175.264187, when looking up transform from frame [base_link] to frame [map]
[bt_navigator-6] 
[bt_navigator-6] [WARN] [1757086185.310711965] [BehaviorTreeEngine]: Behavior Tree tick rate 100.00 was exceeded!
[bt_navigator-6] [ERROR] [1757086185.411795255] [transformPoseInTargetFrame]: Extrapolation Error looking up target frame: Lookup would require extrapolation into the past.  Requested time 1757086129.147661 but the earliest data is at time 1757086175.264187, when looking up transform from frame [base_link] to frame [map]
[bt_navigator-6] 
[bt_navigator-6] [WARN] [1757086185.411990886] [BehaviorTreeEngine]: Behavior Tree tick rate 100.00 was exceeded!
[planner_server-4] [ERROR] [1757086185.462870545] [transformPoseInTargetFrame]: Extrapolation Error looking up target frame: Lookup would require extrapolation into the past.  Requested time 1757086129.147661 but the earliest data is at time 1757086175.359532, when looking up transform from frame [base_link] to frame [map]
[planner_server-4] 
[bt_navigator-6] [ERROR] [1757086185.513306331] [transformPoseInTargetFrame]: Extrapolation Error looking up target frame: Lookup would require extrapolation into the past.  Requested time 1757086129.147661 but the earliest data is at time 1757086175.409482, when looking up transform from frame [base_link] to frame [map]
[bt_navigator-6] 
[bt_navigator-6] [WARN] [1757086185.513515387] [BehaviorTreeEngine]: Behavior Tree tick rate 100.00 was exceeded!
[bt_navigator-6] [ERROR] [1757086185.614692567] [transformPoseInTargetFrame]: Extrapolation Error looking up target frame: Lookup would require extrapolation into the past.  Requested time 1757086129.147661 but the earliest data is at time 1757086175.509529, when looking up transform from frame [base_link] to frame [map]
[bt_navigator-6] 
[bt_navigator-6] [WARN] [1757086185.614928804] [BehaviorTreeEngine]: Behavior Tree tick rate 100.00 was exceeded!
[bt_navigator-6] [ERROR] [1757086185.716274830] [transformPoseInTargetFrame]: Extrapolation Error looking up target frame: Lookup would require extrapolation into the past.  Requested time 1757086129.147661 but the earliest data is at time 1757086175.609510, when looking up transform from frame [base_link] to frame [map]
[bt_navigator-6] 
[bt_navigator-6] [WARN] [1757086185.716461873] [BehaviorTreeEngine]: Behavior Tree tick rate 100.00 was exceeded!
[bt_navigator-6] [ERROR] [1757086185.817841631] [transformPoseInTargetFrame]: Extrapolation Error looking up target frame: Lookup would require extrapolation into the past.  Requested time 1757086129.147661 but the earliest data is at time 1757086175.709517, when looking up transform from frame [base_link] to frame [map]
[bt_navigator-6] 
[bt_navigator-6] [WARN] [1757086185.818061242] [BehaviorTreeEngine]: Behavior Tree tick rate 100.00 was exceeded!
[bt_navigator-6] [ERROR] [1757086185.919707545] [transformPoseInTargetFrame]: Extrapolation Error looking up target frame: Lookup would require extrapolation into the past.  Requested time 1757086129.147661 but the earliest data is at time 1757086175.809698, when looking up transform from frame [base_link] to frame [map]
[bt_navigator-6] 
[bt_navigator-6] [WARN] [1757086185.919956187] [BehaviorTreeEngine]: Behavior Tree tick rate 100.00 was exceeded!
[explore-10] [ERROR] [1757086186.016505034] [explore_node]: Extrapolation Error looking up robot pose: Lookup would require extrapolation at time 1757086185.711111, but only time 1757086129.147661 is in the buffer, when looking up transform from frame [base_link] to frame [map]
[e