[INFO] [launch]: All log files can be found below /home/robot/.ros/log/2025-09-03-22-01-03-909685-robot-pc04-109891
[INFO] [launch]: Default logging verbosity is set to INFO
[INFO] [async_slam_toolbox_node-1]: process started with pid [109904]
[INFO] [controller_server-2]: process started with pid [109906]
[INFO] [smoother_server-3]: process started with pid [109908]
[INFO] [planner_server-4]: process started with pid [109910]
[INFO] [behavior_server-5]: process started with pid [109912]
[INFO] [bt_navigator-6]: process started with pid [109914]
[INFO] [waypoint_follower-7]: process started with pid [109916]
[INFO] [velocity_smoother-8]: process started with pid [109918]
[INFO] [lifecycle_manager-9]: process started with pid [109920]
[INFO] [explore-10]: process started with pid [109922]
[INFO] [rviz2-11]: process started with pid [109924]
[velocity_smoother-8] [INFO] [1756929664.023071160] [velocity_smoother]: 
[velocity_smoother-8] 	velocity_smoother lifecycle node launched. 
[velocity_smoother-8] 	Waiting on external lifecycle transitions to activate
[velocity_smoother-8] 	See https://design.ros2.org/articles/node_lifecycle.html for more information.
[async_slam_toolbox_node-1] [INFO] [1756929664.023696408] [slam]: Node using stack size 40000000
[lifecycle_manager-9] [INFO] [1756929664.024770910] [lifecycle_manager_navigation]: Creating
[lifecycle_manager-9] [INFO] [1756929664.026173406] [lifecycle_manager_navigation]: [34m[1mCreating and initializing lifecycle service clients[0m[0m
[controller_server-2] [INFO] [1756929664.026198663] [controller_server]: 
[controller_server-2] 	controller_server lifecycle node launched. 
[controller_server-2] 	Waiting on external lifecycle transitions to activate
[controller_server-2] 	See https://design.ros2.org/articles/node_lifecycle.html for more information.
[controller_server-2] [INFO] [1756929664.028322754] [controller_server]: Creating controller server
[smoother_server-3] [INFO] [1756929664.028520267] [smoother_server]: 
[smoother_server-3] 	smoother_server lifecycle node launched. 
[smoother_server-3] 	Waiting on external lifecycle transitions to activate
[smoother_server-3] 	See https://design.ros2.org/articles/node_lifecycle.html for more information.
[smoother_server-3] [INFO] [1756929664.029388317] [smoother_server]: Creating smoother server
[behavior_server-5] [INFO] [1756929664.030001742] [behavior_server]: 
[behavior_server-5] 	behavior_server lifecycle node launched. 
[behavior_server-5] 	Waiting on external lifecycle transitions to activate
[behavior_server-5] 	See https://design.ros2.org/articles/node_lifecycle.html for more information.
[waypoint_follower-7] [INFO] [1756929664.030135892] [waypoint_follower]: 
[waypoint_follower-7] 	waypoint_follower lifecycle node launched. 
[waypoint_follower-7] 	Waiting on external lifecycle transitions to activate
[waypoint_follower-7] 	See https://design.ros2.org/articles/node_lifecycle.html for more information.
[waypoint_follower-7] [INFO] [1756929664.030553980] [waypoint_follower]: Creating
[planner_server-4] [INFO] [1756929664.031853435] [planner_server]: 
[planner_server-4] 	planner_server lifecycle node launched. 
[planner_server-4] 	Waiting on external lifecycle transitions to activate
[planner_server-4] 	See https://design.ros2.org/articles/node_lifecycle.html for more information.
[planner_server-4] [INFO] [1756929664.032675881] [planner_server]: Creating
[explore-10] [INFO] [1756929664.033508378] [explore_node]: Waiting for costmap to become available, topic: map
[bt_navigator-6] [INFO] [1756929664.038155008] [bt_navigator]: 
[controller_server-2] [INFO] [1756929664.038388257] [local_costmap.local_costmap]: 
[controller_server-2] 	local_costmap lifecycle node launched. 
[controller_server-2] 	Waiting on external lifecycle transitions to activate
[controller_server-2] 	See https://design.ros2.org/articles/node_lifecycle.html for more information.
[controller_server-2] [INFO] [1756929664.038654074] [local_costmap.local_costmap]: Creating Costmap
[bt_navigator-6] 	bt_navigator lifecycle node launched. 
[bt_navigator-6] 	Waiting on external lifecycle transitions to activate
[bt_navigator-6] 	See https://design.ros2.org/articles/node_lifecycle.html for more information.
[bt_navigator-6] [INFO] [1756929664.038996635] [bt_navigator]: Creating
[planner_server-4] [INFO] [1756929664.040560789] [global_costmap.global_costmap]: 
[planner_server-4] 	global_costmap lifecycle node launched. 
[planner_server-4] 	Waiting on external lifecycle transitions to activate
[planner_server-4] 	See https://design.ros2.org/articles/node_lifecycle.html for more information.
[planner_server-4] [INFO] [1756929664.040952360] [global_costmap.global_costmap]: Creating Costmap
[async_slam_toolbox_node-1] [INFO] [1756929664.045096531] [slam]: Using solver plugin solver_plugins::CeresSolver
[async_slam_toolbox_node-1] [INFO] [1756929664.045260089] [slam]: CeresSolver: Using SCHUR_JACOBI preconditioner.
[lifecycle_manager-9] [INFO] [1756929664.136528461] [lifecycle_manager_navigation]: [34m[1mStarting managed nodes bringup...[0m[0m
[lifecycle_manager-9] [INFO] [1756929664.136583382] [lifecycle_manager_navigation]: [34m[1mConfiguring controller_server[0m[0m
[controller_server-2] [INFO] [1756929664.136841869] [controller_server]: Configuring controller interface
[controller_server-2] [INFO] [1756929664.136986755] [controller_server]: getting goal checker plugins..
[controller_server-2] [INFO] [1756929664.137103474] [controller_server]: Controller frequency set to 10.0000Hz
[controller_server-2] [INFO] [1756929664.137132170] [local_costmap.local_costmap]: Configuring
[controller_server-2] [INFO] [1756929664.142220707] [local_costmap.local_costmap]: Using plugin "static_layer"
[controller_server-2] [INFO] [1756929664.145900126] [local_costmap.local_costmap]: Subscribing to the map topic (/map) with transient local durability
[controller_server-2] [INFO] [1756929664.146720955] [local_costmap.local_costmap]: Initialized plugin "static_layer"
[controller_server-2] [INFO] [1756929664.146736773] [local_costmap.local_costmap]: Using plugin "obstacle_layer"
[controller_server-2] [INFO] [1756929664.146950493] [local_costmap.local_costmap]: Subscribed to Topics: scan
[controller_server-2] [INFO] [1756929664.148607257] [local_costmap.local_costmap]: Initialized plugin "obstacle_layer"
[controller_server-2] [INFO] [1756929664.148619743] [local_costmap.local_costmap]: Using plugin "inflation_layer"
[controller_server-2] [INFO] [1756929664.149225928] [local_costmap.local_costmap]: Initialized plugin "inflation_layer"
[controller_server-2] [INFO] [1756929664.152400237] [controller_server]: Created progress_checker : progress_checker of type nav2_controller::SimpleProgressChecker
[controller_server-2] [INFO] [1756929664.152616764] [controller_server]: Created goal checker : goal_checker of type nav2_controller::SimpleGoalChecker
[controller_server-2] [INFO] [1756929664.152690417] [controller_server]: Controller Server has goal_checker  goal checkers available.
[controller_server-2] [INFO] [1756929664.152894178] [controller_server]: Created controller : FollowPath of type nav2_regulated_pure_pursuit_controller::RegulatedPurePursuitController
[controller_server-2] [INFO] [1756929664.154186442] [controller_server]: Controller Server has FollowPath  controllers available.
[lifecycle_manager-9] [INFO] [1756929664.156203927] [lifecycle_manager_navigation]: [34m[1mConfiguring smoother_server[0m[0m
[smoother_server-3] [INFO] [1756929664.156320981] [smoother_server]: Configuring smoother server
[smoother_server-3] [INFO] [1756929664.160868597] [smoother_server]: Created smoother : simple_smoother of type nav2_smoother::SimpleSmoother
[smoother_server-3] [INFO] [1756929664.160975314] [smoother_server]: Smoother Server has simple_smoother  smoothers available.
[lifecycle_manager-9] [INFO] [1756929664.162647280] [lifecycle_manager_navigation]: [34m[1mConfiguring planner_server[0m[0m
[planner_server-4] [INFO] [1756929664.162769331] [planner_server]: Configuring
[planner_server-4] [INFO] [1756929664.162802472] [global_costmap.global_costmap]: Configuring
[planner_server-4] [INFO] [1756929664.166607985] [global_costmap.global_costmap]: Using plugin "static_layer"
[planner_server-4] [INFO] [1756929664.170397480] [global_costmap.global_costmap]: Subscribing to the map topic (/map) with transient local durability
[planner_server-4] [INFO] [1756929664.172110609] [global_costmap.global_costmap]: Initialized plugin "static_layer"
[planner_server-4] [INFO] [1756929664.172136805] [global_costmap.global_costmap]: Using plugin "obstacle_layer"
[planner_server-4] [INFO] [1756929664.172503452] [global_costmap.global_costmap]: Subscribed to Topics: scan
[planner_server-4] [INFO] [1756929664.175522761] [global_costmap.global_costmap]: Initialized plugin "obstacle_layer"
[planner_server-4] [INFO] [1756929664.175542840] [global_costmap.global_costmap]: Using plugin "inflation_layer"
[planner_server-4] [INFO] [1756929664.175991291] [global_costmap.global_costmap]: Initialized plugin "inflation_layer"
[planner_server-4] [INFO] [1756929664.181606218] [planner_server]: Created global planner plugin GridBased of type nav2_navfn_planner/NavfnPlanner
[planner_server-4] [INFO] [1756929664.181627803] [planner_server]: Configuring plugin GridBased of type NavfnPlanner
[planner_server-4] [INFO] [1756929664.181801768] [planner_server]: Planner Server has GridBased  planners available.
[lifecycle_manager-9] [INFO] [1756929664.185847866] [lifecycle_manager_navigation]: [34m[1mConfiguring behavior_server[0m[0m
[behavior_server-5] [INFO] [1756929664.186017990] [behavior_server]: Configuring
[behavior_server-5] [INFO] [1756929664.191667844] [behavior_server]: Creating behavior plugin spin of type nav2_behaviors/Spin
[behavior_server-5] [INFO] [1756929664.192409479] [behavior_server]: Configuring spin
[behavior_server-5] [INFO] [1756929664.196887673] [behavior_server]: Creating behavior plugin backup of type nav2_behaviors/BackUp
[behavior_server-5] [INFO] [1756929664.198050222] [behavior_server]: Configuring backup
[behavior_server-5] [INFO] [1756929664.200591706] [behavior_server]: Creating behavior plugin drive_on_heading of type nav2_behaviors/DriveOnHeading
[behavior_server-5] [INFO] [1756929664.201622796] [behavior_server]: Configuring drive_on_heading
[behavior_server-5] [INFO] [1756929664.205246170] [behavior_server]: Creating behavior plugin wait of type nav2_behaviors/Wait
[behavior_server-5] [INFO] [1756929664.205685423] [behavior_server]: Configuring wait
[behavior_server-5] [INFO] [1756929664.207202155] [behavior_server]: Creating behavior plugin assisted_teleop of type nav2_behaviors/AssistedTeleop
[behavior_server-5] [INFO] [1756929664.208056838] [behavior_server]: Configuring assisted_teleop
[lifecycle_manager-9] [INFO] [1756929664.209870260] [lifecycle_manager_navigation]: [34m[1mConfiguring bt_navigator[0m[0m
[bt_navigator-6] [INFO] [1756929664.209983177] [bt_navigator]: Configuring
[lifecycle_manager-9] [INFO] [1756929664.227554421] [lifecycle_manager_navigation]: [34m[1mConfiguring waypoint_follower[0m[0m
[waypoint_follower-7] [INFO] [1756929664.227651248] [waypoint_follower]: Configuring
[waypoint_follower-7] [INFO] [1756929664.230807696] [waypoint_follower]: Created waypoint_task_executor : wait_at_waypoint of type nav2_waypoint_follower::WaitAtWaypoint
[lifecycle_manager-9] [INFO] [1756929664.231052391] [lifecycle_manager_navigation]: [34m[1mConfiguring velocity_smoother[0m[0m
[velocity_smoother-8] [INFO] [1756929664.231192149] [velocity_smoother]: Configuring velocity smoother
[lifecycle_manager-9] [INFO] [1756929664.233009284] [lifecycle_manager_navigation]: [34m[1mActivating controller_server[0m[0m
[controller_server-2] [INFO] [1756929664.233076381] [controller_server]: Activating
[controller_server-2] [INFO] [1756929664.233097839] [local_costmap.local_costmap]: Activating
[controller_server-2] [INFO] [1756929664.233105092] [local_costmap.local_costmap]: Checking transform
[controller_server-2] [INFO] [1756929664.233117976] [local_costmap.local_costmap]: Timed out waiting for transform from base_link to odom to become available, tf error: Invalid frame ID "odom" passed to canTransform argument target_frame - frame does not exist
[controller_server-2] [INFO] [1756929664.733202749] [local_costmap.local_costmap]: Timed out waiting for transform from base_link to odom to become available, tf error: Invalid frame ID "odom" passed to canTransform argument target_frame - frame does not exist
[rviz2-11] [INFO] [1756929665.040941226] [rviz2]: Stereo is NOT SUPPORTED
[rviz2-11] [INFO] [1756929665.040994726] [rviz2]: OpenGl version: 4.6 (GLSL 4.6)
[rviz2-11] [INFO] [1756929665.125956610] [rviz2]: Stereo is NOT SUPPORTED
[controller_server-2] [INFO] [1756929665.233168541] [local_costmap.local_costmap]: Timed out waiting for transform from base_link to odom to become available, tf error: Invalid frame ID "odom" passed to canTransform argument target_frame - frame does not exist
[controller_server-2] [INFO] [1756929665.733197395] [local_costmap.local_costmap]: Timed out waiting for transform from base_link to odom to become available, tf error: Invalid frame ID "odom" passed to canTransform argument target_frame - frame does not exist
[controller_server-2] [INFO] [1756929666.233212937] [local_costmap.local_costmap]: Timed out waiting for transform from base_link to odom to become available, tf error: Invalid frame ID "odom" passed to canTransform argument target_frame - frame does not exist
[controller_server-2] [INFO] [1756929666.733204866] [local_costmap.local_costmap]: Timed out waiting for transform from base_link to odom to become available, tf error: Invalid frame ID "odom" passed to canTransform argument target_frame - frame does not exist
[controller_server-2] [INFO] [1756929667.233389935] [local_costmap.local_costmap]: start
[controller_server-2] [INFO] [1756929667.435414747] [controller_server]: Activating controller: FollowPath of type regulated_pure_pursuit_controller::RegulatedPurePursuitController
[controller_server-2] [INFO] [1756929667.435511495] [controller_server]: Creating bond (controller_server) to lifecycle manager.
[lifecycle_manager-9] [INFO] [1756929667.545162319] [lifecycle_manager_navigation]: Server controller_server connected with bond.
[lifecycle_manager-9] [INFO] [1756929667.545264477] [lifecycle_manager_navigation]: [34m[1mActivating smoother_server[0m[0m
[smoother_server-3] [INFO] [1756929667.545904977] [smoother_server]: Activating
[smoother_server-3] [INFO] [1756929667.546007684] [smoother_server]: Creating bond (smoother_server) to lifecycle manager.
[lifecycle_manager-9] [INFO] [1756929667.653569764] [lifecycle_manager_navigation]: Server smoother_server connected with bond.
[lifecycle_manager-9] [INFO] [1756929667.653670456] [lifecycle_manager_navigation]: [34m[1mActivating planner_server[0m[0m
[planner_server-4] [INFO] [1756929667.654273714] [planner_server]: Activating
[planner_server-4] [INFO] [1756929667.654355286] [global_costmap.global_costmap]: Activating
[planner_server-4] [INFO] [1756929667.654378956] [global_costmap.global_costmap]: Checking transform
[planner_server-4] [INFO] [1756929667.654425710] [global_costmap.global_costmap]: Timed out waiting for transform from base_link to map to become available, tf error: Invalid frame ID "map" passed to canTransform argument target_frame - frame does not exist
[planner_server-4] [INFO] [1756929668.154489937] [global_costmap.global_costmap]: Timed out waiting for transform from base_link to map to become available, tf error: Invalid frame ID "map" passed to canTransform argument target_frame - frame does not exist
[planner_server-4] [INFO] [1756929668.654479069] [global_costmap.global_costmap]: Timed out waiting for transform from base_link to map to become available, tf error: Invalid frame ID "map" passed to canTransform argument target_frame - frame does not exist
[planner_server-4] [INFO] [1756929669.154483557] [global_costmap.global_costmap]: Timed out waiting for transform from base_link to map to become available, tf error: Invalid frame ID "map" passed to canTransform argument target_frame - frame does not exist
[controller_server-2] [WARN] [1756929669.234275829] [local_costmap.local_costmap]: Can't update static costmap layer, no map received
[planner_server-4] [INFO] [1756929669.654479381] [global_costmap.global_costmap]: Timed out waiting for transform from base_link to map to become available, tf error: Invalid frame ID "map" passed to canTransform argument target_frame - frame does not exist
[planner_server-4] [INFO] [1756929670.154482038] [global_costmap.global_costmap]: Timed out waiting for transform from base_link to map to become available, tf error: Invalid frame ID "map" passed to canTransform argument target_frame - frame does not exist
[planner_server-4] [INFO] [1756929670.654480300] [global_costmap.global_costmap]: Timed out waiting for transform from base_link to map to become available, tf error: Invalid frame ID "map" passed to canTransform argument target_frame - frame does not exist
[planner_server-4] [INFO] [1756929671.154535476] [global_costmap.global_costmap]: Timed out waiting for transform from base_link to map to become available, tf error: Invalid frame ID "map" passed to canTransform argument target_frame - frame does not exist
[controller_server-2] [WARN] [1756929671.234251211] [local_costmap.local_costmap]: Can't update static costmap layer, no map received
[planner_server-4] [INFO] [1756929671.654485407] [global_costmap.global_costmap]: Timed out waiting for transform from base_link to map to become available, tf error: Invalid frame ID "map" passed to canTransform argument target_frame - frame does not exist
[planner_server-4] [INFO] [1756929672.154485174] [global_costmap.global_costmap]: Timed out waiting for transform from base_link to map to become available, tf error: Invalid frame ID "map" passed to canTransform argument target_frame - frame does not exist
[planner_server-4] [INFO] [1756929672.654479888] [global_costmap.global_costmap]: Timed out waiting for transform from base_link to map to become available, tf error: Invalid frame ID "map" passed to canTransform argument target_frame - frame does not exist
[planner_server-4] [INFO] [1756929673.154475427] [global_costmap.global_costmap]: Timed out waiting for transform from base_link to map to become available, tf error: Invalid frame ID "map" passed to canTransform argument target_frame - frame does not exist
[controller_server-2] [WARN] [1756929673.234211739] [local_costmap.local_costmap]: Can't update static costmap layer, no map received
[planner_server-4] [INFO] [1756929673.654467778] [global_costmap.global_costmap]: Timed out waiting for transform from base_link to map to become available, tf error: Invalid frame ID "map" passed to canTransform argument target_frame - frame does not exist
[planner_server-4] [INFO] [1756929674.154478814] [global_costmap.global_costmap]: Timed out waiting for transform from base_link to map to become available, tf error: Invalid frame ID "map" passed to canTransform argument target_frame - frame does not exist
[planner_server-4] [INFO] [1756929674.654481827] [global_costmap.global_costmap]: Timed out waiting for transform from base_link to map to become available, tf error: Invalid frame ID "map" passed to canTransform argument target_frame - frame does not exist
[planner_server-4] [INFO] [1756929675.154478281] [global_costmap.global_costmap]: Timed out waiting for transform from base_link to map to become available, tf error: Invalid frame ID "map" passed to canTransform argument target_frame - frame does not exist
[controller_server-2] [WARN] [1756929675.234286891] [local_costmap.local_costmap]: Can't update static costmap layer, no map received
[planner_server-4] [INFO] [1756929675.654477885] [global_costmap.global_costmap]: Timed out waiting for transform from base_link to map to become available, tf error: Invalid frame ID "map" passed to canTransform argument target_frame - frame does not exist
[planner_server-4] [INFO] [1756929676.154509149] [global_costmap.global_costmap]: Timed out waiting for transform from base_link to map to become available, tf error: Invalid frame ID "map" passed to canTransform argument target_frame - frame does not exist
[planner_server-4] [INFO] [1756929676.654486561] [global_costmap.global_costmap]: Timed out waiting for transform from base_link to map to become available, tf error: Invalid frame ID "map" passed to canTransform argument target_frame - frame does not exist
[planner_server-4] [INFO] [1756929677.154486438] [global_costmap.global_costmap]: Timed out waiting for transform from base_link to map to become available, tf error: Invalid frame ID "map" passed to canTransform argument target_frame - frame does not exist
[controller_server-2] [WARN] [1756929677.234299090] [local_costmap.local_costmap]: Can't update static costmap layer, no map received
[planner_server-4] [INFO] [1756929677.654487420] [global_costmap.global_costmap]: Timed out waiting for transform from base_link to map to become available, tf error: Invalid frame ID "map" passed to canTransform argument target_frame - frame does not exist
[planner_server-4] [INFO] [1756929678.154484599] [global_costmap.global_costmap]: Timed out waiting for transform from base_link to map to become available, tf error: Invalid frame ID "map" passed to canTransform argument target_frame - frame does not exist
[planner_server-4] [INFO] [1756929678.654475923] [global_costmap.global_costmap]: Timed out waiting for transform from base_link to map to become available, tf error: Invalid frame ID "map" passed to canTransform argument target_frame - frame does not exist
[planner_server-4] [INFO] [1756929679.154557163] [global_costmap.global_costmap]: Timed out waiting for transform from base_link to map to become available, tf error: Invalid frame ID "map" passed to canTransform argument target_frame - frame does not exist
[controller_server-2] [WARN] [1756929679.234237058] [local_costmap.local_costmap]: Can't update static costmap layer, no map received
[planner_server-4] [INFO] [1756929679.654481399] [global_costmap.global_costmap]: Timed out waiting for transform from base_link to map to become available, tf error: Invalid frame ID "map" passed to canTransform argument target_frame - frame does not exist
[async_slam_toolbox_node-1] [WARN] [1756929680.104461976] [slam]: minimum laser range setting (0.0 m) exceeds the capabilities of the used Lidar (0.1 m)
[planner_server-4] [INFO] [1756929680.154581688] [global_costmap.global_costmap]: Timed out waiting for transform from base_link to map to become available, tf error: Lookup would require extrapolation into the past.  Requested time 1756929680.119498 but the earliest data is at time 1756929680.175055, when looking up transform from frame [base_link] to frame [map]
[planner_server-4] [INFO] [1756929680.654609150] [global_costmap.global_costmap]: start
[controller_server-2] [WARN] [1756929681.234278013] [local_costmap.local_costmap]: Can't update static costmap layer, no map received
[planner_server-4] [WARN] [1756929681.655003863] [nav2_costmap_2d]: Robot is out of bounds of the costmap!
[planner_server-4] [WARN] [1756929681.655189731] [global_costmap.global_costmap]: Sensor origin at (-0.01, 0.02) is out of map bounds (0.00, 0.00) to (4.98, 4.98). The costmap cannot raytrace for it.
[planner_server-4] [INFO] [1756929681.656247632] [planner_server]: Activating plugin GridBased of type NavfnPlanner
[planner_server-4] [INFO] [1756929681.658042677] [planner_server]: Creating bond (planner_server) to lifecycle manager.
[rviz2-11] [INFO] [1756929681.682266837] [rviz2]: Trying to create a map of size 100 x 100 using 1 swatches
[lifecycle_manager-9] [INFO] [1756929681.765235092] [lifecycle_manager_navigation]: Server planner_server connected with bond.
[lifecycle_manager-9] [INFO] [1756929681.765329314] [lifecycle_manager_navigation]: [34m[1mActivating behavior_server[0m[0m
[behavior_server-5] [INFO] [1756929681.765922974] [behavior_server]: Activating
[behavior_server-5] [INFO] [1756929681.766014661] [behavior_server]: Activating spin
[behavior_server-5] [INFO] [1756929681.766059276] [behavior_server]: Activating backup
[behavior_server-5] [INFO] [1756929681.766095766] [behavior_server]: Activating drive_on_heading
[behavior_server-5] [INFO] [1756929681.766129615] [behavior_server]: Activating wait
[behavior_server-5] [INFO] [1756929681.766162121] [behavior_server]: Activating assisted_teleop
[behavior_server-5] [INFO] [1756929681.766203212] [behavior_server]: Creating bond (behavior_server) to lifecycle manager.
[lifecycle_manager-9] [INFO] [1756929681.874878583] [lifecycle_manager_navigation]: Server behavior_server connected with bond.
[lifecycle_manager-9] [INFO] [1756929681.874971926] [lifecycle_manager_navigation]: [34m[1mActivating bt_navigator[0m[0m
[bt_navigator-6] [INFO] [1756929681.875511268] [bt_navigator]: Activating
[bt_navigator-6] [INFO] [1756929681.909514420] [bt_navigator]: Creating bond (bt_navigator) to lifecycle manager.
[lifecycle_manager-9] [INFO] [1756929682.011282453] [lifecycle_manager_navigation]: Server bt_navigator connected with bond.
[lifecycle_manager-9] [INFO] [1756929682.011382422] [lifecycle_manager_navigation]: [34m[1mActivating waypoint_follower[0m[0m
[waypoint_follower-7] [INFO] [1756929682.012119920] [waypoint_follower]: Activating
[waypoint_follower-7] [INFO] [1756929682.012216244] [waypoint_follower]: Creating bond (waypoint_follower) to lifecycle manager.
[controller_server-2] [INFO] [1756929682.049280989] [local_costmap.local_costmap]: StaticLayer: Resizing static layer to 48 X 78 at 0.040000 m/pix
[planner_server-4] [INFO] [1756929682.049346151] [global_costmap.global_costmap]: StaticLayer: Resizing costmap to 48 X 78 at 0.040000 m/pix
[rviz2-11] [INFO] [1756929682.066532103] [rviz2]: Trying to create a map of size 48 x 78 using 1 swatches
[lifecycle_manager-9] [INFO] [1756929682.120123197] [lifecycle_manager_navigation]: Server waypoint_follower connected with bond.
[lifecycle_manager-9] [INFO] [1756929682.120213736] [lifecycle_manager_navigation]: [34m[1mActivating velocity_smoother[0m[0m
[velocity_smoother-8] [INFO] [1756929682.120849338] [velocity_smoother]: Activating
[velocity_smoother-8] [INFO] [1756929682.121050661] [velocity_smoother]: Creating bond (velocity_smoother) to lifecycle manager.
[lifecycle_manager-9] [INFO] [1756929682.227746390] [lifecycle_manager_navigation]: Server velocity_smoother connected with bond.
[lifecycle_manager-9] [INFO] [1756929682.227816530] [lifecycle_manager_navigation]: [34m[1mManaged nodes are active[0m[0m
[lifecycle_manager-9] [INFO] [1756929682.227832427] [lifecycle_manager_navigation]: [34m[1mCreating bond timer...[0m[0m
[rviz2-11] [INFO] [1756929683.314753299] [rviz2]: Trying to create a map of size 100 x 100 using 1 swatches
[rviz2-11] [INFO] [1756929683.667494251] [rviz2]: Trying to create a map of size 48 x 78 using 1 swatches
[explore-10] [INFO] [1756929684.057433696] [explore_node]: Waiting to connect to move_base nav2 server
[explore-10] [INFO] [1756929684.057627533] [explore_node]: Connected to move_base nav2 server
[explore-10] [INFO] [1756929684.057633747] [explore_node]: Getting initial pose of the robot
[explore-10] [ERROR] [1756929684.361051501] [explore_node]: Extrapolation Error looking up robot pose: Lookup would require extrapolation into the future.  Requested time 1756929684.057676 but the latest data is at time 1756929683.118395, when looking up transform from frame [base_link] to frame [map]
[explore-10] 
[explore-10] [INFO] [1756929684.364728900] [explore_node]: [NAV] Remembered last goal (0.44, -0.98, yaw from quat).
[bt_navigator-6] [INFO] [1756929684.366420615] [bt_navigator]: Begin navigating from current location (-0.00, -0.00) to (0.44, -0.98)
[controller_server-2] [INFO] [1756929684.387502352] [controller_server]: Received a goal, begin computing control effort.
[controller_server-2] [WARN] [1756929684.387611506] [controller_server]: No goal checker was specified in parameter 'current_goal_checker'. Server will use only plugin loaded goal_checker . This warning will appear once.
[controller_server-2] [ERROR] [1756929684.489018945] [controller_server]: Exception in transformPose: Lookup would require extrapolation into the future.  Requested time 1756929684.184410 but the latest data is at time 1756929683.118395, when looking up transform from frame [odom] to frame [map]
[controller_server-2] [WARN] [1756929684.489220922] [controller_server]: Unable to transform robot pose into global plan's frame
[controller_server-2] [WARN] [1756929684.489746362] [controller_server]: Control loop missed its desired rate of 10.0000Hz
[controller_server-2] [ERROR] [1756929684.592464945] [controller_server]: Exception in transformPose: Lookup would require extrapolation into the future.  Requested time 1756929684.184410 but the latest data is at time 1756929683.118395, when looking up transform from frame [odom] to frame [map]
[controller_server-2] [WARN] [1756929684.592549376] [controller_server]: Unable to transform robot pose into global plan's frame
[controller_server-2] [WARN] [1756929684.592656425] [controller_server]: Control loop missed its desired rate of 10.0000Hz
[controller_server-2] [ERROR] [1756929684.693651580] [controller_server]: Exception in transformPose: Lookup would require extrapolation into the future.  Requested time 1756929684.184410 but the latest data is at time 1756929683.118395, when looking up transform from frame [odom] to frame [map]
[controller_server-2] [WARN] [1756929684.693751460] [controller_server]: Unable to transform robot pose into global plan's frame
[controller_server-2] [WARN] [1756929684.693916229] [controller_server]: Control loop missed its desired rate of 10.0000Hz
[controller_server-2] [ERROR] [1756929684.796597697] [controller_server]: Exception in transformPose: Lookup would require extrapolation into the future.  Requested time 1756929684.184410 but the latest data is at time 1756929683.118395, when looking up transform from frame [odom] to frame [map]
[controller_server-2] [WARN] [1756929684.796715624] [controller_server]: Unable to transform robot pose into global plan's frame
[controller_server-2] [WARN] [1756929684.796890974] [controller_server]: Control loop missed its desired rate of 10.0000Hz
[controller_server-2] [ERROR] [1756929684.897935422] [controller_server]: Exception in transformPose: Lookup would require extrapolation into the future.  Requested time 1756929684.184410 but the latest data is at time 1756929683.118395, when looking up transform from frame [odom] to frame [map]
[controller_server-2] [WARN] [1756929684.898028781] [controller_server]: Unable to transform robot pose into global plan's frame
[controller_server-2] [WARN] [1756929684.898173514] [controller_server]: Control loop missed its desired rate of 10.0000Hz
[controller_server-2] [ERROR] [1756929685.000822515] [controller_server]: Exception in transformPose: Lookup would require extrapolation into the future.  Requested time 1756929684.184410 but the latest data is at time 1756929683.118395, when looking up transform from frame [odom] to frame [map]
[controller_server-2] [WARN] [1756929685.000941746] [controller_server]: Unable to transform robot pose into global plan's frame
[controller_server-2] [WARN] [1756929685.001143680] [controller_server]: Control loop missed its desired rate of 10.0000Hz
[controller_server-2] [ERROR] [1756929685.102659154] [controller_server]: Exception in transformPose: Lookup would require extrapolation into the future.  Requested time 1756929684.184410 but the latest data is at time 1756929683.118395, when looking up transform from frame [odom] to frame [map]
[controller_server-2] [WARN] [1756929685.102865760] [controller_server]: Unable to transform robot pose into global plan's frame
[controller_server-2] [WARN] [1756929685.103245272] [controller_server]: Control loop missed its desired rate of 10.0000Hz
[controller_server-2] [ERROR] [1756929685.205808478] [controller_server]: Exception in transformPose: Lookup would require extrapolation into the future.  Requested time 1756929684.184410 but the latest data is at time 1756929683.118395, when looking up transform from frame [odom] to frame [map]
[controller_server-2] [WARN] [1756929685.205926024] [controller_server]: Unable to transform robot pose into global plan's frame
[controller_server-2] [WARN] [1756929685.206127679] [controller_server]: Control loop missed its desired rate of 10.0000Hz
[controller_server-2] [ERROR] [1756929685.307344437] [controller_server]: Exception in transformPose: Lookup would require extrapolation into the future.  Requested time 1756929684.184410 but the latest data is at time 1756929683.118395, when looking up transform from frame [odom] to frame [map]
[controller_server-2] [WARN] [1756929685.307470951] [controller_server]: Unable to transform robot pose into global plan's frame
[controller_server-2] [WARN] [1756929685.307660434] [controller_server]: Control loop missed its desired rate of 10.0000Hz
[controller_server-2] [ERROR] [1756929685.410720759] [controller_server]: Exception in transformPose: Lookup would require extrapolation into the future.  Requested time 1756929684.184410 but the latest data is at time 1756929683.118395, when looking up transform from frame [odom] to frame [map]
[controller_server-2] [WARN] [1756929685.410887221] [controller_server]: Unable to transform robot pose into global plan's frame
[controller_server-2] [WARN] [1756929685.411192928] [controller_server]: Control loop missed its desired rate of 10.0000Hz
[controller_server-2] [ERROR] [1756929685.512726901] [controller_server]: Exception in transformPose: Lookup would require extrapolation into the future.  Requested time 1756929684.184410 but the latest data is at time 1756929683.118395, when looking up transform from frame [odom] to frame [map]
[controller_server-2] [WARN] [1756929685.512884836] [controller_server]: Unable to transform robot pose into global plan's frame
[controller_server-2] [WARN] [1756929685.513188932] [controller_server]: Control loop missed its desired rate of 10.0000Hz
[controller_server-2] [INFO] [1756929685.513255261] [controller_server]: Passing new path to controller.
[controller_server-2] [ERROR] [1756929685.616227107] [controller_server]: Exception in transformPose: Lookup would require extrapolation into the future.  Requested time 1756929684.184410 but the latest data is at time 1756929683.118395, when looking up transform from frame [odom] to frame [map]
[controller_server-2] [WARN] [1756929685.616395230] [controller_server]: Unable to transform robot pose into global plan's frame
[controller_server-2] [WARN] [1756929685.616734981] [controller_server]: Control loop missed its desired rate of 10.0000Hz
[controller_server-2] [ERROR] [1756929685.718505414] [controller_server]: Exception in transformPose: Lookup would require extrapolation into the future.  Requested time 1756929684.184410 but the latest data is at time 1756929683.118395, when looking up transform from frame [odom] to frame [map]
[controller_server-2] [WARN] [1756929685.718651046] [controller_server]: Unable to transform robot pose into global plan's frame
[controller_server-2] [WARN] [1756929685.718934995] [controller_server]: Control loop missed its desired rate of 10.0000Hz
[controller_server-2] [ERROR] [1756929685.822208945] [controller_server]: Exception in transformPose: Lookup would require extrapolation into the future.  Requested time 1756929684.184410 but the latest data is at time 1756929683.118395, when looking up transform from frame [odom] to frame [map]
[controller_server-2] [WARN] [1756929685.822332476] [controller_server]: Unable to transform robot pose into global plan's frame
[controller_server-2] [WARN] [1756929685.822513571] [controller_server]: Control loop missed its desired rate of 10.0000Hz
[controller_server-2] [ERROR] [1756929685.923822706] [controller_server]: Exception in transformPose: Lookup would require extrapolation into the future.  Requested time 1756929684.184410 but the latest data is at time 1756929683.118395, when looking up transform from frame [odom] to frame [map]
[controller_server-2] [WARN] [1756929685.923937778] [controller_server]: Unable to transform robot pose into global plan's frame
[controller_server-2] [WARN] [1756929685.924154964] [controller_server]: Control loop missed its desired rate of 10.0000Hz
[controller_server-2] [ERROR] [1756929686.026891450] [controller_server]: Exception in transformPose: Lookup would require extrapolation into the future.  Requested time 1756929684.184410 but the latest data is at time 1756929683.118395, when looking up transform from frame [odom] to frame [map]
[controller_server-2] [WARN] [1756929686.027017098] [controller_server]: Unable to transform robot pose into global plan's frame
[controller_server-2] [WARN] [1756929686.027209576] [controller_server]: Control loop missed its desired rate of 10.0000Hz
[controller_server-2] [ERROR] [1756929686.128565462] [controller_server]: Exception in transformPose: Lookup would require extrapolation into the future.  Requested time 1756929684.619647 but the latest data is at time 1756929683.118395, when looking up transform from frame [odom] to frame [map]
[controller_server-2] [WARN] [1756929686.128690802] [controller_server]: Unable to transform robot pose into global plan's frame
[controller_server-2] [WARN] [1756929686.128879775] [controller_server]: Control loop missed its desired rate of 10.0000Hz
[controller_server-2] [ERROR] [1756929686.232458916] [controller_server]: Exception in transformPose: Lookup would require extrapolation into the future.  Requested time 1756929686.069574 but the latest data is at time 1756929683.118395, when looking up transform from frame [odom] to frame [map]
[controller_server-2] [WARN] [1756929686.232628574] [controller_server]: Unable to transform robot pose into global plan's frame
[controller_server-2] [WARN] [1756929686.232943259] [controller_server]: Control loop missed its desired rate of 10.0000Hz
[controller_server-2] [ERROR] [1756929686.334677686] [controller_server]: Exception in transformPose: Lookup would require extrapolation into the future.  Requested time 1756929686.134121 but the latest data is at time 1756929683.118395, when looking up transform from frame [odom] to frame [map]
[controller_server-2] [WARN] [1756929686.334825923] [controller_server]: Unable to transform robot pose into global plan's frame
[controller_server-2] [WARN] [1756929686.335104218] [controller_server]: Control loop missed its desired rate of 10.0000Hz
[controller_server-2] [ERROR] [1756929686.438661616] [controller_server]: Exception in transformPose: Lookup would require extrapolation into the future.  Requested time 1756929686.134121 but the latest data is at time 1756929683.118395, when looking up transform from frame [odom] to frame [map]
[controller_server-2] [WARN] [1756929686.438726250] [controller_server]: Unable to transform robot pose into global plan's frame
[controller_server-2] [ERROR] [1756929686.438757245] [controller_server]: Controller patience exceeded
[controller_server-2] [WARN] [1756929686.438797736] [controller_server]: [follow_path] [ActionServer] Aborting handle.
[controller_server-2] [INFO] [1756929686.446812415] [controller_server]: Received a goal, begin computing control effort.
[controller_server-2] [ERROR] [1756929686.547791399] [controller_server]: Exception in transformPose: Lookup would require extrapolation into the future.  Requested time 1756929686.134121 but the latest data is at time 1756929683.118395, when looking up transform from frame [odom] to frame [map]
[controller_server-2] [WARN] [1756929686.547879573] [controller_server]: Unable to transform robot pose into global plan's frame
[controller_server-2] [WARN] [1756929686.547993843] [controller_server]: Control loop missed its desired rate of 10.0000Hz
[controller_server-2] [ERROR] [1756929686.649280261] [controller_server]: Exception in transformPose: Lookup would require extrapolation into the future.  Requested time 1756929686.469530 but the latest data is at time 1756929683.118395, when looking up transform from frame [odom] to frame [map]
[controller_server-2] [WARN] [1756929686.649430758] [controller_server]: Unable to transform robot pose into global plan's frame
[controller_server-2] [WARN] [1756929686.649719956] [controller_server]: Control loop missed its desired rate of 10.0000Hz
[controller_server-2] [ERROR] [1756929686.752540453] [controller_server]: Exception in transformPose: Lookup would require extrapolation into the future.  Requested time 1756929686.519704 but the latest data is at time 1756929683.118395, when looking up transform from frame [odom] to frame [map]
[controller_server-2] [WARN] [1756929686.752660960] [controller_server]: Unable to transform robot pose into global plan's frame
[controller_server-2] [WARN] [1756929686.752842565] [controller_server]: Control loop missed its desired rate of 10.0000Hz
[controller_server-2] [ERROR] [1756929686.854104041] [controller_server]: Exception in transformPose: Lookup would require extrapolation into the future.  Requested time 1756929686.519704 but the latest data is at time 1756929683.118395, when looking up transform from frame [odom] to frame [map]
[controller_server-2] [WARN] [1756929686.854229038] [controller_server]: Unable to transform robot pose into global plan's frame
[controller_server-2] [WARN] [1756929686.854409058] [controller_server]: Control loop missed its desired rate of 10.0000Hz
[controller_server-2] [ERROR] [1756929686.957556701] [controller_server]: Exception in transformPose: Lookup would require extrapolation into the future.  Requested time 1756929686.519704 but the latest data is at time 1756929683.118395, when looking up transform from frame [odom] to frame [map]
[controller_server-2] [WARN] [1756929686.957655758] [controller_server]: Unable to transform robot pose into global plan's frame
[controller_server-2] [WARN] [1756929686.957800465] [controller_server]: Control loop missed its desired rate of 10.0000Hz
[controller_server-2] [ERROR] [1756929687.058929270] [controller_server]: Exception in transformPose: Lookup would require extrapolation into the future.  Requested time 1756929686.519704 but the latest data is at time 1756929683.118395, when looking up transform from frame [odom] to frame [map]
[controller_server-2] [WARN] [1756929687.059054790] [controller_server]: Unable to transform robot pose into global plan's frame
[controller_server-2] [WARN] [1756929687.059234023] [controller_server]: Control loop missed its desired rate of 10.0000Hz
[controller_server-2] [ERROR] [1756929687.162864569] [controller_server]: Exception in transformPose: Lookup would require extrapolation into the future.  Requested time 1756929686.519704 but the latest data is at time 1756929683.118395, when looking up transform from frame [odom] to frame [map]
[controller_server-2] [WARN] [1756929687.162982939] [controller_server]: Unable to transform robot pose into global plan's frame
[controller_server-2] [WARN] [1756929687.163175483] [controller_server]: Control loop missed its desired rate of 10.0000Hz
[controller_server-2] [ERROR] [1756929687.264185079] [controller_server]: Exception in transformPose: Lookup would require extrapolation into the future.  Requested time 1756929686.519704 but the latest data is at time 1756929683.118395, when looking up transform from frame [odom] to frame [map]
[controller_server-2] [WARN] [1756929687.264296441] [controller_server]: Unable to transform robot pose into global plan's frame
[controller_server-2] [WARN] [1756929687.264461246] [controller_server]: Control loop missed its desired rate of 10.0000Hz
[controller_server-2] [ERROR] [1756929687.367230892] [controller_server]: Exception in transformPose: Lookup would require extrapolation into the future.  Requested time 1756929686.519704 but the latest data is at time 1756929683.118395, when looking up transform from frame [odom] to frame [map]
[controller_server-2] [WARN] [1756929687.367350354] [controller_server]: Unable to transform robot pose into global plan's frame
[controller_server-2] [WARN] [1756929687.367563495] [controller_server]: Control loop missed its desired rate of 10.0000Hz
[controller_server-2] [ERROR] [1756929687.468675104] [controller_server]: Exception in transformPose: Lookup would require extrapolation into the future.  Requested time 1756929686.519704 but the latest data is at time 1756929683.118395, when looking up transform from frame [odom] to frame [map]
[controller_server-2] [WARN] [1756929687.468794794] [controller_server]: Unable to transform robot pose into global plan's frame
[controller_server-2] [WARN] [1756929687.468968164] [controller_server]: Control loop missed its desired rate of 10.0000Hz
[controller_server-2] [ERROR] [1756929687.572373195] [controller_server]: Exception in transformPose: Lookup would require extrapolation into the future.  Requested time 1756929686.519704 but the latest data is at time 1756929683.118395, when looking up transform from frame [odom] to frame [map]
[controller_server-2] [WARN] [1756929687.572505349] [controller_server]: Unable to transform robot pose into global plan's frame
[controller_server-2] [WARN] [1756929687.572684649] [controller_server]: Control loop missed its desired rate of 10.0000Hz
[controller_server-2] [INFO] [1756929687.572711855] [controller_server]: Passing new path to controller.
[controller_server-2] [ERROR] [1756929687.673982264] [controller_server]: Exception in transformPose: Lookup would require extrapolation into the future.  Requested time 1756929686.519704 but the latest data is at time 1756929683.118395, when looking up transform from frame [odom] to frame [map]
[controller_server-2] [WARN] [1756929687.674102113] [controller_server]: Unable to transform robot pose into global plan's frame
[controller_server-2] [WARN] [1756929687.674239629] [controller_server]: Control loop missed its desired rate of 10.0000Hz
[controller_server-2] [ERROR] [1756929687.776041951] [controller_server]: Exception in transformPose: Lookup would require extrapolation into the future.  Requested time 1756929686.519704 but the latest data is at time 1756929683.118395, when looking up transform from frame [odom] to frame [map]
[controller_server-2] [WARN] [1756929687.776185931] [controller_server]: Unable to transform robot pose into global plan's frame
[controller_server-2] [WARN] [1756929687.776495627] [controller_server]: Control loop missed its desired rate of 10.0000Hz
[controller_server-2] [ERROR] [1756929687.878163556] [controller_server]: Exception in transformPose: Lookup would require extrapolation into the future.  Requested time 1756929686.519704 but the latest data is at time 1756929683.118395, when looking up transform from frame [odom] to frame [map]
[controller_server-2] [WARN] [1756929687.878306858] [controller_server]: Unable to transform robot pose into global plan's frame
[controller_server-2] [WARN] [1756929687.878588976] [controller_server]: Control loop missed its desired rate of 10.0000Hz
[controller_server-2] [ERROR] [1756929687.981722915] [controller_server]: Exception in transformPose: Lookup would require extrapolation into the future.  Requested time 1756929686.519704 but the latest data is at time 1756929683.118395, when looking up transform from frame [odom] to frame [map]
[controller_server-2] [WARN] [1756929687.981880285] [controller_server]: Unable to transform robot pose into global plan's frame
[controller_server-2] [WARN] [1756929687.982229072] [controller_server]: Control loop missed its desired rate of 10.0000Hz
[controller_server-2] [ERROR] [1756929688.084038203] [controller_server]: Exception in transformPose: Lookup would require extrapolation into the future.  Requested time 1756929686.519704 but the latest data is at time 1756929683.118395, when looking up transform from frame [odom] to frame [map]
[controller_server-2] [WARN] [1756929688.084200880] [controller_server]: Unable to transform robot pose into global plan's frame
[controller_server-2] [WARN] [1756929688.084525909] [controller_server]: Control loop missed its desired rate of 10.0000Hz
[controller_server-2] [ERROR] [1756929688.187712432] [controller_server]: Exception in transformPose: Lookup would require extrapolation into the future.  Requested time 1756929686.519704 but the latest data is at time 1756929683.118395, when looking up transform from frame [odom] to frame [map]
[controller_server-2] [WARN] [1756929688.187822252] [controller_server]: Unable to transform robot pose into global plan's frame
[controller_server-2] [WARN] [1756929688.187987324] [controller_server]: Control loop missed its desired rate of 10.0000Hz
[controller_server-2] [ERROR] [1756929688.289030392] [controller_server]: Exception in transformPose: Lookup would require extrapolation into the future.  Requested time 1756929686.519704 but the latest data is at time 1756929683.118395, when looking up transform from frame [odom] to frame [map]
[controller_server-2] [WARN] [1756929688.289059138] [controller_server]: Unable to transform robot pose into global plan's frame
[controller_server-2] [WARN] [1756929688.289100255] [controller_server]: Control loop missed its desired rate of 10.0000Hz
[controller_server-2] [ERROR] [1756929688.390761562] [controller_server]: Exception in transformPose: Lookup would require extrapolation into the future.  Requested time 1756929686.519704 but the latest data is at time 1756929683.118395, when looking up transform from frame [odom] to frame [map]
[controller_server-2] [WARN] [1756929688.390897515] [controller_server]: Unable to transform robot pose into global plan's frame
[controller_server-2] [WARN] [1756929688.391109478] [controller_server]: Control loop missed its desired rate of 10.0000Hz
[controller_server-2] [ERROR] [1756929688.492423792] [controller_server]: Exception in transformPose: Lookup would require extrapolation into the future.  Requested time 1756929688.235525 but the latest data is at time 1756929683.118395, when looking up transform from frame [odom] to frame [map]
[controller_server-2] [WARN] [1756929688.492564394] [controller_server]: Unable to transform robot pose into global plan's frame
[controller_server-2] [ERROR] [1756929688.492663209] [controller_server]: Controller patience exceeded
[controller_server-2] [WARN] [1756929688.492745885] [controller_server]: [follow_path] [ActionServer] Aborting handle.
[controller_server-2] [INFO] [1756929688.507023941] [local_costmap.local_costmap]: Received request to clear entirely the local_costmap
[controller_server-2] [INFO] [1756929688.509379850] [controller_server]: Received a goal, begin computing control effort.
[controller_server-2] [INFO] [1756929688.639559198] [controller_server]: Passing new path to controller.
[controller_server-2] [ERROR] [1756929688.741261964] [controller_server]: Exception in transformPose: Lookup would require extrapolation into the future.  Requested time 1756929688.404336 but the latest data is at time 1756929683.118395, when looking up transform from frame [odom] to frame [map]
[controller_server-2] [WARN] [1756929688.741439285] [controller_server]: Unable to transform robot pose into global plan's frame
[controller_server-2] [WARN] [1756929688.741764723] [controller_server]: Control loop missed its desired rate of 10.0000Hz
[controller_server-2] [ERROR] [1756929688.843231312] [controller_server]: Exception in transformPose: Lookup would require extrapolation into the future.  Requested time 1756929688.669466 but the latest data is at time 1756929683.118395, when looking up transform from frame [odom] to frame [map]
[controller_server-2] [WARN] [1756929688.843351925] [controller_server]: Unable to transform robot pose into global plan's frame
[controller_server-2] [ERROR] [1756929689.043448426] [controller_server]: Exception in transformPose: Lookup would require extrapolation into the future.  Requested time 1756929688.819523 but the latest data is at time 1756929683.118395, when looking up transform from frame [odom] to frame [map]
[controller_server-2] [WARN] [1756929689.043631569] [controller_server]: Unable to transform robot pose into global plan's frame
[controller_server-2] [WARN] [1756929689.044002307] [controller_server]: Control loop missed its desired rate of 10.0000Hz
[controller_server-2] [ERROR] [1756929689.146861025] [controller_server]: Exception in transformPose: Lookup would require extrapolation into the future.  Requested time 1756929688.819523 but the latest data is at time 1756929683.118395, when looking up transform from frame [odom] to frame [map]
[controller_server-2] [WARN] [1756929689.146970875] [controller_server]: Unable to transform robot pose into global plan's frame
[controller_server-2] [WARN] [1756929689.147188012] [controller_server]: Control loop missed its desired rate of 10.0000Hz
[controller_server-2] [ERROR] [1756929689.248602370] [controller_server]: Exception in transformPose: Lookup would require extrapolation into the future.  Requested time 1756929689.069494 but the latest data is at time 1756929683.118395, when looking up transform from frame [odom] to frame [map]
[controller_server-2] [WARN] [1756929689.248753883] [controller_server]: Unable to transform robot pose into global plan's frame
[controller_server-2] [WARN] [1756929689.249035220] [controller_server]: Control loop missed its desired rate of 10.0000Hz
[controller_server-2] [ERROR] [1756929689.351578398] [controller_server]: Exception in transformPose: Lookup would require extrapolation into the future.  Requested time 1756929689.206257 but the latest data is at time 1756929683.118395, when looking up transform from frame [odom] to frame [map]
[controller_server-2] [WARN] [1756929689.351686060] [controller_server]: Unable to transform robot pose into global plan's frame
[controller_server-2] [WARN] [1756929689.351912413] [controller_server]: Control loop missed its desired rate of 10.0000Hz
[controller_server-2] [ERROR] [1756929689.453686034] [controller_server]: Exception in transformPose: Lookup would require extrapolation into the future.  Requested time 1756929689.219542 but the latest data is at time 1756929683.118395, when looking up transform from frame [odom] to frame [map]
[controller_server-2] [WARN] [1756929689.453834081] [controller_server]: Unable to transform robot pose into global plan's frame
[controller_server-2] [WARN] [1756929689.454121481] [controller_server]: Control loop missed its desired rate of 10.0000Hz
[controller_server-2] [ERROR] [1756929689.556611060] [controller_server]: Exception in transformPose: Lookup would require extrapolation into the future.  Requested time 1756929689.282305 but the latest data is at time 1756929683.118395, when looking up transform from frame [odom] to frame [map]
[controller_server-2] [WARN] [1756929689.556745865] [controller_server]: Unable to transform robot pose into global plan's frame
[controller_server-2] [WARN] [1756929689.557132501] [controller_server]: Control loop missed its desired rate of 10.0000Hz
[controller_server-2] [INFO] [1756929689.557203905] [controller_server]: Passing new path to controller.
[controller_server-2] [ERROR] [1756929689.658449180] [controller_server]: Exception in transformPose: Lookup would require extrapolation into the future.  Requested time 1756929689.282305 but the latest data is at time 1756929683.118395, when looking up transform from frame [odom] to frame [map]
[controller_server-2] [WARN] [1756929689.658570033] [controller_server]: Unable to transform robot pose into global plan's frame
[controller_server-2] [WARN] [1756929689.658750269] [controller_server]: Control loop missed its desired rate of 10.0000Hz
[controller_server-2] [ERROR] [1756929689.761536805] [controller_server]: Exception in transformPose: Lookup would require extrapolation into the future.  Requested time 1756929689.602607 but the latest data is at time 1756929683.118395, when looking up transform from frame [odom] to frame [map]
[controller_server-2] [WARN] [1756929689.761660035] [controller_server]: Unable to transform robot pose into global plan's frame
[controller_server-2] [WARN] [1756929689.761918336] [controller_server]: Control loop missed its desired rate of 10.0000Hz
[controller_server-2] [ERROR] [1756929689.863139943] [controller_server]: Exception in transformPose: Lookup would require extrapolation into the future.  Requested time 1756929689.669525 but the latest data is at time 1756929683.118395, when looking up transform from frame [odom] to frame [map]
[controller_server-2] [WARN] [1756929689.863261244] [controller_server]: Unable to transform robot pose into global plan's frame
[controller_server-2] [WARN] [1756929689.863440562] [controller_server]: Control loop missed its desired rate of 10.0000Hz
[controller_server-2] [ERROR] [1756929689.966435481] [controller_server]: Exception in transformPose: Lookup would require extrapolation into the future.  Requested time 1756929689.719528 but the latest data is at time 1756929683.118395, when looking up transform from frame [odom] to frame [map]
[controller_server-2] [WARN] [1756929689.966551317] [controller_server]: Unable to transform robot pose into global plan's frame
[controller_server-2] [WARN] [1756929689.966725656] [controller_server]: Control loop missed its desired rate of 10.0000Hz
[controller_server-2] [ERROR] [1756929690.068224788] [controller_server]: Exception in transformPose: Lookup would require extrapolation into the future.  Requested time 1756929689.719528 but the latest data is at time 1756929683.118395, when looking up transform from frame [odom] to frame [map]
[controller_server-2] [WARN] [1756929690.068390731] [controller_server]: Unable to transform robot pose into global plan's frame
[controller_server-2] [WARN] [1756929690.068753510] [controller_server]: Control loop missed its desired rate of 10.0000Hz
[controller_server-2] [ERROR] [1756929690.171542919] [controller_server]: Exception in transformPose: Lookup would require extrapolation into the future.  Requested time 1756929690.019490 but the latest data is at time 1756929683.118395, when looking up transform from frame [odom] to frame [map]
[controller_server-2] [WARN] [1756929690.171666517] [controller_server]: Unable to transform robot pose into global plan's frame
[controller_server-2] [WARN] [1756929690.171860977] [controller_server]: Control loop missed its desired rate of 10.0000Hz
[controller_server-2] [ERROR] [1756929690.273064316] [controller_server]: Exception in transformPose: Lookup would require extrapolation into the future.  Requested time 1756929690.119583 but the latest data is at time 1756929683.118395, when looking up transform from frame [odom] to frame [map]
[controller_server-2] [WARN] [1756929690.273186279] [controller_server]: Unable to transform robot pose into global plan's frame
[controller_server-2] [WARN] [1756929690.273364124] [controller_server]: Control loop missed its desired rate of 10.0000Hz
[controller_server-2] [ERROR] [1756929690.376518157] [controller_server]: Exception in transformPose: Lookup would require extrapolation into the future.  Requested time 1756929690.222641 but the latest data is at time 1756929683.118395, when looking up transform from frame [odom] to frame [map]
[controller_server-2] [WARN] [1756929690.376635998] [controller_server]: Unable to transform robot pose into global plan's frame
[controller_server-2] [WARN] [1756929690.376824934] [controller_server]: Control loop missed its desired rate of 10.0000Hz
[controller_server-2] [ERROR] [1756929690.477992437] [controller_server]: Exception in transformPose: Lookup would require extrapolation into the future.  Requested time 1756929690.222641 but the latest data is at time 1756929683.118395, when looking up transform from frame [odom] to frame [map]
[controller_server-2] [WARN] [1756929690.478112358] [controller_server]: Unable to transform robot pose into global plan's frame
[controller_server-2] [WARN] [1756929690.478291938] [controller_server]: Control loop missed its desired rate of 10.0000Hz
[controller_server-2] [ERROR] [1756929690.581149799] [controller_server]: Exception in transformPose: Lookup would require extrapolation into the future.  Requested time 1756929690.222641 but the latest data is at time 1756929683.118395, when looking up transform from frame [odom] to frame [map]
[controller_server-2] [WARN] [1756929690.581295526] [controller_server]: Unable to transform robot pose into global plan's frame
[controller_server-2] [ERROR] [1756929690.581360478] [controller_server]: Controller patience exceeded
[controller_server-2] [WARN] [1756929690.581449715] [controller_server]: [follow_path] [ActionServer] Aborting handle.
[controller_server-2] [INFO] [1756929690.581564917] [controller_server]: Received a goal, begin computing control effort.
[controller_server-2] [ERROR] [1756929690.682882207] [controller_server]: Exception in transformPose: Lookup would require extrapolation into the future.  Requested time 1756929690.519501 but the latest data is at time 1756929683.118395, when looking up transform from frame [odom] to frame [map]
[controller_server-2] [WARN] [1756929690.683046071] [controller_server]: Unable to transform robot pose into global plan's frame
[controller_server-2] [WARN] [1756929690.683375348] [controller_server]: Control loop missed its desired rate of 10.0000Hz
[controller_server-2] [ERROR] [1756929690.786042420] [controller_server]: Exception in transformPose: Lookup would require extrapolation into the future.  Requested time 1756929690.569478 but the latest data is at time 1756929683.118395, when looking up transform from frame [odom] to frame [map]
[controller_server-2] [WARN] [1756929690.786139841] [controller_server]: Unable to transform robot pose into global plan's frame
[controller_server-2] [WARN] [1756929690.786294504] [controller_server]: Control loop missed its desired rate of 10.0000Hz
[controller_server-2] [ERROR] [1756929690.887294860] [controller_server]: Exception in transformPose: Lookup would require extrapolation into the future.  Requested time 1756929690.688710 but the latest data is at time 1756929683.118395, when looking up transform from frame [odom] to frame [map]
[controller_server-2] [WARN] [1756929690.887420567] [controller_server]: Unable to transform robot pose into global plan's frame
[controller_server-2] [WARN] [1756929690.887658047] [controller_server]: Control loop missed its desired rate of 10.0000Hz
[controller_server-2] [ERROR] [1756929690.990595091] [controller_server]: Exception in transformPose: Lookup would require extrapolation into the future.  Requested time 1756929690.688710 but the latest data is at time 1756929683.118395, when looking up transform from frame [odom] to frame [map]
[controller_server-2] [WARN] [1756929690.990722630] [controller_server]: Unable to transform robot pose into global plan's frame
[controller_server-2] [WARN] [1756929690.990925889] [controller_server]: Control loop missed its desired rate of 10.0000Hz
[explore-10] [ERROR] [1756929691.028181161] [explore_node]: Extrapolation Error looking up robot pose: Lookup would require extrapolation into the future.  Requested time 1756929690.723911 but the latest data is at time 1756929683.118395, when looking up transform from frame [base_link] to frame [map]
[explore-10] 
[controller_server-2] [ERROR] [1756929691.092033434] [controller_server]: Exception in transformPose: Lookup would require extrapolation into the future.  Requested time 1756929690.688710 but the latest data is at time 1756929683.118395, when looking up transform from frame [odom] to frame [map]
[controller_server-2] [WARN] [1756929691.092188675] [controller_server]: Unable to transform robot pose into global plan's frame
[controller_server-2] [WARN] [1756929691.092376643] [controller_server]: Control loop missed its desired rate of 10.0000Hz
[controller_server-2] [ERROR] [1756929691.194942867] [controller_server]: Exception in transformPose: Lookup would require extrapolation into the future.  Requested time 1756929691.019537 but the latest data is at time 1756929683.118395, when looking up transform from frame [odom] to frame [map]
[controller_server-2] [WARN] [1756929691.195064021] [controller_server]: Unable to transform robot pose into global plan's frame
[controller_server-2] [WARN] [1756929691.195219128] [controller_server]: Control loop missed its desired rate of 10.0000Hz
[controller_server-2] [ERROR] [1756929691.296242816] [controller_server]: Exception in transformPose: Lookup would require extrapolation into the future.  Requested time 1756929691.119587 but the latest data is at time 1756929683.118395, when looking up transform from frame [odom] to frame [map]
[controller_server-2] [WARN] [1756929691.296342943] [controller_server]: Unable to transform robot pose into global plan's frame
[controller_server-2] [WARN] [1756929691.296515290] [controller_server]: Control loop missed its desired rate of 10.0000Hz
[controller_server-2] [ERROR] [1756929691.399127594] [controller_server]: Exception in transformPose: Lookup would require extrapolation into the future.  Requested time 1756929691.119587 but the latest data is at time 1756929683.118395, when looking up transform from frame [odom] to frame [map]
[controller_server-2] [WARN] [1756929691.399250581] [controller_server]: Unable to transform robot pose into global plan's frame
[controller_server-2] [WARN] [1756929691.399440622] [controller_server]: Control loop missed its desired rate of 10.0000Hz
[controller_server-2] [ERROR] [1756929691.500619132] [controller_server]: Exception in transformPose: Lookup would require extrapolation into the future.  Requested time 1756929691.119587 but the latest data is at time 1756929683.118395, when looking up transform from frame [odom] to frame [map]
[controller_server-2] [WARN] [1756929691.500672814] [controller_server]: Unable to transform robot pose into global plan's frame
[controller_server-2] [WARN] [1756929691.500744804] [controller_server]: Control loop missed its desired rate of 10.0000Hz
[controller_server-2] [ERROR] [1756929691.602499482] [controller_server]: Exception in transformPose: Lookup would require extrapolation into the future.  Requested time 1756929691.421702 but the latest data is at time 1756929683.118395, when looking up transform from frame [odom] to frame [map]
[controller_server-2] [WARN] [1756929691.602661646] [controller_server]: Unable to transform robot pose into global plan's frame
[controller_server-2] [WARN] [1756929691.603005501] [controller_server]: Control loop missed its desired rate of 10.0000Hz
[controller_server-2] [INFO] [1756929691.603098380] [controller_server]: Passing new path to controller.
[controller_server-2] [ERROR] [1756929691.704335340] [controller_server]: Exception in transformPose: Lookup would require extrapolation into the future.  Requested time 1756929691.502669 but the latest data is at time 1756929683.118395, when looking up transform from frame [odom] to frame [map]
[controller_server-2] [WARN] [1756929691.704455770] [controller_server]: Unable to transform robot pose into global plan's frame
[controller_server-2] [WARN] [1756929691.704702732] [controller_server]: Control loop missed its desired rate of 10.0000Hz
[controller_server-2] [ERROR] [1756929691.807092398] [controller_server]: Exception in transformPose: Lookup would require extrapolation into the future.  Requested time 1756929691.519577 but the latest data is at time 1756929683.118395, when looking up transform from frame [odom] to frame [map]
[controller_server-2] [WARN] [1756929691.807212190] [controller_server]: Unable to transform robot pose into global plan's frame
[controller_server-2] [WARN] [1756929691.807389850] [controller_server]: Control loop missed its desired rate of 10.0000Hz
[controller_server-2] [ERROR] [1756929691.908580371] [controller_server]: Exception in transformPose: Lookup would require extrapolation into the future.  Requested time 1756929691.519577 but the latest data is at time 1756929683.118395, when looking up transform from frame [odom] to frame [map]
[controller_server-2] [WARN] [1756929691.908707483] [controller_server]: Unable to transform robot pose into global plan's frame
[controller_server-2] [WARN] [1756929691.908895116] [controller_server]: Control loop missed its desired rate of 10.0000Hz
[controller_server-2] [ERROR] [1756929692.011506277] [controller_server]: Exception in transformPose: Lookup would require extrapolation into the future.  Requested time 1756929691.835006 but the latest data is at time 1756929683.118395, when looking up transform from frame [odom] to frame [map]
[controller_server-2] [WARN] [1756929692.011630588] [controller_server]: Unable to transform robot pose into global plan's frame
[controller_server-2] [WARN] [1756929692.011812036] [controller_server]: Control loop missed its desired rate of 10.0000Hz
[controller_server-2] [ERROR] [1756929692.483011788] [controller_server]: Exception in transformPose: Lookup would require extrapolation into the future.  Requested time 1756929692.169479 but the latest data is at time 1756929692.071153, when looking up transform from frame [odom] to frame [map]
[controller_server-2] [WARN] [1756929692.483176045] [controller_server]: Unable to transform robot pose into global plan's frame
[controller_server-2] [WARN] [1756929692.483346768] [controller_server]: Control loop missed its desired rate of 10.0000Hz
[controller_server-2] [ERROR] [1756929692.586888528] [controller_server]: Exception in transformPose: Lookup would require extrapolation into the future.  Requested time 1756929692.419961 but the latest data is at time 1756929692.071153, when looking up transform from frame [odom] to frame [map]
[controller_server-2] [WARN] [1756929692.586988423] [controller_server]: Unable to transform robot pose into global plan's frame
[controller_server-2] [WARN] [1756929692.587130351] [controller_server]: Control loop missed its desired rate of 10.0000Hz
[controller_server-2] [ERROR] [1756929692.688139515] [controller_server]: Exception in transformPose: Lookup would require extrapolation into the future.  Requested time 1756929692.519655 but the latest data is at time 1756929692.071153, when looking up transform from frame [odom] to frame [map]
[controller_server-2] [WARN] [1756929692.688270115] [controller_server]: Unable to transform robot pose into global plan's frame
[controller_server-2] [WARN] [1756929692.688452578] [controller_server]: Control loop missed its desired rate of 10.0000Hz
[controller_server-2] [INFO] [1756929692.688489616] [controller_server]: Passing new path to controller.
[controller_server-2] [ERROR] [1756929692.791850623] [controller_server]: Exception in transformPose: Lookup would require extrapolation into the future.  Requested time 1756929692.519655 but the latest data is at time 1756929692.071153, when looking up transform from frame [odom] to frame [map]
[controller_server-2] [WARN] [1756929692.792001306] [controller_server]: Unable to transform robot pose into global plan's frame
[controller_server-2] [WARN] [1756929692.792325552] [controller_server]: Control loop missed its desired rate of 10.0000Hz
[controller_server-2] [ERROR] [1756929692.893504592] [controller_server]: Exception in transformPose: Lookup would require extrapolation into the future.  Requested time 1756929692.519655 but the latest data is at time 1756929692.071153, when looking up transform from frame [odom] to frame [map]
[controller_server-2] [WARN] [1756929692.893572530] [controller_server]: Unable to transform robot pose into global plan's frame
[controller_server-2] [WARN] [1756929692.893663518] [controller_server]: Control loop missed its desired rate of 10.0000Hz
[controller_server-2] [ERROR] [1756929692.995992389] [controller_server]: Exception in transformPose: Lookup would require extrapolation into the future.  Requested time 1756929692.770129 but the latest data is at time 1756929692.071153, when looking up transform from frame [odom] to frame [map]
[controller_server-2] [WARN] [1756929692.996118679] [controller_server]: Unable to transform robot pose into global plan's frame
[controller_server-2] [WARN] [1756929692.996314224] [controller_server]: Control loop missed its desired rate of 10.0000Hz
[controller_server-2] [ERROR] [1756929693.097461538] [controller_server]: Exception in transformPose: Lookup would require extrapolation into the future.  Requested time 1756929692.770129 but the latest data is at time 1756929692.071153, when looking up transform from frame [odom] to frame [map]
[controller_server-2] [WARN] [1756929693.097587272] [controller_server]: Unable to transform robot pose into global plan's frame
[controller_server-2] [WARN] [1756929693.097768362] [controller_server]: Control loop missed its desired rate of 10.0000Hz
[controller_server-2] [ERROR] [1756929693.201276548] [controller_server]: Exception in transformPose: Lookup would require extrapolation into the future.  Requested time 1756929692.770129 but the latest data is at time 1756929692.071153, when looking up transform from frame [odom] to frame [map]
[controller_server-2] [WARN] [1756929693.201437333] [controller_server]: Unable to transform robot pose into global plan's frame
[controller_server-2] [WARN] [1756929693.201727332] [controller_server]: Control loop missed its desired rate of 10.0000Hz
[controller_server-2] [ERROR] [1756929693.303668013] [controller_server]: Exception in transformPose: Lookup would require extrapolation into the future.  Requested time 1756929692.770129 but the latest data is at time 1756929692.071153, when looking up transform from frame [odom] to frame [map]
[controller_server-2] [WARN] [1756929693.303819617] [controller_server]: Unable to transform robot pose into global plan's frame
[controller_server-2] [WARN] [1756929693.304149646] [controller_server]: Control loop missed its desired rate of 10.0000Hz
[controller_server-2] [ERROR] [1756929693.407367181] [controller_server]: Exception in transformPose: Lookup would require extrapolation into the future.  Requested time 1756929692.770129 but the latest data is at time 1756929692.071153, when looking up transform from frame [odom] to frame [map]
[controller_server-2] [WARN] [1756929693.407513272] [controller_server]: Unable to transform robot pose into global plan's frame
[controller_server-2] [WARN] [1756929693.407818993] [controller_server]: Control loop missed its desired rate of 10.0000Hz
[controller_server-2] [ERROR] [1756929693.509299719] [controller_server]: Exception in transformPose: Lookup would require extrapolation into the future.  Requested time 1756929692.770129 but the latest data is at time 1756929692.071153, when looking up transform from frame [odom] to frame [map]
[controller_server-2] [WARN] [1756929693.509448721] [controller_server]: Unable to transform robot pose into global plan's frame
[controller_server-2] [WARN] [1756929693.509741070] [controller_server]: Control loop missed its desired rate of 10.0000Hz
[controller_server-2] [ERROR] [1756929693.612832143] [controller_server]: Exception in transformPose: Lookup would require extrapolation into the future.  Requested time 1756929692.770129 but the latest data is at time 1756929692.071153, when looking up transform from frame [odom] to frame [map]
[controller_server-2] [WARN] [1756929693.612943181] [controller_server]: Unable to transform robot pose into global plan's frame
[controller_server-2] [WARN] [1756929693.613105131] [controller_server]: Control loop missed its desired rate of 10.0000Hz
[controller_server-2] [ERROR] [1756929693.714090321] [controller_server]: Exception in transformPose: Lookup would require extrapolation into the future.  Requested time 1756929692.770129 but the latest data is at time 1756929692.071153, when looking up transform from frame [odom] to frame [map]
[controller_server-2] [WARN] [1756929693.714194540] [controller_server]: Unable to transform robot pose into global plan's frame
[controller_server-2] [WARN] [1756929693.714358250] [controller_server]: Control loop missed its desired rate of 10.0000Hz
[controller_server-2] [INFO] [1756929693.714383308] [controller_server]: Passing new path to controller.
[controller_server-2] [ERROR] [1756929693.817166311] [controller_server]: Exception in transformPose: Lookup would require extrapolation into the future.  Requested time 1756929692.770129 but the latest data is at time 1756929692.071153, when looking up transform from frame [odom] to frame [map]
[controller_server-2] [WARN] [1756929693.817269312] [controller_server]: Unable to transform robot pose into global plan's frame
[controller_server-2] [WARN] [1756929693.817428600] [controller_server]: Control loop missed its desired rate of 10.0000Hz
[controller_server-2] [ERROR] [1756929693.918543278] [controller_server]: Exception in transformPose: Lookup would require extrapolation into the future.  Requested time 1756929692.770129 but the latest data is at time 1756929692.071153, when looking up transform from frame [odom] to frame [map]
[controller_server-2] [WARN] [1756929693.918657077] [controller_server]: Unable to transform robot pose into global plan's frame
[controller_server-2] [WARN] [1756929693.918848005] [controller_server]: Control loop missed its desired rate of 10.0000Hz
[controller_server-2] [ERROR] [1756929694.021457189] [controller_server]: Exception in transformPose: Lookup would require extrapolation into the future.  Requested time 1756929692.770129 but the latest data is at time 1756929692.071153, when looking up transform from frame [odom] to frame [map]
[controller_server-2] [WARN] [1756929694.021511128] [controller_server]: Unable to transform robot pose into global plan's frame
[controller_server-2] [WARN] [1756929694.021588468] [controller_server]: Control loop missed its desired rate of 10.0000Hz
[controller_server-2] [ERROR] [1756929694.122235182] [controller_server]: Exception in transformPose: Lookup would require extrapolation into the future.  Requested time 1756929692.770129 but the latest data is at time 1756929692.071153, when looking up transform from frame [odom] to frame [map]
[controller_server-2] [WARN] [1756929694.122264690] [controller_server]: Unable to transform robot pose into global plan's frame
[controller_server-2] [WARN] [1756929694.122303335] [controller_server]: Control loop missed its desired rate of 10.0000Hz
[controller_server-2] [ERROR] [1756929694.223486570] [controller_server]: Exception in transformPose: Lookup would require extrapolation into the future.  Requested time 1756929692.770129 but the latest data is at time 1756929692.071153, when looking up transform from frame [odom] to frame [map]
[controller_server-2] [WARN] [1756929694.223612635] [controller_server]: Unable to transform robot pose into global plan's frame
[controller_server-2] [WARN] [1756929694.223806237] [controller_server]: Control loop missed its desired rate of 10.0000Hz
[controller_server-2] [ERROR] [1756929694.324937803] [controller_server]: Exception in transformPose: Lookup would require extrapolation into the future.  Requested time 1756929692.770129 but the latest data is at time 1756929692.071153, when looking up transform from frame [odom] to frame [map]
[controller_server-2] [WARN] [1756929694.325057266] [controller_server]: Unable to transform robot pose into global plan's frame
[controller_server-2] [ERROR] [1756929694.325102601] [controller_server]: Controller patience exceeded
[controller_server-2] [WARN] [1756929694.325181414] [controller_server]: [follow_path] [ActionServer] Aborting handle.
[controller_server-2] [INFO] [1756929694.336822811] [local_costmap.local_costmap]: Received request to clear entirely the local_costmap
[planner_server-4] [INFO] [1756929694.338202406] [global_costmap.global_costmap]: Received request to clear entirely the global_costmap
[controller_server-2] [INFO] [1756929694.676794139] [controller_server]: Received a goal, begin computing control effort.
[controller_server-2] [ERROR] [1756929694.777811488] [controller_server]: Exception in transformPose: Lookup would require extrapolation into the future.  Requested time 1756929692.770129 but the latest data is at time 1756929692.071153, when looking up transform from frame [odom] to frame [map]
[controller_server-2] [WARN] [1756929694.777932467] [controller_server]: Unable to transform robot pose into global plan's frame
[controller_server-2] [WARN] [1756929694.778116427] [controller_server]: Control loop missed its desired rate of 10.0000Hz
[controller_server-2] [ERROR] [1756929694.879087472] [controller_server]: Exception in transformPose: Lookup would require extrapolation into the future.  Requested time 1756929692.770129 but the latest data is at time 1756929692.071153, when looking up transform from frame [odom] to frame [map]
[controller_server-2] [WARN] [1756929694.879211683] [controller_server]: Unable to transform robot pose into global plan's frame
[controller_server-2] [WARN] [1756929694.879393660] [controller_server]: Control loop missed its desired rate of 10.0000Hz
[controller_server-2] [ERROR] [1756929694.981993102] [controller_server]: Exception in transformPose: Lookup would require extrapolation into the future.  Requested time 1756929692.770129 but the latest data is at time 1756929692.071153, when looking up transform from frame [odom] to frame [map]
[controller_server-2] [WARN] [1756929694.982109567] [controller_server]: Unable to transform robot pose into global plan's frame
[controller_server-2] [WARN] [1756929694.982294527] [controller_server]: Control loop missed its desired rate of 10.0000Hz
[controller_server-2] [ERROR] [1756929695.083468672] [controller_server]: Exception in transformPose: Lookup would require extrapolation into the future.  Requested time 1756929692.770129 but the latest data is at time 1756929692.071153, when looking up transform from frame [odom] to frame [map]
[controller_server-2] [WARN] [1756929695.083567601] [controller_server]: Unable to transform robot pose into global plan's frame
[controller_server-2] [WARN] [1756929695.083711725] [controller_server]: Control loop missed its desired rate of 10.0000Hz
[controller_server-2] [ERROR] [1756929695.186296652] [controller_server]: Exception in transformPose: Lookup would require extrapolation into the future.  Requested time 1756929692.770129 but the latest data is at time 1756929692.071153, when looking up transform from frame [odom] to frame [map]
[controller_server-2] [WARN] [1756929695.186449858] [controller_server]: Unable to transform robot pose into global plan's frame
[controller_server-2] [WARN] [1756929695.186837031] [controller_server]: Control loop missed its desired rate of 10.0000Hz
[controller_server-2] [ERROR] [1756929695.288106119] [controller_server]: Exception in transformPose: Lookup would require extrapolation into the future.  Requested time 1756929692.770129 but the latest data is at time 1756929692.071153, when looking up transform from frame [odom] to frame [map]
[controller_server-2] [WARN] [1756929695.288223330] [controller_server]: Unable to transform robot pose into global plan's frame
[controller_server-2] [WARN] [1756929695.288432189] [controller_server]: Control loop missed its desired rate of 10.0000Hz
[controller_server-2] [ERROR] [1756929695.391022666] [controller_server]: Exception in transformPose: Lookup would require extrapolation into the future.  Requested time 1756929692.770129 but the latest data is at time 1756929692.071153, when looking up transform from frame [odom] to frame [map]
[controller_server-2] [WARN] [1756929695.391142992] [controller_server]: Unable to transform robot pose into global plan's frame
[controller_server-2] [WARN] [1756929695.391332489] [controller_server]: Control loop missed its desired rate of 10.0000Hz
[controller_server-2] [ERROR] [1756929695.492566921] [controller_server]: Exception in transformPose: Lookup would require extrapolation into the future.  Requested time 1756929692.770129 but the latest data is at time 1756929692.071153, when looking up transform from frame [odom] to frame [map]
[controller_server-2] [WARN] [1756929695.492687622] [controller_server]: Unable to transform robot pose into global plan's frame
[controller_server-2] [WARN] [1756929695.492863421] [controller_server]: Control loop missed its desired rate of 10.0000Hz
[controller_server-2] [ERROR] [1756929695.596169269] [controller_server]: Exception in transformPose: Lookup would require extrapolation into the future.  Requested time 1756929692.770129 but the latest data is at time 1756929692.071153, when looking up transform from frame [odom] to frame [map]
[controller_server-2] [WARN] [1756929695.596276126] [controller_server]: Unable to transform robot pose into global plan's frame
[controller_server-2] [WARN] [1756929695.596437372] [controller_server]: Control loop missed its desired rate of 10.0000Hz
[controller_server-2] [ERROR] [1756929695.697336892] [controller_server]: Exception in transformPose: Lookup would require extrapolation into the future.  Requested time 1756929692.770129 but the latest data is at time 1756929692.071153, when looking up transform from frame [odom] to frame [map]
[controller_server-2] [WARN] [1756929695.697436702] [controller_server]: Unable to transform robot pose into global plan's frame
[controller_server-2] [WARN] [1756929695.697583163] [controller_server]: Control loop missed its desired rate of 10.0000Hz
[controller_server-2] [ERROR] [1756929695.800188055] [controller_server]: Exception in transformPose: Lookup would require extrapolation into the future.  Requested time 1756929692.770129 but the latest data is at time 1756929692.071153, when looking up transform from frame [odom] to frame [map]
[controller_server-2] [WARN] [1756929695.800316494] [controller_server]: Unable to transform robot pose into global plan's frame
[controller_server-2] [WARN] [1756929695.800524705] [controller_server]: Control loop missed its desired rate of 10.0000Hz
[controller_server-2] [INFO] [1756929695.800551047] [controller_server]: Passing new path to controller.
[controller_server-2] [ERROR] [1756929695.902378116] [controller_server]: Exception in transformPose: Lookup would require extrapolation into the future.  Requested time 1756929692.770129 but the latest data is at time 1756929692.071153, when looking up transform from frame [odom] to frame [map]
[controller_server-2] [WARN] [1756929695.902535065] [controller_server]: Unable to transform robot pose into global plan's frame
[controller_server-2] [WARN] [1756929695.902818738] [controller_server]: Control loop missed its desired rate of 10.0000Hz
[controller_server-2] [ERROR] [1756929696.006511702] [controller_server]: Exception in transformPose: Lookup would require extrapolation into the future.  Requested time 1756929692.770129 but the latest data is at time 1756929692.071153, when looking up transform from frame [odom] to frame [map]
[controller_server-2] [WARN] [1756929696.006599742] [controller_server]: Unable to transform robot pose into global plan's frame
[controller_server-2] [WARN] [1756929696.006732558] [controller_server]: Control loop missed its desired rate of 10.0000Hz
[controller_server-2] [ERROR] [1756929696.107697779] [controller_server]: Exception in transformPose: Lookup would require extrapolation into the future.  Requested time 1756929692.770129 but the latest data is at time 1756929692.071153, when looking up transform from frame [odom] to frame [map]
[controller_server-2] [WARN] [1756929696.107795006] [controller_server]: Unable to transform robot pose into global plan's frame
[controller_server-2] [WARN] [1756929696.107939483] [controller_server]: Control loop missed its desired rate of 10.0000Hz
[controller_server-2] [ERROR] [1756929696.210573542] [controller_server]: Exception in transformPose: Lookup would require extrapolation into the future.  Requested time 1756929692.770129 but the latest data is at time 1756929692.071153, when looking up transform from frame [odom] to frame [map]
[controller_server-2] [WARN] [1756929696.210806853] [controller_server]: Unable to transform robot pose into global plan's frame
[controller_server-2] [WARN] [1756929696.211124445] [controller_server]: Control loop missed its desired rate of 10.0000Hz
[controller_server-2] [ERROR] [1756929696.312752057] [controller_server]: Exception in transformPose: Lookup would require extrapolation into the future.  Requested time 1756929692.770129 but the latest data is at time 1756929692.071153, when looking up transform from frame [odom] to frame [map]
[controller_server-2] [WARN] [1756929696.312898141] [controller_server]: Unable to transform robot pose into global plan's frame
[controller_server-2] [WARN] [1756929696.313135987] [controller_server]: Control loop missed its desired rate of 10.0000Hz
[controller_server-2] [ERROR] [1756929696.415974340] [controller_server]: Exception in transformPose: Lookup would require extrapolation into the future.  Requested time 1756929692.770129 but the latest data is at time 1756929692.071153, when looking up transform from frame [odom] to frame [map]
[controller_server-2] [WARN] [1756929696.416071755] [controller_server]: Unable to transform robot pose into global plan's frame
[controller_server-2] [WARN] [1756929696.416223680] [controller_server]: Control loop missed its desired rate of 10.0000Hz
[controller_server-2] [ERROR] [1756929696.517213163] [controller_server]: Exception in transformPose: Lookup would require extrapolation into the future.  Requested time 1756929692.770129 but the latest data is at time 1756929692.071153, when looking up transform from frame [odom] to frame [map]
[controller_server-2] [WARN] [1756929696.517319647] [controller_server]: Unable to transform robot pose into global plan's frame
[controller_server-2] [WARN] [1756929696.517476345] [controller_server]: Control loop missed its desired rate of 10.0000Hz
[controller_server-2] [ERROR] [1756929696.619941180] [controller_server]: Exception in transformPose: Lookup would require extrapolation into the future.  Requested time 1756929692.770129 but the latest data is at time 1756929692.071153, when looking up transform from frame [odom] to frame [map]
[controller_server-2] [WARN] [1756929696.620073910] [controller_server]: Unable to transform robot pose into global plan's frame
[controller_server-2] [WARN] [1756929696.620343285] [controller_server]: Control loop missed its desired rate of 10.0000Hz
[controller_server-2] [ERROR] [1756929696.721517734] [controller_server]: Exception in transformPose: Lookup would require extrapolation into the future.  Requested time 1756929692.770129 but the latest data is at time 1756929692.071153, when looking up transform from frame [odom] to frame [map]
[controller_server-2] [WARN] [1756929696.721643184] [controller_server]: Unable to transform robot pose into global plan's frame
[controller_server-2] [ERROR] [1756929696.721687695] [controller_server]: Controller patience exceeded
[controller_server-2] [WARN] [1756929696.721764301] [controller_server]: [follow_path] [ActionServer] Aborting handle.
[controller_server-2] [INFO] [1756929696.736950709] [local_costmap.local_costmap]: Received request to clear entirely the local_costmap
[controller_server-2] [INFO] [1756929696.738224424] [controller_server]: Received a goal, begin computing control effort.
[controller_server-2] [INFO] [1756929696.838413650] [controller_server]: Passing new path to controller.
[controller_server-2] [ERROR] [1756929696.939849305] [controller_server]: Exception in transformPose: Lookup would require extrapolation into the future.  Requested time 1756929692.770129 but the latest data is at time 1756929692.071153, when looking up transform from frame [odom] to frame [map]
[controller_server-2] [WARN] [1756929696.940001925] [controller_server]: Unable to transform robot pose into global plan's frame
[controller_server-2] [WARN] [1756929696.940223277] [controller_server]: Control loop missed its desired rate of 10.0000Hz
[controller_server-2] [ERROR] [1756929697.041529338] [controller_server]: Exception in transformPose: Lookup would require extrapolation into the future.  Requested time 1756929692.770129 but the latest data is at time 1756929692.071153, when looking up transform from frame [odom] to frame [map]
[controller_server-2] [WARN] [1756929697.041682259] [controller_server]: Unable to transform robot pose into global plan's frame
[controller_server-2] [ERROR] [1756929697.241918373] [controller_server]: Exception in transformPose: Lookup would require extrapolation into the future.  Requested time 1756929692.770129 but the latest data is at time 1756929692.071153, when looking up transform from frame [odom] to frame [map]
[controller_server-2] [WARN] [1756929697.242085902] [controller_server]: Unable to transform robot pose into global plan's frame
[controller_server-2] [WARN] [1756929697.242263824] [controller_server]: Control loop missed its desired rate of 10.0000Hz
[controller_server-2] [ERROR] [1756929697.345204851] [controller_server]: Exception in transformPose: Lookup would require extrapolation into the future.  Requested time 1756929692.770129 but the latest data is at time 1756929692.071153, when looking up transform from frame [odom] to frame [map]
[controller_server-2] [WARN] [1756929697.345340301] [controller_server]: Unable to transform robot pose into global plan's frame
[controller_server-2] [WARN] [1756929697.345611327] [controller_server]: Control loop missed its desired rate of 10.0000Hz
[controller_server-2] [ERROR] [1756929697.447110832] [controller_server]: Exception in transformPose: Lookup would require extrapolation into the future.  Requested time 1756929692.770129 but the latest data is at time 1756929692.071153, when looking up transform from frame [odom] to frame [map]
[controller_server-2] [WARN] [1756929697.447261835] [controller_server]: Unable to transform robot pose into global plan's frame
[controller_server-2] [WARN] [1756929697.447547037] [controller_server]: Control loop missed its desired rate of 10.0000Hz
[controller_server-2] [ERROR] [1756929697.550466774] [controller_server]: Exception in transformPose: Lookup would require extrapolation into the future.  Requested time 1756929692.770129 but the latest data is at time 1756929692.071153, when looking up transform from frame [odom] to frame [map]
[controller_server-2] [WARN] [1756929697.550619793] [controller_server]: Unable to transform robot pose into global plan's frame
[controller_server-2] [WARN] [1756929697.550915859] [controller_server]: Control loop missed its desired rate of 10.0000Hz
[controller_server-2] [ERROR] [1756929697.652431672] [controller_server]: Exception in transformPose: Lookup would require extrapolation into the future.  Requested time 1756929692.770129 but the latest data is at time 1756929692.071153, when looking up transform from frame [odom] to frame [map]
[controller_server-2] [WARN] [1756929697.652557398] [controller_server]: Unable to transform robot pose into global plan's frame
[controller_server-2] [WARN] [1756929697.652724220] [controller_server]: Control loop missed its desired rate of 10.0000Hz
[explore-10] [ERROR] [1756929697.693993915] [explore_node]: Extrapolation Error looking up robot pose: Lookup would require extrapolation into the future.  Requested time 1756929697.390012 but the latest data is at time 1756929692.819531, when looking up transform from frame [base_link] to frame [map]
[explore-10] 
[controller_server-2] [ERROR] [1756929697.756185859] [controller_server]: Exception in transformPose: Lookup would require extrapolation into the future.  Requested time 1756929692.770129 but the latest data is at time 1756929692.071153, when looking up transform from frame [odom] to frame [map]
[controller_server-2] [WARN] [1756929697.756332062] [controller_server]: Unable to transform robot pose into global plan's frame
[controller_server-2] [WARN] [1756929697.756648122] [controller_server]: Control loop missed its desired rate of 10.0000Hz
[controller_server-2] [ERROR] [1756929697.857802361] [controller_server]: Exception in transformPose: Lookup would require extrapolation into the future.  Requested time 1756929692.770129 but the latest data is at time 1756929692.071153, when looking up transform from frame [odom] to frame [map]
[controller_server-2] [WARN] [1756929697.857915107] [controller_server]: Unable to transform robot pose into global plan's frame
[controller_server-2] [WARN] [1756929697.858101792] [controller_server]: Control loop missed its desired rate of 10.0000Hz
[controller_server-2] [INFO] [1756929697.858129098] [controller_server]: Passing new path to controller.
[controller_server-2] [ERROR] [1756929697.961374292] [controller_server]: Exception in transformPose: Lookup would require extrapolation into the future.  Requested time 1756929692.770129 but the latest data is at time 1756929692.071153, when looking up transform from frame [odom] to frame [map]
[controller_server-2] [WARN] [1756929697.961498977] [controller_server]: Unable to transform robot pose into global plan's frame
[controller_server-2] [WARN] [1756929697.961691734] [controller_server]: Control loop missed its desired rate of 10.0000Hz
[controller_server-2] [ERROR] [1756929698.062870233] [controller_server]: Exception in transformPose: Lookup would require extrapolation into the future.  Requested time 1756929692.770129 but the latest data is at time 1756929692.071153, when looking up transform from frame [odom] to frame [map]
[controller_server-2] [WARN] [1756929698.063044122] [controller_server]: Unable to transform robot pose into global plan's frame
[controller_server-2] [WARN] [1756929698.063243318] [controller_server]: Control loop missed its desired rate of 10.0000Hz
[controller_server-2] [ERROR] [1756929698.166468036] [controller_server]: Exception in transformPose: Lookup would require extrapolation into the future.  Requested time 1756929692.770129 but the latest data is at time 1756929692.071153, when looking up transform from frame [odom] to frame [map]
[controller_server-2] [WARN] [1756929698.166564616] [controller_server]: Unable to transform robot pose into global plan's frame
[controller_server-2] [WARN] [1756929698.166742062] [controller_server]: Control loop missed its desired rate of 10.0000Hz
[controller_server-2] [ERROR] [1756929698.267786988] [controller_server]: Exception in transformPose: Lookup would require extrapolation into the future.  Requested time 1756929692.770129 but the latest data is at time 1756929692.071153, when looking up transform from frame [odom] to frame [map]
[controller_server-2] [WARN] [1756929698.267895518] [controller_server]: Unable to transform robot pose into global plan's frame
[controller_server-2] [WARN] [1756929698.268073759] [controller_server]: Control loop missed its desired rate of 10.0000Hz
[controller_server-2] [ERROR] [1756929698.370922727] [controller_server]: Exception in transformPose: Lookup would require extrapolation into the future.  Requested time 1756929692.770129 but the latest data is at time 1756929692.071153, when looking up transform from frame [odom] to frame [map]
[controller_server-2] [WARN] [1756929698.371078124] [controller_server]: Unable to transform robot pose into global plan's frame
[controller_server-2] [WARN] [1756929698.371370557] [controller_server]: Control loop missed its desired rate of 10.0000Hz
[controller_server-2] [ERROR] [1756929698.472973088] [controller_server]: Exception in transformPose: Lookup would require extrapolation into the future.  Requested time 1756929692.770129 but the latest data is at time 1756929692.071153, when looking up transform from frame [odom] to frame [map]
[controller_server-2] [WARN] [1756929698.473139315] [controller_server]: Unable to transform robot pose into global plan's frame
[controller_server-2] [WARN] [1756929698.473459259] [controller_server]: Control loop missed its desired rate of 10.0000Hz
[controller_server-2] [ERROR] [1756929698.577132666] [controller_server]: Exception in transformPose: Lookup would require extrapolation into the future.  Requested time 1756929692.770129 but the latest data is at time 1756929692.071153, when looking up transform from frame [odom] to frame [map]
[controller_server-2] [WARN] [1756929698.577285735] [controller_server]: Unable to transform robot pose into global plan's frame
[controller_server-2] [WARN] [1756929698.577577347] [controller_server]: Control loop missed its desired rate of 10.0000Hz
[controller_server-2] [ERROR] [1756929698.678887508] [controller_server]: Exception in transformPose: Lookup would require extrapolation into the future.  Requested time 1756929692.770129 but the latest data is at time 1756929692.071153, when looking up transform from frame [odom] to frame [map]
[controller_server-2] [WARN] [1756929698.678954485] [controller_server]: Unable to transform robot pose into global plan's frame
[controller_server-2] [WARN] [1756929698.679076801] [controller_server]: Control loop missed its desired rate of 10.0000Hz
[controller_server-2] [ERROR] [1756929698.781923846] [controller_server]: Exception in transformPose: Lookup would require extrapolation into the future.  Requested time 1756929692.770129 but the latest data is at time 1756929692.071153, when looking up transform from frame [odom] to frame [map]
[controller_server-2] [WARN] [1756929698.782030593] [controller_server]: Unable to transform robot pose into global plan's frame
[controller_server-2] [ERROR] [1756929698.782067016] [controller_server]: Controller patience exceeded
[controller_server-2] [WARN] [1756929698.782131701] [controller_server]: [follow_path] [ActionServer] Aborting handle.
[behavior_server-5] [INFO] [1756929698.797332907] [behavior_server]: Running spin
[behavior_server-5] [INFO] [1756929698.797643355] [behavior_server]: Turning 1.57 for spin behavior.
[explore-10] [ERROR] [1756929704.359274023] [explore_node]: Extrapolation Error looking up robot pose: Lookup would require extrapolation into the future.  Requested time 1756929704.056161 but the latest data is at time 1756929692.819531, when looking up transform from frame [base_link] to frame [map]
[explore-10] 
[behavior_server-5] [WARN] [1756929708.797840500] [behavior_server]: Exceeded time allowance before reaching the Spin goal - Exiting Spin
[behavior_server-5] [WARN] [1756929708.797918800] [behavior_server]: spin failed
[behavior_server-5] [WARN] [1756929708.797950381] [behavior_server]: [spin] [ActionServer] Aborting handle.
[behavior_server-5] [INFO] [1756929708.817343539] [behavior_server]: Running wait
[explore-10] [ERROR] [1756929711.025685489] [explore_node]: Extrapolation Error looking up robot pose: Lookup would require extrapolation into the future.  Requested time 1756929710.722242 but the latest data is at time 1756929696.019487, when looking up transform from frame [base_link] to frame [map]
[explore-10] 
[bt_navigator-6] [ERROR] [1756929713.548379960] [transformPoseInTargetFrame]: Extrapolation Error looking up target frame: Lookup would require extrapolation into the past.  Requested time 1756929692.071153 but the earliest data is at time 1756929695.019488, when looking up transform from frame [base_link] to frame [map]
[bt_navigator-6] 
[bt_navigator-6] [WARN] [1756929713.548683746] [BehaviorTreeEngine]: Behavior Tree tick rate 100.00 was exceeded!
[bt_navigator-6] [ERROR] [1756929713.650282148] [transformPoseInTargetFrame]: Extrapolation Error looking up target frame: Lookup would require extrapolation into the past.  Requested time 1756929692.071153 but the earliest data is at time 1756929704.150723, when looking up transform from frame [base_link] to frame [map]
[bt_navigator-6] 
[bt_navigator-6] [WARN] [1756929713.650535377] [BehaviorTreeEngine]: Behavior Tree tick rate 100.00 was exceeded!
[bt_navigator-6] [ERROR] [1756929713.752153881] [transformPoseInTargetFrame]: Extrapolation Error looking up target frame: Lookup would require extrapolation into the past.  Requested time 1756929692.071153 but the earliest data is at time 1756929704.150723, when looking up transform from frame [base_link] to frame [map]
[bt_navigator-6] 
[bt_navigator-6] [WARN] [1756929713.752367934] [BehaviorTreeEngine]: Behavior Tree tick rate 100.00 was exceeded!
[behavior_server-5] [INFO] [1756929713.817587601] [behavior_server]: wait completed successfully
[bt_navigator-6] [ERROR] [1756929713.853929436] [transformPoseInTargetFrame]: Extrapolation Error looking up target frame: Lookup would require extrapolation into the past.  Requested time 1756929692.071153 but the earliest data is at time 1756929704.150723, when looking up transform from frame [base_link] to frame [map]
[bt_navigator-6] 
[bt_navigator-6] [WARN] [1756929713.854172487] [BehaviorTreeEngine]: Behavior Tree tick rate 100.00 was exceeded!
[bt_navigator-6] [ERROR] [1756929713.955676423] [transformPoseInTargetFrame]: Extrapolation Error looking up target frame: Lookup would require extrapolation into the past.  Requested time 1756929692.071153 but the earliest data is at time 1756929704.150723, when looking up transform from frame [base_link] to frame [map]
[bt_navigator-6] 
[bt_navigator-6] [WARN] [1756929713.955843609] [BehaviorTreeEngine]: Behavior Tree tick rate 100.00 was exceeded!
[planner_server-4] [ERROR] [1756929713.958954778] [transformPoseInTargetFrame]: Extrapolation Error looking up target frame: Lookup would require extrapolation into the past.  Requested time 1756929692.071153 but the earliest data is at time 1756929704.150723, when looking up transform from frame [base_link] to frame [map]
[planner_server-4] 
[bt_navigator-6] [ERROR] [1756929714.057390787] [transformPoseInTargetFrame]: Extrapolation Error looking up target frame: Lookup would require extrapolation into the past.  Requested time 1756929692.071153 but the earliest data is at time 1756929704.150723, when looking up transform from frame [base_link] to frame [map]
[bt_navigator-6] 
[bt_navigator-6] [WARN] [1756929714.057646333] [BehaviorTreeEngine]: Behavior Tree tick rate 100.00 was exceeded!
[bt_navigator-6] [ERROR] [1756929714.159684925] [transformPoseInTargetFrame]: Extrapolation Error looking up target frame: Lookup would require extrapolation into the past.  Requested time 1756929692.071153 but the earliest data is at time 1756929704.150723, when looking up transform from frame [base_link] to frame [map]
[bt_navigator-6] 
[bt_navigator-6] [WARN] [1756929714.159943271] [BehaviorTreeEngine]: Behavior Tree tick rate 100.00 was exceeded!
[bt_navigator-6] [ERROR] [1756929714.261497278] [transformPoseInTargetFrame]: Extrapolation Error looking up target frame: Lookup would require extrapolation into the past.  Requested time 1756929692.071153 but the earliest data is at time 1756929704.150723, when looking up transform from frame [base_link] to frame [map]
[bt_navigator-6] 
[bt_navigator-6] [WARN] [1756929714.261632459] [BehaviorTreeEngine]: Behavior Tree tick rate 100.00 was exceeded!
[planner_server-4] [ERROR] [1756929714.361775611] [transformPoseInTargetFrame]: Extrapolation Error looking up target frame: Lookup would require extrapolation into the past.  Requested time 1756929692.071153 but the earliest data is at time 1756929704.150723, when looking up transform from frame [base_link] to frame [map]
[planner_server-4] 
[planner_server-4] [WARN] [1756929714.361853439] [planner_server]: [compute_path_to_pose] [ActionServer] Aborting handle.
[bt_navigator-6] [ERROR] [1756929714.363210878] [transformPoseInTargetFrame]: Extrapolation Error looking up target frame: Lookup would require extrapolation into the past.  Requested time 1756929692.071153 but the earliest data is at time 1756929704.150723, when looking up transform from frame [base_link] to frame [map]
[bt_navigator-6] 
[bt_navigator-6] [WARN] [1756929714.363597317] [BehaviorTreeEngine]: Behavior Tree tick rate 100.00 was exceeded!
[bt_navigator-6] [ERROR] [1756929714.465004572] [transformPoseInTargetFrame]: Extrapolation Error looking up target frame: Lookup would require extrapolation into the past.  Requested time 1756929692.071153 but the earliest data is at time 1756929704.150723, when looking up transform from frame [base_link] to frame [map]
[bt_navigator-6] 
[bt_navigator-6] [WARN] [1756929714.465192278] [BehaviorTreeEngine]: Behavior Tree tick rate 100.00 was exceeded!
[planner_server-4] [INFO] [1756929714.465433242] [global_costmap.global_costmap]: Received request to clear entirely the global_costmap
[bt_navigator-6] [ERROR] [1756929714.567694195] [transformPoseInTargetFrame]: Extrapolation Error looking up target frame: Lookup would require extrapolation into the past.  Requested time 1756929692.071153 but the earliest data is at time 1756929704.150723, when looking up transform from frame [base_link] to frame [map]
[bt_navigator-6] 
[bt_navigator-6] [WARN] [1756929714.567742538] [BehaviorTreeEngine]: Behavior Tree tick rate 100.00 was exceeded!
[bt_navigator-6] [ERROR] [1756929714.668574011] [transformPoseInTargetFrame]: Extrapolation Error looking up target frame: Lookup would require extrapolation into the past.  Requested time 1756929692.071153 but the earliest data is at time 1756929704.977378, when looking up transform from frame [base_link] to frame [map]
[bt_navigator-6] 
[bt_navigator-6] [WARN] [1756929714.668750215] [BehaviorTreeEngine]: Behavior Tree tick rate 100.00 was exceeded!
[bt_navigator-6] [ERROR] [1756929714.770013793] [transformPoseInTargetFrame]: Extrapolation Error looking up target frame: Lookup would require extrapolation into the past.  Requested time 1756929692.071153 but the earliest data is at time 1756929704.977378, when looking up transform from frame [base_link] to frame [map]
[bt_navigator-6] 
[bt_navigator-6] [WARN] [1756929714.770205134] [BehaviorTreeEngine]: Behavior Tree tick rate 100.00 was exceeded!
[bt_navigator-6] [ERROR] [1756929714.871445676] [transformPoseInTargetFrame]: Extrapolation Error looking up target frame: Lookup would require extrapolation into the past.  Requested time 1756929692.071153 but the earliest data is at time 1756929704.977378, when looking up transform from frame [base_link] to frame [map]
[bt_navigator-6] 
[bt_navigator-6] [WARN] [1756929714.871641534] [BehaviorTreeEngine]: Behavior Tree tick rate 100.00 was exceeded!
[planner_server-4] [ERROR] [1756929714.958373467] [transformPoseInTargetFrame]: Extrapolation Error looking up target frame: Lookup would require extrapolation into the past.  Requested time 1756929692.071153 but the earliest data is at time 1756929704.977378, when looking up transform from frame [base_link] to frame [map]
[planner_server-4] 
[bt_navigator-6] [ERROR] [1756929714.972571292] [transformPoseInTargetFrame]: Extrapolation Error looking up target frame: Lookup would require extrapolation into the past.  Requested time 1756929692.071153 but the earliest data is at time 1756929704.977378, when looking up transform from frame [base_link] to frame [map]
[bt_navigator-6] 
[bt_navigator-6] [WARN] [1756929714.972647909] [BehaviorTreeEngine]: Behavior Tree tick rate 100.00 was exceeded!
[bt_navigator-6] [ERROR] [1756929715.073688576] [transformPoseInTargetFrame]: Extrapolation Error looking up target frame: Lookup would require extrapolation into the past.  Requested time 1756929692.071153 but the earliest data is at time 1756929704.977378, when looking up transform from frame [base_link] to frame [map]
[bt_navigator-6] 
[bt_navigator-6] [WARN] [1756929715.073887722] [BehaviorTreeEngine]: Behavior Tree tick rate 100.00 was exceeded!
[bt_navigator-6] [ERROR] [1756929715.175337330] [transformPoseInTargetFrame]: Extrapolation Error looking up target frame: Lookup would require extrapolation into the past.  Requested time 1756929692.071153 but the earliest data is at time 1756929705.134138, when looking up transform from frame [base_link] to frame [map]
[bt_navigator-6] 
[bt_navigator-6] [WARN] [1756929715.175562427] [BehaviorTreeEngine]: Behavior Tree tick rate 100.00 was exceeded!
[bt_navigator-6] [WARN] [1756929715.217315180] [BehaviorTreeEngine]: Behavior Tree tick rate 100.00 was exceeded!
[bt_navigator-6] [WARN] [1756929715.258768564] [BehaviorTreeEngine]: Behavior Tree tick rate 100.00 was exceeded!
[planner_server-4] [WARN] [1756929715.657244767] [planner_server]: Planner loop missed its desired rate of 1.0000 Hz. Current loop rate is 0.8400 Hz
[controller_server-2] [INFO] [1756929715.678078360] [controller_server]: Received a goal, begin computing control effort.
[controller_server-2] [INFO] [1756929715.778294498] [controller_server]: Passing new path to controller.
[controller_server-2] [INFO] [1756929716.778286289] [controller_server]: Passing new path to controller.
[controller_server-2] [ERROR] [1756929717.479412856] [controller_server]: Exception in transformPose: Lookup would require extrapolation into the future.  Requested time 1756929717.069502 but the latest data is at time 1756929717.006302, when looking up transform from frame [odom] to frame [map]
[controller_server-2] [WARN] [1756929717.479609598] [controller_server]: Unable to transform robot pose into global plan's frame
[controller_server-2] [WARN] [1756929717.479790623] [controller_server]: Control loop missed its desired rate of 10.0000Hz
[controller_server-2] [INFO] [1756929717.778284715] [controller_server]: Passing new path to controller.
[controller_server-2] [INFO] [1756929718.778280723] [controller_server]: Passing new path to controller.
[controller_server-2] [INFO] [1756929719.878358973] [controller_server]: Passing new path to controller.
[controller_server-2] [INFO] [1756929720.878301024] [controller_server]: Passing new path to controller.
[controller_server-2] [INFO] [1756929721.878281378] [controller_server]: Passing new path to controller.
[rviz2-11] [INFO] [1756929722.069514521] [rviz2]: Trying to create a map of size 48 x 79 using 1 swatches
[controller_server-2] [INFO] [1756929722.233630582] [local_costmap.local_costmap]: StaticLayer: Resizing static layer to 48 X 79 at 0.040000 m/pix
[planner_server-4] [INFO] [1756929722.654731829] [global_costmap.global_costmap]: StaticLayer: Resizing costmap to 48 X 79 at 0.040000 m/pix
[controller_server-2] [INFO] [1756929722.878292629] [controller_server]: Passing new path to controller.
[rviz2-11] [INFO] [1756929723.668126296] [rviz2]: Trying to create a map of size 48 x 79 using 1 swatches
[controller_server-2] [INFO] [1756929723.978282148] [controller_server]: Passing new path to controller.
[rviz2-11] [INFO] [1756929724.084336295] [rviz2]: Trying to create a map of size 49 x 79 using 1 swatches
[explore-10] [INFO] [1756929724.129452878] [explore_node]: [NAV] Remembered last goal (0.93, 0.63, yaw from quat).
[bt_navigator-6] [INFO] [1756929724.137507335] [bt_navigator]: Received goal preemption request
[bt_navigator-6] [INFO] [1756929724.137902504] [bt_navigator]: Begin navigating from current location (0.22, -0.92) to (0.93, 0.63)
[controller_server-2] [INFO] [1756929724.233636912] [local_costmap.local_costmap]: StaticLayer: Resizing static layer to 49 X 79 at 0.040000 m/pix
[planner_server-4] [INFO] [1756929724.655014394] [global_costmap.global_costmap]: StaticLayer: Resizing costmap to 49 X 79 at 0.040000 m/pix
[rviz2-11] [INFO] [1756929724.691143318] [rviz2]: Trying to create a map of size 49 x 79 using 1 swatches
[controller_server-2] [INFO] [1756929724.978351845] [controller_server]: Passing new path to controller.
[controller_server-2] [INFO] [1756929725.978290210] [controller_server]: Passing new path to controller.
[controller_server-2] [INFO] [1756929727.078393248] [controller_server]: Passing new path to controller.
[controller_server-2] [INFO] [1756929728.078287273] [controller_server]: Passing new path to controller.
[controller_server-2] [INFO] [1756929729.078269496] [controller_server]: Passing new path to controller.
[controller_server-2] [INFO] [1756929730.178282481] [controller_server]: Passing new path to controller.
[controller_server-2] [INFO] [1756929731.178284969] [controller_server]: Passing new path to controller.
[rviz2-11] [INFO] [1756929732.085822964] [rviz2]: Trying to create a map of size 49 x 82 using 1 swatches
[controller_server-2] [INFO] [1756929732.178280750] [controller_server]: Passing new path to controller.
[controller_server-2] [INFO] [1756929732.233720101] [local_costmap.local_costmap]: StaticLayer: Resizing static layer to 49 X 82 at 0.040000 m/pix
[controller_server-2] [ERROR] [1756929732.478317627] [controller_server]: Failed to make progress
[controller_server-2] [WARN] [1756929732.478384915] [controller_server]: [follow_path] [ActionServer] Aborting handle.
[controller_server-2] [INFO] [1756929732.497779728] [local_costmap.local_costmap]: Received request to clear entirely the local_costmap
[controller_server-2] [INFO] [1756929732.499360175] [controller_server]: Received a goal, begin computing control effort.
[controller_server-2] [WARN] [1756929732.639935708] [controller_server]: Control loop missed its desired rate of 10.0000Hz
[planner_server-4] [INFO] [1756929732.654800619] [global_costmap.global_costmap]: StaticLayer: Resizing costmap to 49 X 82 at 0.040000 m/pix
[rviz2-11] [INFO] [1756929732.692921769] [rviz2]: Trying to create a map of size 49 x 82 using 1 swatches
[controller_server-2] [INFO] [1756929733.199595528] [controller_server]: Passing new path to controller.
[controller_server-2] [WARN] [1756929733.500274781] [controller_server]: RegulatedPurePursuitController detected collision ahead!
[controller_server-2] [WARN] [1756929733.700262835] [controller_server]: RegulatedPurePursuitController detected collision ahead!
[controller_server-2] [WARN] [1756929733.900287342] [controller_server]: RegulatedPurePursuitController detected collision ahead!
[controller_server-2] [WARN] [1756929734.000211738] [controller_server]: RegulatedPurePursuitController detected collision ahead!
[controller_server-2] [WARN] [1756929734.100001456] [controller_server]: RegulatedPurePursuitController detected collision ahead!
[controller_server-2] [WARN] [1756929734.200199981] [controller_server]: RegulatedPurePursuitController detected collision ahead!
[controller_server-2] [INFO] [1756929734.299582369] [controller_server]: Passing new path to controller.
[controller_server-2] [WARN] [1756929734.300449175] [controller_server]: RegulatedPurePursuitController detected collision ahead!
[controller_server-2] [WARN] [1756929734.400142271] [controller_server]: RegulatedPurePursuitController detected collision ahead!
[controller_server-2] [WARN] [1756929734.500170766] [controller_server]: RegulatedPurePursuitController detected collision ahead!
[controller_server-2] [WARN] [1756929734.600213336] [controller_server]: RegulatedPurePursuitController detected collision ahead!
[controller_server-2] [WARN] [1756929734.700205793] [controller_server]: RegulatedPurePursuitController detected collision ahead!
[controller_server-2] [WARN] [1756929734.800199074] [controller_server]: RegulatedPurePursuitController detected collision ahead!
[controller_server-2] [WARN] [1756929734.900187578] [controller_server]: RegulatedPurePursuitController detected collision ahead!
[controller_server-2] [WARN] [1756929735.000203046] [controller_server]: RegulatedPurePursuitController detected collision ahead!
[controller_server-2] [WARN] [1756929735.100198654] [controller_server]: RegulatedPurePursuitController detected collision ahead!
[controller_server-2] [WARN] [1756929735.200200860] [controller_server]: RegulatedPurePursuitController detected collision ahead!
[controller_server-2] [INFO] [1756929735.299583322] [controller_server]: Passing new path to controller.
[controller_server-2] [WARN] [1756929735.300384474] [controller_server]: RegulatedPurePursuitController detected collision ahead!
[controller_server-2] [WARN] [1756929735.400268711] [controller_server]: RegulatedPurePursuitController detected collision ahead!
[controller_server-2] [WARN] [1756929735.500265527] [controller_server]: RegulatedPurePursuitController detected collision ahead!
[controller_server-2] [WARN] [1756929735.600270462] [controller_server]: RegulatedPurePursuitController detected collision ahead!
[controller_server-2] [WARN] [1756929735.700210148] [controller_server]: RegulatedPurePursuitController detected collision ahead!
[controller_server-2] [WARN] [1756929735.800275089] [controller_server]: RegulatedPurePursuitController detected collision ahead!
[controller_server-2] [ERROR] [1756929735.800374258] [controller_server]: Controller patience exceeded
[controller_server-2] [WARN] [1756929735.800453976] [controller_server]: [follow_path] [ActionServer] Aborting handle.
[behavior_server-5] [INFO] [1756929735.818299399] [behavior_server]: Running backup
[behavior_server-5] [INFO] [1756929735.818593168] [behavior_server]: DriveOnHeading: no acceleration or deceleration limits set
[explore-10] [INFO] [1756929737.451697535] [explore_node]: [NAV] Remembered last goal (0.99, 0.68, yaw from quat).
[bt_navigator-6] [INFO] [1756929737.457495256] [bt_navigator]: Received goal preemption request
[bt_navigator-6] [INFO] [1756929737.457791010] [bt_navigator]: Begin navigating from current location (0.12, 0.20) to (0.99, 0.68)
[behavior_server-5] [INFO] [1756929742.518753887] [behavior_server]: backup completed successfully
[controller_server-2] [INFO] [1756929742.568046423] [controller_server]: Received a goal, begin computing control effort.
[controller_server-2] [INFO] [1756929743.668268136] [controller_server]: Passing new path to controller.
[explore-10] [ERROR] [1756929744.357941441] [explore_node]: Extrapolation Error looking up robot pose: Lookup would require extrapolation into the future.  Requested time 1756929744.052868 but the latest data is at time 1756929743.219488, when looking up transform from frame [base_link] to frame [map]
[explore-10] 
[controller_server-2] [INFO] [1756929744.668269808] [controller_server]: Passing new path to controller.
[controller_server-2] [INFO] [1756929745.668330718] [controller_server]: Passing new path to controller.
[controller_server-2] [INFO] [1756929746.768332791] [controller_server]: Passing new path to controller.
[controller_server-2] [INFO] [1756929747.768265842] [controller_server]: Passing new path to controller.
[controller_server-2] [ERROR] [1756929748.669390833] [controller_server]: Exception in transformPose: Lookup would require extrapolation into the future.  Requested time 1756929748.433076 but the latest data is at time 1756929743.397218, when looking up transform from frame [odom] to frame [map]
[controller_server-2] [WARN] [1756929748.669486148] [controller_server]: Unable to transform robot pose into global plan's frame
[controller_server-2] [WARN] [1756929748.669598326] [controller_server]: Control loop missed its desired rate of 10.0000Hz
[controller_server-2] [WARN] [1756929748.775057332] [controller_server]: RegulatedPurePursuitController detected collision ahead!
[controller_server-2] [WARN] [1756929748.775429295] [controller_server]: Control loop missed its desired rate of 10.0000Hz
[controller_server-2] [INFO] [1756929748.775496332] [controller_server]: Passing new path to controller.
[controller_server-2] [WARN] [1756929748.868393094] [controller_server]: RegulatedPurePursuitController detected collision ahead!
[controller_server-2] [WARN] [1756929748.968455203] [controller_server]: RegulatedPurePursuitController detected collision ahead!
[controller_server-2] [WARN] [1756929749.068438357] [controller_server]: RegulatedPurePursuitController detected collision ahead!
[controller_server-2] [WARN] [1756929749.168599109] [controller_server]: RegulatedPurePursuitController detected collision ahead!
[controller_server-2] [WARN] [1756929749.268464192] [controller_server]: RegulatedPurePursuitController detected collision ahead!
[controller_server-2] [WARN] [1756929749.368412686] [controller_server]: RegulatedPurePursuitController detected collision ahead!
[controller_server-2] [WARN] [1756929749.468458495] [controller_server]: RegulatedPurePursuitController detected collision ahead!
[controller_server-2] [WARN] [1756929749.568450465] [controller_server]: RegulatedPurePursuitController detected collision ahead!
[controller_server-2] [WARN] [1756929749.668449067] [controller_server]: RegulatedPurePursuitController detected collision ahead!
[planner_server-4] [WARN] [1756929749.758402023] [planner_server]: GridBased: failed to create plan with tolerance 0.20.
[planner_server-4] [WARN] [1756929749.758516989] [planner_server]: Planning algorithm GridBased failed to generate a valid path to (0.99, 0.68)
[planner_server-4] [WARN] [1756929749.758599214] [planner_server]: [compute_path_to_pose] [ActionServer] Aborting handle.
[controller_server-2] [WARN] [1756929749.768612835] [controller_server]: RegulatedPurePursuitController detected collision ahead!
[planner_server-4] [INFO] [1756929749.778044783] [global_costmap.global_costmap]: Received request to clear entirely the global_costmap
[controller_server-2] [INFO] [1756929749.868278353] [controller_server]: Passing new path to controller.
[controller_server-2] [ERROR] [1756929749.868658816] [controller_server]: Invalid path, Path is empty.
[controller_server-2] [WARN] [1756929749.868768128] [controller_server]: [follow_path] [ActionServer] Aborting handle.
[controller_server-2] [INFO] [1756929749.897919726] [local_costmap.local_costmap]: Received request to clear entirely the local_costmap
[controller_server-2] [INFO] [1756929749.899432333] [controller_server]: Received a goal, begin computing control effort.
[controller_server-2] [ERROR] [1756929749.899584432] [controller_server]: Invalid path, Path is empty.
[controller_server-2] [WARN] [1756929749.899678916] [controller_server]: [follow_path] [ActionServer] Aborting handle.
[bt_navigator-6] [ERROR] [1756929749.937816717] [bt_navigator_navigate_to_pose_rclcpp_node]: Failed to get result for compute_path_to_pose in node halt!
[controller_server-2] [INFO] [1756929749.938108180] [local_costmap.local_costmap]: Received request to clear entirely the local_costmap
[planner_server-4] [INFO] [1756929749.939918605] [global_costmap.global_costmap]: Received request to clear entirely the global_costmap
[bt_navigator-6] [WARN] [1756929749.941756896] [BehaviorTreeEngine]: Behavior Tree tick rate 100.00 was exceeded!
[rviz2-11] [INFO] [1756929750.065474839] [rviz2]: Trying to create a map of size 182 x 169 using 1 swatches
[controller_server-2] [INFO] [1756929750.233739253] [local_costmap.local_costmap]: StaticLayer: Resizing static layer to 182 X 169 at 0.040000 m/pix
[planner_server-4] [INFO] [1756929750.654862382] [global_costmap.global_costmap]: StaticLayer: Resizing costmap to 182 X 169 at 0.040000 m/pix
[rviz2-11] [INFO] [1756929750.675582756] [rviz2]: Trying to create a map of size 182 x 169 using 1 swatches
[controller_server-2] [INFO] [1756929750.702775076] [controller_server]: Received a goal, begin computing control effort.
[controller_server-2] [WARN] [1756929750.704082008] [controller_server]: RegulatedPurePursuitController detected collision ahead!
[explore-10] [INFO] [1756929750.767125688] [explore_node]: [NAV] Remembered last goal (3.86, 2.80, yaw from quat).
[bt_navigator-6] [INFO] [1756929750.771890995] [bt_navigator]: Received goal preemption request
[bt_navigator-6] [INFO] [1756929750.771991216] [bt_navigator]: Begin navigating from current location (0.52, 1.12) to (3.86, 2.80)
[controller_server-2] [WARN] [1756929750.804249217] [controller_server]: RegulatedPurePursuitController detected collision ahead!
[controller_server-2] [WARN] [1756929750.903677900] [controller_server]: RegulatedPurePursuitController detected collision ahead!
[controller_server-2] [WARN] [1756929751.003837160] [controller_server]: RegulatedPurePursuitController detected collision ahead!
[controller_server-2] [WARN] [1756929751.104077294] [controller_server]: RegulatedPurePursuitController detected collision ahead!
[controller_server-2] [WARN] [1756929751.204036600] [controller_server]: RegulatedPurePursuitController detected collision ahead!
[controller_server-2] [WARN] [1756929751.304146421] [controller_server]: RegulatedPurePursuitController detected collision ahead!
[controller_server-2] [WARN] [1756929751.404229348] [controller_server]: RegulatedPurePursuitController detected collision ahead!
[controller_server-2] [WARN] [1756929751.504177893] [controller_server]: RegulatedPurePursuitController detected collision ahead!
[controller_server-2] [WARN] [1756929751.604159290] [controller_server]: RegulatedPurePursuitController detected collision ahead!
[controller_server-2] [WARN] [1756929751.703985854] [controller_server]: RegulatedPurePursuitController detected collision ahead!
[controller_server-2] [INFO] [1756929751.803088746] [controller_server]: Passing new path to controller.
[controller_server-2] [WARN] [1756929751.804330232] [controller_server]: RegulatedPurePursuitController detected collision ahead!
[controller_server-2] [WARN] [1756929751.904204280] [controller_server]: RegulatedPurePursuitController detected collision ahead!
[controller_server-2] [WARN] [1756929752.004193309] [controller_server]: RegulatedPurePursuitController detected collision ahead!
[controller_server-2] [WARN] [1756929752.104231522] [controller_server]: RegulatedPurePursuitController detected collision ahead!
[controller_server-2] [WARN] [1756929752.204187212] [controller_server]: RegulatedPurePursuitController detected collision ahead!
[controller_server-2] [WARN] [1756929752.304105194] [controller_server]: RegulatedPurePursuitController detected collision ahead!
[controller_server-2] [WARN] [1756929752.404123996] [controller_server]: RegulatedPurePursuitController detected collision ahead!
[controller_server-2] [WARN] [1756929752.504170890] [controller_server]: RegulatedPurePursuitController detected collision ahead!
[controller_server-2] [WARN] [1756929752.604273079] [controller_server]: RegulatedPurePursuitController detected collision ahead!
[controller_server-2] [WARN] [1756929752.704063296] [controller_server]: RegulatedPurePursuitController detected collision ahead!
[controller_server-2] [ERROR] [1756929752.704143674] [controller_server]: Controller patience exceeded
[controller_server-2] [WARN] [1756929752.704208559] [controller_server]: [follow_path] [ActionServer] Aborting handle.
[controller_server-2] [INFO] [1756929752.722128939] [local_costmap.local_costmap]: Received request to clear entirely the local_costmap
[controller_server-2] [INFO] [1756929752.723470943] [controller_server]: Received a goal, begin computing control effort.
[controller_server-2] [INFO] [1756929752.843583314] [controller_server]: Passing new path to controller.
[controller_server-2] [WARN] [1756929752.844346632] [controller_server]: RegulatedPurePursuitController detected collision ahead!
[controller_server-2] [WARN] [1756929752.844418274] [controller_server]: Control loop missed its desired rate of 10.0000Hz
[controller_server-2] [WARN] [1756929752.845019757] [controller_server]: RegulatedPurePursuitController detected collision ahead!
[controller_server-2] [WARN] [1756929752.924431550] [controller_server]: RegulatedPurePursuitController detected collision ahead!
[controller_server-2] [WARN] [1756929753.024722437] [controller_server]: RegulatedPurePursuitController detected collision ahead!
[controller_server-2] [WARN] [1756929753.124790772] [controller_server]: RegulatedPurePursuitController detected collision ahead!
[controller_server-2] [WARN] [1756929753.224806271] [controller_server]: RegulatedPurePursuitController detected collision ahead!
[controller_server-2] [WARN] [1756929753.324784965] [controller_server]: RegulatedPurePursuitController detected collision ahead!
[controller_server-2] [WARN] [1756929753.424800612] [controller_server]: RegulatedPurePursuitController detected collision ahead!
[controller_server-2] [WARN] [1756929753.524825440] [controller_server]: RegulatedPurePursuitController detected collision ahead!
[controller_server-2] [WARN] [1756929753.624637326] [controller_server]: RegulatedPurePursuitController detected collision ahead!
[controller_server-2] [WARN] [1756929753.724712694] [controller_server]: RegulatedPurePursuitController detected collision ahead!
[controller_server-2] [INFO] [1756929753.823647968] [controller_server]: Passing new path to controller.
[controller_server-2] [WARN] [1756929753.824524177] [controller_server]: RegulatedPurePursuitController detected collision ahead!
[controller_server-2] [WARN] [1756929753.924807210] [controller_server]: RegulatedPurePursuitController detected collision ahead!
[controller_server-2] [WARN] [1756929754.024817777] [controller_server]: RegulatedPurePursuitController detected collision ahead!
[controller_server-2] [WARN] [1756929754.124820020] [controller_server]: RegulatedPurePursuitController detected collision ahead!
[controller_server-2] [WARN] [1756929754.224722085] [controller_server]: RegulatedPurePursuitController detected collision ahead!
[controller_server-2] [WARN] [1756929754.324693234] [controller_server]: RegulatedPurePursuitController detected collision ahead!
[controller_server-2] [WARN] [1756929754.424719498] [controller_server]: RegulatedPurePursuitController detected collision ahead!
[controller_server-2] [WARN] [1756929754.524713274] [controller_server]: RegulatedPurePursuitController detected collision ahead!
[controller_server-2] [WARN] [1756929754.624323921] [controller_server]: RegulatedPurePursuitController detected collision ahead!
[controller_server-2] [WARN] [1756929754.724274993] [controller_server]: RegulatedPurePursuitController detected collision ahead!
[controller_server-2] [ERROR] [1756929754.724339120] [controller_server]: Controller patience exceeded
[controller_server-2] [WARN] [1756929754.724398182] [controller_server]: [follow_path] [ActionServer] Aborting handle.
[behavior_server-5] [INFO] [1756929754.742578543] [behavior_server]: Running spin
[behavior_server-5] [INFO] [1756929754.742712185] [behavior_server]: Turning 1.57 for spin behavior.
[behavior_server-5] [WARN] [1756929754.843066515] [behavior_server]: Collision Ahead - Exiting Spin
[behavior_server-5] [WARN] [1756929754.843116395] [behavior_server]: spin failed
[behavior_server-5] [WARN] [1756929754.843131588] [behavior_server]: [spin] [ActionServer] Aborting handle.
[behavior_server-5] [INFO] [1756929754.872957588] [behavior_server]: Running wait
[behavior_server-5] [INFO] [1756929759.873371483] [behavior_server]: wait completed successfully
[controller_server-2] [INFO] [1756929759.922745564] [controller_server]: Received a goal, begin computing control effort.
[controller_server-2] [WARN] [1756929759.923959764] [controller_server]: RegulatedPurePursuitController detected collision ahead!
[controller_server-2] [WARN] [1756929760.024019759] [controller_server]: RegulatedPurePursuitController detected collision ahead!
[controller_server-2] [WARN] [1756929760.123577460] [controller_server]: RegulatedPurePursuitController detected collision ahead!
[controller_server-2] [WARN] [1756929760.223560804] [controller_server]: RegulatedPurePursuitController detected collision ahead!
[controller_server-2] [WARN] [1756929760.323625030] [controller_server]: RegulatedPurePursuitController detected collision ahead!
[controller_server-2] [WARN] [1756929760.423641089] [controller_server]: RegulatedPurePursuitController detected collision ahead!
[controller_server-2] [WARN] [1756929760.524052478] [controller_server]: RegulatedPurePursuitController detected collision ahead!
[controller_server-2] [WARN] [1756929760.624060399] [controller_server]: RegulatedPurePursuitController detected collision ahead!
[controller_server-2] [WARN] [1756929760.724054527] [controller_server]: RegulatedPurePursuitController detected collision ahead!
[controller_server-2] [WARN] [1756929760.823588379] [controller_server]: RegulatedPurePursuitController detected collision ahead!
[controller_server-2] [WARN] [1756929760.923544037] [controller_server]: RegulatedPurePursuitController detected collision ahead!
[controller_server-2] [INFO] [1756929761.022960080] [controller_server]: Passing new path to controller.
[controller_server-2] [WARN] [1756929761.024135456] [controller_server]: RegulatedPurePursuitController detected collision ahead!
[controller_server-2] [WARN] [1756929761.124025474] [controller_server]: RegulatedPurePursuitController detected collision ahead!
[controller_server-2] [WARN] [1756929761.224062507] [controller_server]: RegulatedPurePursuitController detected collision ahead!
[controller_server-2] [WARN] [1756929761.324061726] [controller_server]: RegulatedPurePursuitController detected collision ahead!
[controller_server-2] [WARN] [1756929761.424131904] [controller_server]: RegulatedPurePursuitController detected collision ahead!
[controller_server-2] [WARN] [1756929761.524077398] [controller_server]: RegulatedPurePursuitController detected collision ahead!
[controller_server-2] [WARN] [1756929761.623959309] [controller_server]: RegulatedPurePursuitController detected collision ahead!
[controller_server-2] [WARN] [1756929761.723952176] [controller_server]: RegulatedPurePursuitController detected collision ahead!
[controller_server-2] [WARN] [1756929761.823452928] [controller_server]: RegulatedPurePursuitController detected collision ahead!
[controller_server-2] [WARN] [1756929761.924092529] [controller_server]: RegulatedPurePursuitController detected collision ahead!
[controller_server-2] [ERROR] [1756929761.924184855] [controller_server]: Controller patience exceeded
[controller_server-2] [WARN] [1756929761.924261126] [controller_server]: [follow_path] [ActionServer] Aborting handle.
[controller_server-2] [INFO] [1756929761.942291157] [local_costmap.local_costmap]: Received request to clear entirely the local_costmap
[controller_server-2] [INFO] [1756929761.944878990] [controller_server]: Received a goal, begin computing control effort.
[controller_server-2] [INFO] [1756929762.045084875] [controller_server]: Passing new path to controller.
[controller_server-2] [WARN] [1756929762.046135623] [controller_server]: RegulatedPurePursuitController detected collision ahead!
[controller_server-2] [WARN] [1756929762.046239474] [controller_server]: Control loop missed its desired rate of 10.0000Hz
[controller_server-2] [WARN] [1756929762.047064344] [controller_server]: RegulatedPurePursuitController detected collision ahead!
[controller_server-2] [WARN] [1756929762.145775102] [controller_server]: RegulatedPurePursuitController detected collision ahead!
[controller_server-2] [WARN] [1756929762.245265094] [controller_server]: RegulatedPurePursuitController detected collision ahead!
[controller_server-2] [WARN] [1756929762.346207784] [controller_server]: RegulatedPurePursuitController detected collision ahead!
[controller_server-2] [WARN] [1756929762.446241934] [controller_server]: RegulatedPurePursuitController detected collision ahead!
[controller_server-2] [WARN] [1756929762.546213598] [controller_server]: RegulatedPurePursuitController detected collision ahead!
[controller_server-2] [WARN] [1756929762.646205622] [controller_server]: RegulatedPurePursuitController detected collision ahead!
[controller_server-2] [WARN] [1756929762.745811527] [controller_server]: RegulatedPurePursuitController detected collision ahead!
[controller_server-2] [WARN] [1756929762.846092918] [controller_server]: RegulatedPurePursuitController detected collision ahead!
[controller_server-2] [WARN] [1756929762.946133423] [controller_server]: RegulatedPurePursuitController detected collision ahead!
[controller_server-2] [INFO] [1756929763.045149235] [controller_server]: Passing new path to controller.
[controller_server-2] [WARN] [1756929763.045978712] [controller_server]: RegulatedPurePursuitController detected collision ahead!
[controller_server-2] [WARN] [1756929763.146202431] [controller_server]: RegulatedPurePursuitController detected collision ahead!
[controller_server-2] [WARN] [1756929763.246203952] [controller_server]: RegulatedPurePursuitController detected collision ahead!
[controller_server-2] [WARN] [1756929763.345841321] [controller_server]: RegulatedPurePursuitController detected collision ahead!
[controller_server-2] [WARN] [1756929763.446202067] [controller_server]: RegulatedPurePursuitController detected collision ahead!
[controller_server-2] [WARN] [1756929763.545922843] [controller_server]: RegulatedPurePursuitController detected collision ahead!
[controller_server-2] [WARN] [1756929763.645800648] [controller_server]: RegulatedPurePursuitController detected collision ahead!
[controller_server-2] [WARN] [1756929763.745752522] [controller_server]: RegulatedPurePursuitController detected collision ahead!
[controller_server-2] [WARN] [1756929763.846184130] [controller_server]: RegulatedPurePursuitController detected collision ahead!
[controller_server-2] [WARN] [1756929763.946184295] [controller_server]: RegulatedPurePursuitController detected collision ahead!
[controller_server-2] [ERROR] [1756929763.946274088] [controller_server]: Controller patience exceeded
[controller_server-2] [WARN] [1756929763.946347025] [controller_server]: [follow_path] [ActionServer] Aborting handle.
[behavior_server-5] [INFO] [1756929763.962286468] [behavior_server]: Running backup
[behavior_server-5] [WARN] [1756929763.962534262] [behavior_server]: Collision Ahead - Exiting DriveOnHeading
[behavior_server-5] [WARN] [1756929763.962553692] [behavior_server]: backup failed
[behavior_server-5] [WARN] [1756929763.962564435] [behavior_server]: [backup] [ActionServer] Aborting handle.
[controller_server-2] [INFO] [1756929763.992116134] [local_costmap.local_costmap]: Received request to clear entirely the local_costmap
[planner_server-4] [INFO] [1756929763.993908084] [global_costmap.global_costmap]: Received request to clear entirely the global_costmap
[controller_server-2] [INFO] [1756929764.682571914] [controller_server]: Received a goal, begin computing control effort.
[controller_server-2] [WARN] [1756929764.683804648] [controller_server]: RegulatedPurePursuitController detected collision ahead!
[controller_server-2] [WARN] [1756929764.783956644] [controller_server]: RegulatedPurePursuitController detected collision ahead!
[controller_server-2] [WARN] [1756929764.883891687] [controller_server]: RegulatedPurePursuitController detected collision ahead!
[controller_server-2] [WARN] [1756929764.983752810] [controller_server]: RegulatedPurePursuitController detected collision ahead!
[controller_server-2] [WARN] [1756929765.084043565] [controller_server]: RegulatedPurePursuitController detected collision ahead!
[controller_server-2] [WARN] [1756929765.182987388] [controller_server]: RegulatedPurePursuitController detected collision ahead!
[controller_server-2] [WARN] [1756929765.283093769] [controller_server]: RegulatedPurePursuitController detected collision ahead!
[controller_server-2] [WARN] [1756929765.383908824] [controller_server]: RegulatedPurePursuitController detected collision ahead!
[controller_server-2] [WARN] [1756929765.483908292] [controller_server]: RegulatedPurePursuitController detected collision ahead!
[controller_server-2] [WARN] [1756929765.583952436] [controller_server]: RegulatedPurePursuitController detected collision ahead!
[controller_server-2] [WARN] [1756929765.683954112] [controller_server]: RegulatedPurePursuitController detected collision ahead!
[controller_server-2] [INFO] [1756929765.782802905] [controller_server]: Passing new path to controller.
[controller_server-2] [WARN] [1756929765.784411751] [controller_server]: RegulatedPurePursuitController detected collision ahead!
[controller_server-2] [WARN] [1756929765.883893035] [controller_server]: RegulatedPurePursuitController detected collision ahead!
[controller_server-2] [WARN] [1756929765.983858331] [controller_server]: RegulatedPurePursuitController detected collision ahead!
[controller_server-2] [WARN] [1756929766.083648778] [controller_server]: RegulatedPurePursuitController detected collision ahead!
[controller_server-2] [WARN] [1756929766.183971266] [controller_server]: RegulatedPurePursuitController detected collision ahead!
[controller_server-2] [WARN] [1756929766.283930380] [controller_server]: RegulatedPurePursuitController detected collision ahead!
[controller_server-2] [WARN] [1756929766.383887610] [controller_server]: RegulatedPurePursuitController detected collision ahead!
[controller_server-2] [WARN] [1756929766.483888762] [controller_server]: RegulatedPurePursuitController detected collision ahead!
[controller_server-2] [WARN] [1756929766.583965125] [controller_server]: RegulatedPurePursuitController detected collision ahead!
[controller_server-2] [WARN] [1756929766.683346572] [controller_server]: RegulatedPurePursuitController detected collision ahead!
[controller_server-2] [ERROR] [1756929766.683397789] [controller_server]: Controller patience exceeded
[controller_server-2] [WARN] [1756929766.683436317] [controller_server]: [follow_path] [ActionServer] Aborting handle.
[controller_server-2] [INFO] [1756929766.702174689] [local_costmap.local_costmap]: Received request to clear entirely the local_costmap
[controller_server-2] [INFO] [1756929766.704803382] [controller_server]: Received a goal, begin computing control effort.
[controller_server-2] [INFO] [1756929766.844992434] [controller_server]: Passing new path to controller.
[controller_server-2] [WARN] [1756929766.845746803] [controller_server]: RegulatedPurePursuitController detected collision ahead!
[controller_server-2] [WARN] [1756929766.845856494] [controller_server]: Control loop missed its desired rate of 10.0000Hz
[controller_server-2] [WARN] [1756929766.846371130] [controller_server]: RegulatedPurePursuitController detected collision ahead!
[controller_server-2] [WARN] [1756929766.906090866] [controller_server]: RegulatedPurePursuitController detected collision ahead!
[controller_server-2] [WARN] [1756929767.006120078] [controller_server]: RegulatedPurePursuitController detected collision ahead!
[controller_server-2] [WARN] [1756929767.106116672] [controller_server]: RegulatedPurePursuitController detected collision ahead!
[controller_server-2] [WARN] [1756929767.206093120] [controller_server]: RegulatedPurePursuitController detected collision ahead!
[controller_server-2] [WARN] [1756929767.306105544] [controller_server]: RegulatedPurePursuitController detected collision ahead!
[controller_server-2] [WARN] [1756929767.406145007] [controller_server]: RegulatedPurePursuitController detected collision ahead!
[controller_server-2] [WARN] [1756929767.506093307] [controller_server]: RegulatedPurePursuitController detected collision ahead!
[controller_server-2] [WARN] [1756929767.606121542] [controller_server]: RegulatedPurePursuitController detected collision ahead!
[controller_server-2] [WARN] [1756929767.706123073] [controller_server]: RegulatedPurePursuitController detected collision ahead!
[controller_server-2] [INFO] [1756929767.805011713] [controller_server]: Passing new path to controller.
[controller_server-2] [WARN] [1756929767.806431821] [controller_server]: RegulatedPurePursuitController detected collision ahead!
[controller_server-2] [WARN] [1756929767.906223509] [controller_server]: RegulatedPurePursuitController detected collision ahead!
[controller_server-2] [WARN] [1756929768.006203210] [controller_server]: RegulatedPurePursuitController detected collision ahead!
[controller_server-2] [WARN] [1756929768.106110102] [controller_server]: RegulatedPurePursuitController detected collision ahead!
[controller_server-2] [WARN] [1756929768.206113617] [controller_server]: RegulatedPurePursuitController detected collision ahead!
[controller_server-2] [WARN] [1756929768.306103050] [controller_server]: RegulatedPurePursuitController detected collision ahead!
[controller_server-2] [WARN] [1756929768.405497404] [controller_server]: RegulatedPurePursuitController detected collision ahead!
[controller_server-2] [WARN] [1756929768.505727144] [controller_server]: RegulatedPurePursuitController detected collision ahead!
[controller_server-2] [WARN] [1756929768.606036500] [controller_server]: RegulatedPurePursuitController detected collision ahead!
[controller_server-2] [WARN] [1756929768.705801835] [controller_server]: RegulatedPurePursuitController detected collision ahead!
[controller_server-2] [ERROR] [1756929768.705874207] [controller_server]: Controller patience exceeded
[controller_server-2] [WARN] [1756929768.705930708] [controller_server]: [follow_path] [ActionServer] Aborting handle.
[bt_navigator-6] [WARN] [1756929768.731864150] [bt_navigator]: [navigate_to_pose] [ActionServer] Aborting handle.
[bt_navigator-6] [ERROR] [1756929768.732074906] [bt_navigator]: Goal failed
[explore-10] [ERROR] [1756929785.175452988] [explore_node]: Extrapolation Error looking up robot pose: Lookup would require extrapolation into the future.  Requested time 1756929784.870711 but the latest data is at time 1756929784.869519, when looking up transform from frame [base_link] to frame [map]
[explore-10] 
[explore-10] [ERROR] [1756929788.341072071] [explore_node]: Extrapolation Error looking up robot pose: Lookup would require extrapolation into the future.  Requested time 1756929788.036383 but the latest data is at time 1756929788.019527, when looking up transform from frame [base_link] to frame [map]
[explore-10] 
[explore-10] [ERROR] [1756929796.737161592] [explore_node]: Extrapolation Error looking up robot pose: Lookup would require extrapolation into the future.  Requested time 1756929796.432800 but the latest data is at time 1756929796.419485, when looking up transform from frame [base_link] to frame [map]
[explore-10] 
[explore-10] [ERROR] [1756929803.125504230] [explore_node]: Extrapolation Error looking up robot pose: Lookup would require extrapolation into the future.  Requested time 1756929802.820142 but the latest data is at time 1756929802.769489, when looking up transform from frame [base_link] to frame [map]
[explore-10] 
[rviz2-11] [ERROR] [1756929807.799227768] [rviz2]: Lookup would require extrapolation into the future.  Requested time 1756929807.760245 but the latest data is at time 1756929807.719477, when looking up transform from frame [laser] to frame [map]
[explore-10] [ERROR] [1756929808.640761035] [explore_node]: Extrapolation Error looking up robot pose: Lookup would require extrapolation into the future.  Requested time 1756929808.336369 but the latest data is at time 1756929808.319519, when looking up transform from frame [base_link] to frame [map]
[explore-10] 
[explore-10] [ERROR] [1756929815.042564860] [explore_node]: Extrapolation Error looking up robot pose: L