[INFO] [launch]: All log files can be found below /home/robot/.ros/log/2025-09-02-19-06-56-868218-robot-pc04-24763
[INFO] [launch]: Default logging verbosity is set to INFO
[INFO] [async_slam_toolbox_node-1]: process started with pid [24776]
[INFO] [controller_server-2]: process started with pid [24778]
[INFO] [smoother_server-3]: process started with pid [24780]
[INFO] [planner_server-4]: process started with pid [24782]
[INFO] [behavior_server-5]: process started with pid [24784]
[INFO] [bt_navigator-6]: process started with pid [24786]
[INFO] [waypoint_follower-7]: process started with pid [24788]
[INFO] [velocity_smoother-8]: process started with pid [24790]
[INFO] [lifecycle_manager-9]: process started with pid [24792]
[INFO] [explore-10]: process started with pid [24794]
[INFO] [rviz2-11]: process started with pid [24796]
[async_slam_toolbox_node-1] [INFO] [1756832816.976053109] [slam]: Node using stack size 40000000
[smoother_server-3] [INFO] [1756832816.978668644] [smoother_server]: 
[smoother_server-3] 	smoother_server lifecycle node launched. 
[smoother_server-3] 	Waiting on external lifecycle transitions to activate
[smoother_server-3] 	See https://design.ros2.org/articles/node_lifecycle.html for more information.
[planner_server-4] [INFO] [1756832816.979510081] [planner_server]: 
[planner_server-4] 	planner_server lifecycle node launched. 
[planner_server-4] 	Waiting on external lifecycle transitions to activate
[planner_server-4] 	See https://design.ros2.org/articles/node_lifecycle.html for more information.
[controller_server-2] [INFO] [1756832816.980271223] [controller_server]: 
[controller_server-2] 	controller_server lifecycle node launched. 
[controller_server-2] 	Waiting on external lifecycle transitions to activate
[controller_server-2] 	See https://design.ros2.org/articles/node_lifecycle.html for more information.
[planner_server-4] [INFO] [1756832816.980435800] [planner_server]: Creating
[smoother_server-3] [INFO] [1756832816.981314998] [smoother_server]: Creating smoother server
[velocity_smoother-8] [INFO] [1756832816.981921850] [velocity_smoother]: 
[velocity_smoother-8] 	velocity_smoother lifecycle node launched. 
[velocity_smoother-8] 	Waiting on external lifecycle transitions to activate
[velocity_smoother-8] 	See https://design.ros2.org/articles/node_lifecycle.html for more information.
[controller_server-2] [INFO] [1756832816.982476699] [controller_server]: Creating controller server
[waypoint_follower-7] [INFO] [1756832816.983702338] [waypoint_follower]: 
[waypoint_follower-7] 	waypoint_follower lifecycle node launched. 
[waypoint_follower-7] 	Waiting on external lifecycle transitions to activate
[waypoint_follower-7] 	See https://design.ros2.org/articles/node_lifecycle.html for more information.
[behavior_server-5] [INFO] [1756832816.984112707] [behavior_server]: 
[behavior_server-5] 	behavior_server lifecycle node launched. 
[behavior_server-5] 	Waiting on external lifecycle transitions to activate
[behavior_server-5] 	See https://design.ros2.org/articles/node_lifecycle.html for more information.
[waypoint_follower-7] [INFO] [1756832816.984248560] [waypoint_follower]: Creating
[lifecycle_manager-9] [INFO] [1756832816.987421593] [lifecycle_manager_navigation]: Creating
[planner_server-4] [INFO] [1756832816.987635247] [global_costmap.global_costmap]: 
[planner_server-4] 	global_costmap lifecycle node launched. 
[planner_server-4] 	Waiting on external lifecycle transitions to activate
[planner_server-4] 	See https://design.ros2.org/articles/node_lifecycle.html for more information.
[planner_server-4] [INFO] [1756832816.987908747] [global_costmap.global_costmap]: Creating Costmap
[controller_server-2] [INFO] [1756832816.988863945] [local_costmap.local_costmap]: 
[controller_server-2] 	local_costmap lifecycle node launched. 
[controller_server-2] 	Waiting on external lifecycle transitions to activate
[controller_server-2] 	See https://design.ros2.org/articles/node_lifecycle.html for more information.
[lifecycle_manager-9] [INFO] [1756832816.989066844] [lifecycle_manager_navigation]: [34m[1mCreating and initializing lifecycle service clients[0m[0m
[controller_server-2] [INFO] [1756832816.989114730] [local_costmap.local_costmap]: Creating Costmap
[bt_navigator-6] [INFO] [1756832816.992285620] [bt_navigator]: 
[bt_navigator-6] 	bt_navigator lifecycle node launched. 
[bt_navigator-6] 	Waiting on external lifecycle transitions to activate
[bt_navigator-6] 	See https://design.ros2.org/articles/node_lifecycle.html for more information.
[bt_navigator-6] [INFO] [1756832816.992375625] [bt_navigator]: Creating
[explore-10] [INFO] [1756832816.992985515] [explore_node]: Waiting for costmap to become available, topic: map
[lifecycle_manager-9] [INFO] [1756832816.994521429] [lifecycle_manager_navigation]: [34m[1mStarting managed nodes bringup...[0m[0m
[lifecycle_manager-9] [INFO] [1756832816.994548311] [lifecycle_manager_navigation]: [34m[1mConfiguring controller_server[0m[0m
[async_slam_toolbox_node-1] [INFO] [1756832816.995906482] [slam]: Using solver plugin solver_plugins::CeresSolver
[async_slam_toolbox_node-1] [INFO] [1756832816.996082435] [slam]: CeresSolver: Using SCHUR_JACOBI preconditioner.
[controller_server-2] [INFO] [1756832817.114017032] [controller_server]: Configuring controller interface
[controller_server-2] [INFO] [1756832817.114170113] [controller_server]: getting goal checker plugins..
[controller_server-2] [INFO] [1756832817.114269296] [controller_server]: Controller frequency set to 10.0000Hz
[controller_server-2] [INFO] [1756832817.114298628] [local_costmap.local_costmap]: Configuring
[controller_server-2] [INFO] [1756832817.119718904] [local_costmap.local_costmap]: Using plugin "static_layer"
[controller_server-2] [INFO] [1756832817.123540205] [local_costmap.local_costmap]: Subscribing to the map topic (/map) with transient local durability
[controller_server-2] [INFO] [1756832817.124740103] [local_costmap.local_costmap]: Initialized plugin "static_layer"
[controller_server-2] [INFO] [1756832817.124768249] [local_costmap.local_costmap]: Using plugin "obstacle_layer"
[controller_server-2] [INFO] [1756832817.125066337] [local_costmap.local_costmap]: Subscribed to Topics: scan
[controller_server-2] [INFO] [1756832817.127722715] [local_costmap.local_costmap]: Initialized plugin "obstacle_layer"
[controller_server-2] [INFO] [1756832817.127745842] [local_costmap.local_costmap]: Using plugin "inflation_layer"
[controller_server-2] [INFO] [1756832817.128502152] [local_costmap.local_costmap]: Initialized plugin "inflation_layer"
[controller_server-2] [INFO] [1756832817.132802836] [controller_server]: Created progress_checker : progress_checker of type nav2_controller::SimpleProgressChecker
[controller_server-2] [INFO] [1756832817.133066686] [controller_server]: Created goal checker : goal_checker of type nav2_controller::SimpleGoalChecker
[controller_server-2] [INFO] [1756832817.133162331] [controller_server]: Controller Server has goal_checker  goal checkers available.
[controller_server-2] [INFO] [1756832817.133407013] [controller_server]: Created controller : FollowPath of type nav2_regulated_pure_pursuit_controller::RegulatedPurePursuitController
[controller_server-2] [INFO] [1756832817.134766811] [controller_server]: Controller Server has FollowPath  controllers available.
[lifecycle_manager-9] [INFO] [1756832817.137192153] [lifecycle_manager_navigation]: [34m[1mConfiguring smoother_server[0m[0m
[smoother_server-3] [INFO] [1756832817.137328472] [smoother_server]: Configuring smoother server
[smoother_server-3] [INFO] [1756832817.142088408] [smoother_server]: Created smoother : simple_smoother of type nav2_smoother::SimpleSmoother
[smoother_server-3] [INFO] [1756832817.142310218] [smoother_server]: Smoother Server has simple_smoother  smoothers available.
[lifecycle_manager-9] [INFO] [1756832817.145141473] [lifecycle_manager_navigation]: [34m[1mConfiguring planner_server[0m[0m
[planner_server-4] [INFO] [1756832817.145242710] [planner_server]: Configuring
[planner_server-4] [INFO] [1756832817.145262144] [global_costmap.global_costmap]: Configuring
[planner_server-4] [INFO] [1756832817.147155841] [global_costmap.global_costmap]: Using plugin "static_layer"
[planner_server-4] [INFO] [1756832817.148520651] [global_costmap.global_costmap]: Subscribing to the map topic (/map) with transient local durability
[planner_server-4] [INFO] [1756832817.148940426] [global_costmap.global_costmap]: Initialized plugin "static_layer"
[planner_server-4] [INFO] [1756832817.148950875] [global_costmap.global_costmap]: Using plugin "obstacle_layer"
[planner_server-4] [INFO] [1756832817.149067352] [global_costmap.global_costmap]: Subscribed to Topics: scan
[planner_server-4] [INFO] [1756832817.149965640] [global_costmap.global_costmap]: Initialized plugin "obstacle_layer"
[planner_server-4] [INFO] [1756832817.149974832] [global_costmap.global_costmap]: Using plugin "inflation_layer"
[planner_server-4] [INFO] [1756832817.150211927] [global_costmap.global_costmap]: Initialized plugin "inflation_layer"
[planner_server-4] [INFO] [1756832817.152827387] [planner_server]: Created global planner plugin GridBased of type nav2_navfn_planner/NavfnPlanner
[planner_server-4] [INFO] [1756832817.152840891] [planner_server]: Configuring plugin GridBased of type NavfnPlanner
[planner_server-4] [INFO] [1756832817.152983150] [planner_server]: Planner Server has GridBased  planners available.
[lifecycle_manager-9] [INFO] [1756832817.155602533] [lifecycle_manager_navigation]: [34m[1mConfiguring behavior_server[0m[0m
[behavior_server-5] [INFO] [1756832817.155765023] [behavior_server]: Configuring
[behavior_server-5] [INFO] [1756832817.160526565] [behavior_server]: Creating behavior plugin spin of type nav2_behaviors/Spin
[behavior_server-5] [INFO] [1756832817.161085244] [behavior_server]: Configuring spin
[behavior_server-5] [INFO] [1756832817.163702823] [behavior_server]: Creating behavior plugin backup of type nav2_behaviors/BackUp
[behavior_server-5] [INFO] [1756832817.164208002] [behavior_server]: Configuring backup
[behavior_server-5] [INFO] [1756832817.166290205] [behavior_server]: Creating behavior plugin drive_on_heading of type nav2_behaviors/DriveOnHeading
[behavior_server-5] [INFO] [1756832817.166844661] [behavior_server]: Configuring drive_on_heading
[behavior_server-5] [INFO] [1756832817.168881654] [behavior_server]: Creating behavior plugin wait of type nav2_behaviors/Wait
[behavior_server-5] [INFO] [1756832817.169331353] [behavior_server]: Configuring wait
[behavior_server-5] [INFO] [1756832817.171258706] [behavior_server]: Creating behavior plugin assisted_teleop of type nav2_behaviors/AssistedTeleop
[behavior_server-5] [INFO] [1756832817.171984431] [behavior_server]: Configuring assisted_teleop
[lifecycle_manager-9] [INFO] [1756832817.173587921] [lifecycle_manager_navigation]: [34m[1mConfiguring bt_navigator[0m[0m
[bt_navigator-6] [INFO] [1756832817.173701731] [bt_navigator]: Configuring
[lifecycle_manager-9] [INFO] [1756832817.188524960] [lifecycle_manager_navigation]: [34m[1mConfiguring waypoint_follower[0m[0m
[waypoint_follower-7] [INFO] [1756832817.188624656] [waypoint_follower]: Configuring
[waypoint_follower-7] [INFO] [1756832817.191801104] [waypoint_follower]: Created waypoint_task_executor : wait_at_waypoint of type nav2_waypoint_follower::WaitAtWaypoint
[lifecycle_manager-9] [INFO] [1756832817.192018651] [lifecycle_manager_navigation]: [34m[1mConfiguring velocity_smoother[0m[0m
[velocity_smoother-8] [INFO] [1756832817.192146262] [velocity_smoother]: Configuring velocity smoother
[lifecycle_manager-9] [INFO] [1756832817.193832803] [lifecycle_manager_navigation]: [34m[1mActivating controller_server[0m[0m
[controller_server-2] [INFO] [1756832817.193944895] [controller_server]: Activating
[controller_server-2] [INFO] [1756832817.193965226] [local_costmap.local_costmap]: Activating
[controller_server-2] [INFO] [1756832817.193970640] [local_costmap.local_costmap]: Checking transform
[controller_server-2] [INFO] [1756832817.193983318] [local_costmap.local_costmap]: Timed out waiting for transform from base_link to odom to become available, tf error: Invalid frame ID "odom" passed to canTransform argument target_frame - frame does not exist
[rviz2-11] [INFO] [1756832817.357873652] [rviz2]: Stereo is NOT SUPPORTED
[rviz2-11] [INFO] [1756832817.357929324] [rviz2]: OpenGl version: 4.6 (GLSL 4.6)
[rviz2-11] [INFO] [1756832817.381867732] [rviz2]: Stereo is NOT SUPPORTED
[controller_server-2] [INFO] [1756832817.694053924] [local_costmap.local_costmap]: Timed out waiting for transform from base_link to odom to become available, tf error: Invalid frame ID "odom" passed to canTransform argument target_frame - frame does not exist
[controller_server-2] [INFO] [1756832818.194064419] [local_costmap.local_costmap]: Timed out waiting for transform from base_link to odom to become available, tf error: Invalid frame ID "odom" passed to canTransform argument target_frame - frame does not exist
[controller_server-2] [INFO] [1756832818.694214548] [local_costmap.local_costmap]: start
[controller_server-2] [INFO] [1756832818.897126535] [controller_server]: Activating controller: FollowPath of type regulated_pure_pursuit_controller::RegulatedPurePursuitController
[controller_server-2] [INFO] [1756832818.897232715] [controller_server]: Creating bond (controller_server) to lifecycle manager.
[lifecycle_manager-9] [INFO] [1756832819.006987319] [lifecycle_manager_navigation]: Server controller_server connected with bond.
[lifecycle_manager-9] [INFO] [1756832819.007136875] [lifecycle_manager_navigation]: [34m[1mActivating smoother_server[0m[0m
[smoother_server-3] [INFO] [1756832819.007866567] [smoother_server]: Activating
[smoother_server-3] [INFO] [1756832819.007985872] [smoother_server]: Creating bond (smoother_server) to lifecycle manager.
[lifecycle_manager-9] [INFO] [1756832819.116153151] [lifecycle_manager_navigation]: Server smoother_server connected with bond.
[lifecycle_manager-9] [INFO] [1756832819.116210427] [lifecycle_manager_navigation]: [34m[1mActivating planner_server[0m[0m
[planner_server-4] [INFO] [1756832819.116469944] [planner_server]: Activating
[planner_server-4] [INFO] [1756832819.116502585] [global_costmap.global_costmap]: Activating
[planner_server-4] [INFO] [1756832819.116510537] [global_costmap.global_costmap]: Checking transform
[planner_server-4] [INFO] [1756832819.116528263] [global_costmap.global_costmap]: Timed out waiting for transform from base_link to map to become available, tf error: Invalid frame ID "map" passed to canTransform argument target_frame - frame does not exist
[planner_server-4] [INFO] [1756832819.616592669] [global_costmap.global_costmap]: Timed out waiting for transform from base_link to map to become available, tf error: Invalid frame ID "map" passed to canTransform argument target_frame - frame does not exist
[planner_server-4] [INFO] [1756832820.116582467] [global_costmap.global_costmap]: Timed out waiting for transform from base_link to map to become available, tf error: Invalid frame ID "map" passed to canTransform argument target_frame - frame does not exist
[planner_server-4] [INFO] [1756832820.616617991] [global_costmap.global_costmap]: Timed out waiting for transform from base_link to map to become available, tf error: Invalid frame ID "map" passed to canTransform argument target_frame - frame does not exist
[controller_server-2] [WARN] [1756832820.694377245] [local_costmap.local_costmap]: Can't update static costmap layer, no map received
[planner_server-4] [INFO] [1756832821.116602295] [global_costmap.global_costmap]: Timed out waiting for transform from base_link to map to become available, tf error: Invalid frame ID "map" passed to canTransform argument target_frame - frame does not exist
[planner_server-4] [INFO] [1756832821.616573316] [global_costmap.global_costmap]: Timed out waiting for transform from base_link to map to become available, tf error: Invalid frame ID "map" passed to canTransform argument target_frame - frame does not exist
[planner_server-4] [INFO] [1756832822.116594989] [global_costmap.global_costmap]: Timed out waiting for transform from base_link to map to become available, tf error: Invalid frame ID "map" passed to canTransform argument target_frame - frame does not exist
[planner_server-4] [INFO] [1756832822.616595875] [global_costmap.global_costmap]: Timed out waiting for transform from base_link to map to become available, tf error: Invalid frame ID "map" passed to canTransform argument target_frame - frame does not exist
[controller_server-2] [WARN] [1756832822.694439682] [local_costmap.local_costmap]: Can't update static costmap layer, no map received
[planner_server-4] [INFO] [1756832823.116606210] [global_costmap.global_costmap]: Timed out waiting for transform from base_link to map to become available, tf error: Invalid frame ID "map" passed to canTransform argument target_frame - frame does not exist
[planner_server-4] [INFO] [1756832823.616607367] [global_costmap.global_costmap]: Timed out waiting for transform from base_link to map to become available, tf error: Invalid frame ID "map" passed to canTransform argument target_frame - frame does not exist
[planner_server-4] [INFO] [1756832824.116581254] [global_costmap.global_costmap]: Timed out waiting for transform from base_link to map to become available, tf error: Invalid frame ID "map" passed to canTransform argument target_frame - frame does not exist
[planner_server-4] [INFO] [1756832824.616605988] [global_costmap.global_costmap]: Timed out waiting for transform from base_link to map to become available, tf error: Invalid frame ID "map" passed to canTransform argument target_frame - frame does not exist
[controller_server-2] [WARN] [1756832824.694495155] [local_costmap.local_costmap]: Can't update static costmap layer, no map received
[planner_server-4] [INFO] [1756832825.116604337] [global_costmap.global_costmap]: Timed out waiting for transform from base_link to map to become available, tf error: Invalid frame ID "map" passed to canTransform argument target_frame - frame does not exist
[planner_server-4] [INFO] [1756832825.616598181] [global_costmap.global_costmap]: Timed out waiting for transform from base_link to map to become available, tf error: Invalid frame ID "map" passed to canTransform argument target_frame - frame does not exist
[planner_server-4] [INFO] [1756832826.116598364] [global_costmap.global_costmap]: Timed out waiting for transform from base_link to map to become available, tf error: Invalid frame ID "map" passed to canTransform argument target_frame - frame does not exist
[planner_server-4] [INFO] [1756832826.616597353] [global_costmap.global_costmap]: Timed out waiting for transform from base_link to map to become available, tf error: Invalid frame ID "map" passed to canTransform argument target_frame - frame does not exist
[controller_server-2] [WARN] [1756832826.694429848] [local_costmap.local_costmap]: Can't update static costmap layer, no map received
[planner_server-4] [INFO] [1756832827.116596944] [global_costmap.global_costmap]: Timed out waiting for transform from base_link to map to become available, tf error: Invalid frame ID "map" passed to canTransform argument target_frame - frame does not exist
[planner_server-4] [INFO] [1756832827.616598106] [global_costmap.global_costmap]: Timed out waiting for transform from base_link to map to become available, tf error: Invalid frame ID "map" passed to canTransform argument target_frame - frame does not exist
[async_slam_toolbox_node-1] [WARN] [1756832827.775092439] [slam]: minimum laser range setting (0.0 m) exceeds the capabilities of the used Lidar (0.1 m)
[planner_server-4] [INFO] [1756832828.116791890] [global_costmap.global_costmap]: start
[controller_server-2] [WARN] [1756832828.694495608] [local_costmap.local_costmap]: Can't update static costmap layer, no map received
[controller_server-2] [INFO] [1756832829.001869808] [local_costmap.local_costmap]: StaticLayer: Resizing static layer to 59 X 62 at 0.040000 m/pix
[planner_server-4] [INFO] [1756832829.002044181] [global_costmap.global_costmap]: StaticLayer: Resizing costmap to 59 X 62 at 0.040000 m/pix
[rviz2-11] [INFO] [1756832829.008549707] [rviz2]: Trying to create a map of size 59 x 62 using 1 swatches
[planner_server-4] [INFO] [1756832829.118461879] [planner_server]: Activating plugin GridBased of type NavfnPlanner
[planner_server-4] [INFO] [1756832829.120738057] [planner_server]: Creating bond (planner_server) to lifecycle manager.
[rviz2-11] [INFO] [1756832829.136963698] [rviz2]: Trying to create a map of size 59 x 62 using 1 swatches
[lifecycle_manager-9] [INFO] [1756832829.227568229] [lifecycle_manager_navigation]: Server planner_server connected with bond.
[lifecycle_manager-9] [INFO] [1756832829.227667371] [lifecycle_manager_navigation]: [34m[1mActivating behavior_server[0m[0m
[behavior_server-5] [INFO] [1756832829.228427797] [behavior_server]: Activating
[behavior_server-5] [INFO] [1756832829.228505805] [behavior_server]: Activating spin
[behavior_server-5] [INFO] [1756832829.228533186] [behavior_server]: Activating backup
[behavior_server-5] [INFO] [1756832829.228551572] [behavior_server]: Activating drive_on_heading
[behavior_server-5] [INFO] [1756832829.228570591] [behavior_server]: Activating wait
[behavior_server-5] [INFO] [1756832829.228587813] [behavior_server]: Activating assisted_teleop
[behavior_server-5] [INFO] [1756832829.228613088] [behavior_server]: Creating bond (behavior_server) to lifecycle manager.
[lifecycle_manager-9] [INFO] [1756832829.336824339] [lifecycle_manager_navigation]: Server behavior_server connected with bond.
[lifecycle_manager-9] [INFO] [1756832829.336922838] [lifecycle_manager_navigation]: [34m[1mActivating bt_navigator[0m[0m
[bt_navigator-6] [INFO] [1756832829.337521225] [bt_navigator]: Activating
[bt_navigator-6] [INFO] [1756832829.383239757] [bt_navigator]: Creating bond (bt_navigator) to lifecycle manager.
[controller_server-2] [ERROR] [1756832829.398915356] [local_costmap.local_costmap]: StaticLayer: "map" passed to lookupTransform argument target_frame does not exist. 
[lifecycle_manager-9] [INFO] [1756832829.484925511] [lifecycle_manager_navigation]: Server bt_navigator connected with bond.
[lifecycle_manager-9] [INFO] [1756832829.485014622] [lifecycle_manager_navigation]: [34m[1mActivating waypoint_follower[0m[0m
[waypoint_follower-7] [INFO] [1756832829.485603536] [waypoint_follower]: Activating
[waypoint_follower-7] [INFO] [1756832829.485686615] [waypoint_follower]: Creating bond (waypoint_follower) to lifecycle manager.
[lifecycle_manager-9] [INFO] [1756832829.593847544] [lifecycle_manager_navigation]: Server waypoint_follower connected with bond.
[lifecycle_manager-9] [INFO] [1756832829.593939562] [lifecycle_manager_navigation]: [34m[1mActivating velocity_smoother[0m[0m
[velocity_smoother-8] [INFO] [1756832829.594658537] [velocity_smoother]: Activating
[velocity_smoother-8] [INFO] [1756832829.594791612] [velocity_smoother]: Creating bond (velocity_smoother) to lifecycle manager.
[controller_server-2] [ERROR] [1756832829.702400528] [local_costmap.local_costmap]: StaticLayer: "map" passed to lookupTransform argument target_frame does not exist. 
[lifecycle_manager-9] [INFO] [1756832829.703781671] [lifecycle_manager_navigation]: Server velocity_smoother connected with bond.
[lifecycle_manager-9] [INFO] [1756832829.703873101] [lifecycle_manager_navigation]: [34m[1mManaged nodes are active[0m[0m
[lifecycle_manager-9] [INFO] [1756832829.703896056] [lifecycle_manager_navigation]: [34m[1mCreating bond timer...[0m[0m
[controller_server-2] [ERROR] [1756832830.006559860] [local_costmap.local_costmap]: StaticLayer: "map" passed to lookupTransform argument target_frame does not exist. 
[controller_server-2] [ERROR] [1756832830.405467929] [local_costmap.local_costmap]: StaticLayer: "map" passed to lookupTransform argument target_frame does not exist. 
[explore-10] [INFO] [1756832831.016745195] [explore_node]: Waiting to connect to move_base nav2 server
[explore-10] [INFO] [1756832831.017301396] [explore_node]: Connected to move_base nav2 server
[explore-10] [INFO] [1756832831.017333001] [explore_node]: Getting initial pose of the robot
[explore-10] [ERROR] [1756832831.321160550] [explore_node]: Extrapolation Error looking up robot pose: Lookup would require extrapolation into the future.  Requested time 1756832831.017463 but the latest data is at time 1756832829.264769, when looking up transform from frame [base_link] to frame [map]
[explore-10] 
[explore-10] [ERROR] [1756832831.321274023] [explore_node]: [FrontierSearch] Robot out of costmap bounds, cannot search for frontiers
[explore-10] [WARN] [1756832831.321312741] [explore_node]: No frontiers found, stopping.
[explore-10] [INFO] [1756832831.437282134] [map_saver]: 
[explore-10] 	map_saver lifecycle node launched. 
[explore-10] 	Waiting on external lifecycle transitions to activate
[explore-10] 	See https://design.ros2.org/articles/node_lifecycle.html for more information.
[explore-10] [INFO] [1756832831.437384251] [map_saver]: Creating
[explore-10] [INFO] [1756832831.437496279] [map_saver]: Configuring
[explore-10] [INFO] [1756832831.438556693] [map_saver]: Saving map from 'map' topic to '/home/robot/Documents/map' file
[explore-10] [WARN] [1756832831.438578896] [map_saver]: Free threshold unspecified. Setting it to default value: 0.250000
[explore-10] [WARN] [1756832831.438589423] [map_saver]: Occupied threshold unspecified. Setting it to default value: 0.650000
[explore-10] [WARN] [1756832831.695576456] [map_io]: Image format unspecified. Setting it to: pgm
[explore-10] [INFO] [1756832831.695731278] [map_io]: Received a 59 X 62 map @ 0.04 m/pix
[explore-10] [INFO] [1756832831.746347361] [map_io]: Writing map occupancy data to /home/robot/Documents/map.pgm
[explore-10] [INFO] [1756832831.748232962] [map_io]: Writing map metadata to /home/robot/Documents/map.yaml
[explore-10] [INFO] [1756832831.748715247] [map_io]: Map saved
[explore-10] [INFO] [1756832831.748741449] [map_saver]: Map saved successfully
[explore-10] [INFO] [1756832831.752554208] [map_saver]: Destroying
[explore-10] [INFO] [1756832831.901510779] [explore_node]: Map saved successfully.
[explore-10] [INFO] [1756832831.901542273] [explore_node]: Exploration stopped.
[explore-10] [INFO] [1756832831.901604934] [explore_node]: Returning to initial pose.
[bt_navigator-6] [INFO] [1756832831.902072491] [bt_navigator]: Begin navigating from current location (0.86, 0.21) to (0.86, 0.21)
[controller_server-2] [INFO] [1756832831.923341864] [controller_server]: Received a goal, begin computing control effort.
[controller_server-2] [WARN] [1756832831.923480334] [controller_server]: No goal checker was specified in parameter 'current_goal_checker'. Server will use only plugin loaded goal_checker . This warning will appear once.
[controller_server-2] [ERROR] [1756832832.025040185] [controller_server]: Exception in transformPose: Lookup would require extrapolation into the past.  Requested time 1756832825.394750 but the earliest data is at time 1756832827.809131, when looking up transform from frame [odom] to frame [map]
[controller_server-2] [WARN] [1756832832.025172657] [controller_server]: Unable to transform robot pose into global plan's frame
[controller_server-2] [ERROR] [1756832832.025410176] [tf_help]: Transform data too old when converting from map to odom
[controller_server-2] [ERROR] [1756832832.025421510] [tf_help]: Data time: 1756832831s 902354151ns, Transform time: 1756832829s 264768486ns
[controller_server-2] [WARN] [1756832832.025434815] [controller_server]: Control loop missed its desired rate of 10.0000Hz
[controller_server-2] [ERROR] [1756832832.126505608] [controller_server]: Exception in transformPose: Lookup would require extrapolation into the past.  Requested time 1756832826.294718 but the earliest data is at time 1756832827.809131, when looking up transform from frame [odom] to frame [map]
[controller_server-2] [WARN] [1756832832.126673835] [controller_server]: Unable to transform robot pose into global plan's frame
[controller_server-2] [ERROR] [1756832832.126893631] [tf_help]: Transform data too old when converting from map to odom
[controller_server-2] [ERROR] [1756832832.126908182] [tf_help]: Data time: 1756832831s 902354151ns, Transform time: 1756832829s 264768486ns
[controller_server-2] [WARN] [1756832832.126924385] [controller_server]: Control loop missed its desired rate of 10.0000Hz
[controller_server-2] [ERROR] [1756832832.229512339] [controller_server]: Exception in transformPose: Lookup would require extrapolation into the past.  Requested time 1756832826.294718 but the earliest data is at time 1756832827.809131, when looking up transform from frame [odom] to frame [map]
[controller_server-2] [WARN] [1756832832.229632815] [controller_server]: Unable to transform robot pose into global plan's frame
[controller_server-2] [ERROR] [1756832832.229854953] [tf_help]: Transform data too old when converting from map to odom
[controller_server-2] [ERROR] [1756832832.229870253] [tf_help]: Data time: 1756832831s 902354151ns, Transform time: 1756832829s 264768486ns
[controller_server-2] [WARN] [1756832832.229886186] [controller_server]: Control loop missed its desired rate of 10.0000Hz
[rviz2-11] [INFO] [1756832832.242294366] [rviz2]: Trying to create a map of size 100 x 100 using 1 swatches
[controller_server-2] [ERROR] [1756832832.331375702] [controller_server]: Exception in transformPose: Lookup would require extrapolation into the past.  Requested time 1756832826.294718 but the earliest data is at time 1756832827.809131, when looking up transform from frame [odom] to frame [map]
[controller_server-2] [WARN] [1756832832.331575642] [controller_server]: Unable to transform robot pose into global plan's frame
[controller_server-2] [ERROR] [1756832832.331966055] [tf_help]: Transform data too old when converting from map to odom
[controller_server-2] [ERROR] [1756832832.332019868] [tf_help]: Data time: 1756832831s 902354151ns, Transform time: 1756832829s 264768486ns
[controller_server-2] [WARN] [1756832832.332046807] [controller_server]: Control loop missed its desired rate of 10.0000Hz
[controller_server-2] [ERROR] [1756832832.434443327] [controller_server]: Exception in transformPose: Lookup would require extrapolation into the past.  Requested time 1756832826.294718 but the earliest data is at time 1756832827.809131, when looking up transform from frame [odom] to frame [map]
[controller_server-2] [WARN] [1756832832.434587092] [controller_server]: Unable to transform robot pose into global plan's frame
[controller_server-2] [ERROR] [1756832832.434838020] [tf_help]: Transform data too old when converting from map to odom
[controller_server-2] [ERROR] [1756832832.434854054] [tf_help]: Data time: 1756832831s 902354151ns, Transform time: 1756832829s 264768486ns
[controller_server-2] [WARN] [1756832832.434870872] [controller_server]: Control loop missed its desired rate of 10.0000Hz
[controller_server-2] [ERROR] [1756832832.536152583] [controller_server]: Exception in transformPose: Lookup would require extrapolation into the past.  Requested time 1756832826.294718 but the earliest data is at time 1756832827.809131, when looking up transform from frame [odom] to frame [map]
[controller_server-2] [WARN] [1756832832.536272154] [controller_server]: Unable to transform robot pose into global plan's frame
[controller_server-2] [ERROR] [1756832832.536494963] [tf_help]: Transform data too old when converting from map to odom
[controller_server-2] [ERROR] [1756832832.536509330] [tf_help]: Data time: 1756832831s 902354151ns, Transform time: 1756832829s 264768486ns
[controller_server-2] [WARN] [1756832832.536525175] [controller_server]: Control loop missed its desired rate of 10.0000Hz
[controller_server-2] [ERROR] [1756832832.639389539] [controller_server]: Exception in transformPose: Lookup would require extrapolation into the past.  Requested time 1756832826.294718 but the earliest data is at time 1756832827.809131, when looking up transform from frame [odom] to frame [map]
[controller_server-2] [WARN] [1756832832.639507070] [controller_server]: Unable to transform robot pose into global plan's frame
[controller_server-2] [ERROR] [1756832832.639738916] [tf_help]: Transform data too old when converting from map to odom
[controller_server-2] [ERROR] [1756832832.639753703] [tf_help]: Data time: 1756832831s 902354151ns, Transform time: 1756832829s 264768486ns
[controller_server-2] [WARN] [1756832832.639769758] [controller_server]: Control loop missed its desired rate of 10.0000Hz
[controller_server-2] [ERROR] [1756832832.740986042] [controller_server]: Exception in transformPose: Lookup would require extrapolation into the past.  Requested time 1756832826.294718 but the earliest data is at time 1756832827.809131, when looking up transform from frame [odom] to frame [map]
[controller_server-2] [WARN] [1756832832.741115992] [controller_server]: Unable to transform robot pose into global plan's frame
[controller_server-2] [ERROR] [1756832832.741393401] [tf_help]: Transform data too old when converting from map to odom
[controller_server-2] [ERROR] [1756832832.741418021] [tf_help]: Data time: 1756832831s 902354151ns, Transform time: 1756832829s 264768486ns
[controller_server-2] [WARN] [1756832832.741438664] [controller_server]: Control loop missed its desired rate of 10.0000Hz
[controller_server-2] [ERROR] [1756832832.843900599] [controller_server]: Exception in transformPose: Lookup would require extrapolation into the past.  Requested time 1756832826.294718 but the earliest data is at time 1756832827.809131, when looking up transform from frame [odom] to frame [map]
[controller_server-2] [WARN] [1756832832.844045846] [controller_server]: Unable to transform robot pose into global plan's frame
[controller_server-2] [ERROR] [1756832832.844386887] [tf_help]: Transform data too old when converting from map to odom
[controller_server-2] [ERROR] [1756832832.844415384] [tf_help]: Data time: 1756832831s 902354151ns, Transform time: 1756832829s 264768486ns
[controller_server-2] [WARN] [1756832832.844440599] [controller_server]: Control loop missed its desired rate of 10.0000Hz
[controller_server-2] [ERROR] [1756832832.945965667] [controller_server]: Exception in transformPose: Lookup would require extrapolation into the past.  Requested time 1756832826.294718 but the earliest data is at time 1756832827.809131, when looking up transform from frame [odom] to frame [map]
[controller_server-2] [WARN] [1756832832.946111206] [controller_server]: Unable to transform robot pose into global plan's frame
[controller_server-2] [ERROR] [1756832832.946436798] [tf_help]: Transform data too old when converting from map to odom
[controller_server-2] [ERROR] [1756832832.946466847] [tf_help]: Data time: 1756832831s 902354151ns, Transform time: 1756832829s 264768486ns
[controller_server-2] [WARN] [1756832832.946491399] [controller_server]: Control loop missed its desired rate of 10.0000Hz
[controller_server-2] [ERROR] [1756832833.049246010] [controller_server]: Exception in transformPose: Lookup would require extrapolation into the past.  Requested time 1756832826.294718 but the earliest data is at time 1756832827.809131, when looking up transform from frame [odom] to frame [map]
[controller_server-2] [WARN] [1756832833.049393842] [controller_server]: Unable to transform robot pose into global plan's frame
[controller_server-2] [ERROR] [1756832833.049757121] [tf_help]: Transform data too old when converting from map to odom
[controller_server-2] [ERROR] [1756832833.049785474] [tf_help]: Data time: 1756832831s 902354151ns, Transform time: 1756832829s 264768486ns
[controller_server-2] [WARN] [1756832833.049808759] [controller_server]: Control loop missed its desired rate of 10.0000Hz
[controller_server-2] [INFO] [1756832833.049857560] [controller_server]: Passing new path to controller.
[controller_server-2] [ERROR] [1756832833.151626067] [controller_server]: Exception in transformPose: Lookup would require extrapolation into the past.  Requested time 1756832826.294718 but the earliest data is at time 1756832827.809131, when looking up transform from frame [odom] to frame [map]
[controller_server-2] [WARN] [1756832833.151779829] [controller_server]: Unable to transform robot pose into global plan's frame
[controller_server-2] [ERROR] [1756832833.152111366] [tf_help]: Transform data too old when converting from map to odom
[controller_server-2] [ERROR] [1756832833.152139293] [tf_help]: Data time: 1756832832s 932841790ns, Transform time: 1756832829s 264768486ns
[controller_server-2] [WARN] [1756832833.152163391] [controller_server]: Control loop missed its desired rate of 10.0000Hz
[controller_server-2] [ERROR] [1756832833.254792858] [controller_server]: Exception in transformPose: Lookup would require extrapolation into the past.  Requested time 1756832826.294718 but the earliest data is at time 1756832827.809131, when looking up transform from frame [odom] to frame [map]
[controller_server-2] [WARN] [1756832833.254976163] [controller_server]: Unable to transform robot pose into global plan's frame
[controller_server-2] [ERROR] [1756832833.255342146] [tf_help]: Transform data too old when converting from map to odom
[controller_server-2] [ERROR] [1756832833.255916593] [tf_help]: Data time: 1756832832s 932841790ns, Transform time: 1756832829s 264768486ns
[controller_server-2] [WARN] [1756832833.255954362] [controller_server]: Control loop missed its desired rate of 10.0000Hz
[controller_server-2] [ERROR] [1756832833.357436468] [controller_server]: Exception in transformPose: Lookup would require extrapolation into the past.  Requested time 1756832826.294718 but the earliest data is at time 1756832827.809131, when looking up transform from frame [odom] to frame [map]
[controller_server-2] [WARN] [1756832833.357594314] [controller_server]: Unable to transform robot pose into global plan's frame
[controller_server-2] [ERROR] [1756832833.357928588] [tf_help]: Transform data too old when converting from map to odom
[controller_server-2] [ERROR] [1756832833.357956401] [tf_help]: Data time: 1756832832s 932841790ns, Transform time: 1756832829s 264768486ns
[controller_server-2] [WARN] [1756832833.357981075] [controller_server]: Control loop missed its desired rate of 10.0000Hz
[controller_server-2] [ERROR] [1756832833.460935591] [controller_server]: Exception in transformPose: Lookup would require extrapolation into the past.  Requested time 1756832826.294718 but the earliest data is at time 1756832827.809131, when looking up transform from frame [odom] to frame [map]
[controller_server-2] [WARN] [1756832833.461092021] [controller_server]: Unable to transform robot pose into global plan's frame
[controller_server-2] [ERROR] [1756832833.461460839] [tf_help]: Transform data too old when converting from map to odom
[controller_server-2] [ERROR] [1756832833.461494662] [tf_help]: Data time: 1756832832s 932841790ns, Transform time: 1756832829s 264768486ns
[controller_server-2] [WARN] [1756832833.461521390] [controller_server]: Control loop missed its desired rate of 10.0000Hz
[controller_server-2] [ERROR] [1756832833.563120998] [controller_server]: Exception in transformPose: Lookup would require extrapolation into the past.  Requested time 1756832826.294718 but the earliest data is at time 1756832827.809131, when looking up transform from frame [odom] to frame [map]
[controller_server-2] [WARN] [1756832833.563270505] [controller_server]: Unable to transform robot pose into global plan's frame
[controller_server-2] [ERROR] [1756832833.563631368] [tf_help]: Transform data too old when converting from map to odom
[controller_server-2] [ERROR] [1756832833.563655101] [tf_help]: Data time: 1756832832s 932841790ns, Transform time: 1756832829s 264768486ns
[controller_server-2] [WARN] [1756832833.563676597] [controller_server]: Control loop missed its desired rate of 10.0000Hz
[controller_server-2] [ERROR] [1756832833.665797269] [controller_server]: Exception in transformPose: Lookup would require extrapolation into the past.  Requested time 1756832826.294718 but the earliest data is at time 1756832827.809131, when looking up transform from frame [odom] to frame [map]
[controller_server-2] [WARN] [1756832833.665892191] [controller_server]: Unable to transform robot pose into global plan's frame
[controller_server-2] [ERROR] [1756832833.666118927] [tf_help]: Transform data too old when converting from map to odom
[controller_server-2] [ERROR] [1756832833.666133160] [tf_help]: Data time: 1756832832s 932841790ns, Transform time: 1756832829s 264768486ns
[controller_server-2] [WARN] [1756832833.666147746] [controller_server]: Control loop missed its desired rate of 10.0000Hz
[controller_server-2] [ERROR] [1756832833.767329638] [controller_server]: Exception in transformPose: Lookup would require extrapolation into the past.  Requested time 1756832826.294718 but the earliest data is at time 1756832827.809131, when looking up transform from frame [odom] to frame [map]
[controller_server-2] [WARN] [1756832833.767460868] [controller_server]: Unable to transform robot pose into global plan's frame
[controller_server-2] [ERROR] [1756832833.767678043] [tf_help]: Transform data too old when converting from map to odom
[controller_server-2] [ERROR] [1756832833.767693238] [tf_help]: Data time: 1756832832s 932841790ns, Transform time: 1756832829s 264768486ns
[controller_server-2] [WARN] [1756832833.767709754] [controller_server]: Control loop missed its desired rate of 10.0000Hz
[controller_server-2] [ERROR] [1756832833.870085872] [controller_server]: Exception in transformPose: Lookup would require extrapolation into the past.  Requested time 1756832826.294718 but the earliest data is at time 1756832827.809131, when looking up transform from frame [odom] to frame [map]
[controller_server-2] [WARN] [1756832833.870206476] [controller_server]: Unable to transform robot pose into global plan's frame
[controller_server-2] [ERROR] [1756832833.870477256] [tf_help]: Transform data too old when converting from map to odom
[controller_server-2] [ERROR] [1756832833.870492771] [tf_help]: Data time: 1756832832s 932841790ns, Transform time: 1756832829s 264768486ns
[controller_server-2] [WARN] [1756832833.870508573] [controller_server]: Control loop missed its desired rate of 10.0000Hz
[controller_server-2] [ERROR] [1756832833.971764090] [controller_server]: Exception in transformPose: Lookup would require extrapolation into the past.  Requested time 1756832826.294718 but the earliest data is at time 1756832827.809131, when looking up transform from frame [odom] to frame [map]
[controller_server-2] [WARN] [1756832833.971921526] [controller_server]: Unable to transform robot pose into global plan's frame
[controller_server-2] [ERROR] [1756832833.972027909] [controller_server]: Controller patience exceeded
[controller_server-2] [WARN] [1756832833.972166324] [controller_server]: [follow_path] [ActionServer] Aborting handle.
[controller_server-2] [INFO] [1756832833.982693607] [controller_server]: Received a goal, begin computing control effort.
[controller_server-2] [ERROR] [1756832834.083972694] [controller_server]: Exception in transformPose: Lookup would require extrapolation into the past.  Requested time 1756832826.294718 but the earliest data is at time 1756832827.809131, when looking up transform from frame [odom] to frame [map]
[controller_server-2] [WARN] [1756832834.084100370] [controller_server]: Unable to transform robot pose into global plan's frame
[controller_server-2] [ERROR] [1756832834.084275486] [tf_help]: Transform data too old when converting from map to odom
[controller_server-2] [ERROR] [1756832834.084287612] [tf_help]: Data time: 1756832833s 962839462ns, Transform time: 1756832829s 264768486ns
[controller_server-2] [WARN] [1756832834.084301589] [controller_server]: Control loop missed its desired rate of 10.0000Hz
[controller_server-2] [ERROR] [1756832834.185385870] [controller_server]: Exception in transformPose: Lookup would require extrapolation into the past.  Requested time 1756832826.294718 but the earliest data is at time 1756832827.809131, when looking up transform from frame [odom] to frame [map]
[controller_server-2] [WARN] [1756832834.185546294] [controller_server]: Unable to transform robot pose into global plan's frame
[controller_server-2] [ERROR] [1756832834.185864788] [tf_help]: Transform data too old when converting from map to odom
[controller_server-2] [ERROR] [1756832834.185887066] [tf_help]: Data time: 1756832833s 962839462ns, Transform time: 1756832829s 264768486ns
[controller_server-2] [WARN] [1756832834.185911506] [controller_server]: Control loop missed its desired rate of 10.0000Hz
[controller_server-2] [ERROR] [1756832834.288413049] [controller_server]: Exception in transformPose: Lookup would require extrapolation into the past.  Requested time 1756832826.294718 but the earliest data is at time 1756832827.809131, when looking up transform from frame [odom] to frame [map]
[controller_server-2] [WARN] [1756832834.288512291] [controller_server]: Unable to transform robot pose into global plan's frame
[controller_server-2] [ERROR] [1756832834.288675156] [tf_help]: Transform data too old when converting from map to odom
[controller_server-2] [ERROR] [1756832834.288684695] [tf_help]: Data time: 1756832833s 962839462ns, Transform time: 1756832829s 264768486ns
[controller_server-2] [WARN] [1756832834.288695905] [controller_server]: Control loop missed its desired rate of 10.0000Hz
[controller_server-2] [ERROR] [1756832834.390004107] [controller_server]: Exception in transformPose: Lookup would require extrapolation into the past.  Requested time 1756832826.294718 but the earliest data is at time 1756832827.809131, when looking up transform from frame [odom] to frame [map]
[controller_server-2] [WARN] [1756832834.390062125] [controller_server]: Unable to transform robot pose into global plan's frame
[controller_server-2] [ERROR] [1756832834.390143679] [tf_help]: Transform data too old when converting from map to odom
[controller_server-2] [ERROR] [1756832834.390149427] [tf_help]: Data time: 1756832833s 962839462ns, Transform time: 1756832829s 264768486ns
[controller_server-2] [WARN] [1756832834.390155351] [controller_server]: Control loop missed its desired rate of 10.0000Hz
[controller_server-2] [ERROR] [1756832834.491590113] [controller_server]: Exception in transformPose: Lookup would require extrapolation into the past.  Requested time 1756832826.294718 but the earliest data is at time 1756832827.809131, when looking up transform from frame [odom] to frame [map]
[controller_server-2] [WARN] [1756832834.491704776] [controller_server]: Unable to transform robot pose into global plan's frame
[controller_server-2] [ERROR] [1756832834.492052737] [tf_help]: Transform data too old when converting from map to odom
[controller_server-2] [ERROR] [1756832834.492069643] [tf_help]: Data time: 1756832833s 962839462ns, Transform time: 1756832829s 264768486ns
[controller_server-2] [WARN] [1756832834.492086368] [controller_server]: Control loop missed its desired rate of 10.0000Hz
[controller_server-2] [ERROR] [1756832834.593190930] [controller_server]: Exception in transformPose: Lookup would require extrapolation into the past.  Requested time 1756832826.294718 but the earliest data is at time 1756832827.809131, when looking up transform from frame [odom] to frame [map]
[controller_server-2] [WARN] [1756832834.593297523] [controller_server]: Unable to transform robot pose into global plan's frame
[controller_server-2] [ERROR] [1756832834.593507535] [tf_help]: Transform data too old when converting from map to odom
[controller_server-2] [ERROR] [1756832834.593522133] [tf_help]: Data time: 1756832833s 962839462ns, Transform time: 1756832829s 264768486ns
[controller_server-2] [WARN] [1756832834.593537774] [controller_server]: Control loop missed its desired rate of 10.0000Hz
[controller_server-2] [ERROR] [1756832834.695850534] [controller_server]: Exception in transformPose: Lookup would require extrapolation into the past.  Requested time 1756832826.294718 but the earliest data is at time 1756832827.809131, when looking up transform from frame [odom] to frame [map]
[controller_server-2] [WARN] [1756832834.695971431] [controller_server]: Unable to transform robot pose into global plan's frame
[controller_server-2] [ERROR] [1756832834.696190273] [tf_help]: Transform data too old when converting from map to odom
[controller_server-2] [ERROR] [1756832834.696204836] [tf_help]: Data time: 1756832833s 962839462ns, Transform time: 1756832829s 264768486ns
[controller_server-2] [WARN] [1756832834.696220947] [controller_server]: Control loop missed its desired rate of 10.0000Hz
[controller_server-2] [ERROR] [1756832834.797324947] [controller_server]: Exception in transformPose: Lookup would require extrapolation into the past.  Requested time 1756832826.294718 but the earliest data is at time 1756832827.809131, when looking up transform from frame [odom] to frame [map]
[controller_server-2] [WARN] [1756832834.797478351] [controller_server]: Unable to transform robot pose into global plan's frame
[controller_server-2] [ERROR] [1756832834.797821225] [tf_help]: Transform data too old when converting from map to odom
[controller_server-2] [ERROR] [1756832834.797850901] [tf_help]: Data time: 1756832833s 962839462ns, Transform time: 1756832829s 264768486ns
[controller_server-2] [WARN] [1756832834.797877657] [controller_server]: Control loop missed its desired rate of 10.0000Hz
[controller_server-2] [ERROR] [1756832834.900772112] [controller_server]: Exception in transformPose: Lookup would require extrapolation into the past.  Requested time 1756832826.294718 but the earliest data is at time 1756832827.809131, when looking up transform from frame [odom] to frame [map]
[controller_server-2] [WARN] [1756832834.900937557] [controller_server]: Unable to transform robot pose into global plan's frame
[controller_server-2] [ERROR] [1756832834.901336521] [tf_help]: Transform data too old when converting from map to odom
[controller_server-2] [ERROR] [1756832834.901367037] [tf_help]: Data time: 1756832833s 962839462ns, Transform time: 1756832829s 264768486ns
[controller_server-2] [WARN] [1756832834.901393016] [controller_server]: Control loop missed its desired rate of 10.0000Hz
[controller_server-2] [ERROR] [1756832835.002723792] [controller_server]: Exception in transformPose: Lookup would require extrapolation into the past.  Requested time 1756832826.294718 but the earliest data is at time 1756832827.809131, when looking up transform from frame [odom] to frame [map]
[controller_server-2] [WARN] [1756832835.002883505] [controller_server]: Unable to transform robot pose into global plan's frame
[controller_server-2] [ERROR] [1756832835.003265216] [tf_help]: Transform data too old when converting from map to odom
[controller_server-2] [ERROR] [1756832835.003298732] [tf_help]: Data time: 1756832833s 962839462ns, Transform time: 1756832829s 264768486ns
[controller_server-2] [WARN] [1756832835.003325138] [controller_server]: Control loop missed its desired rate of 10.0000Hz
[controller_server-2] [ERROR] [1756832835.105927926] [controller_server]: Exception in transformPose: Lookup would require extrapolation into the past.  Requested time 1756832826.294718 but the earliest data is at time 1756832827.809131, when looking up transform from frame [odom] to frame [map]
[controller_server-2] [WARN] [1756832835.106094196] [controller_server]: Unable to transform robot pose into global plan's frame
[controller_server-2] [ERROR] [1756832835.106306439] [tf_help]: Transform data too old when converting from map to odom
[controller_server-2] [ERROR] [1756832835.106321911] [tf_help]: Data time: 1756832833s 962839462ns, Transform time: 1756832829s 264768486ns
[controller_server-2] [WARN] [1756832835.106337507] [controller_server]: Control loop missed its desired rate of 10.0000Hz
[controller_server-2] [INFO] [1756832835.106364552] [controller_server]: Passing new path to controller.
[controller_server-2] [ERROR] [1756832835.209632898] [controller_server]: Exception in transformPose: Lookup would require extrapolation into the past.  Requested time 1756832826.294718 but the earliest data is at time 1756832827.809131, when looking up transform from frame [odom] to frame [map]
[controller_server-2] [WARN] [1756832835.209765360] [controller_server]: Unable to transform robot pose into global plan's frame
[controller_server-2] [ERROR] [1756832835.209999040] [tf_help]: Transform data too old when converting from map to odom
[controller_server-2] [ERROR] [1756832835.210013899] [tf_help]: Data time: 1756832834s 992769726ns, Transform time: 1756832829s 264768486ns
[controller_server-2] [WARN] [1756832835.210030138] [controller_server]: Control loop missed its desired rate of 10.0000Hz
[controller_server-2] [ERROR] [1756832835.311285569] [controller_server]: Exception in transformPose: Lookup would require extrapolation into the past.  Requested time 1756832826.294718 but the earliest data is at time 1756832827.809131, when looking up transform from frame [odom] to frame [map]
[controller_server-2] [WARN] [1756832835.311412506] [controller_server]: Unable to transform robot pose into global plan's frame
[controller_server-2] [ERROR] [1756832835.311638902] [tf_help]: Transform data too old when converting from map to odom
[controller_server-2] [ERROR] [1756832835.311655431] [tf_help]: Data time: 1756832834s 992769726ns, Transform time: 1756832829s 264768486ns
[controller_server-2] [WARN] [1756832835.311671883] [controller_server]: Control loop missed its desired rate of 10.0000Hz
[controller_server-2] [ERROR] [1756832835.414330053] [controller_server]: Exception in transformPose: Lookup would require extrapolation into the past.  Requested time 1756832826.294718 but the earliest data is at time 1756832827.809131, when looking up transform from frame [odom] to frame [map]
[controller_server-2] [WARN] [1756832835.414487712] [controller_server]: Unable to transform robot pose into global plan's frame
[controller_server-2] [ERROR] [1756832835.414887239] [tf_help]: Transform data too old when converting from map to odom
[controller_server-2] [ERROR] [1756832835.414919684] [tf_help]: Data time: 1756832834s 992769726ns, Transform time: 1756832829s 264768486ns
[controller_server-2] [WARN] [1756832835.414945133] [controller_server]: Control loop missed its desired rate of 10.0000Hz
[controller_server-2] [ERROR] [1756832835.516205233] [controller_server]: Exception in transformPose: Lookup would require extrapolation into the past.  Requested time 1756832826.294718 but the earliest data is at time 1756832827.809131, when looking up transform from frame [odom] to frame [map]
[controller_server-2] [WARN] [1756832835.516326429] [controller_server]: Unable to transform robot pose into global plan's frame
[controller_server-2] [ERROR] [1756832835.516556364] [tf_help]: Transform data too old when converting from map to odom
[controller_server-2] [ERROR] [1756832835.516570436] [tf_help]: Data time: 1756832834s 992769726ns, Transform time: 1756832829s 264768486ns
[controller_server-2] [WARN] [1756832835.516586303] [controller_server]: Control loop missed its desired rate of 10.0000Hz
[controller_server-2] [ERROR] [1756832835.618933190] [controller_server]: Exception in transformPose: Lookup would require extrapolation into the future.  Requested time 1756832833.294706 but the latest data is at time 1756832829.264769, when looking up transform from frame [odom] to frame [map]
[controller_server-2] [WARN] [1756832835.619049975] [controller_server]: Unable to transform robot pose into global plan's frame
[controller_server-2] [ERROR] [1756832835.619285918] [tf_help]: Transform data too old when converting from map to odom
[controller_server-2] [ERROR] [1756832835.619301013] [tf_help]: Data time: 1756832834s 992769726ns, Transform time: 1756832829s 264768486ns
[controller_server-2] [WARN] [1756832835.619316906] [controller_server]: Control loop missed its desired rate of 10.0000Hz
[controller_server-2] [ERROR] [1756832835.720447001] [controller_server]: Exception in transformPose: Lookup would require extrapolation into the future.  Requested time 1756832833.366073 but the latest data is at time 1756832829.264769, when looking up transform from frame [odom] to frame [map]
[controller_server-2] [WARN] [1756832835.720620506] [controller_server]: Unable to transform robot pose into global plan's frame
[controller_server-2] [ERROR] [1756832835.720846121] [tf_help]: Transform data too old when converting from map to odom
[controller_server-2] [ERROR] [1756832835.720860618] [tf_help]: Data time: 1756832834s 992769726ns, Transform time: 1756832829s 264768486ns
[controller_server-2] [WARN] [1756832835.720876309] [controller_server]: Control loop missed its desired rate of 10.0000Hz
[controller_server-2] [ERROR] [1756832835.823489103] [controller_server]: Exception in transformPose: Lookup would require extrapolation into the future.  Requested time 1756832833.366073 but the latest data is at time 1756832829.264769, when looking up transform from frame [odom] to frame [map]
[controller_server-2] [WARN] [1756832835.823633570] [controller_server]: Unable to transform robot pose into global plan's frame
[controller_server-2] [ERROR] [1756832835.823868526] [tf_help]: Transform data too old when converting from map to odom
[controller_server-2] [ERROR] [1756832835.823883396] [tf_help]: Data time: 1756832834s 992769726ns, Transform time: 1756832829s 264768486ns
[controller_server-2] [WARN] [1756832835.823900006] [controller_server]: Control loop missed its desired rate of 10.0000Hz
[controller_server-2] [ERROR] [1756832835.925036724] [controller_server]: Exception in transformPose: Lookup would require extrapolation into the future.  Requested time 1756832833.366073 but the latest data is at time 1756832829.264769, when looking up transform from frame [odom] to frame [map]
[controller_server-2] [WARN] [1756832835.925166087] [controller_server]: Unable to transform robot pose into global plan's frame
[controller_server-2] [ERROR] [1756832835.925396916] [tf_help]: Transform data too old when converting from map to odom
[controller_server-2] [ERROR] [1756832835.925411651] [tf_help]: Data time: 1756832834s 992769726ns, Transform time: 1756832829s 264768486ns
[controller_server-2] [WARN] [1756832835.925427418] [controller_server]: Control loop missed its desired rate of 10.0000Hz
[controller_server-2] [ERROR] [1756832836.027843552] [controller_server]: Exception in transformPose: Lookup would require extrapolation into the future.  Requested time 1756832833.366073 but the latest data is at time 1756832829.264769, when looking up transform from frame [odom] to frame [map]
[controller_server-2] [WARN] [1756832836.027985087] [controller_server]: Unable to transform robot pose into global plan's frame
[controller_server-2] [ERROR] [1756832836.028031012] [controller_server]: Controller patience exceeded
[controller_server-2] [WARN] [1756832836.028137732] [controller_server]: [follow_path] [ActionServer] Aborting handle.
[controller_server-2] [INFO] [1756832836.042558478] [local_costmap.local_costmap]: Received request to clear entirely the local_costmap
[controller_server-2] [INFO] [1756832836.044896904] [controller_server]: Received a goal, begin computing control effort.
[controller_server-2] [INFO] [1756832836.105089719] [controller_server]: Passing new path to controller.
[controller_server-2] [ERROR] [1756832836.206545326] [controller_server]: Exception in transformPose: Lookup would require extrapolation into the future.  Requested time 1756832833.366073 but the latest data is at time 1756832829.264769, when looking up transform from frame [odom] to frame [map]
[controller_server-2] [WARN] [1756832836.206652262] [controller_server]: Unable to transform robot pose into global plan's frame
[controller_server-2] [ERROR] [1756832836.206835877] [tf_help]: Transform data too old when converting from map to odom
[controller_server-2] [ERROR] [1756832836.206847060] [tf_help]: Data time: 1756832836s 22912553ns, Transform time: 1756832829s 264768486ns
[controller_server-2] [WARN] [1756832836.206859519] [controller_server]: Control loop missed its desired rate of 10.0000Hz
[controller_server-2] [ERROR] [1756832836.307976131] [controller_server]: Exception in transformPose: Lookup would require extrapolation into the future.  Requested time 1756832833.366073 but the latest data is at time 1756832829.264769, when looking up transform from frame [odom] to frame [map]
[controller_server-2] [WARN] [1756832836.308097939] [controller_server]: Unable to transform robot pose into global plan's frame
[controller_server-2] [ERROR] [1756832836.308333151] [tf_help]: Transform data too old when converting from map to odom
[controller_server-2] [ERROR] [1756832836.308394350] [tf_help]: Data time: 1756832836s 22912553ns, Transform time: 1756832829s 264768486ns
[controller_server-2] [WARN] [1756832836.308411751] [controller_server]: Control loop missed its desired rate of 10.0000Hz
[controller_server-2] [ERROR] [1756832836.411100274] [controller_server]: Exception in transformPose: Lookup would require extrapolation into the future.  Requested time 1756832833.366073 but the latest data is at time 1756832829.264769, when looking up transform from frame [odom] to frame [map]
[controller_server-2] [WARN] [1756832836.411214498] [controller_server]: Unable to transform robot pose into global plan's frame
[controller_server-2] [ERROR] [1756832836.411433750] [tf_help]: Transform data too old when converting from map to odom
[controller_server-2] [ERROR] [1756832836.411447213] [tf_help]: Data time: 1756832836s 22912553ns, Transform time: 1756832829s 264768486ns
[controller_server-2] [WARN] [1756832836.411461901] [controller_server]: Control loop missed its desired rate of 10.0000Hz
[controller_server-2] [ERROR] [1756832836.512930156] [controller_server]: Exception in transformPose: Lookup would require extrapolation into the future.  Requested time 1756832833.366073 but the latest data is at time 1756832829.264769, when looking up transform from frame [odom] to frame [map]
[controller_server-2] [WARN] [1756832836.513061005] [controller_server]: Unable to transform robot pose into global plan's frame
[controller_server-2] [ERROR] [1756832836.513312296] [tf_help]: Transform data too old when converting from map to odom
[controller_server-2] [ERROR] [1756832836.513327418] [tf_help]: Data time: 1756832836s 22912553ns, Transform time: 1756832829s 264768486ns
[controller_server-2] [WARN] [1756832836.513343795] [controller_server]: Control loop missed its desired rate of 10.0000Hz
[controller_server-2] [ERROR] [1756832836.616253607] [controller_server]: Exception in transformPose: Lookup would require extrapolation into the future.  Requested time 1756832833.366073 but the latest data is at time 1756832829.264769, when looking up transform from frame [odom] to frame [map]
[controller_server-2] [WARN] [1756832836.616412843] [controller_server]: Unable to transform robot pose into global plan's frame
[controller_server-2] [ERROR] [1756832836.616789349] [tf_help]: Transform data too old when converting from map to odom
[controller_server-2] [ERROR] [1756832836.616824881] [tf_help]: Data time: 1756832836s 22912553ns, Transform time: 1756832829s 264768486ns
[controller_server-2] [WARN] [1756832836.616852736] [controller_server]: Control loop missed its desired rate of 10.0000Hz
[controller_server-2] [ERROR] [1756832836.718363288] [controller_server]: Exception in transformPose: Lookup would require extrapolation into the future.  Requested time 1756832833.366073 but the latest data is at time 1756832829.264769, when looking up transform from frame [odom] to frame [map]
[controller_server-2] [WARN] [1756832836.718516070] [controller_server]: Unable to transform robot pose into global plan's frame
[controller_server-2] [ERROR] [1756832836.718895775] [tf_help]: Transform data too old when converting from map to odom
[controller_server-2] [ERROR] [1756832836.718924555] [tf_help]: Data time: 1756832836s 22912553ns, Transform time: 1756832829s 264768486ns
[controller_server-2] [WARN] [1756832836.718948784] [controller_server]: Control loop missed its desired rate of 10.0000Hz
[controller_server-2] [ERROR] [1756832836.821265645] [controller_server]: Exception in transformPose: Lookup would require extrapolation into the future.  Requested time 1756832833.366073 but the latest data is at time 1756832829.264769, when looking up transform from frame [odom] to frame [map]
[controller_server-2] [WARN] [1756832836.821386708] [controller_server]: Unable to transform robot pose into global plan's frame
[controller_server-2] [ERROR] [1756832836.821605283] [tf_help]: Transform data too old when converting from map to odom
[controller_server-2] [ERROR] [1756832836.821618926] [tf_help]: Data time: 1756832836s 22912553ns, Transform time: 1756832829s 264768486ns
[controller_server-2] [WARN] [1756832836.821634672] [controller_server]: Control loop missed its desired rate of 10.0000Hz
[controller_server-2] [ERROR] [1756832836.922672947] [controller_server]: Exception in transformPose: Lookup would require extrapolation into the future.  Requested time 1756832833.994028 but the latest data is at time 1756832829.264769, when looking up transform from frame [odom] to frame [map]
[controller_server-2] [WARN] [1756832836.922793235] [controller_server]: Unable to transform robot pose into global plan's frame
[controller_server-2] [ERROR] [1756832836.923055734] [tf_help]: Transform data too old when converting from map to odom
[controller_server-2] [ERROR] [1756832836.923083205] [tf_help]: Data time: 1756832836s 22912553ns, Transform time: 1756832829s 264768486ns
[controller_server-2] [WARN] [1756832836.923100720] [controller_server]: Control loop missed its desired rate of 10.0000Hz
[controller_server-2] [ERROR] [1756832837.025623970] [controller_server]: Exception in transformPose: Lookup would require extrapolation into the future.  Requested time 1756832833.994028 but the latest data is at time 1756832829.264769, when looking up transform from frame [odom] to frame [map]
[controller_server-2] [WARN] [1756832837.025734378] [controller_server]: Unable to transform robot pose into global plan's frame
[controller_server-2] [ERROR] [1756832837.025936829] [tf_help]: Transform data too old when converting from map to odom
[controller_server-2] [ERROR] [1756832837.025948685] [tf_help]: Data time: 1756832836s 22912553ns, Transform time: 1756832829s 264768486ns
[controller_server-2] [WARN] [1756832837.025961202] [controller_server]: Control loop missed its desired rate of 10.0000Hz
[controller_server-2] [ERROR] [1756832837.127215334] [controller_server]: Exception in transformPose: Lookup would require extrapolation into the future.  Requested time 1756832833.994028 but the latest data is at time 1756832829.264769, when looking up transform from frame [odom] to frame [map]
[controller_server-2] [WARN] [1756832837.127345521] [controller_server]: Unable to transform robot pose into global plan's frame
[controller_server-2] [ERROR] [1756832837.127611022] [tf_help]: Transform data too old when converting from map to odom
[controller_server-2] [ERROR] [1756832837.127627179] [tf_help]: Data time: 1756832836s 22912553ns, Transform time: 1756832829s 264768486ns
[controller_server-2] [WARN] [1756832837.127643143] [controller_server]: Control loop missed its desired rate of 10.0000Hz
[controller_server-2] [INFO] [1756832837.127669203] [controller_server]: Passing new path to controller.
[controller_server-2] [ERROR] [1756832837.230232317] [controller_server]: Exception in transformPose: Lookup would require extrapolation into the future.  Requested time 1756832833.994028 but the latest data is at time 1756832829.264769, when looking up transform from frame [odom] to frame [map]
[controller_server-2] [WARN] [1756832837.230353417] [controller_server]: Unable to transform robot pose into global plan's frame
[controller_server-2] [ERROR] [1756832837.230596224] [tf_help]: Transform data too old when converting from map to odom
[controller_server-2] [ERROR] [1756832837.230612088] [tf_help]: Data time: 1756832837s 52844597ns, Transform time: 1756832829s 264768486ns
[controller_server-2] [WARN] [1756832837.230628197] [controller_server]: Control loop missed its desired rate of 10.0000Hz
[controller_server-2] [ERROR] [1756832837.331872622] [controller_server]: Exception in transformPose: Lookup would require extrapolation into the future.  Requested time 1756832833.994028 but the latest data is at time 1756832829.264769, when looking up transform from frame [odom] to frame [map]
[controller_server-2] [WARN] [1756832837.331999236] [controller_server]: Unable to transform robot pose into global plan's frame
[controller_server-2] [ERROR] [1756832837.332230704] [tf_help]: Transform data too old when converting from map to odom
[controller_server-2] [ERROR] [1756832837.332245343] [tf_help]: Data time: 1756832837s 52844597ns, Transform time: 1756832829s 264768486ns
[controller_server-2] [WARN] [1756832837.332262371] [controller_server]: Control loop missed its desired rate of 10.0000Hz
[controller_server-2] [ERROR] [1756832837.434427478] [controller_server]: Exception in transformPose: Lookup would require extrapolation into the future.  Requested time 1756832833.994028 but the latest data is at time 1756832829.264769, when looking up transform from frame [odom] to frame [map]
[controller_server-2] [WARN] [1756832837.434529695] [controller_server]: Unable to transform robot pose into global plan's frame
[controller_server-2] [ERROR] [1756832837.434702739] [tf_help]: Transform data too old when converting from map to odom
[controller_server-2] [ERROR] [1756832837.434713796] [tf_help]: Data time: 1756832837s 52844597ns, Transform time: 1756832829s 264768486ns
[controller_server-2] [WARN] [1756832837.434726697] [controller_server]: Control loop missed its desired rate of 10.0000Hz
[controller_server-2] [ERROR] [1756832837.535822526] [controller_server]: Exception in transformPose: Lookup would require extrapolation into the future.  Requested time 1756832833.994028 but the latest data is at time 1756832829.264769, when looking up transform from frame [odom] to frame [map]
[controller_server-2] [WARN] [1756832837.535982528] [controller_server]: Unable to transform robot pose into global plan's frame
[controller_server-2] [ERROR] [1756832837.536210249] [tf_help]: Transform data too old when converting from map to odom
[controller_server-2] [ERROR] [1756832837.536223568] [tf_help]: Data time: 1756832837s 52844597ns, Transform time: 1756832829s 264768486ns
[controller_server-2] [WARN] [1756832837.536238223] [controller_server]: Control loop missed its desired rate of 10.0000Hz
[controller_server-2] [ERROR] [1756832837.638506652] [controller_server]: Exception in transformPose: Lookup would require extrapolation into the future.  Requested time 1756832833.994028 but the latest data is at time 1756832829.264769, when looking up transform from frame [odom] to frame [map]
[controller_server-2] [WARN] [1756832837.638615482] [controller_server]: Unable to transform robot pose into global plan's frame
[controller_server-2] [ERROR] [1756832837.638811178] [tf_help]: Transform data too old when converting from map to odom
[controller_server-2] [ERROR] [1756832837.638824886] [tf_help]: Data time: 1756832837s 52844597ns, Transform time: 1756832829s 264768486ns
[controller_server-2] [WARN] [1756832837.638839547] [controller_server]: Control loop missed its desired rate of 10.0000Hz
[controller_server-2] [ERROR] [1756832837.740033330] [controller_server]: Exception in transformPose: Lookup would require extrapolation into the future.  Requested time 1756832833.994028 but the latest data is at time 1756832829.264769, when looking up transform from frame [odom] to frame [map]
[controller_server-2] [WARN] [1756832837.740134501] [controller_server]: Unable to transform robot pose into global plan's frame
[controller_server-2] [ERROR] [1756832837.740312766] [tf_help]: Transform data too old when converting from map to odom
[controller_server-2] [ERROR] [1756832837.740325012] [tf_help]: Data time: 1756832837s 52844597ns, Transform time: 1756832829s 264768486ns
[controller_server-2] [WARN] [1756832837.740338573] [controller_server]: Control loop missed its desired rate of 10.0000Hz
[controller_server-2] [ERROR] [1756832837.843046976] [controller_server]: Exception in transformPose: Lookup would require extrapolation into the future.  Requested time 1756832833.994028 but the latest data is at time 1756832829.264769, when looking up transform from frame [odom] to frame [map]
[controller_server-2] [WARN] [1756832837.844305284] [controller_server]: Unable to transform robot pose into global plan's frame
[controller_server-2] [ERROR] [1756832837.844621956] [tf_help]: Transform data too old when converting from map to odom
[controller_server-2] [ERROR] [1756832837.844641027] [tf_help]: Data time: 1756832837s 52844597ns, Transform time: 1756832829s 264768486ns
[controller_server-2] [WARN] [1756832837.844658709] [controller_server]: Control loop missed its desired rate of 10.0000Hz
[controller_server-2] [ERROR] [1756832837.945855897] [controller_server]: Exception in transformPose: Lookup would require extrapolation into the future.  Requested time 1756832833.994028 but the latest data is at time 1756832829.264769, when looking up transform from frame [odom] to frame [map]
[controller_server-2] [WARN] [1756832837.945966540] [controller_server]: Unable to transform robot pose into global plan's frame
[controller_server-2] [ERROR] [1756832837.946148026] [tf_help]: Transform data too old when converting from map to odom
[controller_server-2] [ERROR] [1756832837.946158974] [tf_help]: Data time: 1756832837s 52844597ns, Transform time: 1756832829s 264768486ns
[controller_server-2] [WARN] [1756832837.946172327] [controller_server]: Control loop missed its desired rate of 10.0000Hz
[controller_server-2] [ERROR] [1756832838.048657720] [controller_server]: Exception in transformPose: Lookup would require extrapolation into the future.  Requested time 1756832833.994028 but the latest data is at time 1756832829.264769, when looking up transform from frame [odom] to frame [map]
[controller_server-2] [WARN] [1756832838.048753731] [controller_server]: Unable to transform robot pose into global plan's frame
[controller_server-2] [ERROR] [1756832838.048798746] [controller_server]: Controller patience exceeded
[controller_server-2] [WARN] [1756832838.048867702] [controller_server]: [follow_path] [ActionServer] Aborting handle.
[controller_server-2] [INFO] [1756832838.062402477] [local_costmap.local_costmap]: Received request to clear entirely the local_costmap
[planner_server-4] [INFO] [1756832838.064037052] [global_costmap.global_costmap]: Received request to clear entirely the global_costmap
[controller_server-2] [INFO] [1756832838.142827923] [controller_server]: Received a goal, begin computing control effort.
[controller_server-2] [ERROR] [1756832838.244494085] [controller_server]: Exception in transformPose: Lookup would require extrapolation into the future.  Requested time 1756832833.994028 but the latest data is at time 1756832829.264769, when looking up transform from frame [odom] to frame [map]
[controller_server-2] [WARN] [1756832838.244750357] [controller_server]: Unable to transform robot pose into global plan's frame
[controller_server-2] [ERROR] [1756832838.245099352] [tf_help]: Transform data too old when converting from map to odom
[controller_server-2] [ERROR] [1756832838.245127875] [tf_help]: Data time: 1756832838s 125866032ns, Transform time: 1756832829s 264768486ns
[controller_server-2] [WARN] [1756832838.245152943] [controller_server]: Control loop missed its desired rate of 10.0000Hz
[controller_server-2] [ERROR] [1756832838.346351361] [controller_server]: Exception in transformPose: Lookup would require extrapolation into the future.  Requested time 1756832833.994028 but the latest data is at time 1756832829.264769, when looking up transform from frame [odom] to frame [map]
[controller_server-2] [WARN] [1756832838.346499566] [controller_server]: Unable to transform robot pose into global plan's frame
[controller_server-2] [ERROR] [1756832838.346887421] [tf_help]: Transform data too old when converting from map to odom
[controller_server-2] [ERROR] [1756832838.346917972] [tf_help]: Data time: 1756832838s 125866032ns, Transform time: 1756832829s 264768486ns
[controller_server-2] [WARN] [1756832838.346942570] [controller_server]: Control loop missed its desired rate of 10.0000Hz
[controller_server-2] [ERROR] [1756832838.450273979] [controller_server]: Exception in transformPose: Lookup would require extrapolation into the future.  Requested time 1756832833.994028 but the latest data is at time 1756832829.264769, when looking up transform from frame [odom] to frame [map]
[controller_server-2] [WARN] [1756832838.450368621] [controller_server]: Unable to transform robot pose into global plan's frame
[controller_server-2] [ERROR] [1756832838.450557399] [tf_help]: Transform data too old when converting from map to odom
[controller_server-2] [ERROR] [1756832838.450569091] [tf_help]: Data time: 1756832838s 125866032ns, Transform time: 1756832829s 264768486ns
[controller_server-2] [WARN] [1756832838.450582590] [controller_server]: Control loop missed its desired rate of 10.0000Hz
[controller_server-2] [ERROR] [1756832838.551569205] [controller_server]: Exception in transformPose: Lookup would require extrapolation into the future.  Requested time 1756832833.994028 but the latest data is at time 1756832829.264769, when looking up transform from frame [odom] to frame [map]
[controller_server-2] [WARN] [1756832838.551664910] [controller_server]: Unable to transform robot pose into global plan's frame
[controller_server-2] [ERROR] [1756832838.551824725] [tf_help]: Transform data too old when converting from map to odom
[controller_server-2] [ERROR] [1756832838.551834479] [tf_help]: Data time: 1756832838s 125866032ns, Transform time: 1756832829s 264768486ns
[controller_server-2] [WARN] [1756832838.551844744] [controller_server]: Control loop missed its desired rate of 10.0000Hz
[controller_server-2] [ERROR] [1756832838.654626292] [controller_server]: Exception in transformPose: Lookup would require extrapolation into the future.  Requested time 1756832833.994028 but the latest data is at time 1756832829.264769, when looking up transform from frame [odom] to frame [map]
[controller_server-2] [WARN] [1756832838.654749611] [controller_server]: Unable to transform robot pose into global plan's frame
[controller_server-2] [ERROR] [1756832838.654958113] [tf_help]: Transform data too old when converting from map to odom
[controller_server-2] [ERROR] [1756832838.654973398] [tf_help]: Data time: 1756832838s 125866032ns, Transform time: 1756832829s 264768486ns
[controller_server-2] [WARN] [1756832838.654989901] [controller_server]: Control loop missed its desired rate of 10.0000Hz
[controller_server-2] [ERROR] [1756832838.756441502] [controller_server]: Exception in transformPose: Lookup would require extrapolation into the future.  Requested time 1756832833.994028 but the latest data is at time 1756832829.264769, when looking up transform from frame [odom] to frame [map]
[controller_server-2] [WARN] [1756832838.756596152] [controller_server]: Unable to transform robot pose into global plan's frame
[controller_server-2] [ERROR] [1756832838.756942062] [tf_help]: Transform data too old when converting from map to odom
[controller_server-2] [ERROR] [1756832838.756971734] [tf_help]: Data time: 1756832838s 125866032ns, Transform time: 1756832829s 264768486ns
[controller_server-2] [WARN] [1756832838.756997225] [controller_server]: Control loop missed its desired rate of 10.0000Hz
[controller_server-2] [ERROR] [1756832838.859807555] [controller_server]: Exception in transformPose: Lookup would require extrapolation into the future.  Requested time 1756832833.994028 but the latest data is at time 1756832829.264769, when looking up transform from frame [odom] to frame [map]
[controller_server-2] [WARN] [1756832838.859955531] [controller_server]: Unable to transform robot pose into global plan's frame
[controller_server-2] [ERROR] [1756832838.860387174] [tf_help]: Transform data too old when converting from map to odom
[controller_server-2] [ERROR] [1756832838.860433167] [tf_help]: Data time: 1756832838s 125866032ns, Transform time: 1756832829s 264768486ns
[controller_server-2] [WARN] [1756832838.860455500] [controller_server]: Control loop missed its desired rate of 10.0000Hz
[controller_server-2] [ERROR] [1756832838.961658614] [controller_server]: Exception in transformPose: Lookup would require extrapolation into the future.  Requested time 1756832833.994028 but the latest data is at time 1756832829.264769, when looking up transform from frame [odom] to frame [map]
[controller_server-2] [WARN] [1756832838.961747429] [controller_server]: Unable to transform robot pose into global plan's frame
[controller_server-2] [ERROR] [1756832838.961936046] [tf_help]: Transform data too old when converting from map to odom
[controller_server-2] [ERROR] [1756832838.961952286] [tf_help]: Data time: 1756832838s 125866032ns, Transform time: 1756832829s 264768486ns
[controller_server-2] [WARN] [1756832838.961969727] [controller_server]: Control loop missed its desired rate of 10.0000Hz
[controller_server-2] [ERROR] [1756832839.064716557] [controller_server]: Exception in transformPose: Lookup would require extrapolation into the future.  Requested time 1756832833.994028 but the latest data is at time 1756832829.264769, when looking up transform from frame [odom] to frame [map]
[controller_server-2] [WARN] [1756832839.064823784] [controller_server]: Unable to transform robot pose into global plan's frame
[controller_server-2] [ERROR] [1756832839.065009649] [tf_help]: Transform data too old when converting from map to odom
[controller_server-2] [ERROR] [1756832839.065021248] [tf_help]: Data time: 1756832838s 125866032ns, Transform time: 1756832829s 264768486ns
[controller_server-2] [WARN] [1756832839.065034604] [controller_server]: Control loop missed its desired rate of 10.0000Hz
[controller_server-2] [ERROR] [1756832839.166070548] [controller_server]: Exception in transformPose: Lookup would require extrapolation into the future.  Requested time 1756832833.994028 but the latest data is at time 1756832829.264769, when looking up transform from frame [odom] to frame [map]
[controller_server-2] [WARN] [1756832839.166202120] [controller_server]: Unable to transform robot pose into global plan's frame
[controller_server-2] [ERROR] [1756832839.166458338] [tf_help]: Transform data too old when converting from map to odom
[controller_server-2] [ERROR] [1756832839.166473252] [tf_help]: Data time: 1756832838s 125866032ns, Transform time: 1756832829s 264768486ns
[controller_server-2] [WARN] [1756832839.166489498] [controller_server]: Control loop missed its desired rate of 10.0000Hz
[controller_server-2] [ERROR] [1756832839.269402812] [controller_server]: Exception in transformPose: Lookup would require extrapolation into the future.  Requested time 1756832833.994028 but the latest data is at time 1756832829.264769, when looking up transform from frame [odom] to frame [map]
[controller_server-2] [WARN] [1756832839.269526923] [controller_server]: Unable to transform robot pose into global plan's frame
[controller_server-2] [ERROR] [1756832839.269736796] [tf_help]: Transform data too old when converting from map to odom
[controller_server-2] [ERROR] [1756832839.269751571] [tf_help]: Data time: 1756832838s 125866032ns, Transform time: 1756832829s 264768486ns
[controller_server-2] [WARN] [1756832839.269767685] [controller_server]: Control loop missed its desired rate of 10.0000Hz
[controller_server-2] [INFO] [1756832839.269794645] [controller_server]: Passing new path to controller.
[controller_server-2] [ERROR] [1756832839.371411079] [controller_server]: Exception in transformPose: Lookup would require extrapolation into the future.  Requested time 1756832833.994028 but the latest data is at time 1756832829.264769, when looking up transform from frame [odom] to frame [map]
[controller_server-2] [WARN] [1756832839.371536719] [controller_server]: Unable to transform robot pose into global plan's frame
[controller_server-2] [ERROR] [1756832839.371751642] [tf_help]: Transform data too old when converting from map to odom
[controller_server-2] [ERROR] [1756832839.371816127] [tf_help]: Data time: 1756832839s 152882324ns, Transform time: 1756832829s 264768486ns
[controller_server-2] [WARN] [1756832839.371834700] [controller_server]: Control loop missed its desired rate of 10.0000Hz
[controller_server-2] [ERROR] [1756832839.474192415] [controller_server]: Exception in transformPose: Lookup would require extrapolation into the future.  Requested time 1756832833.994028 but the latest data is at time 1756832829.264769, when looking up transform from frame [odom] to frame [map]
[controller_server-2] [WARN] [1756832839.474304626] [controller_server]: Unable to transform robot pose into global plan's frame
[controller_server-2] [ERROR] [1756832839.474526066] [tf_help]: Transform data too old when converting from map to odom
[controller_server-2] [ERROR] [1756832839.474538946] [tf_help]: Data time: 1756832839s 152882324ns, Transform time: 1756832829s 264768486ns
[controller_server-2] [WARN] [1756832839.474553748] [controller_server]: Control loop missed its desired rate of 10.0000Hz
[bt_navigator-6] [ERROR] [1756832839.573777126] [transformPoseInTargetFrame]: Extrapolation Error looking up target frame: Lookup would require extrapolation into the past.  Requested time 1756832829.264769 but the earliest data is at time 1756832829.294805, when looking up transform from frame [base_link] to frame [map]
[bt_navigator-6] 
[bt_navigator-6] [WARN] [1756832839.574066871] [BehaviorTreeEngine]: Behavior Tree tick rate 100.00 was exceeded!
[controller_server-2] [ERROR] [1756832839.575935833] [controller_server]: Exception in transformPose: Lookup would require extrapolation into the future.  Requested time 1756832833.994028 but the latest data is at time 1756832829.264769, when looking up transform from frame [odom] to frame [map]
[controller_server-2] [WARN] [1756832839.576066742] [controller_server]: Unable to transform robot pose into global plan's frame
[controller_server-2] [ERROR] [1756832839.576290191] [tf_help]: Transform data too old when converting from map to odom
[controller_server-2] [ERROR] [1756832839.576305248] [tf_help]: Data time: 1756832839s 152882324ns, Transform time: 1756832829s 264768486ns
[controller_server-2] [WARN] [1756832839.576321838] [controller_server]: Control loop missed its desired rate of 10.0000Hz
[bt_navigator-6] [ERROR] [1756832839.675842733] [transformPoseInTargetFrame]: Extrapolation Error looking up target frame: Lookup would require extrapolation into the past.  Requested time 1756832829.264769 but the earliest data is at time 1756832829.294805, when looking up transform from frame [base_link] to frame [map]
[bt_navigator-6] 
[bt_navigator-6] [WARN] [1756832839.676123152] [BehaviorTreeEngine]: Behavior Tree tick rate 100.00 was exceeded!
[controller_server-2] [ERROR] [1756832839.678393081] [controller_server]: Exception in transformPose: Lookup would require extrapolation into the future.  Requested time 1756832833.994028 but the latest data is at time 1756832829.264769, when looking up transform from frame [odom] to frame [map]
[controller_server-2] [WARN] [1756832839.678470923] [controller_server]: Unable to transform robot pose into global plan's frame
[controller_server-2] [ERROR] [1756832839.678616556] [tf_help]: Transform data too old when converting from map to odom
[controller_server-2] [ERROR] [1756832839.678626246] [tf_help]: Data time: 1756832839s 152882324ns, Transform time: 1756832829s 264768486ns
[controller_server-2] [WARN] [1756832839.678636356] [controller_server]: Control loop missed its desired rate of 10.0000Hz
[bt_navigator-6] [ERROR] [1756832839.777646541] [transformPoseInTargetFrame]: Extrapolation Error looking up target frame: Lookup would require extrapolation into the past.  Requested time 1756832829.264769 but the earliest data is at time 1756832829.294805, when looking up transform from frame [base_link] to frame [map]
[bt_navigator-6] 
[bt_navigator-6] [WARN] [1756832839.777842674] [BehaviorTreeEngine]: Behavior Tree tick rate 100.00 was exceeded!
[controller_server-2] [ERROR] [1756832839.779635153] [controller_server]: Exception in transformPose: Lookup would require extrapolation into the future.  Requested time 1756832833.994028 but the latest data is at time 1756832829.264769, when looking up transform from frame [odom] to frame [map]
[controller_server-2] [WARN] [1756832839.779738018] [controller_server]: Unable to transform robot pose into global plan's frame
[controller_server-2] [ERROR] [1756832839.779923430] [tf_help]: Transform data too old when converting from map to odom
[controller_server-2] [ERROR] [1756832839.779935708] [tf_help]: Data time: 1756832839s 152882324ns, Transform time: 1756832829s 264768486ns
[controller_server-2] [WARN] [1756832839.779949052] [controller_server]: Control loop missed its desired rate of 10.0000Hz
[bt_navigator-6] [ERROR] [1756832839.879051237] [transformPoseInTargetFrame]: Extrapolation Error looking up target frame: Lookup would require extrapolation into the past.  Requested time 1756832829.264769 but the earliest data is at time 1756832829.294805, when looking up transform from frame [base_link] to frame [map]
[bt_navigator-6] 
[bt_navigator-6] [WARN] [1756832839.879308163] [BehaviorTreeEngine]: Behavior Tree tick rate 100.00 was exceeded!
[controller_server-2] [ERROR] [1756832839.882268943] [controller_server]: Exception in transformPose: Lookup would require extrapolation into the future.  Requested time 1756832833.994028 but the latest data is at time 1756832829.264769, when looking up transform from frame [odom] to frame [map]
[controller_server-2] [WARN] [1756832839.882389181] [controller_server]: Unable to transform robot pose into global plan's frame
[controller_server-2] [ERROR] [1756832839.882617663] [tf_help]: Transform data too old when converting from map to odom
[controller_server-2] [ERROR] [1756832839.882631813] [tf_help]: Data time: 1756832839s 152882324ns, Transform time: 1756832829s 264768486ns
[controller_server-2] [WARN] [1756832839.882648579] [controller_server]: Control loop missed its desired rate of 10.0000Hz
[bt_navigator-6] [ERROR] [1756832839.980541631] [transformPoseInTargetFrame]: Extrapolation Error looking up target frame: Lookup would require extrapolation into the past.  Requested time 1756832829.264769 but the earliest data is at time 1756832829.294805, when looking up transform from frame [base_link] to frame [map]
[bt_navigator-6] 
[bt_navigator-6] [WARN] [1756832839.980715454] [BehaviorTreeEngine]: Behavior Tree tick rate 100.00 was exceeded!
[controller_server-2] [ERROR] [1756832839.983825458] [controller_server]: Exception in transformPose: Lookup would require extrapolation into the future.  Requested time 1756832833.994028 but the latest data is at time 1756832829.264769, when looking up transform from frame [odom] to frame [map]
[controller_server-2] [WARN] [1756832839.983942943] [controller_server]: Unable to transform robot pose into global plan's frame
[controller_server-2] [ERROR] [1756832839.984212842] [tf_help]: Transform data too old when converting from map to odom
[controller_server-2] [ERROR] [1756832839.984227403] [tf_help]: Data time: 1756832839s 152882324ns, Transform time: 1756832829s 264768486ns
[controller_server-2] [WARN] [1756832839.984247437] [controller_server]: Control loop missed its desired rate of 10.0000Hz
[bt_navigator-6] [ERROR] [1756832840.082020674] [transformPoseInTargetFrame]: Extrapolation Error looking up target frame: Lookup would require extrapolation into the past.  Requested time 1756832829.264769 but the earliest data is at time 1756832829.294805, when looking up transform from frame [base_link] to frame [map]
[bt_navigator-6] 
[bt_navigator-6] [WARN] [1756832840.082223967] [BehaviorTreeEngine]: Behavior Tree tick rate 100.00 was exceeded!
[controller_server-2] [ERROR] [1756832840.086845900] [controller_server]: Exception in transformPose: Lookup would require extrapolation into the future.  Requested time 1756832833.994028 but the latest data is at time 1756832829.264769, when looking up transform from frame [odom] to frame [map]
[controller_server-2] [WARN] [1756832840.086964453] [controller_server]: Unable to transform robot pose into global plan's frame
[controller_server-2] [ERROR] [1756832840.087234737] [tf_help]: Transform data too old when converting from map to odom
[controller_server-2] [ERROR] [1756832840.087250932] [tf_help]: Data time: 1756832839s 152882324ns, Transform time: 1756832829s 264768486ns
[controller_server-2] [WARN] [1756832840.087268172] [controller_server]: Control loop missed its desired rate of 10.0000Hz
[bt_navigator-6] [ERROR] [1756832840.183594488] [transformPoseInTargetFrame]: Extrapolation Error looking up target frame: Lookup would require extrapolation into the past.  Requested time 1756832829.264769 but the earliest data is at time 1756832829.294805, when looking up transform from frame [base_link] to frame [map]
[bt_navigator-6] 
[bt_navigator-6] [WARN] [1756832840.183845746] [BehaviorTreeEngine]: Behavior Tree tick rate 100.00 was exceeded!
[controller_server-2] [ERROR] [1756832840.188420092] [controller_server]: Exception in transformPose: Lookup would require extrapolation into the future.  Requested time 1756832833.994028 but the latest data is at time 1756832829.264769, when looking up transform from frame [odom] to frame [map]
[controller_server-2] [WARN] [1756832840.188546653] [controller_server]: Unable to transform robot pose into global plan's frame
[controller_server-2] [ERROR] [1756832840.188594562] [controller_server]: Controller patience exceeded
[controller_server-2] [WARN] [1756832840.188669206] [controller_server]: [follow_path] [ActionServer] Aborting handle.
[bt_navigator-6] [ERROR] [1756832840.285634752] [transformPoseInTargetFrame]: Extrapolation Error looking up target frame: Lookup would require extrapolation into the past.  Requested time 1756832829.264769 but the earliest data is at time 1756832829.294805, when looking up transform from frame [base_link] to frame [map]
[bt_navigator-6] 
[bt_navigator-6] [WARN] [1756832840.285798797] [BehaviorTreeEngine]: Behavior Tree tick rate 100.00 was exceeded!
[bt_navigator-6] [ERROR] [1756832840.386899175] [transformPoseInTargetFrame]: Extrapolation Error looking up target frame: Lookup would require extrapolation into the past.  Requested time 1756832829.264769 but the earliest data is at time 1756832829.294805, when looking up transform from frame [base_link] to frame [map]
[bt_navigator-6] 
[bt_navigator-6] [WARN] [1756832840.387173380] [BehaviorTreeEngine]: Behavior Tree tick rate 100.00 was exceeded!
[controller_server-2] [INFO] [1756832840.387554949] [local_costmap.local_costmap]: Received request to clear entirely the local_costmap
[controller_server-2] [INFO] [1756832840.388922806] [controller_server]: Received a goal, begin computing control effort.
[planner_server-4] [ERROR] [1756832840.420294395] [transformPoseInTargetFrame]: Extrapolation Error looking up target frame: Lookup would require extrapolation into the past.  Requested time 1756832829.264769 but the earliest data is at time 1756832830.068560, when looking up transform from frame [base_link] to frame [map]
[planner_server-4] 
[planner_server-4] [ERROR] [1756832840.488088720] [transformPoseInTargetFrame]: Extrapolation Error looking up target frame: Lookup would require extrapolation into the past.  Requested time 1756832829.264769 but the earliest data is at time 1756832830.068560, when looking up transform from frame [base_link] to frame [map]
[planner_server-4] 
[planner_server-4] [WARN] [1756832840.488178477] [planner_server]: [compute_path_to_pose] [ActionServer] Aborting handle.
[bt_navigator-6] [ERROR] [1756832840.489813409] [transformPoseInTargetFrame]: Extrapolation Error looking up target frame: Lookup would require extrapolation into the past.  Requested time 1756832829.264769 but the earliest data is at time 1756832830.068560, when looking up transform from frame [base_link] to frame [map]
[bt_navigator-6] 
[bt_navigator-6] [WARN] [1756832840.489997988] [BehaviorTreeEngine]: Behavior Tree tick rate 100.00 was exceeded!
[bt_navigator-6] [ERROR] [1756832840.591044855] [transformPoseInTargetFrame]: Extrapolation Error looking up target frame: Lookup would require extrapolation into the past.  Requested time 1756832829.264769 but the earliest data is at time 1756832830.406998, when looking up transform from frame [base_link] to frame [map]
[bt_navigator-6] 
[bt_navigator-6] [WARN] [1756832840.591213212] [BehaviorTreeEngine]: Behavior Tree tick rate 100.00 was exceeded!
[planner_server-4] [INFO] [1756832840.591547556] [global_costmap.global_costmap]: Received request to clear entirely the global_costmap
[controller_server-2] [ERROR] [1756832840.610352736] [controller_server]: Exception in transformPose: Lookup would require extrapolation into the future.  Requested time 1756832833.994028 but the latest data is at time 1756832829.264769, when looking up transform from frame [odom] to frame [map]
[controller_server-2] [WARN] [1756832840.610534340] [controller_server]: Unable to transform robot pose into global plan's frame
[controller_server-2] [ERROR] [1756832840.610876949] [tf_help]: Transform data too old when converting from map to odom
[controller_server-2] [ERROR] [1756832840.610905933] [tf_help]: Data time: 1756832839s 152882324ns, Transform time: 1756832829s 264768486ns
[controller_server-2] [WARN] [1756832840.610931896] [controller_server]: Control loop missed its desired rate of 10.0000Hz
[controller_server-2] [INFO] [1756832840.610983330] [controller_server]: Passing new path to controller.
[controller_server-2] [ERROR] [1756832840.611254959] [controller_server]: Invalid path, Path is empty.
[controller_server-2] [WARN] [1756832840.611355330] [controller_server]: [follow_path] [ActionServer] Aborting handle.
[bt_navigator-6] [ERROR] [1756832840.695434161] [transformPoseInTargetFrame]: Extrapolation Error looking up target frame: Lookup would require extrapolation into the past.  Requested time 1756832829.264769 but the earliest data is at time 1756832830.598515, when looking up transform from frame [base_link] to frame [map]
[bt_navigator-6] 
[bt_navigator-6] [WARN] [1756832840.695510405] [BehaviorTreeEngine]: Behavior Tree tick rate 100.00 was exceeded!
[bt_navigator-6] [ERROR] [1756832840.797076372] [transformPoseInTargetFrame]: Extrapolation Error looking up target frame: Lookup would require extrapolation into the past.  Requested time 1756832829.264769 but the earliest data is at time 1756832830.697285, when looking up transform from frame [base_link] to frame [map]
[bt_navigator-6] 
[bt_navigator-6] [WARN] [1756832840.797305793] [BehaviorTreeEngine]: Behavior Tree tick rate 100.00 was exceeded!
[bt_navigator-6] [ERROR] [1756832840.899057923] [transformPoseInTargetFrame]: Extrapolation Error looking up target frame: Lookup would require extrapolation into the past.  Requested time 1756832829.264769 but the earliest data is at time 1756832830.697285, when looking up transform from frame [base_link] to frame [map]
[bt_navigator-6] 
[bt_navigator-6] [WARN] [1756832840.899319916] [BehaviorTreeEngine]: Behavior Tree tick rate 100.00 was exceeded!
[bt_navigator-6] [ERROR] [1756832841.000746817] [transformPoseInTargetFrame]: Extrapolation Error looking up target frame: Lookup would require extrapolation into the past.  Requested time 1756832829.264769 but the earliest data is at time 1756832830.697285, when looking up transform from frame [base_link] to frame [map]
[bt_navigator-6] 
[bt_navigator-6] [WARN] [1756832841.000947926] [BehaviorTreeEngine]: Behavior Tree tick rate 100.00 was exceeded!
[bt_navigator-6] [ERROR] [1756832841.022188991] [bt_navigator_navigate_to_pose_rclcpp_node]: Failed to get result for compute_path_to_pose in node halt!
[behavior_server-5] [INFO] [1756832841.023450809] [behavior_server]: Running spin
[bt_navigator-6] [ERROR] [1756832841.124714109] [transformPoseInTargetFrame]: Extrapolation Error looking up target frame: Lookup would require extrapolation into the past.  Requested time 1756832829.264769 but the earliest data is at time 1756832830.697285, when looking up transform from frame [base_link] to frame [map]
[bt_navigator-6] 
[bt_navigator-6] [WARN] [1756832841.124961877] [BehaviorTreeEngine]: Behavior Tree tick rate 100.00 was exceeded!
[behavior_server-5] [ERROR] [1756832841.125485528] [transformPoseInTargetFrame]: Extrapolation Error looking up target frame: Lookup would require extrapolation into the past.  Requested time 1756832829.264769 but the earliest data is at time 1756832830.697285, when looking up transform from frame [base_link] to frame [map]
[behavior_server-5] 
[behavior_server-5] [ERROR] [1756832841.125566624] [behavior_server]: Current robot pose is not available.
[behavior_server-5] [INFO] [1756832841.125615458] [behavior_server]: Initial checks failed for spin
[behavior_server-5] [WARN] [1756832841.125652736] [behavior_server]: [spin] [ActionServer] Aborting handle.
[bt_navigator-6] [ERROR] [1756832841.226506619] [transformPoseInTargetFrame]: Extrapolation Error looking up target frame: Lookup would require extrapolation into the past.  Requested time 1756832829.264769 but the earliest data is at time 1756832830.697285, when looking up transform from frame [base_link] to frame [map]
[bt_navigator-6] 
[bt_navigator-6] [WARN] [1756832841.226756844] [BehaviorTreeEngine]: Behavior Tree tick rate 100.00 was exceeded!
[bt_navigator-6] [ERROR] [1756832841.328440771] [transformPoseInTargetFrame]: Extrapolation Error looking up target frame: Lookup would require extrapolation into the past.  Requested time 1756832829.264769 but the earliest data is at time 1756832830.697285, when looking up transform from frame [base_link] to frame [map]
[bt_navigator-6] 
[bt_navigator-6] [WARN] [1756832841.328672410] [BehaviorTreeEngine]: Behavior Tree tick rate 100.00 was exceeded!
[behavior_server-5] [INFO] [1756832841.329437217] [behavior_server]: Running wait
[planner_server-4] [ERROR] [1756832841.420649148] [transformPoseInTargetFrame]: Extrapolation Error looking up target frame: Lookup would require extrapolation into the past.  Requested time 1756832829.264769 but the earliest data is at time 1756832830.697285, when looking up transform from frame [base_link] to frame [map]
[planner_server-4] 
[bt_navigator-6] [ERROR] [1756832841.430913014] [transformPoseInTargetFrame]: Extrapolation Error looking up target frame: Lookup would require extrapolation into the past.  Requested time 1756832829.264769 but the earliest data is at time 1756832830.745120, when looking up transform from frame [base_link] to frame [map]
[bt_navigator-6] 
[bt_navigator-6] [WARN] [1756832841.431224085] [BehaviorTreeEngine]: Behavior Tree tick rate 100.00 was exceeded!
[bt_navigator-6] [ERROR] [1756832841.532741016] [transformPoseInTargetFrame]: Extrapolation Error looking up target frame: Lookup would require extrapolation into the past.  Requested time 1756832829.264769 but the earliest data is at time 1756832831.445896, when looking up transform from frame [base_link] to frame [map]
[bt_navigator-6] 
[bt_navigator-6] [WARN] [1756832841.532911647] [BehaviorTreeEngine]: Behavior Tree tick rate 100.00 was exceeded!
[bt_navigator-6] [ERROR] [1756832841.634112883] [transformPoseInTargetFrame]: Extrapolation Error looking up target frame: Lookup would require extrapolation into the past.  Requested time 1756832829.264769 but the earliest data is at time 1756832831.528530, when looking up transform from frame [base_link] to frame [map]
[bt_navigator-6] 
[bt_navigator-6] [WARN] [1756832841.634295210] [BehaviorTreeEngine]: Behavior Tree tick rate 100.00 was exceeded!
[bt_navigator-6] [ERROR] [1756832841.735493307] [transformPoseInTargetFrame]: Extrapolation Error looking up target frame: Lookup would require extrapolation into the past.  Requested time 1756832829.264769 but the earliest data is at time 1756832831.598181, when looking up transform from frame [base_link] to frame [map]
[bt_navigator-6] 
[bt_navigator-6] [WARN] [1756832841.735694008] [BehaviorTreeEngine]: Behavior Tree tick rate 100.00 was exceeded!
[bt_navigator-6] [ERROR] [1756832841.836848412] [transformPoseInTargetFrame]: Extrapolation Error looking up target frame: Lookup would require extrapolation into the past.  Requested time 1756832829.264769 but the earliest data is at time 1756832831.751668, when looking up transform from frame [base_link] to frame [map]
[bt_navigator-6] 
[bt_navigator-6] [WARN] [1756832841.837030576] [BehaviorTreeEngine]: Behavior Tree tick rate 100.00 was exceeded!
[bt_navigator-6] [ERROR] [1756832841.938203604] [transformPoseInTargetFrame]: Extrapolation Error looking up target frame: Lookup would require extrapolation into the past.  Requested time 1756832829.264769 but the earliest data is at time 1756832832.050991, when looking up transform from frame [base_link] to frame [map]
[bt_navigator-6] 
[bt_navigator-6] [WARN] [1756832841.938393803] [BehaviorTreeEngine]: Behavior Tree tick rate 100.00 was exceeded!
[bt_navigator-6] [ERROR] [1756832842.039490921] [transformPoseInTargetFrame]: Extrapolation Error looking up target frame: Lookup would require extrapolation into the past.  Requested time 1756832829.264769 but the earliest data is at time 1756832832.050991, when looking up transform from frame [base_link] to frame [map]
[bt_navigator-6] 
[bt_navigator-6] [WARN] [1756832842.039681684] [BehaviorTreeEngine]: Behavior Tree tick rate 100.00 was exceeded!
[bt_navigator-6] [ERROR] [1756832842.140940908] [transformPoseInTargetFrame]: Extrapolation Error looking up target frame: Lookup would require extrapolation into the past.  Requested time 1756832829.264769 but the earliest data is at time 1756832832.050991, when looking up transform from frame [base_link] to frame [map]
[bt_navigator-6] 
[bt_navigator-6] [WARN] [1756832842.141182188] [BehaviorTreeEngine]: Behavior Tree tick rate 100.00 was exceeded!
[bt_navigator-6] [ERROR] [1756832842.242543012] [transformPoseInTargetFrame]: Extrapolation Error looking up target frame: Lookup would require extrapolation into the past.  Requested time 1756832829.264769 but the earliest data is at time 1756832832.094715, when looking up transform from frame [base_link] to frame [map]
[bt_navigator-6] 
[bt_navigator-6] [WARN] [1756832842.242719796] [BehaviorTreeEngine]: Behavior Tree tick rate 100.00 was exceeded!
[bt_navigator-6] [ERROR] [1756832842.343996528] [transformPoseInTargetFrame]: Extrapolation Error looking up target frame: Lookup would require extrapolation into the past.  Requested time 1756832829.264769 but the earliest data is at time 1756832832.194089, when looking up transform from frame [base_link] to frame [map]
[bt_navigator-6] 
[bt_navigator-6] [WARN] [1756832842.344237456] [BehaviorTreeEngine]: Behavior Tree tick rate 100.00 was exceeded!
[planner_server-4] [ERROR] [1756832842.421750885] [transformPoseInTargetFrame]: Extrapolation Error looking up target frame: Lookup would require extrapolation into the past.  Requested time 1756832829.264769 but the earliest data is at time 1756832832.335062, when looking up transform from frame [base_link] to frame [map]
[planner_server-4] 
[bt_navigator-6] [ERROR] [1756832842.445693945] [transformPoseInTargetFrame]: Extrapolation Error looking up target frame: Lookup would require extrapolation into the past.  Requested time 1756832829.264769 but the earliest data is at time 1756832832.335062, when looking up transform from frame [base_link] to frame [map]
[bt_navigator-6] 
[bt_navigator-6] [WARN] [1756832842.446018420] [BehaviorTreeEngine]: Behavior Tree tick rate 100.00 was exceeded!
[bt_navigator-6] [ERROR] [1756832842.547817152] [transformPoseInTargetFrame]: Extrapolation Error looking up target frame: Lookup would require extrapolation into the past.  Requested time 1756832829.264769 but the earliest data is at time 1756832832.471446, when looking up transform from frame [base_link] to frame [map]
[bt_navigator-6] 
[bt_navigator-6] [WARN] [1756832842.548116697] [BehaviorTreeEngine]: Behavior Tree tick rate 100.00 was exceeded!
[bt_navigator-6] [ERROR] [1756832842.649576246] [transformPoseInTargetFrame]: Extrapolation Error looking up target frame: Lookup would require extrapolation into the past.  Requested time 1756832829.264769 but the earliest data is at time 1756832832.471446, when looking up transform from frame [base_link] to frame [map]
[bt_navigator-6] 
[bt_navigator-6] [WARN] [1756832842.649752465] [BehaviorTreeEngine]: Behavior Tree tick rate 100.00 was exceeded!
[bt_navigator-6] [ERROR] [1756832842.751222076] [transformPoseInTargetFrame]: Extrapolation Error looking up target frame: Lookup would require extrapolation into the past.  Requested time 1756832829.264769 but the earliest data is at time 1756832832.544777, when looking up transform from frame [base_link] to frame [map]
[bt_navigator-6] 
[bt_navigator-6] [WARN] [1756832842.751437349] [BehaviorTreeEngine]: Behavior Tree tick rate 100.00 was exceeded!
[bt_navigator-6] [ERROR] [1756832842.853244264] [transformPoseInTargetFrame]: Extrapolation Error looking up target frame: Lookup would require extrapolation into the past.  Requested time 1756832829.264769 but the earliest data is at time 1756832833.234233, when looking up transform from frame [base_link] to frame [map]
[bt_navigator-6] 
[bt_navigator-6] [WARN] [1756832842.853484126] [BehaviorTreeEngine]: Behavior Tree tick rate 100.00 was exceeded!
[bt_navigator-6] [ERROR] [1756832842.954818492] [transformPoseInTargetFrame]: Extrapolation Error looking up target frame: Lookup would require extrapolation into the past.  Requested time 1756832829.264769 but the earliest data is at time 1756832833.234233, when looking up transform from frame [base_link] to frame [map]
[bt_navigator-6] 
[bt_navigator-6] [WARN] [1756832842.954886087] [BehaviorTreeEngine]: Behavior Tree tick rate 100.00 was exceeded!
[bt_navigator-6] [ERROR] [1756832843.056448335] [transformPoseInTargetFrame]: Extrapolation Error looking up target frame: Lookup would require extrapolation into the past.  Requested time 1756832829.264769 but the earliest data is at time 1756832833.234233, when looking up transform from frame [base_link] to frame [map]
[bt_navigator-6] 
[bt_navigator-6] [WARN] [1756832843.056706208] [BehaviorTreeEngine]: Behavior Tree tick rate 100.00 was exceeded!
[bt_navigator-6] [ERROR] [1756832843.158308217] [transformPoseInTargetFrame]: Extrapolation Error looking up target frame: Lookup would require extrapolation into the past.  Requested time 1756832829.264769 but the earliest data is at time 1756832833.234233, when looking up transform from frame [base_link] to frame [map]
[bt_navigator-6] 
[bt_navigator-6] [WARN] [1756832843.158545807] [BehaviorTreeEngine]: Behavior Tree tick rate 100.00 was exceeded!
[bt_navigator-6] [ERROR] [1756832843.260127833] [transformPoseInTargetFrame]: Extrapolation Error looking up target frame: Lookup would require extrapolation into the past.  Requested time 1756832829.264769 but the earliest data is at time 1756832833.234233, when looking up transform from frame [base_link] to frame [map]
[bt_navigator-6] 
[bt_navigator-6] [WARN] [1756832843.260368159] [BehaviorTreeEngine]: Behavior Tree tick rate 100.00 was exceeded!
[bt_navigator-6] [ERROR] [1756832843.362036921] [transformPoseInTargetFrame]: Extrapolation Error looking up target frame: Lookup would require extrapolation into the past.  Requested time 1756832829.264769 but the earliest data is at time 1756832833.234233, when looking up transform from frame [base_link] to frame [map]
[bt_navigator-6] 
[bt_navigator-6] [WARN] [1756832843.362292775] [BehaviorTreeEngine]: Behavior Tree tick rate 100.00 was exceeded!
[planner_server-4] [ERROR] [1756832843.421038339] [transformPoseInTargetFrame]: Extrapolation Error looking up target frame: Lookup would require extrapolation into the past.  Requested time 1756832829.264769 but the earliest data is at time 1756832833.234233, when looking up transform from frame [base_link] to frame [map]
[planner_server-4] 
[bt_navigator-6] [ERROR] [1756832843.463667406] [transformPoseInTargetFrame]: Extrapolation Error looking up target frame: Lookup would require extrapolation into the past.  Requested time 1756832829.264769 but the earliest data is at time 1756832833.234233, when looking up transform from frame [base_link] to frame [map]
[bt_navigator-6] 
[bt_navigator-6] [WARN] [1756832843.463940086] [BehaviorTreeEngine]: Behavior Tree tick rate 100.00 was exceeded!
[bt_navigator-6] [ERROR] [1756832843.565487432] [transformPoseInTargetFrame]: Extrapolation Error looking up target frame: Lookup would require extrapolation into the past.  Requested time 1756832829.264769 but the earliest data is at time 1756832833.294706, when looking up transform from frame [base_link] to frame [map]
[bt_navigator-6] 
[bt_navigator-6] [WARN] [1756832843.565710622] [BehaviorTreeEngine]: Behavior Tree tick rate 100.00 was exceeded!
[bt_navigator-6] [ERROR] [1756832843.667350338] [transformPoseInTargetFrame]: Extrapolation Error looking up target frame: Lookup would require extrapolation into the past.  Requested time 1756832829.264769 but the earliest data is at time 1756832833.921077, when looking up transform from frame [base_link] to frame [map]
[bt_navigator-6] 
[bt_navigator-6] [WARN] [1756832843.667581721] [BehaviorTreeEngine]: Behavior Tree tick rate 100.00 was exceeded!
[bt_navigator-6] [ERROR] [1756832843.769046554] [transformPoseInTargetFrame]: Extrapolation Error looking up target frame: Lookup would require extrapolation into the past.  Requested time 1756832829.264769 but the earliest data is at time 1756832833.921077, when looking up transform from frame [base_link] to frame [map]
[bt_navigator-6] 
[bt_navigator-6] [WARN] [1756832843.769282113] [BehaviorTreeEngine]: Behavior Tree tick rate 100.00 was exceeded!
[bt_navigator-6] [ERROR] [1756832843.870714449] [transformPoseInTargetFrame]: Extrapolation Error looking up target frame: Lookup would require extrapolation into the past.  Requested time 1756832829.264769 but the earliest data is at time 1756832833.921077, when looking up transform from frame [base_link] to frame [map]
[bt_navigator-6] 
[bt_navigator-6] [WARN] [1756832843.870901027] [BehaviorTreeEngine]: Behavior Tree tick rate 100.00 was exceeded!
[bt_navigator-6] [ERROR] [1756832843.972023341] [transformPoseInTargetFrame]: Extrapolation Error looking up target frame: Lookup would require extrapolation into the past.  Requested time 1756832829.264769 but the earliest data is at time 1756832833.921077, when looking up transform from frame [base_link] to frame [map]
[bt_navigator-6] 
[bt_navigator-6] [WARN] [1756832843.972079355] [BehaviorTreeEngine]: Behavior Tree tick rate 100.00 was exceeded!
[bt_navigator-6] [ERROR] [1756832844.073319162] [transformPoseInTargetFrame]: Extrapolation Error looking up target frame: Lookup would require extrapolation into the past.  Requested time 1756832829.264769 but the earliest data is at time 1756832834.051736, when looking up transform from frame [base_link] to frame [map]
[bt_navigator-6] 
[bt_navigator-6] [WARN] [1756832844.073513991] [BehaviorTreeEngine]: Behavior Tree tick rate 100.00 was exceeded!
[bt_navigator-6] [ERROR] [1756832844.174877241] [transformPoseInTargetFrame]: Extrapolation Error looking up target frame: Lookup would require extrapolation into the past.  Requested time 1756832829.264769 but the earliest data is at time 1756832834.051736, when looking up transform from frame [base_link] to frame [map]
[bt_navigator-6] 
[bt_navigator-6] [WARN] [1756832844.175090378] [BehaviorTreeEngine]: Behavior Tree tick rate 100.00 was exceeded!
[bt_navigator-6] [ERROR] [1756832844.276471758] [transformPoseInTargetFrame]: Extrapolation Error looking up target frame: Lookup would require extrapolation into the past.  Requested time 1756832829.264769 but the earliest data is at time 1756832835.448324, when looking up transform from frame [base_link] to frame [map]
[bt_navigator-6] 
[bt_navigator-6] [WARN] [1756832844.276673044] [BehaviorTreeEngine]: Behavior Tree tick rate 100.00 was exceeded!
[bt_navigator-6] [ERROR] [1756832844.377863452] [transformPoseInTargetFrame]: Extrapolation Error looking up target frame: Lookup would require extrapolation into the past.  Requested time 1756832829.264769 but the earliest data is at time 1756832835.448324, when looking up transform from frame [base_link] to frame [map]
[bt_navigator-6] 
[bt_navigator-6] [WARN] [1756832844.378051534] [BehaviorTreeEngine]: Behavior Tree tick rate 100.00 was exceeded!
[planner_server-4] [ERROR] [1756832844.420682698] [transformPoseInTargetFrame]: Extrapolation Error looking up target frame: Lookup would require extrapolation into the past.  Requested time 1756832829.264769 but the earliest data is at time 1756832835.448324, when looking up transform from frame [base_link] to frame [map]
[planner_server-4] 
[bt_navigator-6] [ERROR] [1756832844.479161129] [transformPoseInTargetFrame]: Extrapolation Error looking up target frame: Lookup would require extrapolation into the past.  Requested time 1756832829.264769 but the earliest data is at time 1756832835.448324, when looking up transform from frame [base_link] to frame [map]
[bt_navigator-6] 
[bt_navigator-6] [WARN] [1756832844.479353389] [BehaviorTreeEngine]: Behavior Tree tick rate 100.00 was exceeded!
[bt_navigator-6] [ERROR] [1756832844.580914665] [transformPoseInTargetFrame]: Extrapolation Error looking up target frame: Lookup would require extrapolation into the past.  Requested time 1756832829.264769 but the earliest data is at time 1756832835.448324, when looking up transform from frame [base_link] to frame [map]
[bt_navigator-6] 
[bt_navigator-6] [WARN] [1756832844.581115213] [BehaviorTreeEngine]: Behavior Tree tick rate 100.00 was exceeded!
[bt_navigator-6] [ERROR] [1756832844.682658522] [transformPoseInTargetFrame]: Extrapolation Error looking up target frame: Lookup would require extrapolation into the past.  Requested time 1756832829.264769 but the earliest data is at time 1756832835.448324, when looking up transform from frame [base_link] to frame [map]
[bt_navigator-6] 
[bt_navigator-6] [WARN] [1756832844.682894510] [BehaviorTreeEngine]: Behavior Tree tick rate 100.00 was exceeded!
[bt_navigator-6] [ERROR] [1756832844.784225795] [transformPoseInTargetFrame]: Extrapolation Error looking up target frame: Lookup would require extrapolation into the past.  Requested time 1756832829.264769 but the earliest data is at time 1756832835.448324, when looking up transform from frame [base_link] to frame [map]
[bt_navigator-6] 
[bt_navigator-6] [WARN] [1756832844.784412271] [BehaviorTreeEngine]: Behavior Tree tick rate 100.00 was exceeded!
[bt_navigator-6] [ERROR] [1756832844.885486294] [transformPoseInTargetFrame]: Extrapolation Error looking up target frame: Lookup would require extrapolation into the past.  Requested time 1756832829.264769 but the earliest data is at time 1756832835.448324, when looking up transform from frame [base_link] to frame [map]
[bt_navigator-6] 
[bt_navigator-6] [WARN] [1756832844.885595350] [BehaviorTreeEngine]: Behavior Tree tick rate 100.00 was exceeded!
[bt_navigator-6] [ERROR] [1756832844.986754122] [transformPoseInTargetFrame]: Extrapolation Error looking up target frame: Lookup would require extrapolation into the past.  Requested time 1756832829.264769 but the earliest data is at time 1756832835.448324, when looking up transform from frame [base_link] to frame [map]
[bt_navigator-6] 
[bt_navigator-6] [WARN] [1756832844.986905566] [BehaviorTreeEngine]: Behavior Tree tick rate 100.00 was exceeded!
[bt_navigator-6] [ERROR] [1756832845.088022941] [transformPoseInTargetFrame]: Extrapolation Error looking up target frame: Lookup would require extrapolation into the past.  Requested time 1756832829.264769 but the earliest data is at time 1756832835.448324, when looking up transform from frame [base_link] to frame [map]
[bt_navigator-6] 
[bt_navigator-6] [WARN] [1756832845.088224836] [BehaviorTreeEngine]: Behavior Tree tick rate 100.00 was exceeded!
[bt_navigator-6] [ERROR] [1756832845.189422140] [transformPoseInTargetFrame]: Extrapolation Error looking up target frame: Lookup would require extrapolation into the past.  Requested time 1756832829.264769 but the earliest data is at time 1756832835.448324, when looking up transform from frame [base_link] to frame [map]
[bt_navigator-6] 
[bt_navigator-6] [WARN] [1756832845.189546698] [BehaviorTreeEngine]: Behavior Tree tick rate 100.00 was exceeded!
[bt_navigator-6] [ERROR] [1756832845.290325688] [transformPoseInTargetFrame]: Extrapolation Error looking up target frame: Lookup would require extrapolation into the past.  Requested time 1756832829.264769 but the earliest data is at time 1756832835.448324, when looking up transform from frame [base_link] to frame [map]
[bt_navigator-6] 
[bt_navigator-6] [WARN] [1756832845.290486700] [BehaviorTreeEngine]: Behavior Tree tick rate 100.00 was exceeded!
[bt_navigator-6] [ERROR] [1756832845.392042144] [transformPoseInTargetFrame]: Extrapolation Error looking up target frame: Lookup would require extrapolation into the past.  Requested time 1756832829.264769 but the earliest data is at time 1756832835.448324, when looking up transform from frame [base_link] to frame [map]
[bt_navigator-6] 
[bt_navigator-6] [WARN] [1756832845.392312412] [BehaviorTreeEngine]: Behavior Tree tick rate 100.00 was exceeded!
[planner_server-4] [ERROR] [1756832845.420397145] [transformPoseInTargetFrame]: Extrapolation Error looking up target frame: Lookup would require extrapolation into the past.  Requested time 1756832829.264769 but the earliest data is at time 1756832835.448324, when looking up transform from frame [base_link] to frame [map]
[planner_server-4] 
[bt_navigator-6] [ERROR] [1756832845.494054828] [transformPoseInTargetFrame]: Extrapolation Error looking up target frame: Lookup would require extrapolation into the past.  Requested time 1756832829.264769 but the earliest data is at time 1756832835.448324, when looking up transform from frame [base_link] to frame [map]
[bt_navigator-6] 
[bt_navigator-6] [WARN] [1756832845.494364517] [BehaviorTreeEngine]: Behavior Tree tick rate 100.00 was exceeded!
[bt_navigator-6] [ERROR] [1756832845.595935520] [transformPoseInTargetFrame]: Extrapolation Error looking up target frame: Lookup would require extrapolation into the past.  Requested time 1756832829.264769 but the earliest data is at time 1756832835.562923, when looking up transform from frame [base_link] to frame [map]
[bt_navigator-6] 
[bt_navigator-6] [WARN] [1756832845.596240780] [BehaviorTreeEngine]: Behavior Tree tick rate 100.00 was exceeded!
[bt_navigator-6] [ERROR] [1756832845.697571740] [transformPoseInTargetFrame]: Extrapolation Error looking up target frame: Lookup would require extrapolation into the past.  Requested time 1756832829.264769 but the earliest data is at time 1756832835.644902, when looking up transform from frame [base_link] to frame [map]
[bt_navigator-6] 
[bt_navigator-6] [WARN] [1756832845.697824831] [BehaviorTreeEngine]: Behavior Tree tick rate 100.00 was exceeded!
[bt_navigator-6] [ERROR] [1756832845.799630278] [transformPoseInTargetFrame]: Extrapolation Error looking up target frame: Lookup would require extrapolation into the past.  Requested time 1756832829.264769 but the earliest data is at time 1756832835.644902, when looking up transform from frame [base_link] to frame [map]
[bt_navigator-6] 
[bt_navigator-6] [WARN] [1756832845.799984231] [BehaviorTreeEngine]: Behavior Tree tick rate 100.00 was exceeded!
[bt_navigator-6] [ERROR] [1756832845.901906601] [transformPoseInTargetFrame]: Extrapolation Error looking up target frame: Lookup would require extrapolation into the past.  Requested time 1756832829.264769 but the earliest data is at time 1756832835.644902, when looking up transform from frame [base_link] to frame [map]
[bt_navigator-6] 
[bt_navigator-6] [WARN] [1756832845.902113740] [BehaviorTreeEngine]: Behavior Tree tick rate 100.00 was exceeded!
[bt_navigator-6] [ERROR] [1756832846.003272183] [transformPoseInTargetFrame]: Extrapolation Error looking up target frame: Lookup would require extrapolation into the past.  Requested time 1756832829.264769 but the earliest data is at time 1756832835.794702, when looking up transform from frame [base_link] to frame [map]
[bt_navigator-6] 
[bt_navigator-6] [WARN] [1756832846.003472199] [BehaviorTreeEngine]: Behavior Tree tick rate 100.00 was exceeded!
[bt_navigator-6] [ERROR] [1756832846.104769893] [transformPoseInTargetFrame]: Extrapolation Error looking up target frame: Lookup would require extrapolation into the past.  Requested time 1756832829.264769 but the earliest data is at time 1756832836.044855, when looking up transform from frame [base_link] to frame [map]
[bt_navigator-6] 
[bt_navigator-6] [WARN] [1756832846.104958478] [BehaviorTreeEngine]: Behavior Tree tick rate 100.00 was exceeded!
[bt_navigator-6] [ERROR] [1756832846.206118366] [transformPoseInTargetFrame]: Extrapolation Error looking up target frame: Lookup would require extrapolation into the past.  Requested time 1756832829.264769 but the earliest data is at time 1756832836.144905, when looking up transform from frame [base_link] to frame [map]
[bt_navigator-6] 
[bt_navigator-6] [WARN] [1756832846.206308483] [BehaviorTreeEngine]: Behavior Tree tick rate 100.00 was exceeded!
[bt_navigator-6] [ERROR] [1756832846.307492774] [transformPoseInTargetFrame]: Extrapolation Error looking up target frame: Lookup would require extrapolation into the past.  Requested time 1756832829.264769 but the earliest data is at time 1756832836.305537, when looking up transform from frame [base_link] to frame [map]
[bt_navigator-6] 
[bt_navigator-6] [WARN] [1756832846.307729026] [BehaviorTreeEngine]: Behavior Tree tick rate 100.00 was exceeded!
[behavior_server-5] [INFO] [1756832846.329710471] [behavior_server]: wait completed successfully
[bt_navigator-6] [ERROR] [1756832846.409091775] [transformPoseInTargetFrame]: Extrapolation Error looking up target frame: Lookup would require extrapolation into the past.  Requested time 1756832829.264769 but the earliest data is at time 1756832836.305537, when looking up transform from frame [base_link] to frame [map]
[bt_navigator-6] 
[bt_navigator-6] [WARN] [1756832846.409289903] [BehaviorTreeEngine]: Behavior Tree tick rate 100.00 was exceeded!
[planner_server-4] [ERROR] [1756832846.420175033] [transformPoseInTargetFrame]: Extrapolation Error looking up target frame: Lookup would require extrapolation into the past.  Requested time 1756832829.264769 but the earliest data is at time 1756832836.305537, when looking up transform from frame [base_link] to frame [map]
[planner_server-4] 
[bt_navigator-6] [ERROR] [1756832846.510423844] [transformPoseInTargetFrame]: Extrapolation Error looking up target frame: Lookup would require extrapolation into the past.  Requested time 1756832829.264769 but the earliest data is at time 1756832836.494546, when looking up transform from frame [base_link] to frame [map]
[bt_navigator-6] 
[bt_navigator-6] [WARN] [1756832846.510573679] [BehaviorTreeEngine]: Behavior Tree tick rate 100.00 was exceeded!
[bt_navigator-6] [ERROR] [1756832846.611741846] [transformPoseInTargetFrame]: Extrapolation Error looking up target frame: Lookup would require extrapolation into the past.  Requested time 1756832829.264769 but the earliest data is at time 1756832836.494546, when looking up transform from frame [base_link] to frame [map]
[bt_navigator-6] 
[bt_navigator-6] [WARN] [1756832846.611989123] [BehaviorTreeEngine]: Behavior Tree tick rate 100.00 was exceeded!
[bt_navigator-6] [ERROR] [1756832846.713420770] [transformPoseInTargetFrame]: Extrapolation Error looking up target frame: Lookup would require extrapolation into the past.  Requested time 1756832829.264769 but the earliest data is at time 1756832836.494546, when looking up transform from frame [base_link] to frame [map]
[bt_navigator-6] 
[bt_navigator-6] [WARN] [1756832846.713645939] [BehaviorTreeEngine]: Behavior Tree tick rate 100.00 was exceeded!
[bt_navigator-6] [ERROR] [1756832846.815800838] [transformPoseInTargetFrame]: Extrapolation Error looking up target frame: Lookup would require extrapolation into the past.  Requested time 1756832829.264769 but the earliest data is at time 1756832836.494546, when looking up transform from frame [base_link] to frame [map]
[bt_navigator-6] 
[bt_navigator-6] [WARN] [1756832846.816001730] [BehaviorTreeEngine]: Behavior Tree tick rate 100.00 was exceeded!
[bt_navigator-6] [ERROR] [1756832846.917369787] [transformPoseInTargetFrame]: Extrapolation Error looking up target frame: Lookup would require extrapolation into the past.  Requested time 1756832829.264769 but the earliest data is at time 1756832836.494546, when looking up transform from frame [base_link] to frame [map]
[bt_navigator-6] 
[bt_navigator-6] [WARN] [1756832846.917606473] [BehaviorTreeEngine]: Behavior Tree tick rate 100.00 was exceeded!
[bt_navigator-6] [ERROR] [1756832847.019001109] [transformPoseInTargetFrame]: Extrapolation Error looking up target frame: Lookup would require extrapolation into the past.  Requested time 1756832829.264769 but the earliest data is at time 1756832836.494546, when looking up transform from frame [base_link] to frame [map]
[bt_navigator-6] 
[bt_navigator-6] [WARN] [1756832847.019296157] [BehaviorTreeEngine]: Behavior Tree tick rate 100.00 was exceeded!
[bt_navigator-6] [ERROR] [1756832847.120935079] [transformPoseInTargetFrame]: Extrapolation Error looking up target frame: Lookup would require extrapolation into the past.  Requested time 1756832829.264769 but the earliest data is at time 1756832836.494546, when looking up transform from frame [base_link] to frame [map]
[bt_navigator-6] 
[bt_navigator-6] [WARN] [1756832847.121109770] [BehaviorTreeEngine]: Behavior Tree tick rate 100.00 was exceeded!
[bt_navigator-6] [ERROR] [1756832847.222522781] [transformPoseInTargetFrame]: Extrapolation Error looking up target frame: Lookup would require extrapolation into the past.  Requested time 1756832829.264769 but the earliest data is at time 1756832836.494546, when looking up transform from frame [base_link] to frame [map]
[bt_navigator-6] 
[bt_navigator-6] [WARN] [1756832847.222778071] [BehaviorTreeEngine]: Behavior Tree tick rate 100.00 was exceeded!
[bt_navigator-6] [ERROR] [1756832847.324395942] [transformPoseInTargetFrame]: Extrapolation Error looking up target frame: Lookup would require extrapolation into the past.  Requested time 1756832829.264769 but the earliest data is at time 1756832836.494546, when looking up transform from frame [base_link] to frame [map]
[bt_navigator-6] 
[bt_navigator-6] [WARN] [1756832847.324647739] [BehaviorTreeEngine]: Behavior Tree tick rate 100.00 was exceeded!
[planner_server-4] [ERROR] [1756832847.420799327] [transformPoseInTargetFrame]: Extrapolation Error looking up target frame: Lookup would require extrapolation into the past.  Requested time 1756832829.264769 but the earliest data is at time 1756832836.794919, when looking up transform from frame [base_link] to frame [map]
[planner_server-4] 
[bt_navigator-6] [ERROR] [1756832847.425836394] [transformPoseInTargetFrame]: Extrapolation Error looking up target frame: Lookup would require extrapolation into the past.  Requested time 1756832829.264769 but the earliest data is at time 1756832836.794919, when looking up transform from frame [base_link] to frame [map]
[bt_navigator-6] 
[bt_navigator-6] [WARN] [1756832847.425971784] [BehaviorTreeEngine]: Behavior Tree tick rate 100.00 was exceeded!
[bt_navigator-6] [ERROR] [1756832847.527124599] [transformPoseInTargetFrame]: Extrapolation Error looking up target frame: Lookup would require extrapolation into the past.  Requested time 1756832829.264769 but the earliest data is at time 1756832837.759501, when looking up transform from frame [base_link] to frame [map]
[bt_navigator-6] 
[bt_navigator-6] [WARN] [1756832847.527369484] [BehaviorTreeEngine]: Behavior Tree tick rate 100.00 was exceeded!
[bt_navigator-6] [ERROR] [1756832847.628976612] [transformPoseInTargetFrame]: Extrapolation Error looking up target frame: Lookup would require extrapolation into the past.  Requested time 1756832829.264769 but the earliest data is at time 1756832837.759501, when looking up transform from frame [base_link] to frame [map]
[bt_navigator-6] 
[bt_navigator-6] [WARN] [1756832847.629284233] [BehaviorTreeEngine]: Behavior Tree tick rate 100.00 was exceeded!
[bt_navigator-6] [ERROR] [1756832847.730896252] [transformPoseInTargetFrame]: Extrapolation Error looking up target frame: Lookup would require extrapolation into the past.  Requested time 1756832829.264769 but the earliest data is at time 1756832837.759501, when looking up transform from frame [base_link] to frame [map]
[bt_navigator-6] 
[bt_navigator-6] [WARN] [1756832847.731170361] [BehaviorTreeEngine]: Behavior Tree tick rate 100.00 was exceeded!
[bt_navigator-6] [ERROR] [1756832847.832198286] [transformPoseInTargetFrame]: Extrapolation Error looking up target frame: Lookup would require extrapolation into the past.  Requested time 1756832829.264769 but the earliest data is at time 1756832837.759501, when looking up transform from frame [base_link] to frame [map]
[bt_navigator-6] 
[bt_navigator-6] [WARN] [1756832847.832400957] [BehaviorTreeEngine]: Behavior Tree tick rate 100.00 was exceeded!
[bt_navigator-6] [ERROR] [1756832847.933466055] [transformPoseInTargetFrame]: Extrapolation Error looking up target frame: Lookup would require extrapolation into the past.  Requested time 1756832829.264769 but the earliest data is at time 1756832837.795203, when looking up transform from frame [base_link] to frame [map]
[bt_navigator-6] 
[bt_navigator-6] [WARN] [1756832847.933670510] [BehaviorTreeEngine]: Behavior Tree tick rate 100.00 was exceeded!
[bt_navigator-6] [ERROR] [1756832848.034915036] [transformPoseInTargetFrame]: Extrapolation Error looking up target frame: Lookup would require extrapolation into the past.  Requested time 1756832829.264769 but the earliest data is at time 1756832837.948634, when looking up transform from frame [base_link] to frame [map]
[bt_navigator-6] 
[bt_navigator-6] [WARN] [1756832848.035111198] [BehaviorTreeEngine]: Behavior Tree tick rate 100.00 was exceeded!
[bt_navigator-6] [ERROR] [1756832848.136072792] [transformPoseInTargetFrame]: Extrapolation Error looking up target frame: Lookup would require extrapolation into the past.  Requested time 1756832829.264769 but the earliest data is at time 1756832837.948634, when looking up transform from frame [base_link] to frame [map]
[bt_navigator-6] 
[bt_navigator-6] [WARN] [1756832848.136143894] [BehaviorTreeEngine]: Behavior Tree tick rate 100.00 was exceeded!
[bt_navigator-6] [ERROR] [1756832848.237080327] [transformPoseInTargetFrame]: Extrapolation Error looking up target frame: Lookup would require extrapolation into the past.  Requested time 1756832829.264769 but the earliest data is at time 1756832838.145433, when looking up transform from frame [base_link] to frame [map]
[bt_navigator-6] 
[bt_navigator-6] [WARN] [1756832848.237244549] [BehaviorTreeEngine]: Behavior Tree tick rate 100.00 was exceeded!
[bt_navigator-6] [ERROR] [1756832848.338467681] [transformPoseInTargetFrame]: Extrapolation Error looking up target frame: Lookup would require extrapolation into the past.  Requested time 1756832829.264769 but the earliest data is at time 1756832838.244704, when looking up transform from frame [base_link] to frame [map]
[bt_navigator-6] 
[bt_navigator-6] [WARN] [1756832848.338689840] [BehaviorTreeEngine]: Behavior Tree tick rate 100.00 was exceeded!
[planner_server-4] [ERROR] [1756832848.419927856] [transformPoseInTargetFrame]: Extrapolation Error looking up target frame: Lookup would require extrapolation into the past.  Requested time 1756832829.264769 but the earliest data is at time 1756832838.294794, when looking up transform from frame [base_link] to frame [map]
[planner_server-4] 
[bt_navigator-6] [ERROR] [1756832848.439876376] [transformPoseInTargetFrame]: Extrapolation Error looking up target frame: Lookup would require extrapolation into the past.  Requested time 1756832829.264769 but the earliest data is at time 1756832838.294794, when looking up transform from frame [base_link] to frame [map]
[bt_navigator-6] 
[bt_navigator-6] [WARN] [1756832848.440047476] [BehaviorTreeEngine]: Behavior Tree tick rate 100.00 was exceeded!
[bt_navigator-6] [ERROR] [1756832848.541044142] [transformPoseInTargetFrame]: Extrapolation Error looking up target frame: Lookup would require extrapolation into the past.  Requested time 1756832829.264769 but the earliest data is at time 1756832838.294794, when looking up transform from frame [base_link] to frame [map]
[bt_navigator-6] 
[bt_navigator-6] [WARN] [1756832848.541168442] [BehaviorTreeEngine]: Behavior Tree tick rate 100.00 was exceeded!
[bt_navigator-6] [ERROR] [1756832848.642229059] [transformPoseInTargetFrame]: Extrapolation Error looking up target frame: Lookup would require extrapolation into the past.  Requested time 1756832829.264769 but the earliest data is at time 1756832838.294794, when looking up transform from frame [base_link] to frame [map]
[bt_navigator-6] 
[bt_navigator-6] [WARN] [1756832848.642470872] [BehaviorTreeEngine]: Behavior Tree tick rate 100.00 was exceeded!
[bt_navigator-6] [ERROR] [1756832848.743522181] [transformPoseInTargetFrame]: Extrapolation Error looking up target frame: Lookup would require extrapolation into the past.  Requested time 1756832829.264769 but the earliest data is at time 1756832838.294794, when looking up transform from frame [base_link] to frame [map]
[bt_navigator-6] 
[bt_navigator-6] [WARN] [1756832848.743709420] [BehaviorTreeEngine]: Behavior Tree tick rate 100.00 was exceeded!
[bt_navigator-6] [ERROR] [1756832848.845011781] [transformPoseInTargetFrame]: Extrapolation Error looking up target frame: Lookup would require extrapolation into the past.  Requested time 1756832829.264769 but the earliest data is at time 1756832838.294794, when looking up transform from frame [base_link] to frame [map]
[bt_navigator-6] 
[bt_navigator-6] [WARN] [1756832848.845197435] [BehaviorTreeEngine]: Behavior Tree tick rate 100.00 was exceeded!
[bt_navigator-6] [ERROR] [1756832848.946286553] [transformPoseInTargetFrame]: Extrapolation Error looking up target frame: Lookup would require extrapolation into the past.  Requested time 1756832829.264769 but the earliest data is at time 1756832838.294794, when looking up transform from frame [base_link] to frame [map]
[bt_navigator-6] 
[bt_navigator-6] [WARN] [1756832848.946478003] [BehaviorTreeEngine]: Behavior Tree tick rate 100.00 was exceeded!
[bt_navigator-6] [ERROR] [1756832849.047716263] [transformPoseInTargetFrame]: Extrapolation Error looking up target frame: Lookup would require extrapolation into the past.  Requested time 1756832829.264769 but the earliest data is at time 1756832838.294794, when looking up transform from frame [base_link] to frame [map]
[bt_navigator-6] 
[bt_navigator-6] [WARN] [1756832849.047920999] [BehaviorTreeEngine]: Behavior Tree tick rate 100.00 was exceeded!
[bt_navigator-6] [ERROR] [1756832849.149252706] [transformPoseInTargetFrame]: Extrapolation Error looking up target frame: Lookup would require extrapolation into the past.  Requested time 1756832829.264769 but the earliest data is at time 1756832838.494697, when looking up transform from frame [base_link] to frame [map]
[bt_navigator-6] 
[bt_navigator-6] [WARN] [1756832849.149508554] [BehaviorTreeEngine]: Behavior Tree tick rate 100.00 was exceeded!
[bt_navigator-6] [ERROR] [1756832849.250828688] [transformPoseInTargetFrame]: Extrapolation Error looking up target frame: Lookup would require extrapolation into the past.  Requested time 1756832829.264769 but the earliest data is at time 1756832839.094929, when looking up transform from frame [base_link] to frame [map]
[bt_navigator-6] 
[bt_navigator-6] [WARN] [1756832849.251019192] [BehaviorTreeEngine]: Behavior Tree tick rate 100.00 was exceeded!
[bt_navigator-6] [ERROR] [1756832849.352255964] [transformPoseInTargetFrame]: Extrapolation Error looking up target frame: Lookup would require extrapolation into the past.  Requested time 1756832829.264769 but the earliest data is at time 1756832839.244881, when looking up transform from frame [base_link] to frame [map]
[bt_navigator-6] 
[bt_navigator-6] [WARN] [1756832849.352451924] [BehaviorTreeEngine]: Behavior Tree tick rate 100.00 was exceeded!
[planner_server-4] [ERROR] [1756832849.420213801] [transformPoseInTargetFrame]: Extrapolation Error looking up target frame: Lookup would require extrapolation into the past.  Requested time 1756832829.264769 but the earliest data is at time 1756832839.407559, when looking up transform from frame [base_link] to frame [map]
[planner_server-4] 
[bt_navigator-6] [ERROR] [1756832849.453635106] [transformPoseInTargetFrame]: Extrapolation Error looking up target frame: Lookup would require extrapolation into the past.  Requested time 1756832829.264769 but the earliest data is at time 1756832839.407559, when looking up transform from frame [base_link] to frame [map]
[bt_navigator-6] 
[bt_navigator-6] [WARN] [1756832849.453805115] [BehaviorTreeEngine]: Behavior Tree tick rate 100.00 was exceeded!
[bt_navigator-6] [ERROR] [1756832849.555234261] [transformPoseInTargetFrame]: Extrapolation Error looking up target frame: Lookup would require extrapolation into the past.  Requested time 1756832829.264769 but the earliest data is at time 1756832839.407559, when looking up transform from frame [base_link] to frame [map]
[bt_navigator-6] 
[bt_navigator-6] [WARN] [1756832849.555433120] [BehaviorTreeEngine]: Behavior Tree tick rate 100.00 was exceeded!
[bt_navigator-6] [ERROR] [1756832849.656793657] [transformPoseInTargetFrame]: Extrapolation Error looking up target frame: Lookup would require extrapolation into the past.  Requested time 1756832829.264769 but the earliest data is at time 1756832839.595329, when looking up transform from frame [base_link] to frame [map]
[bt_navigator-6] 
[bt_navigator-6] [WARN] [1756832849.657090333] [BehaviorTreeEngine]: Behavior Tree tick rate 100.00 was exceeded!
[bt_navigator-6] [ERROR] [1756832849.758834451] [transformPoseInTargetFrame]: Extrapolation Error looking up target frame: Lookup would require extrapolation into the past.  Requested time 1756832829.264769 but the earliest data is at time 1756832839.644723, when looking up transform from frame [base_link] to frame [map]
[bt_navigator-6] 
[bt_navigator-6] [WARN] [1756832849.759067631] [BehaviorTreeEngine]: Behavior Tree tick rate 100.00 was exceeded!
[bt_navigator-6] [ERROR] [1756832849.860379881] [transformPoseInTargetFrame]: Extrapolation Error looking up target frame: Lookup would require extrapolation into the past.  Requested time 1756832829.264769 but the earliest data is at time 1756832839.794685, when looking up transform from frame [base_link] to frame [map]
[bt_navigator-6] 
[bt_navigator-6] [WARN] [1756832849.860586287] [BehaviorTreeEngine]: Behavior Tree tick rate 100.00 was exceeded!
[bt_navigator-6] [ERROR] [1756832849.961771449] [transformPoseInTargetFrame]: Extrapolation Error looking up target frame: Lookup would require extrapolation into the past.  Requested time 1756832829.264769 but the earliest data is at time 1756832840.353528, when looking up transform from frame [base_link] to frame [map]
[bt_navigator-6] 
[bt_navigator-6] [WARN] [1756832849.961968365] [BehaviorTreeEngine]: Behavior Tree tick rate 100.00 was exceeded!
[bt_navigator-6] [ERROR] [1756832850.063172710] [transformPoseInTargetFrame]: Extrapolation Error looking up target frame: Lookup would require extrapolation into the past.  Requested time 1756832829.264769 but the earliest data is at time 1756832840.353528, when looking up transform from frame [base_link] to frame [map]
[bt_navigator-6] 
[bt_navigator-6] [WARN] [1756832850.063369182] [BehaviorTreeEngine]: Behavior Tree tick rate 100.00 was exceeded!
[bt_navigator-6] [ERROR] [1756832850.164450854] [transformPoseInTargetFrame]: Extrapolation Error looking up target frame: Lookup would require extrapolation into the past.  Requested time 1756832829.264769 but the earliest data is at time 1756832840.353528, when looking up transform from frame [base_link] to frame [map]
[bt_navigator-6] 
[bt_navigator-6] [WARN] [1756832850.164591455] [BehaviorTreeEngine]: Behavior Tree tick rate 100.00 was exceeded!
[bt_navigator-6] [ERROR] [1756832850.265704598] [transformPoseInTargetFrame]: Extrapolation Error looking up target frame: Lookup would require extrapolation into the past.  Requested time 1756832829.264769 but the earliest data is at time 1756832840.353528, when looking up transform from frame [base_link] to frame [map]
[bt_navigator-6] 
[bt_navigator-6] [WARN] [1756832850.265879646] [BehaviorTreeEngine]: Behavior Tree tick rate 100.00 was exceeded!
[bt_navigator-6] [ERROR] [1756832850.367026586] [transformPoseInTargetFrame]: Extrapolation Error looking up target frame: Lookup would require extrapolation into the past.  Requested time 1756832829.264769 but the earliest data is at time 1756832840.353528, when looking up transform from frame [base_link] to frame [map]
[bt_navigator-6] 
[bt_navigator-6] [WARN] [1756832850.367203928] [BehaviorTreeEngine]: Behavior Tree tick rate 100.00 was exceeded!
[planner_server-4] [ERROR] [1756832850.419581115] [transformPoseInTargetFrame]: Extrapolation Error looking up target frame: Lookup would require extrapolation into the past.  Requested time 1756832829.264769 but the earliest data is at time 1756832840.353528, when looking up transform from frame [base_link] to frame [map]
[planner_server-4] 
[bt_navigator-6] [ERROR] [1756832850.468188063] [transformPoseInTargetFrame]: Extrapolation Error looking up target frame: Lookup would require extrapolation into the past.  Requested time 1756832829.264769 but the earliest data is at time 1756832840.353528, when looking up transform from frame [base_link] to frame [map]
[bt_navigator-6] 
[bt_navigator-6] [WARN] [1756832850.468358949] [BehaviorTreeEngine]: Behavior Tree tick rate 100.00 was exceeded!
[bt_navigator-6] [ERROR] [1756832850.569430053] [transformPoseInTargetFrame]: Extrapolation Error looking up target frame: Lookup would require extrapolation into the past.  Requested time 1756832829.264769 but the earliest data is at time 1756832840.495908, when looking up transform from frame [base_link] to frame [map]
[bt_navigator-6] 
[bt_navigator-6] [WARN] [1756832850.569532867] [BehaviorTreeEngine]: Behavior Tree tick rate 100.00 was exceeded!
[bt_navigator-6] [ERROR] [1756832850.670727958] [transformPoseInTargetFrame]: Extrapolation Error looking up target frame: Lookup would require extrapolation into the past.  Requested time 1756832829.264769 but the earliest data is at time 1756832840.495908, when looking up transform from frame [base_link] to frame [map]
[bt_navigator-6] 
[bt_navigator-6] [WARN] [1756832850.671578214] [BehaviorTreeEngine]: Behavior Tree tick rate 100.00 was exceeded!
[bt_navigator-6] [ERROR] [1756832850.773126561] [transformPoseInTargetFrame]: Extrapolation Error looking up target frame: Lookup would require extrapolation into the past.  Requested time 1756832829.264769 but the earliest data is at time 1756832840.495908, when looking up transform from frame [base_link] to frame [map]
[bt_navigator-6] 
[bt_navigator-6] [WARN] [1756832850.773283907] [BehaviorTreeEngine]: Behavior Tree tick rate 100.00 was exceeded!
[bt_navigator-6] [ERROR] [1756832850.874524065] [transformPoseInTargetFrame]: Extrapolation Error looking up target frame: Lookup would require extrapolation into the past.  Requested time 1756832829.264769 but the earliest data is at time 1756832840.744899, when looking up transform from frame [base_link] to frame [map]
[bt_navigator-6] 
[bt_navigator-6] [WARN] [1756832850.874717681] [BehaviorTreeEngine]: Behavior Tree tick rate 100.00 was exceeded!
[bt_navigator-6] [ERROR] [1756832850.975897265] [transformPoseInTargetFrame]: Extrapolation Error looking up target frame: Lookup would require extrapolation into the past.  Requested time 1756832829.264769 but the earliest data is at time 1756832841.369381, when looking up transform from frame [base_link] to frame [map]
[bt_navigator-6] 
[bt_navigator-6] [WARN] [1756832850.976080596] [BehaviorTreeEngine]: Behavior Tree tick rate 100.00 was exceeded!
[bt_navigator-6] [ERROR] [1756832851.077208623] [transformPoseInTargetFrame]: Extrapolation Error looking up target frame: Lookup would require extrapolation into the past.  Requested time 1756832829.264769 but the earliest data is at time 1756832841.369381, when looking up transform from frame [base_link] to frame [map]
[bt_navigator-6] 
[bt_navigator-6] [WARN] [1756832851.077390893] [BehaviorTreeEngine]: Behavior Tree tick rate 100.00 was exceeded!
[bt_navigator-6] [ERROR] [1756832851.178549052] [transformPoseInTargetFrame]: Extrapolation Error looking up target frame: Lookup would require extrapolation into the past.  Requested time 1756832829.264769 but the earliest data is at time 1756832841.369381, when looking up transform from frame [base_link] to frame [map]
[bt_navigator-6] 
[bt_navigator-6] [WARN] [1756832851.178735169] [BehaviorTreeEngine]: Behavior Tree tick rate 100.00 was exceeded!
[bt_navigator-6] [ERROR] [1756832851.279946556] [transformPoseInTargetFrame]: Extrapolation Error looking up target frame: Lookup would require extrapolation into the past.  Requested time 1756832829.264769 but the earliest data is at time 1756832841.369381, when looking up transform from frame [base_link] to frame [map]
[bt_navigator-6] 
[bt_navigator-6] [WARN] [1756832851.280157429] [BehaviorTreeEngine]: Behavior Tree tick rate 100.00 was exceeded!
[bt_navigator-6] [ERROR] [1756832851.381930641] [transformPoseInTargetFrame]: Extrapolation Error looking up target frame: Lookup would require extrapolation into the past.  Requested time 1756832829.264769 but the earliest data is at time 1756832841.369381, when looking up transform from frame [base_link] to frame [map]
[bt_navigator-6] 
[bt_navigator-6] [WARN] [1756832851.382169246] [BehaviorTreeEngine]: Behavior Tree tick rate 100.00 was exceeded!
[planner_server-4] [ERROR] [1756832851.420768779] [transformPoseInTargetFrame]: Extrapolation Error looking up target frame: Lookup would require extrapolation into the past.  Requested time 1756832829.264769 but the earliest data is at time 1756832841.369381, when looking up transform from frame [base_link] to frame [map]
[planner_server-4] 
[bt_navigator-6] [ERROR] [1756832851.483709748] [transformPoseInTargetFrame]: Extrapolation Error looking up target frame: Lookup would require extrapolation into the past.  Requested time 1756832829.264769 but the earliest data is at time 1756832841.369381, when looking up transform from frame [base_link] to frame [map]
[bt_navigator-6] 
[bt_navigator-6] [WARN] [1756832851.483896073] [BehaviorTreeEngine]: Behavior Tree tick rate 100.00 was exceeded!
[bt_navigator-6] [ERROR] [1756832851.585247858] [transformPoseInTargetFrame]: Extrapolation Error looking up target frame: Lookup would require extrapolation into the past.  Requested time 1756832829.264769 but the earliest data is at time 1756832841.494701, when looking up transform from frame [base_link] to frame [map]
[bt_navigator-6] 
[bt_navigator-6] [WARN] [1756832851.585438084] [BehaviorTreeEngine]: Behavior Tree tick rate 100.00 was exceeded!
[bt_navigator-6] [ERROR] [1756832851.686857306] [transformPoseInTargetFrame]: Extrapolation Error looking up target frame: Lookup would require extrapolation into the past.  Requested time 1756832829.264769 but the earliest data is at time 1756832841.596684, when looking up transform from frame [base_link] to frame [map]
[bt_navigator-6] 
[bt_navigator-6] [WARN] [1756832851.687200815] [BehaviorTreeEngine]: Behavior Tree tick rate 100.00 was exceeded!
[bt_navigator-6] [ERROR] [1756832851.788473655] [transformPoseInTargetFrame]: Extrapolation Error looking up target frame: Lookup would require extrapolation into the past.  Requested time 1756832829.264769 but the earliest data is at time 1756832841.744756, when looking up transform from frame [base_link] to frame [map]
[bt_navigator-6] 
[bt_navigator-6] [WARN] [1756832851.788673871] [BehaviorTreeEngine]: Behavior Tree tick rate 100.00 was exceeded!
[bt_navigator-6] [ERROR] [1756832851.890163647] [transformPoseInTargetFrame]: Extrapolation Error looking up target frame: Lookup would require extrapolation into the past.  Requested time 1756832829.264769 but the earliest data is at time 1756832841.809186, when looking up transform from frame [base_link] to frame [map]
[bt_navigator-6] 
[bt_navigator-6] [WARN] [1756832851.890434275] [BehaviorTreeEngine]: Behavior Tree tick rate 100.00 was exceeded!
[bt_navigator-6] [ERROR] [1756832851.991807938] [transformPoseInTargetFrame]: Extrapolation Error looking up target frame: Lookup would require extrapolation into the past.  Requested time 1756832829.264769 but the earliest data is at time 1756832841.944696, when looking up transform from frame [base_link] to frame [map]
[bt_navigator-6] 
[bt_navigator-6] [WARN] [1756832851.992005646] [BehaviorTreeEngine]: Behavior Tree tick rate 100.00 was exceeded!
[bt_navigator-6] [ERROR] [1756832852.093133548] [transformPoseInTargetFrame]: Extrapolation Error looking up target frame: Lookup would require extrapolation into the past.  Requested time 1756832829.264769 but the earliest data is at time 1756832841.944696, when looking up transform from frame [base_link] to frame [map]
[bt_navigator-6] 
[bt_navigator-6] [WARN] [1756832852.093314377] [BehaviorTreeEngine]: Behavior Tree tick rate 100.00 was exceeded!
[bt_navigator-6] [ERROR] [1756832852.194690147] [transformPoseInTargetFrame]: Extrapolation Error looking up target frame: Lookup would require extrapolation into the past.  Requested time 1756832829.264769 but the earliest data is at time 1756832841.944696, when looking up transform from frame [base_link] to frame [map]
[bt_navigator-6] 
[bt_navigator-6] [WARN] [1756832852.194953948] [BehaviorTreeEngine]: Behavior Tree tick rate 100.00 was exceeded!
[bt_navigator-6] [ERROR] [1756832852.296539798] [transformPoseInTargetFrame]: Extrapolation Error looking up target frame: Lookup would require extrapolation into the past.  Requested time 1756832829.264769 but the earliest data is at time 1756832841.944696, when looking up transform from frame [base_link] to frame [map]
[bt_navigator-6] 
[bt_navigator-6] [WARN] [1756832852.296780961] [BehaviorTreeEngine]: Behavior Tree tick rate 100.00 was exceeded!
[bt_navigator-6] [ERROR] [1756832852.398226132] [transformPoseInTargetFrame]: Extrapolation Error looking up target frame: Lookup would require extrapolation into the past.  Requested time 1756832829.264769 but the earliest data is at time 1756832841.944696, when looking up transform from frame [base_link] to frame [map]
[bt_navigator-6] 
[bt_navigator-6] [WARN] [1756832852.398436555] [BehaviorTreeEngine]: Behavior Tree tick rate 100.00 was exceeded!
[planner_server-4] [ERROR] [1756832852.421181240] [transformPoseInTargetFrame]: Extrapolation Error looking up target frame: Lookup would require extrapolation into the past.  Requested time 1756832829.264769 but the earliest data is at time 1756832841.944696, when looking up transform from frame [base_link] to frame [map]
[planner_server-4] 
[bt_navigator-6] [ERROR] [1756832852.500172322] [transformPoseInTargetFrame]: Extrapolation Error looking up target frame: Lookup would require extrapolation into the past.  Requested time 1756832829.264769 but the earliest data is at time 1756832841.944696, when looking up transform from frame [base_link] to frame [map]
[bt_navigator-6] 
[bt_navigator-6] [WARN] [1756832852.500359672] [BehaviorTreeEngine]: Behavior Tree tick rate 100.00 was exceeded!
[bt_navigator-6] [ERROR] [1756832852.602196311] [transformPoseInTargetFrame]: Extrapolation Error looking up target frame: Lookup would require extrapolation into the past.  Requested time 1756832829.264769 but the earliest data is at time 1756832841.944696, when looking up transform from frame [base_link] to frame [map]
[bt_navigator-6] 
[bt_navigator-6] [WARN] [1756832852.602417956] [BehaviorTreeEngine]: Behavior Tree tick rate 100.00 was exceeded!
[bt_navigator-6] [ERROR] [1756832852.703520739] [transformPoseInTargetFrame]: Extrapolation Error looking up target frame: Lookup would require extrapolation into the past.  Requested time 1756832829.264769 but the earliest data is at time 1756832841.944696, when looking up transform from frame [base_link] to frame [map]
[bt_navigator-6] 
[bt_navigator-6] [WARN] [1756832852.703571092] [BehaviorTreeEngine]: Behavior Tree tick rate 100.00 was exceeded!
[bt_navigator-6] [ERROR] [1756832852.804302514] [transformPoseInTargetFrame]: Extrapolation Error looking up target frame: Lookup would require extrapolation into the past.  Requested time 1756832829.264769 but the earliest data is at time 1756832841.996545, when looking up transform from frame [base_link] to frame [map]
[bt_navigator-6] 
[bt_navigator-6] [WARN] [1756832852.804371113] [BehaviorTreeEngine]: Behavior Tree tick rate 100.00 was exceeded!
[bt_navigator-6] [ERROR] [1756832852.905718734] [transformPoseInTargetFrame]: Extrapolation Error looking up target frame: Lookup would require extrapolation into the past.  Requested time 1756832829.264769 but the earliest data is at time 1756832842.795115, when looking up transform from frame [base_link] to frame [map]
[bt_navigator-6] 
[bt_navigator-6] [WARN] [1756832852.905973938] [BehaviorTreeEngine]: Behavior Tree tick rate 100.00 was exceeded!
[bt_navigator-6] [ERROR] [1756832853.007858845] [transformPoseInTargetFrame]: Extrapolation Error looking up target frame: Lookup would require extrapolation into the past.  Requested time 1756832829.264769 but the earliest data is at time 1756832842.944767, when looking up transform from frame [base_link] to frame [map]
[bt_navigator-6] 
[bt_navigator-6] [WARN] [1756832853.008102368] [BehaviorTreeEngine]: Behavior Tree tick rate 100.00