[INFO] [launch]: All log files can be found below /home/robot/.ros/log/2025-09-04-17-51-26-525221-robot-pc04-14533
[INFO] [launch]: Default logging verbosity is set to INFO
[INFO] [async_slam_toolbox_node-1]: process started with pid [14545]
[INFO] [controller_server-2]: process started with pid [14547]
[INFO] [smoother_server-3]: process started with pid [14549]
[INFO] [planner_server-4]: process started with pid [14551]
[INFO] [behavior_server-5]: process started with pid [14553]
[INFO] [bt_navigator-6]: process started with pid [14555]
[INFO] [waypoint_follower-7]: process started with pid [14557]
[INFO] [velocity_smoother-8]: process started with pid [14559]
[INFO] [lifecycle_manager-9]: process started with pid [14561]
[INFO] [explore-10]: process started with pid [14563]
[INFO] [rviz2-11]: process started with pid [14569]
[async_slam_toolbox_node-1] [INFO] [1757001086.634884761] [slam]: Node using stack size 40000000
[planner_server-4] [INFO] [1757001086.638048658] [planner_server]: 
[planner_server-4] 	planner_server lifecycle node launched. 
[planner_server-4] 	Waiting on external lifecycle transitions to activate
[planner_server-4] 	See https://design.ros2.org/articles/node_lifecycle.html for more information.
[velocity_smoother-8] [INFO] [1757001086.638084091] [velocity_smoother]: 
[velocity_smoother-8] 	velocity_smoother lifecycle node launched. 
[velocity_smoother-8] 	Waiting on external lifecycle transitions to activate
[velocity_smoother-8] 	See https://design.ros2.org/articles/node_lifecycle.html for more information.
[waypoint_follower-7] [INFO] [1757001086.638336479] [waypoint_follower]: 
[waypoint_follower-7] 	waypoint_follower lifecycle node launched. 
[waypoint_follower-7] 	Waiting on external lifecycle transitions to activate
[waypoint_follower-7] 	See https://design.ros2.org/articles/node_lifecycle.html for more information.
[waypoint_follower-7] [INFO] [1757001086.638645825] [waypoint_follower]: Creating
[planner_server-4] [INFO] [1757001086.638899937] [planner_server]: Creating
[lifecycle_manager-9] [INFO] [1757001086.639413947] [lifecycle_manager_navigation]: Creating
[lifecycle_manager-9] [INFO] [1757001086.640518909] [lifecycle_manager_navigation]: [34m[1mCreating and initializing lifecycle service clients[0m[0m
[smoother_server-3] [INFO] [1757001086.641237732] [smoother_server]: 
[smoother_server-3] 	smoother_server lifecycle node launched. 
[smoother_server-3] 	Waiting on external lifecycle transitions to activate
[smoother_server-3] 	See https://design.ros2.org/articles/node_lifecycle.html for more information.
[smoother_server-3] [INFO] [1757001086.642112263] [smoother_server]: Creating smoother server
[behavior_server-5] [INFO] [1757001086.641404553] [behavior_server]: 
[behavior_server-5] 	behavior_server lifecycle node launched. 
[behavior_server-5] 	Waiting on external lifecycle transitions to activate
[behavior_server-5] 	See https://design.ros2.org/articles/node_lifecycle.html for more information.
[bt_navigator-6] [INFO] [1757001086.642094801] [bt_navigator]: 
[bt_navigator-6] 	bt_navigator lifecycle node launched. 
[bt_navigator-6] 	Waiting on external lifecycle transitions to activate
[bt_navigator-6] 	See https://design.ros2.org/articles/node_lifecycle.html for more information.
[bt_navigator-6] [INFO] [1757001086.642217726] [bt_navigator]: Creating
[explore-10] [INFO] [1757001086.646759970] [explore_node]: Waiting for costmap to become available, topic: map
[controller_server-2] [INFO] [1757001086.647774244] [controller_server]: 
[controller_server-2] 	controller_server lifecycle node launched. 
[controller_server-2] 	Waiting on external lifecycle transitions to activate
[controller_server-2] 	See https://design.ros2.org/articles/node_lifecycle.html for more information.
[planner_server-4] [INFO] [1757001086.649546073] [global_costmap.global_costmap]: 
[planner_server-4] 	global_costmap lifecycle node launched. 
[planner_server-4] 	Waiting on external lifecycle transitions to activate
[planner_server-4] 	See https://design.ros2.org/articles/node_lifecycle.html for more information.
[async_slam_toolbox_node-1] [INFO] [1757001086.649649412] [slam]: Using solver plugin solver_plugins::CeresSolver
[async_slam_toolbox_node-1] [INFO] [1757001086.649733879] [slam]: CeresSolver: Using SCHUR_JACOBI preconditioner.
[planner_server-4] [INFO] [1757001086.649759083] [global_costmap.global_costmap]: Creating Costmap
[controller_server-2] [INFO] [1757001086.652585436] [controller_server]: Creating controller server
[controller_server-2] [INFO] [1757001086.657475621] [local_costmap.local_costmap]: 
[controller_server-2] 	local_costmap lifecycle node launched. 
[controller_server-2] 	Waiting on external lifecycle transitions to activate
[controller_server-2] 	See https://design.ros2.org/articles/node_lifecycle.html for more information.
[controller_server-2] [INFO] [1757001086.657749939] [local_costmap.local_costmap]: Creating Costmap
[lifecycle_manager-9] [INFO] [1757001086.747194968] [lifecycle_manager_navigation]: [34m[1mStarting managed nodes bringup...[0m[0m
[lifecycle_manager-9] [INFO] [1757001086.747221342] [lifecycle_manager_navigation]: [34m[1mConfiguring controller_server[0m[0m
[controller_server-2] [INFO] [1757001086.747353684] [controller_server]: Configuring controller interface
[controller_server-2] [INFO] [1757001086.747457712] [controller_server]: getting goal checker plugins..
[controller_server-2] [INFO] [1757001086.747539921] [controller_server]: Controller frequency set to 10.0000Hz
[controller_server-2] [INFO] [1757001086.747586107] [local_costmap.local_costmap]: Configuring
[controller_server-2] [INFO] [1757001086.749376084] [local_costmap.local_costmap]: Using plugin "static_layer"
[controller_server-2] [INFO] [1757001086.750787013] [local_costmap.local_costmap]: Subscribing to the map topic (/map) with transient local durability
[controller_server-2] [INFO] [1757001086.751210538] [local_costmap.local_costmap]: Initialized plugin "static_layer"
[controller_server-2] [INFO] [1757001086.751219568] [local_costmap.local_costmap]: Using plugin "obstacle_layer"
[controller_server-2] [INFO] [1757001086.751355501] [local_costmap.local_costmap]: Subscribed to Topics: scan
[controller_server-2] [INFO] [1757001086.752289883] [local_costmap.local_costmap]: Initialized plugin "obstacle_layer"
[controller_server-2] [INFO] [1757001086.752299182] [local_costmap.local_costmap]: Using plugin "inflation_layer"
[controller_server-2] [INFO] [1757001086.752719324] [local_costmap.local_costmap]: Initialized plugin "inflation_layer"
[controller_server-2] [INFO] [1757001086.755718820] [controller_server]: Created progress_checker : progress_checker of type nav2_controller::SimpleProgressChecker
[controller_server-2] [INFO] [1757001086.755944610] [controller_server]: Created goal checker : goal_checker of type nav2_controller::SimpleGoalChecker
[controller_server-2] [INFO] [1757001086.756024821] [controller_server]: Controller Server has goal_checker  goal checkers available.
[controller_server-2] [INFO] [1757001086.756233045] [controller_server]: Created controller : FollowPath of type nav2_regulated_pure_pursuit_controller::RegulatedPurePursuitController
[controller_server-2] [INFO] [1757001086.757330099] [controller_server]: Controller Server has FollowPath  controllers available.
[lifecycle_manager-9] [INFO] [1757001086.759511729] [lifecycle_manager_navigation]: [34m[1mConfiguring smoother_server[0m[0m
[smoother_server-3] [INFO] [1757001086.759636518] [smoother_server]: Configuring smoother server
[smoother_server-3] [INFO] [1757001086.762893840] [smoother_server]: Created smoother : simple_smoother of type nav2_smoother::SimpleSmoother
[smoother_server-3] [INFO] [1757001086.763016934] [smoother_server]: Smoother Server has simple_smoother  smoothers available.
[lifecycle_manager-9] [INFO] [1757001086.764606345] [lifecycle_manager_navigation]: [34m[1mConfiguring planner_server[0m[0m
[planner_server-4] [INFO] [1757001086.764759459] [planner_server]: Configuring
[planner_server-4] [INFO] [1757001086.764792291] [global_costmap.global_costmap]: Configuring
[planner_server-4] [INFO] [1757001086.767762805] [global_costmap.global_costmap]: Using plugin "static_layer"
[planner_server-4] [INFO] [1757001086.770054853] [global_costmap.global_costmap]: Subscribing to the map topic (/map) with transient local durability
[planner_server-4] [INFO] [1757001086.770786303] [global_costmap.global_costmap]: Initialized plugin "static_layer"
[planner_server-4] [INFO] [1757001086.770803016] [global_costmap.global_costmap]: Using plugin "obstacle_layer"
[planner_server-4] [INFO] [1757001086.771053023] [global_costmap.global_costmap]: Subscribed to Topics: scan
[planner_server-4] [INFO] [1757001086.773708210] [global_costmap.global_costmap]: Initialized plugin "obstacle_layer"
[planner_server-4] [INFO] [1757001086.773729706] [global_costmap.global_costmap]: Using plugin "inflation_layer"
[planner_server-4] [INFO] [1757001086.774165038] [global_costmap.global_costmap]: Initialized plugin "inflation_layer"
[planner_server-4] [INFO] [1757001086.781980042] [planner_server]: Created global planner plugin GridBased of type nav2_navfn_planner/NavfnPlanner
[planner_server-4] [INFO] [1757001086.782001286] [planner_server]: Configuring plugin GridBased of type NavfnPlanner
[planner_server-4] [INFO] [1757001086.782143114] [planner_server]: Planner Server has GridBased  planners available.
[lifecycle_manager-9] [INFO] [1757001086.784826164] [lifecycle_manager_navigation]: [34m[1mConfiguring behavior_server[0m[0m
[behavior_server-5] [INFO] [1757001086.784965055] [behavior_server]: Configuring
[behavior_server-5] [INFO] [1757001086.787959722] [behavior_server]: Creating behavior plugin spin of type nav2_behaviors/Spin
[behavior_server-5] [INFO] [1757001086.788374404] [behavior_server]: Configuring spin
[behavior_server-5] [INFO] [1757001086.790068288] [behavior_server]: Creating behavior plugin backup of type nav2_behaviors/BackUp
[behavior_server-5] [INFO] [1757001086.790470717] [behavior_server]: Configuring backup
[behavior_server-5] [INFO] [1757001086.791548612] [behavior_server]: Creating behavior plugin drive_on_heading of type nav2_behaviors/DriveOnHeading
[behavior_server-5] [INFO] [1757001086.791866174] [behavior_server]: Configuring drive_on_heading
[behavior_server-5] [INFO] [1757001086.792894655] [behavior_server]: Creating behavior plugin wait of type nav2_behaviors/Wait
[behavior_server-5] [INFO] [1757001086.793175827] [behavior_server]: Configuring wait
[behavior_server-5] [INFO] [1757001086.794170681] [behavior_server]: Creating behavior plugin assisted_teleop of type nav2_behaviors/AssistedTeleop
[behavior_server-5] [INFO] [1757001086.794862974] [behavior_server]: Configuring assisted_teleop
[lifecycle_manager-9] [INFO] [1757001086.796335000] [lifecycle_manager_navigation]: [34m[1mConfiguring bt_navigator[0m[0m
[bt_navigator-6] [INFO] [1757001086.796425749] [bt_navigator]: Configuring
[lifecycle_manager-9] [INFO] [1757001086.812204778] [lifecycle_manager_navigation]: [34m[1mConfiguring waypoint_follower[0m[0m
[waypoint_follower-7] [INFO] [1757001086.812307662] [waypoint_follower]: Configuring
[waypoint_follower-7] [INFO] [1757001086.815604019] [waypoint_follower]: Created waypoint_task_executor : wait_at_waypoint of type nav2_waypoint_follower::WaitAtWaypoint
[lifecycle_manager-9] [INFO] [1757001086.815855190] [lifecycle_manager_navigation]: [34m[1mConfiguring velocity_smoother[0m[0m
[velocity_smoother-8] [INFO] [1757001086.815970324] [velocity_smoother]: Configuring velocity smoother
[lifecycle_manager-9] [INFO] [1757001086.817696189] [lifecycle_manager_navigation]: [34m[1mActivating controller_server[0m[0m
[controller_server-2] [INFO] [1757001086.817759115] [controller_server]: Activating
[controller_server-2] [INFO] [1757001086.817792404] [local_costmap.local_costmap]: Activating
[controller_server-2] [INFO] [1757001086.817805676] [local_costmap.local_costmap]: Checking transform
[controller_server-2] [INFO] [1757001086.817826808] [local_costmap.local_costmap]: Timed out waiting for transform from base_link to odom to become available, tf error: Invalid frame ID "odom" passed to canTransform argument target_frame - frame does not exist
[rviz2-11] [INFO] [1757001087.073563025] [rviz2]: Stereo is NOT SUPPORTED
[rviz2-11] [INFO] [1757001087.073623194] [rviz2]: OpenGl version: 4.6 (GLSL 4.6)
[rviz2-11] [INFO] [1757001087.103987557] [rviz2]: Stereo is NOT SUPPORTED
[controller_server-2] [INFO] [1757001087.317841377] [local_costmap.local_costmap]: Timed out waiting for transform from base_link to odom to become available, tf error: Invalid frame ID "odom" passed to canTransform argument target_frame - frame does not exist
[controller_server-2] [INFO] [1757001087.817931201] [local_costmap.local_costmap]: Timed out waiting for transform from base_link to odom to become available, tf error: Invalid frame ID "odom" passed to canTransform argument target_frame - frame does not exist
[controller_server-2] [INFO] [1757001088.317918102] [local_costmap.local_costmap]: Timed out waiting for transform from base_link to odom to become available, tf error: Invalid frame ID "odom" passed to canTransform argument target_frame - frame does not exist
[controller_server-2] [INFO] [1757001088.817892655] [local_costmap.local_costmap]: Timed out waiting for transform from base_link to odom to become available, tf error: Invalid frame ID "odom" passed to canTransform argument target_frame - frame does not exist
[controller_server-2] [INFO] [1757001089.318207405] [local_costmap.local_costmap]: Timed out waiting for transform from base_link to odom to become available, tf error: Invalid frame ID "odom" passed to canTransform argument target_frame - frame does not exist
[controller_server-2] [INFO] [1757001089.817930907] [local_costmap.local_costmap]: Timed out waiting for transform from base_link to odom to become available, tf error: Invalid frame ID "odom" passed to canTransform argument target_frame - frame does not exist
[controller_server-2] [INFO] [1757001090.318105464] [local_costmap.local_costmap]: start
[controller_server-2] [INFO] [1757001090.520071635] [controller_server]: Activating controller: FollowPath of type regulated_pure_pursuit_controller::RegulatedPurePursuitController
[controller_server-2] [INFO] [1757001090.520168386] [controller_server]: Creating bond (controller_server) to lifecycle manager.
[lifecycle_manager-9] [INFO] [1757001090.627548434] [lifecycle_manager_navigation]: Server controller_server connected with bond.
[lifecycle_manager-9] [INFO] [1757001090.627651273] [lifecycle_manager_navigation]: [34m[1mActivating smoother_server[0m[0m
[smoother_server-3] [INFO] [1757001090.628214300] [smoother_server]: Activating
[smoother_server-3] [INFO] [1757001090.628298380] [smoother_server]: Creating bond (smoother_server) to lifecycle manager.
[lifecycle_manager-9] [INFO] [1757001090.735903532] [lifecycle_manager_navigation]: Server smoother_server connected with bond.
[lifecycle_manager-9] [INFO] [1757001090.736012919] [lifecycle_manager_navigation]: [34m[1mActivating planner_server[0m[0m
[planner_server-4] [INFO] [1757001090.736725903] [planner_server]: Activating
[planner_server-4] [INFO] [1757001090.736813430] [global_costmap.global_costmap]: Activating
[planner_server-4] [INFO] [1757001090.736837785] [global_costmap.global_costmap]: Checking transform
[planner_server-4] [INFO] [1757001090.736883166] [global_costmap.global_costmap]: Timed out waiting for transform from base_link to map to become available, tf error: Invalid frame ID "map" passed to canTransform argument target_frame - frame does not exist
[planner_server-4] [INFO] [1757001091.236947897] [global_costmap.global_costmap]: Timed out waiting for transform from base_link to map to become available, tf error: Invalid frame ID "map" passed to canTransform argument target_frame - frame does not exist
[async_slam_toolbox_node-1] [WARN] [1757001091.547558950] [slam]: minimum laser range setting (0.0 m) exceeds the capabilities of the used Lidar (0.1 m)
[rviz2-11] [INFO] [1757001091.726901789] [rviz2]: Trying to create a map of size 100 x 100 using 1 swatches
[planner_server-4] [INFO] [1757001091.737057257] [global_costmap.global_costmap]: start
[rviz2-11] [ERROR] [1757001091.760223851] [rviz2]: Lookup would require extrapolation into the future.  Requested time 1757001091.719903 but the latest data is at time 1757001091.703351, when looking up transform from frame [laser] to frame [map]
[controller_server-2] [WARN] [1757001092.319034486] [local_costmap.local_costmap]: Can't update static costmap layer, no map received
[controller_server-2] [INFO] [1757001092.653788852] [local_costmap.local_costmap]: StaticLayer: Resizing static layer to 100 X 98 at 0.040000 m/pix
[planner_server-4] [INFO] [1757001092.653874112] [global_costmap.global_costmap]: StaticLayer: Resizing costmap to 100 X 98 at 0.040000 m/pix
[rviz2-11] [INFO] [1757001092.687165982] [rviz2]: Trying to create a map of size 100 x 98 using 1 swatches
[rviz2-11] [INFO] [1757001092.752242789] [rviz2]: Trying to create a map of size 100 x 98 using 1 swatches
[planner_server-4] [INFO] [1757001092.788566873] [planner_server]: Activating plugin GridBased of type NavfnPlanner
[planner_server-4] [INFO] [1757001092.790931381] [planner_server]: Creating bond (planner_server) to lifecycle manager.
[lifecycle_manager-9] [INFO] [1757001092.898776278] [lifecycle_manager_navigation]: Server planner_server connected with bond.
[lifecycle_manager-9] [INFO] [1757001092.898879795] [lifecycle_manager_navigation]: [34m[1mActivating behavior_server[0m[0m
[behavior_server-5] [INFO] [1757001092.899527541] [behavior_server]: Activating
[behavior_server-5] [INFO] [1757001092.899601268] [behavior_server]: Activating spin
[behavior_server-5] [INFO] [1757001092.899626203] [behavior_server]: Activating backup
[behavior_server-5] [INFO] [1757001092.899646168] [behavior_server]: Activating drive_on_heading
[behavior_server-5] [INFO] [1757001092.899664071] [behavior_server]: Activating wait
[behavior_server-5] [INFO] [1757001092.899680436] [behavior_server]: Activating assisted_teleop
[behavior_server-5] [INFO] [1757001092.899703302] [behavior_server]: Creating bond (behavior_server) to lifecycle manager.
[lifecycle_manager-9] [INFO] [1757001093.006956989] [lifecycle_manager_navigation]: Server behavior_server connected with bond.
[lifecycle_manager-9] [INFO] [1757001093.007040297] [lifecycle_manager_navigation]: [34m[1mActivating bt_navigator[0m[0m
[bt_navigator-6] [INFO] [1757001093.007678365] [bt_navigator]: Activating
[bt_navigator-6] [INFO] [1757001093.050700088] [bt_navigator]: Creating bond (bt_navigator) to lifecycle manager.
[lifecycle_manager-9] [INFO] [1757001093.152359925] [lifecycle_manager_navigation]: Server bt_navigator connected with bond.
[lifecycle_manager-9] [INFO] [1757001093.152456260] [lifecycle_manager_navigation]: [34m[1mActivating waypoint_follower[0m[0m
[waypoint_follower-7] [INFO] [1757001093.153067768] [waypoint_follower]: Activating
[waypoint_follower-7] [INFO] [1757001093.153158286] [waypoint_follower]: Creating bond (waypoint_follower) to lifecycle manager.
[lifecycle_manager-9] [INFO] [1757001093.260580810] [lifecycle_manager_navigation]: Server waypoint_follower connected with bond.
[lifecycle_manager-9] [INFO] [1757001093.260679256] [lifecycle_manager_navigation]: [34m[1mActivating velocity_smoother[0m[0m
[velocity_smoother-8] [INFO] [1757001093.261398886] [velocity_smoother]: Activating
[velocity_smoother-8] [INFO] [1757001093.261579914] [velocity_smoother]: Creating bond (velocity_smoother) to lifecycle manager.
[lifecycle_manager-9] [INFO] [1757001093.371070561] [lifecycle_manager_navigation]: Server velocity_smoother connected with bond.
[lifecycle_manager-9] [INFO] [1757001093.371168280] [lifecycle_manager_navigation]: [34m[1mManaged nodes are active[0m[0m
[lifecycle_manager-9] [INFO] [1757001093.371191905] [lifecycle_manager_navigation]: [34m[1mCreating bond timer...[0m[0m
[explore-10] [INFO] [1757001094.676543764] [explore_node]: Waiting to connect to move_base nav2 server
[explore-10] [INFO] [1757001094.676999066] [explore_node]: Connected to move_base nav2 server
[explore-10] [INFO] [1757001094.677022312] [explore_node]: Getting initial pose of the robot
[explore-10] [INFO] [1757001094.909326381] [explore_node]: [NAV] Remembered last goal (-1.45, 0.26, yaw from quat).
[bt_navigator-6] [INFO] [1757001094.910477572] [bt_navigator]: Begin navigating from current location (0.00, 0.00) to (-1.45, 0.26)
[controller_server-2] [INFO] [1757001094.931044942] [controller_server]: Received a goal, begin computing control effort.
[controller_server-2] [WARN] [1757001094.931088146] [controller_server]: No goal checker was specified in parameter 'current_goal_checker'. Server will use only plugin loaded goal_checker . This warning will appear once.
[controller_server-2] [INFO] [1757001096.031189330] [controller_server]: Passing new path to controller.
[controller_server-2] [INFO] [1757001097.031196291] [controller_server]: Passing new path to controller.
[rviz2-11] [ERROR] [1757001097.535904737] [rviz2]: Lookup would require extrapolation into the future.  Requested time 1757001097.503961 but the latest data is at time 1757001097.503942, when looking up transform from frame [laser] to frame [map]
[controller_server-2] [INFO] [1757001098.031190340] [controller_server]: Passing new path to controller.
[controller_server-2] [INFO] [1757001099.131189207] [controller_server]: Passing new path to controller.
[controller_server-2] [INFO] [1757001100.131191284] [controller_server]: Passing new path to controller.
[controller_server-2] [INFO] [1757001101.131207765] [controller_server]: Passing new path to controller.
[controller_server-2] [INFO] [1757001102.231254067] [controller_server]: Passing new path to controller.
[controller_server-2] [INFO] [1757001103.231193449] [controller_server]: Passing new path to controller.
[controller_server-2] [INFO] [1757001104.231188374] [controller_server]: Passing new path to controller.
[rviz2-11] [INFO] [1757001104.690347935] [rviz2]: Trying to create a map of size 101 x 99 using 1 swatches
[controller_server-2] [INFO] [1757001104.718303461] [local_costmap.local_costmap]: StaticLayer: Resizing static layer to 101 X 99 at 0.040000 m/pix
[planner_server-4] [INFO] [1757001104.737232729] [global_costmap.global_costmap]: StaticLayer: Resizing costmap to 101 X 99 at 0.040000 m/pix
[rviz2-11] [INFO] [1757001104.752224217] [rviz2]: Trying to create a map of size 101 x 99 using 1 swatches
[controller_server-2] [INFO] [1757001105.231196333] [controller_server]: Passing new path to controller.
[controller_server-2] [INFO] [1757001106.331257876] [controller_server]: Passing new path to controller.
[controller_server-2] [INFO] [1757001107.331178530] [controller_server]: Passing new path to controller.
[explore-10] [INFO] [1757001108.082165563] [explore_node]: [NAV] Remembered last goal (1.12, -1.38, yaw from quat).
[bt_navigator-6] [INFO] [1757001108.090788898] [bt_navigator]: Received goal preemption request
[bt_navigator-6] [INFO] [1757001108.091220725] [bt_navigator]: Begin navigating from current location (-1.40, 0.22) to (1.12, -1.38)
[controller_server-2] [INFO] [1757001108.331167243] [controller_server]: Passing new path to controller.
[controller_server-2] [INFO] [1757001108.718306005] [local_costmap.local_costmap]: StaticLayer: Resizing static layer to 101 X 99 at 0.040000 m/pix
[planner_server-4] [INFO] [1757001108.737224325] [global_costmap.global_costmap]: StaticLayer: Resizing costmap to 101 X 99 at 0.040000 m/pix
[controller_server-2] [INFO] [1757001109.431228057] [controller_server]: Passing new path to controller.
[controller_server-2] [INFO] [1757001110.431169385] [controller_server]: Passing new path to controller.
[controller_server-2] [INFO] [1757001111.431173493] [controller_server]: Passing new path to controller.
[controller_server-2] [INFO] [1757001112.431173386] [controller_server]: Passing new path to controller.
[controller_server-2] [INFO] [1757001113.531193685] [controller_server]: Passing new path to controller.
[controller_server-2] [INFO] [1757001114.531165147] [controller_server]: Passing new path to controller.
[explore-10] [INFO] [1757001114.761581733] [explore_node]: [NAV] Remembered last goal (1.12, -1.43, yaw from quat).
[bt_navigator-6] [INFO] [1757001114.770795539] [bt_navigator]: Received goal preemption request
[bt_navigator-6] [INFO] [1757001114.770921050] [bt_navigator]: Begin navigating from current location (-1.39, 0.22) to (1.12, -1.43)
[controller_server-2] [ERROR] [1757001114.931218417] [controller_server]: Failed to make progress
[controller_server-2] [WARN] [1757001114.931269153] [controller_server]: [follow_path] [ActionServer] Aborting handle.
[controller_server-2] [INFO] [1757001114.950847648] [local_costmap.local_costmap]: Received request to clear entirely the local_costmap
[controller_server-2] [INFO] [1757001114.952005208] [controller_server]: Received a goal, begin computing control effort.
[controller_server-2] [WARN] [1757001115.122502425] [controller_server]: Control loop missed its desired rate of 10.0000Hz
[controller_server-2] [INFO] [1757001115.552158589] [controller_server]: Passing new path to controller.
[controller_server-2] [INFO] [1757001116.552148605] [controller_server]: Passing new path to controller.
[controller_server-2] [INFO] [1757001117.652172990] [controller_server]: Passing new path to controller.
[controller_server-2] [INFO] [1757001118.652191586] [controller_server]: Passing new path to controller.
[controller_server-2] [INFO] [1757001118.718363434] [local_costmap.local_costmap]: StaticLayer: Resizing static layer to 101 X 99 at 0.040000 m/pix
[planner_server-4] [INFO] [1757001118.737235257] [global_costmap.global_costmap]: StaticLayer: Resizing costmap to 101 X 99 at 0.040000 m/pix
[controller_server-2] [INFO] [1757001119.652147824] [controller_server]: Passing new path to controller.
[controller_server-2] [INFO] [1757001120.718231154] [local_costmap.local_costmap]: StaticLayer: Resizing static layer to 101 X 99 at 0.040000 m/pix
[planner_server-4] [INFO] [1757001120.737170774] [global_costmap.global_costmap]: StaticLayer: Resizing costmap to 101 X 99 at 0.040000 m/pix
[controller_server-2] [INFO] [1757001120.752152784] [controller_server]: Passing new path to controller.
[explore-10] [INFO] [1757001121.381168236] [explore_node]: [NAV] Remembered last goal (1.09, -1.39, yaw from quat).
[bt_navigator-6] [INFO] [1757001121.390781505] [bt_navigator]: Received goal preemption request
[bt_navigator-6] [INFO] [1757001121.390900288] [bt_navigator]: Begin navigating from current location (-0.76, -0.67) to (1.09, -1.39)
[controller_server-2] [INFO] [1757001121.752150788] [controller_server]: Passing new path to controller.
[rviz2-11] [INFO] [1757001122.669524426] [rviz2]: Trying to create a map of size 103 x 99 using 1 swatches
[controller_server-2] [INFO] [1757001122.718296110] [local_costmap.local_costmap]: StaticLayer: Resizing static layer to 103 X 99 at 0.040000 m/pix
[planner_server-4] [INFO] [1757001122.737228295] [global_costmap.global_costmap]: StaticLayer: Resizing costmap to 103 X 99 at 0.040000 m/pix
[controller_server-2] [INFO] [1757001122.752254253] [controller_server]: Passing new path to controller.
[rviz2-11] [INFO] [1757001122.770055874] [rviz2]: Trying to create a map of size 103 x 99 using 1 swatches
[controller_server-2] [INFO] [1757001123.852219647] [controller_server]: Passing new path to controller.
[rviz2-11] [INFO] [1757001124.690020015] [rviz2]: Trying to create a map of size 107 x 99 using 1 swatches
[controller_server-2] [INFO] [1757001124.718216656] [local_costmap.local_costmap]: StaticLayer: Resizing static layer to 107 X 99 at 0.040000 m/pix
[planner_server-4] [INFO] [1757001124.737165352] [global_costmap.global_costmap]: StaticLayer: Resizing costmap to 107 X 99 at 0.040000 m/pix
[controller_server-2] [INFO] [1757001124.852173629] [controller_server]: Passing new path to controller.
[rviz2-11] [INFO] [1757001125.741991815] [rviz2]: Trying to create a map of size 107 x 99 using 1 swatches
[controller_server-2] [INFO] [1757001125.852199021] [controller_server]: Passing new path to controller.
[controller_server-2] [INFO] [1757001126.718266455] [local_costmap.local_costmap]: StaticLayer: Resizing static layer to 107 X 99 at 0.040000 m/pix
[planner_server-4] [INFO] [1757001126.737244179] [global_costmap.global_costmap]: StaticLayer: Resizing costmap to 107 X 99 at 0.040000 m/pix
[controller_server-2] [INFO] [1757001126.852159927] [controller_server]: Passing new path to controller.
[controller_server-2] [INFO] [1757001127.952168020] [controller_server]: Passing new path to controller.
[explore-10] [ERROR] [1757001128.313871176] [explore_node]: Extrapolation Error looking up robot pose: Lookup would require extrapolation into the future.  Requested time 1757001128.007932 but the latest data is at time 1757001127.953328, when looking up transform from frame [base_link] to frame [map]
[explore-10] 
[explore-10] [INFO] [1757001128.328478033] [explore_node]: [NAV] Remembered last goal (0.92, -2.51, yaw from quat).
[bt_navigator-6] [INFO] [1757001128.330923388] [bt_navigator]: Received goal preemption request
[bt_navigator-6] [INFO] [1757001128.331383401] [bt_navigator]: Begin navigating from current location (0.68, -1.27) to (0.92, -2.51)
[rviz2-11] [INFO] [1757001128.685738818] [rviz2]: Trying to create a map of size 114 x 100 using 1 swatches
[controller_server-2] [INFO] [1757001128.718231594] [local_costmap.local_costmap]: StaticLayer: Resizing static layer to 114 X 100 at 0.040000 m/pix
[planner_server-4] [INFO] [1757001128.737169286] [global_costmap.global_costmap]: StaticLayer: Resizing costmap to 114 X 100 at 0.040000 m/pix
[rviz2-11] [INFO] [1757001128.750170464] [rviz2]: Trying to create a map of size 114 x 100 using 1 swatches
[controller_server-2] [INFO] [1757001128.952152290] [controller_server]: Passing new path to controller.
[controller_server-2] [INFO] [1757001129.952149848] [controller_server]: Passing new path to controller.
[controller_server-2] [INFO] [1757001131.052171869] [controller_server]: Passing new path to controller.
[controller_server-2] [INFO] [1757001132.052169890] [controller_server]: Passing new path to controller.
[controller_server-2] [INFO] [1757001132.718227837] [local_costmap.local_costmap]: StaticLayer: Resizing static layer to 114 X 100 at 0.040000 m/pix
[planner_server-4] [INFO] [1757001132.737185549] [global_costmap.global_costmap]: StaticLayer: Resizing costmap to 114 X 100 at 0.040000 m/pix
[controller_server-2] [INFO] [1757001133.052148243] [controller_server]: Passing new path to controller.
[controller_server-2] [INFO] [1757001134.052197628] [controller_server]: Passing new path to controller.
[explore-10] [ERROR] [1757001134.976354625] [explore_node]: Extrapolation Error looking up robot pose: Lookup would require extrapolation into the future.  Requested time 1757001134.673860 but the latest data is at time 1757001134.553345, when looking up transform from frame [base_link] to frame [map]
[explore-10] 
[explore-10] [INFO] [1757001134.983675110] [explore_node]: [NAV] Remembered last goal (-1.91, -1.25, yaw from quat).
[bt_navigator-6] [INFO] [1757001134.990862611] [bt_navigator]: Received goal preemption request
[bt_navigator-6] [INFO] [1757001134.991344750] [bt_navigator]: Begin navigating from current location (0.95, -2.19) to (-1.91, -1.25)
[controller_server-2] [INFO] [1757001135.152149869] [controller_server]: Passing new path to controller.
[explore-10] [INFO] [1757001135.215555016] [explore_node]: [NAV] Remembered last goal (-0.29, -2.30, yaw from quat).
[bt_navigator-6] [INFO] [1757001135.220681611] [bt_navigator]: Received goal preemption request
[bt_navigator-6] [INFO] [1757001135.220791019] [bt_navigator]: Begin navigating from current location (0.94, -2.29) to (-0.29, -2.30)
[controller_server-2] [INFO] [1757001136.152161017] [controller_server]: Passing new path to controller.
[controller_server-2] [INFO] [1757001137.152155174] [controller_server]: Passing new path to controller.
[controller_server-2] [INFO] [1757001138.252153454] [controller_server]: Passing new path to controller.
[controller_server-2] [INFO] [1757001139.252163242] [controller_server]: Passing new path to controller.
[controller_server-2] [INFO] [1757001140.252150384] [controller_server]: Passing new path to controller.
[controller_server-2] [INFO] [1757001141.352172469] [controller_server]: Passing new path to controller.
[explore-10] [ERROR] [1757001141.645813336] [explore_node]: Extrapolation Error looking up robot pose: Lookup would require extrapolation into the future.  Requested time 1757001141.340154 but the latest data is at time 1757001140.803660, when looking up transform from frame [base_link] to frame [map]
[explore-10] 
[explore-10] [INFO] [1757001141.656793544] [explore_node]: [NAV] Remembered last goal (-1.91, -1.25, yaw from quat).
[bt_navigator-6] [INFO] [1757001141.660743330] [bt_navigator]: Received goal preemption request
[bt_navigator-6] [INFO] [1757001141.661033642] [bt_navigator]: Begin navigating from current location (0.88, -2.27) to (-1.91, -1.25)
[controller_server-2] [INFO] [1757001142.352199111] [controller_server]: Passing new path to controller.
[controller_server-2] [ERROR] [1757001142.453981644] [controller_server]: Exception in transformPose: Lookup would require extrapolation into the future.  Requested time 1757001142.310680 but the latest data is at time 1757001141.204668, when looking up transform from frame [odom] to frame [map]
[controller_server-2] [WARN] [1757001142.454193878] [controller_server]: Unable to transform robot pose into global plan's frame
[controller_server-2] [WARN] [1757001142.454565347] [controller_server]: Control loop missed its desired rate of 10.0000Hz
[controller_server-2] [WARN] [1757001142.496585718] [controller_server]: RegulatedPurePursuitController detected collision ahead!
[controller_server-2] [WARN] [1757001142.552561757] [controller_server]: RegulatedPurePursuitController detected collision ahead!
[controller_server-2] [INFO] [1757001143.352263477] [controller_server]: Passing new path to controller.
[controller_server-2] [ERROR] [1757001144.252173719] [controller_server]: Failed to make progress
[controller_server-2] [WARN] [1757001144.252238806] [controller_server]: [follow_path] [ActionServer] Aborting handle.
[controller_server-2] [INFO] [1757001144.270816054] [local_costmap.local_costmap]: Received request to clear entirely the local_costmap
[planner_server-4] [INFO] [1757001144.271265451] [global_costmap.global_costmap]: Received request to clear entirely the global_costmap
[rviz2-11] [INFO] [1757001144.689118736] [rviz2]: Trying to create a map of size 114 x 103 using 1 swatches
[controller_server-2] [INFO] [1757001144.718373182] [local_costmap.local_costmap]: StaticLayer: Resizing static layer to 114 X 103 at 0.040000 m/pix
[planner_server-4] [INFO] [1757001144.737288503] [global_costmap.global_costmap]: StaticLayer: Resizing costmap to 114 X 103 at 0.040000 m/pix
[rviz2-11] [INFO] [1757001144.755895859] [rviz2]: Trying to create a map of size 114 x 103 using 1 swatches
[controller_server-2] [INFO] [1757001144.761103770] [controller_server]: Received a goal, begin computing control effort.
[controller_server-2] [INFO] [1757001145.861231647] [controller_server]: Passing new path to controller.
[controller_server-2] [INFO] [1757001146.861245256] [controller_server]: Passing new path to controller.
[controller_server-2] [INFO] [1757001147.861230229] [controller_server]: Passing new path to controller.
[explore-10] [INFO] [1757001148.085108554] [explore_node]: [NAV] Remembered last goal (-0.29, -2.30, yaw from quat).
[bt_navigator-6] [INFO] [1757001148.090719347] [bt_navigator]: Received goal preemption request
[bt_navigator-6] [INFO] [1757001148.090834343] [bt_navigator]: Begin navigating from current location (0.36, -1.35) to (-0.29, -2.30)
[controller_server-2] [INFO] [1757001148.961279109] [controller_server]: Passing new path to controller.
[controller_server-2] [INFO] [1757001149.961248996] [controller_server]: Passing new path to controller.
[controller_server-2] [INFO] [1757001150.961231628] [controller_server]: Passing new path to controller.
[controller_server-2] [WARN] [1757001151.162270987] [controller_server]: Control loop missed its desired rate of 10.0000Hz
[controller_server-2] [WARN] [1757001151.361499786] [controller_server]: RegulatedPurePursuitController detected collision ahead!
[controller_server-2] [WARN] [1757001151.461369925] [controller_server]: RegulatedPurePursuitController detected collision ahead!
[controller_server-2] [WARN] [1757001151.561694972] [controller_server]: RegulatedPurePursuitController detected collision ahead!
[controller_server-2] [WARN] [1757001151.661370882] [controller_server]: RegulatedPurePursuitController detected collision ahead!
[controller_server-2] [WARN] [1757001151.761381074] [controller_server]: RegulatedPurePursuitController detected collision ahead!
[controller_server-2] [WARN] [1757001151.861570956] [controller_server]: RegulatedPurePursuitController detected collision ahead!
[controller_server-2] [WARN] [1757001151.961387378] [controller_server]: RegulatedPurePursuitController detected collision ahead!
[controller_server-2] [INFO] [1757001152.061231912] [controller_server]: Passing new path to controller.
[controller_server-2] [WARN] [1757001152.061422293] [controller_server]: RegulatedPurePursuitController detected collision ahead!
[controller_server-2] [WARN] [1757001152.161362469] [controller_server]: RegulatedPurePursuitController detected collision ahead!
[controller_server-2] [WARN] [1757001152.261370581] [controller_server]: RegulatedPurePursuitController detected collision ahead!
[controller_server-2] [WARN] [1757001152.361362611] [controller_server]: RegulatedPurePursuitController detected collision ahead!
[controller_server-2] [WARN] [1757001152.461443010] [controller_server]: RegulatedPurePursuitController detected collision ahead!
[controller_server-2] [WARN] [1757001152.561360115] [controller_server]: RegulatedPurePursuitController detected collision ahead!
[controller_server-2] [WARN] [1757001152.661383351] [controller_server]: RegulatedPurePursuitController detected collision ahead!
[controller_server-2] [WARN] [1757001152.761364849] [controller_server]: RegulatedPurePursuitController detected collision ahead!
[controller_server-2] [WARN] [1757001152.861372513] [controller_server]: RegulatedPurePursuitController detected collision ahead!
[controller_server-2] [WARN] [1757001152.961363092] [controller_server]: RegulatedPurePursuitController detected collision ahead!
[controller_server-2] [INFO] [1757001153.061230493] [controller_server]: Passing new path to controller.
[controller_server-2] [WARN] [1757001153.061415064] [controller_server]: RegulatedPurePursuitController detected collision ahead!
[controller_server-2] [WARN] [1757001153.161532674] [controller_server]: RegulatedPurePursuitController detected collision ahead!
[controller_server-2] [WARN] [1757001153.261363581] [controller_server]: RegulatedPurePursuitController detected collision ahead!
[controller_server-2] [WARN] [1757001153.361358691] [controller_server]: RegulatedPurePursuitController detected collision ahead!
[controller_server-2] [ERROR] [1757001153.361388271] [controller_server]: Controller patience exceeded
[controller_server-2] [WARN] [1757001153.361408035] [controller_server]: [follow_path] [ActionServer] Aborting handle.
[controller_server-2] [INFO] [1757001153.380800920] [local_costmap.local_costmap]: Received request to clear entirely the local_costmap
[controller_server-2] [INFO] [1757001153.381358084] [controller_server]: Received a goal, begin computing control effort.
[controller_server-2] [WARN] [1757001153.521657818] [controller_server]: RegulatedPurePursuitController detected collision ahead!
[controller_server-2] [WARN] [1757001153.521733871] [controller_server]: Control loop missed its desired rate of 10.0000Hz
[controller_server-2] [WARN] [1757001153.521923793] [controller_server]: RegulatedPurePursuitController detected collision ahead!
[controller_server-2] [WARN] [1757001153.581916035] [controller_server]: RegulatedPurePursuitController detected collision ahead!
[controller_server-2] [WARN] [1757001153.681636255] [controller_server]: RegulatedPurePursuitController detected collision ahead!
[controller_server-2] [WARN] [1757001153.781594483] [controller_server]: RegulatedPurePursuitController detected collision ahead!
[controller_server-2] [WARN] [1757001153.881587223] [controller_server]: RegulatedPurePursuitController detected collision ahead!
[controller_server-2] [WARN] [1757001153.981592914] [controller_server]: RegulatedPurePursuitController detected collision ahead!
[controller_server-2] [INFO] [1757001154.081468528] [controller_server]: Passing new path to controller.
[controller_server-2] [WARN] [1757001154.081974422] [controller_server]: RegulatedPurePursuitController detected collision ahead!
[controller_server-2] [WARN] [1757001154.181655273] [controller_server]: RegulatedPurePursuitController detected collision ahead!
[controller_server-2] [WARN] [1757001154.281640273] [controller_server]: RegulatedPurePursuitController detected collision ahead!
[controller_server-2] [WARN] [1757001154.381681214] [controller_server]: RegulatedPurePursuitController detected collision ahead!
[controller_server-2] [WARN] [1757001154.481589889] [controller_server]: RegulatedPurePursuitController detected collision ahead!
[controller_server-2] [WARN] [1757001154.581597507] [controller_server]: RegulatedPurePursuitController detected collision ahead!
[controller_server-2] [WARN] [1757001154.681619643] [controller_server]: RegulatedPurePursuitController detected collision ahead!
[controller_server-2] [WARN] [1757001154.781758558] [controller_server]: RegulatedPurePursuitController detected collision ahead!
[controller_server-2] [WARN] [1757001154.881590309] [controller_server]: RegulatedPurePursuitController detected collision ahead!
[controller_server-2] [WARN] [1757001154.981602842] [controller_server]: RegulatedPurePursuitController detected collision ahead!
[controller_server-2] [INFO] [1757001155.081454634] [controller_server]: Passing new path to controller.
[controller_server-2] [WARN] [1757001155.081691894] [controller_server]: RegulatedPurePursuitController detected collision ahead!
[controller_server-2] [WARN] [1757001155.181595902] [controller_server]: RegulatedPurePursuitController detected collision ahead!
[controller_server-2] [WARN] [1757001155.281675801] [controller_server]: RegulatedPurePursuitController detected collision ahead!
[controller_server-2] [WARN] [1757001155.381645370] [controller_server]: RegulatedPurePursuitController detected collision ahead!
[controller_server-2] [ERROR] [1757001155.381674450] [controller_server]: Controller patience exceeded
[controller_server-2] [WARN] [1757001155.381693561] [controller_server]: [follow_path] [ActionServer] Aborting handle.
[behavior_server-5] [INFO] [1757001155.400994911] [behavior_server]: Running spin
[behavior_server-5] [INFO] [1757001155.401103525] [behavior_server]: Turning 1.57 for spin behavior.
[behavior_server-5] [INFO] [1757001158.901271887] [behavior_server]: spin completed successfully
[controller_server-2] [INFO] [1757001158.951089078] [controller_server]: Received a goal, begin computing control effort.
[controller_server-2] [INFO] [1757001160.051230838] [controller_server]: Passing new path to controller.
[controller_server-2] [INFO] [1757001161.051252135] [controller_server]: Passing new path to controller.
[controller_server-2] [WARN] [1757001161.551732005] [controller_server]: RegulatedPurePursuitController detected collision ahead!
[controller_server-2] [WARN] [1757001161.651627620] [controller_server]: RegulatedPurePursuitController detected collision ahead!
[controller_server-2] [WARN] [1757001161.751785585] [controller_server]: RegulatedPurePursuitController detected collision ahead!
[controller_server-2] [WARN] [1757001161.851893689] [controller_server]: RegulatedPurePursuitController detected collision ahead!
[controller_server-2] [WARN] [1757001161.951804540] [controller_server]: RegulatedPurePursuitController detected collision ahead!
[controller_server-2] [INFO] [1757001162.051233951] [controller_server]: Passing new path to controller.
[controller_server-2] [WARN] [1757001162.051690967] [controller_server]: RegulatedPurePursuitController detected collision ahead!
[controller_server-2] [WARN] [1757001162.151920209] [controller_server]: RegulatedPurePursuitController detected collision ahead!
[controller_server-2] [WARN] [1757001162.251917467] [controller_server]: RegulatedPurePursuitController detected collision ahead!
[controller_server-2] [WARN] [1757001162.351909649] [controller_server]: RegulatedPurePursuitController detected collision ahead!
[controller_server-2] [WARN] [1757001162.451758012] [controller_server]: RegulatedPurePursuitController detected collision ahead!
[controller_server-2] [WARN] [1757001162.551837765] [controller_server]: RegulatedPurePursuitController detected collision ahead!
[controller_server-2] [WARN] [1757001162.651878908] [controller_server]: RegulatedPurePursuitController detected collision ahead!
[controller_server-2] [WARN] [1757001162.751778964] [controller_server]: RegulatedPurePursuitController detected collision ahead!
[controller_server-2] [WARN] [1757001162.851913465] [controller_server]: RegulatedPurePursuitController detected collision ahead!
[controller_server-2] [WARN] [1757001162.951449793] [controller_server]: RegulatedPurePursuitController detected collision ahead!
[controller_server-2] [WARN] [1757001163.051916289] [controller_server]: RegulatedPurePursuitController detected collision ahead!
[controller_server-2] [INFO] [1757001163.151235667] [controller_server]: Passing new path to controller.
[controller_server-2] [WARN] [1757001163.152036157] [controller_server]: RegulatedPurePursuitController detected collision ahead!
[controller_server-2] [WARN] [1757001163.251512831] [controller_server]: RegulatedPurePursuitController detected collision ahead!
[controller_server-2] [WARN] [1757001163.351377027] [controller_server]: RegulatedPurePursuitController detected collision ahead!
[controller_server-2] [WARN] [1757001163.451801023] [controller_server]: RegulatedPurePursuitController detected collision ahead!
[controller_server-2] [ERROR] [1757001163.451881284] [controller_server]: Controller patience exceeded
[controller_server-2] [WARN] [1757001163.451956182] [controller_server]: [follow_path] [ActionServer] Aborting handle.
[controller_server-2] [INFO] [1757001163.470815543] [local_costmap.local_costmap]: Received request to clear entirely the local_costmap
[controller_server-2] [INFO] [1757001163.471591849] [controller_server]: Received a goal, begin computing control effort.
[controller_server-2] [WARN] [1757001163.522303721] [controller_server]: RegulatedPurePursuitController detected collision ahead!
[controller_server-2] [WARN] [1757001163.571844069] [controller_server]: RegulatedPurePursuitController detected collision ahead!
[controller_server-2] [WARN] [1757001163.671849592] [controller_server]: RegulatedPurePursuitController detected collision ahead!
[controller_server-2] [WARN] [1757001163.771894118] [controller_server]: RegulatedPurePursuitController detected collision ahead!
[controller_server-2] [WARN] [1757001163.872097926] [controller_server]: RegulatedPurePursuitController detected collision ahead!
[controller_server-2] [WARN] [1757001163.971845177] [controller_server]: RegulatedPurePursuitController detected collision ahead!
[controller_server-2] [WARN] [1757001164.072494724] [controller_server]: RegulatedPurePursuitController detected collision ahead!
[controller_server-2] [INFO] [1757001164.171807569] [controller_server]: Passing new path to controller.
[controller_server-2] [WARN] [1757001164.172138819] [controller_server]: RegulatedPurePursuitController detected collision ahead!
[controller_server-2] [WARN] [1757001164.271882738] [controller_server]: RegulatedPurePursuitController detected collision ahead!
[controller_server-2] [WARN] [1757001164.372228301] [controller_server]: RegulatedPurePursuitController detected collision ahead!
[controller_server-2] [WARN] [1757001164.472104265] [controller_server]: RegulatedPurePursuitController detected collision ahead!
[controller_server-2] [WARN] [1757001164.572427842] [controller_server]: RegulatedPurePursuitController detected collision ahead!
[controller_server-2] [WARN] [1757001164.672407742] [controller_server]: RegulatedPurePursuitController detected collision ahead!
[controller_server-2] [WARN] [1757001164.772244512] [controller_server]: RegulatedPurePursuitController detected collision ahead!
[controller_server-2] [WARN] [1757001164.872295754] [controller_server]: RegulatedPurePursuitController detected collision ahead!
[controller_server-2] [WARN] [1757001164.971859672] [controller_server]: RegulatedPurePursuitController detected collision ahead!
[controller_server-2] [WARN] [1757001165.071840217] [controller_server]: RegulatedPurePursuitController detected collision ahead!
[controller_server-2] [INFO] [1757001165.171715565] [controller_server]: Passing new path to controller.
[controller_server-2] [WARN] [1757001165.172152691] [controller_server]: RegulatedPurePursuitController detected collision ahead!
[controller_server-2] [WARN] [1757001165.272245162] [controller_server]: RegulatedPurePursuitController detected collision ahead!
[controller_server-2] [WARN] [1757001165.372295417] [controller_server]: RegulatedPurePursuitController detected collision ahead!
[controller_server-2] [WARN] [1757001165.471907065] [controller_server]: RegulatedPurePursuitController detected collision ahead!
[controller_server-2] [ERROR] [1757001165.471940876] [controller_server]: Controller patience exceeded
[controller_server-2] [WARN] [1757001165.471967130] [controller_server]: [follow_path] [ActionServer] Aborting handle.
[behavior_server-5] [INFO] [1757001165.491299556] [behavior_server]: Running wait
[behavior_server-5] [INFO] [1757001170.491513406] [behavior_server]: wait completed successfully
[controller_server-2] [INFO] [1757001170.541301187] [controller_server]: Received a goal, begin computing control effort.
[controller_server-2] [WARN] [1757001170.542152243] [controller_server]: RegulatedPurePursuitController detected collision ahead!
[controller_server-2] [WARN] [1757001170.642252754] [controller_server]: RegulatedPurePursuitController detected collision ahead!
[controller_server-2] [WARN] [1757001170.742249190] [controller_server]: RegulatedPurePursuitController detected collision ahead!
[controller_server-2] [WARN] [1757001170.842251515] [controller_server]: RegulatedPurePursuitController detected collision ahead!
[controller_server-2] [WARN] [1757001170.942247573] [controller_server]: RegulatedPurePursuitController detected collision ahead!
[controller_server-2] [WARN] [1757001171.042252053] [controller_server]: RegulatedPurePursuitController detected collision ahead!
[controller_server-2] [WARN] [1757001171.141946041] [controller_server]: RegulatedPurePursuitController detected collision ahead!
[controller_server-2] [WARN] [1757001171.241687344] [controller_server]: RegulatedPurePursuitController detected collision ahead!
[controller_server-2] [WARN] [1757001171.412441763] [controller_server]: RegulatedPurePursuitController detected collision ahead!
[controller_server-2] [WARN] [1757001171.442260609] [controller_server]: RegulatedPurePursuitController detected collision ahead!
[controller_server-2] [WARN] [1757001171.542151589] [controller_server]: RegulatedPurePursuitController detected collision ahead!
[controller_server-2] [INFO] [1757001171.641554430] [controller_server]: Passing new path to controller.
[controller_server-2] [WARN] [1757001171.641753781] [controller_server]: RegulatedPurePursuitController detected collision ahead!
[controller_server-2] [WARN] [1757001171.741980254] [controller_server]: RegulatedPurePursuitController detected collision ahead!
[controller_server-2] [WARN] [1757001171.842269471] [controller_server]: RegulatedPurePursuitController detected collision ahead!
[controller_server-2] [WARN] [1757001171.942248981] [controller_server]: RegulatedPurePursuitController detected collision ahead!
[controller_server-2] [WARN] [1757001172.041684627] [controller_server]: RegulatedPurePursuitController detected collision ahead!
[controller_server-2] [WARN] [1757001172.142244292] [controller_server]: RegulatedPurePursuitController detected collision ahead!
[controller_server-2] [WARN] [1757001172.242088070] [controller_server]: RegulatedPurePursuitController detected collision ahead!
[controller_server-2] [WARN] [1757001172.342175824] [controller_server]: RegulatedPurePursuitController detected collision ahead!
[controller_server-2] [WARN] [1757001172.442247298] [controller_server]: RegulatedPurePursuitController detected collision ahead!
[controller_server-2] [WARN] [1757001172.542315461] [controller_server]: RegulatedPurePursuitController detected collision ahead!
[controller_server-2] [ERROR] [1757001172.542413867] [controller_server]: Controller patience exceeded
[controller_server-2] [WARN] [1757001172.542499772] [controller_server]: [follow_path] [ActionServer] Aborting handle.
[controller_server-2] [INFO] [1757001172.561132051] [local_costmap.local_costmap]: Received request to clear entirely the local_costmap
[controller_server-2] [INFO] [1757001172.562431545] [controller_server]: Received a goal, begin computing control effort.
[controller_server-2] [INFO] [1757001172.722577567] [controller_server]: Passing new path to controller.
[controller_server-2] [WARN] [1757001172.723493816] [controller_server]: RegulatedPurePursuitController detected collision ahead!
[controller_server-2] [WARN] [1757001172.723602876] [controller_server]: Control loop missed its desired rate of 10.0000Hz
[controller_server-2] [WARN] [1757001172.724154500] [controller_server]: RegulatedPurePursuitController detected collision ahead!
[controller_server-2] [WARN] [1757001172.763231090] [controller_server]: RegulatedPurePursuitController detected collision ahead!
[controller_server-2] [WARN] [1757001172.863256761] [controller_server]: RegulatedPurePursuitController detected collision ahead!
[controller_server-2] [WARN] [1757001172.962815250] [controller_server]: RegulatedPurePursuitController detected collision ahead!
[controller_server-2] [WARN] [1757001173.063263713] [controller_server]: RegulatedPurePursuitController detected collision ahead!
[controller_server-2] [WARN] [1757001173.163270439] [controller_server]: RegulatedPurePursuitController detected collision ahead!
[controller_server-2] [WARN] [1757001173.262699198] [controller_server]: RegulatedPurePursuitController detected collision ahead!
[controller_server-2] [WARN] [1757001173.363254126] [controller_server]: RegulatedPurePursuitController detected collision ahead!
[controller_server-2] [WARN] [1757001173.462833702] [controller_server]: RegulatedPurePursuitController detected collision ahead!
[controller_server-2] [WARN] [1757001173.563248122] [controller_server]: RegulatedPurePursuitController detected collision ahead!
[controller_server-2] [INFO] [1757001173.662574725] [controller_server]: Passing new path to controller.
[controller_server-2] [WARN] [1757001173.662936756] [controller_server]: RegulatedPurePursuitController detected collision ahead!
[controller_server-2] [WARN] [1757001173.763247074] [controller_server]: RegulatedPurePursuitController detected collision ahead!
[controller_server-2] [WARN] [1757001173.863267258] [controller_server]: RegulatedPurePursuitController detected collision ahead!
[controller_server-2] [WARN] [1757001173.962702572] [controller_server]: RegulatedPurePursuitController detected collision ahead!
[controller_server-2] [WARN] [1757001174.063260113] [controller_server]: RegulatedPurePursuitController detected collision ahead!
[controller_server-2] [WARN] [1757001174.162806896] [controller_server]: RegulatedPurePursuitController detected collision ahead!
[controller_server-2] [WARN] [1757001174.263244810] [controller_server]: RegulatedPurePursuitController detected collision ahead!
[controller_server-2] [WARN] [1757001174.363261003] [controller_server]: RegulatedPurePursuitController detected collision ahead!
[controller_server-2] [WARN] [1757001174.462844740] [controller_server]: RegulatedPurePursuitController detected collision ahead!
[controller_server-2] [WARN] [1757001174.563246148] [controller_server]: RegulatedPurePursuitController detected collision ahead!
[controller_server-2] [ERROR] [1757001174.563344395] [controller_server]: Controller patience exceeded
[controller_server-2] [WARN] [1757001174.563418099] [controller_server]: [follow_path] [ActionServer] Aborting handle.
[behavior_server-5] [INFO] [1757001174.580944437] [behavior_server]: Running backup
[behavior_server-5] [INFO] [1757001174.581055111] [behavior_server]: DriveOnHeading: no acceleration or deceleration limits set
[behavior_server-5] [INFO] [1757001181.481281453] [behavior_server]: backup completed successfully
[controller_server-2] [INFO] [1757001181.531345646] [controller_server]: Received a goal, begin computing control effort.
[controller_server-2] [INFO] [1757001182.631621168] [controller_server]: Passing new path to controller.
[controller_server-2] [WARN] [1757001183.213102070] [controller_server]: RegulatedPurePursuitController detected collision ahead!
[controller_server-2] [WARN] [1757001183.231918213] [controller_server]: RegulatedPurePursuitController detected collision ahead!
[controller_server-2] [WARN] [1757001183.332195581] [controller_server]: RegulatedPurePursuitController detected collision ahead!
[controller_server-2] [WARN] [1757001183.432201658] [controller_server]: RegulatedPurePursuitController detected collision ahead!
[controller_server-2] [WARN] [1757001183.532173441] [controller_server]: RegulatedPurePursuitController detected collision ahead!
[controller_server-2] [INFO] [1757001183.631546240] [controller_server]: Passing new path to controller.
[controller_server-2] [WARN] [1757001183.632389409] [controller_server]: RegulatedPurePursuitController detected collision ahead!
[controller_server-2] [WARN] [1757001183.732122553] [controller_server]: RegulatedPurePursuitController detected collision ahead!
[controller_server-2] [WARN] [1757001183.832258147] [controller_server]: RegulatedPurePursuitController detected collision ahead!
[controller_server-2] [WARN] [1757001183.932172102] [controller_server]: RegulatedPurePursuitController detected collision ahead!
[controller_server-2] [WARN] [1757001184.032171276] [controller_server]: RegulatedPurePursuitController detected collision ahead!
[controller_server-2] [WARN] [1757001184.132168113] [controller_server]: RegulatedPurePursuitController detected collision ahead!
[controller_server-2] [WARN] [1757001184.232255385] [controller_server]: RegulatedPurePursuitController detected collision ahead!
[controller_server-2] [WARN] [1757001184.332234277] [controller_server]: RegulatedPurePursuitController detected collision ahead!
[controller_server-2] [WARN] [1757001184.432164011] [controller_server]: RegulatedPurePursuitController detected collision ahead!
[controller_server-2] [WARN] [1757001184.532171997] [controller_server]: RegulatedPurePursuitController detected collision ahead!
[controller_server-2] [INFO] [1757001184.631537978] [controller_server]: Passing new path to controller.
[controller_server-2] [WARN] [1757001184.632081512] [controller_server]: RegulatedPurePursuitController detected collision ahead!
[controller_server-2] [WARN] [1757001184.732219640] [controller_server]: RegulatedPurePursuitController detected collision ahead!
[controller_server-2] [WARN] [1757001184.832257871] [controller_server]: RegulatedPurePursuitController detected collision ahead!
[controller_server-2] [WARN] [1757001184.932251461] [controller_server]: RegulatedPurePursuitController detected collision ahead!
[controller_server-2] [WARN] [1757001185.032166093] [controller_server]: RegulatedPurePursuitController detected collision ahead!
[controller_server-2] [ERROR] [1757001185.032314441] [controller_server]: Controller patience exceeded
[controller_server-2] [WARN] [1757001185.032412635] [controller_server]: [follow_path] [ActionServer] Aborting handle.
[controller_server-2] [INFO] [1757001185.051164664] [local_costmap.local_costmap]: Received request to clear entirely the local_costmap
[controller_server-2] [INFO] [1757001185.052819042] [controller_server]: Received a goal, begin computing control effort.
[controller_server-2] [WARN] [1757001185.123625934] [controller_server]: RegulatedPurePursuitController detected collision ahead!
[controller_server-2] [WARN] [1757001185.153615499] [controller_server]: RegulatedPurePursuitController detected collision ahead!
[controller_server-2] [WARN] [1757001185.253122052] [controller_server]: RegulatedPurePursuitController detected collision ahead!
[controller_server-2] [WARN] [1757001185.353630421] [controller_server]: RegulatedPurePursuitController detected collision ahead!
[controller_server-2] [WARN] [1757001185.453629713] [controller_server]: RegulatedPurePursuitController detected collision ahead!
[controller_server-2] [WARN] [1757001185.553636012] [controller_server]: RegulatedPurePursuitController detected collision ahead!
[controller_server-2] [INFO] [1757001185.653019763] [controller_server]: Passing new path to controller.
[controller_server-2] [WARN] [1757001185.653578452] [controller_server]: RegulatedPurePursuitController detected collision ahead!
[controller_server-2] [WARN] [1757001185.753511573] [controller_server]: RegulatedPurePursuitController detected collision ahead!
[controller_server-2] [WARN] [1757001185.853630696] [controller_server]: RegulatedPurePursuitController detected collision ahead!
[controller_server-2] [WARN] [1757001185.953625914] [controller_server]: RegulatedPurePursuitController detected collision ahead!
[controller_server-2] [WARN] [1757001186.053628359] [controller_server]: RegulatedPurePursuitController detected collision ahead!
[controller_server-2] [WARN] [1757001186.153678099] [controller_server]: RegulatedPurePursuitController detected collision ahead!
[controller_server-2] [WARN] [1757001186.253580976] [controller_server]: RegulatedPurePursuitController detected collision ahead!
[controller_server-2] [WARN] [1757001186.353600559] [controller_server]: RegulatedPurePursuitController detected collision ahead!
[controller_server-2] [WARN] [1757001186.453711115] [controller_server]: RegulatedPurePursuitController detected collision ahead!
[controller_server-2] [WARN] [1757001186.553521722] [controller_server]: RegulatedPurePursuitController detected collision ahead!
[controller_server-2] [WARN] [1757001186.653618680] [controller_server]: RegulatedPurePursuitController detected collision ahead!
[controller_server-2] [INFO] [1757001186.753019722] [controller_server]: Passing new path to controller.
[controller_server-2] [WARN] [1757001186.753767964] [controller_server]: RegulatedPurePursuitController detected collision ahead!
[controller_server-2] [WARN] [1757001186.853729051] [controller_server]: RegulatedPurePursuitController detected collision ahead!
[controller_server-2] [WARN] [1757001186.953678308] [controller_server]: RegulatedPurePursuitController detected collision ahead!
[controller_server-2] [WARN] [1757001187.053770628] [controller_server]: RegulatedPurePursuitController detected collision ahead!
[controller_server-2] [ERROR] [1757001187.053866883] [controller_server]: Controller patience exceeded
[controller_server-2] [WARN] [1757001187.053940271] [controller_server]: [follow_path] [ActionServer] Aborting handle.
[controller_server-2] [INFO] [1757001187.071123010] [local_costmap.local_costmap]: Received request to clear entirely the local_costmap
[planner_server-4] [INFO] [1757001187.072363416] [global_costmap.global_costmap]: Received request to clear entirely the global_costmap
[controller_server-2] [INFO] [1757001187.761562352] [controller_server]: Received a goal, begin computing control effort.
[controller_server-2] [WARN] [1757001187.762276790] [controller_server]: RegulatedPurePursuitController detected collision ahead!
[controller_server-2] [WARN] [1757001187.862464581] [controller_server]: RegulatedPurePursuitController detected collision ahead!
[controller_server-2] [WARN] [1757001187.962478088] [controller_server]: RegulatedPurePursuitController detected collision ahead!
[controller_server-2] [WARN] [1757001188.062465442] [controller_server]: RegulatedPurePursuitController detected collision ahead!
[controller_server-2] [WARN] [1757001188.162467676] [controller_server]: RegulatedPurePursuitController detected collision ahead!
[controller_server-2] [WARN] [1757001188.262186970] [controller_server]: RegulatedPurePursuitController detected collision ahead!
[controller_server-2] [WARN] [1757001188.362474833] [controller_server]: RegulatedPurePursuitController detected collision ahead!
[controller_server-2] [WARN] [1757001188.461890970] [controller_server]: RegulatedPurePursuitController detected collision ahead!
[controller_server-2] [WARN] [1757001188.561885375] [controller_server]: RegulatedPurePursuitController detected collision ahead!
[controller_server-2] [WARN] [1757001188.661986353] [controller_server]: RegulatedPurePursuitController detected collision ahead!
[controller_server-2] [WARN] [1757001188.762220504] [controller_server]: RegulatedPurePursuitController detected collision ahead!
[controller_server-2] [INFO] [1757001188.861777996] [controller_server]: Passing new path to controller.
[controller_server-2] [WARN] [1757001188.862346934] [controller_server]: RegulatedPurePursuitController detected collision ahead!
[controller_server-2] [WARN] [1757001188.962005664] [controller_server]: RegulatedPurePursuitController detected collision ahead!
[controller_server-2] [WARN] [1757001189.062397257] [controller_server]: RegulatedPurePursuitController detected collision ahead!
[controller_server-2] [WARN] [1757001189.162485485] [controller_server]: RegulatedPurePursuitController detected collision ahead!
[controller_server-2] [WARN] [1757001189.262471962] [controller_server]: RegulatedPurePursuitController detected collision ahead!
[controller_server-2] [WARN] [1757001189.362260103] [controller_server]: RegulatedPurePursuitController detected collision ahead!
[controller_server-2] [WARN] [1757001189.462480192] [controller_server]: RegulatedPurePursuitController detected collision ahead!
[controller_server-2] [WARN] [1757001189.562460290] [controller_server]: RegulatedPurePursuitController detected collision ahead!
[controller_server-2] [WARN] [1757001189.662453875] [controller_server]: RegulatedPurePursuitController detected collision ahead!
[controller_server-2] [WARN] [1757001189.762115383] [controller_server]: RegulatedPurePursuitController detected collision ahead!
[controller_server-2] [ERROR] [1757001189.762168887] [controller_server]: Controller patience exceeded
[controller_server-2] [WARN] [1757001189.762210775] [controller_server]: [follow_path] [ActionServer] Aborting handle.
[controller_server-2] [INFO] [1757001189.781037967] [local_costmap.local_costmap]: Received request to clear entirely the local_costmap
[controller_server-2] [INFO] [1757001189.782710391] [controller_server]: Received a goal, begin computing control effort.
[controller_server-2] [INFO] [1757001189.922993994] [controller_server]: Passing new path to controller.
[controller_server-2] [WARN] [1757001189.924359644] [controller_server]: RegulatedPurePursuitController detected collision ahead!
[controller_server-2] [WARN] [1757001189.924591961] [controller_server]: Control loop missed its desired rate of 10.0000Hz
[controller_server-2] [WARN] [1757001189.925576449] [controller_server]: RegulatedPurePursuitController detected collision ahead!
[controller_server-2] [WARN] [1757001189.984086024] [controller_server]: RegulatedPurePursuitController detected collision ahead!
[controller_server-2] [WARN] [1757001190.084025086] [controller_server]: RegulatedPurePursuitController detected collision ahead!
[controller_server-2] [WARN] [1757001190.184074273] [controller_server]: RegulatedPurePursuitController detected collision ahead!
[controller_server-2] [WARN] [1757001190.284072127] [controller_server]: RegulatedPurePursuitController detected collision ahead!
[controller_server-2] [WARN] [1757001190.384114275] [controller_server]: RegulatedPurePursuitController detected collision ahead!
[controller_server-2] [WARN] [1757001190.484063509] [controller_server]: RegulatedPurePursuitController detected collision ahead!
[controller_server-2] [WARN] [1757001190.583957053] [controller_server]: RegulatedPurePursuitController detected collision ahead!
[controller_server-2] [WARN] [1757001190.684041209] [controller_server]: RegulatedPurePursuitController detected collision ahead!
[controller_server-2] [WARN] [1757001190.784077162] [controller_server]: RegulatedPurePursuitController detected collision ahead!
[controller_server-2] [INFO] [1757001190.883013594] [controller_server]: Passing new path to controller.
[controller_server-2] [WARN] [1757001190.883777721] [controller_server]: RegulatedPurePursuitController detected collision ahead!
[controller_server-2] [WARN] [1757001190.984077748] [controller_server]: RegulatedPurePursuitController detected collision ahead!
[controller_server-2] [WARN] [1757001191.084050680] [controller_server]: RegulatedPurePursuitController detected collision ahead!
[controller_server-2] [WARN] [1757001191.183484647] [controller_server]: RegulatedPurePursuitController detected collision ahead!
[controller_server-2] [WARN] [1757001191.283347625] [controller_server]: RegulatedPurePursuitController detected collision ahead!
[controller_server-2] [WARN] [1757001191.384086825] [controller_server]: RegulatedPurePursuitController detected collision ahead!
[controller_server-2] [WARN] [1757001191.484086074] [controller_server]: RegulatedPurePursuitController detected collision ahead!
[controller_server-2] [WARN] [1757001191.584078651] [controller_server]: RegulatedPurePursuitController detected collision ahead!
[controller_server-2] [WARN] [1757001191.684054444] [controller_server]: RegulatedPurePursuitController detected collision ahead!
[controller_server-2] [WARN] [1757001191.784074516] [controller_server]: RegulatedPurePursuitController detected collision ahead!
[controller_server-2] [ERROR] [1757001191.784203945] [controller_server]: Controller patience exceeded
[controller_server-2] [WARN] [1757001191.784328218] [controller_server]: [follow_path] [ActionServer] Aborting handle.
[behavior_server-5] [INFO] [1757001191.801352597] [behavior_server]: Running spin
[behavior_server-5] [INFO] [1757001191.801530022] [behavior_server]: Turning 1.57 for spin behavior.
[behavior_server-5] [INFO] [1757001194.801830936] [behavior_server]: spin completed successfully
[controller_server-2] [INFO] [1757001194.851392033] [controller_server]: Received a goal, begin computing control effort.
[controller_server-2] [INFO] [1757001195.951597220] [controller_server]: Passing new path to controller.
[controller_server-2] [INFO] [1757001196.951598484] [controller_server]: Passing new path to controller.
[controller_server-2] [WARN] [1757001197.452234921] [controller_server]: RegulatedPurePursuitController detected collision ahead!
[controller_server-2] [WARN] [1757001197.552228588] [controller_server]: RegulatedPurePursuitController detected collision ahead!
[controller_server-2] [WARN] [1757001197.652295810] [controller_server]: RegulatedPurePursuitController detected collision ahead!
[controller_server-2] [WARN] [1757001197.752095627] [controller_server]: RegulatedPurePursuitController detected collision ahead!
[controller_server-2] [WARN] [1757001197.851931508] [controller_server]: RegulatedPurePursuitController detected collision ahead!
[controller_server-2] [INFO] [1757001197.951589820] [controller_server]: Passing new path to controller.
[controller_server-2] [WARN] [1757001197.952311429] [controller_server]: RegulatedPurePursuitController detected collision ahead!
[controller_server-2] [WARN] [1757001198.052365827] [controller_server]: RegulatedPurePursuitController detected collision ahead!
[controller_server-2] [WARN] [1757001198.152074247] [controller_server]: RegulatedPurePursuitController detected collision ahead!
[controller_server-2] [WARN] [1757001198.252042723] [controller_server]: RegulatedPurePursuitController detected collision ahead!
[controller_server-2] [WARN] [1757001198.352274378] [controller_server]: RegulatedPurePursuitController detected collision ahead!
[controller_server-2] [WARN] [1757001198.452313135] [controller_server]: RegulatedPurePursuitController detected collision ahead!
[controller_server-2] [WARN] [1757001198.552090063] [controller_server]: RegulatedPurePursuitController detected collision ahead!
[controller_server-2] [WARN] [1757001198.651939622] [controller_server]: RegulatedPurePursuitController detected collision ahead!
[controller_server-2] [WARN] [1757001198.752178390] [controller_server]: RegulatedPurePursuitController detected collision ahead!
[controller_server-2] [WARN] [1757001198.852234866] [controller_server]: RegulatedPurePursuitController detected collision ahead!
[controller_server-2] [WARN] [1757001198.951849596] [controller_server]: RegulatedPurePursuitController detected collision ahead!
[controller_server-2] [INFO] [1757001199.051596697] [controller_server]: Passing new path to controller.
[controller_server-2] [WARN] [1757001199.052446791] [controller_server]: RegulatedPurePursuitController detected collision ahead!
[controller_server-2] [WARN] [1757001199.152220873] [controller_server]: RegulatedPurePursuitController detected collision ahead!
[controller_server-2] [WARN] [1757001199.252237335] [controller_server]: RegulatedPurePursuitController detected collision ahead!
[controller_server-2] [WARN] [1757001199.351738679] [controller_server]: RegulatedPurePursuitController detected collision ahead!
[controller_server-2] [WARN] [1757001199.452046876] [controller_server]: RegulatedPurePursuitController detected collision ahead!
[controller_server-2] [ERROR] [1757001199.452114721] [controller_server]: Controller patience exceeded
[controller_server-2] [WARN] [1757001199.452171821] [controller_server]: [follow_path] [ActionServer] Aborting handle.
[controller_server-2] [INFO] [1757001199.471151525] [local_costmap.local_costmap]: Received request to clear entirely the local_costmap
[controller_server-2] [INFO] [1757001199.472780310] [controller_server]: Received a goal, begin computing control effort.
[controller_server-2] [WARN] [1757001199.523619588] [controller_server]: RegulatedPurePursuitController detected collision ahead!
[controller_server-2] [WARN] [1757001199.573388402] [controller_server]: RegulatedPurePursuitController detected collision ahead!
[controller_server-2] [WARN] [1757001199.673152165] [controller_server]: RegulatedPurePursuitController detected collision ahead!
[controller_server-2] [WARN] [1757001199.773623376] [controller_server]: RegulatedPurePursuitController detected collision ahead!
[controller_server-2] [WARN] [1757001199.873937683] [controller_server]: RegulatedPurePursuitController detected collision ahead!
[controller_server-2] [WARN] [1757001199.973628720] [controller_server]: RegulatedPurePursuitController detected collision ahead!
[controller_server-2] [INFO] [1757001200.072989928] [controller_server]: Passing new path to controller.
[controller_server-2] [WARN] [1757001200.073849217] [controller_server]: RegulatedPurePursuitController detected collision ahead!
[controller_server-2] [WARN] [1757001200.173608120] [controller_server]: RegulatedPurePursuitController detected collision ahead!
[controller_server-2] [WARN] [1757001200.273704568] [controller_server]: RegulatedPurePursuitController detected collision ahead!
[controller_server-2] [WARN] [1757001200.373394867] [controller_server]: RegulatedPurePursuitController detected collision ahead!
[controller_server-2] [WARN] [1757001200.473637845] [controller_server]: RegulatedPurePursuitController detected collision ahead!
[controller_server-2] [WARN] [1757001200.573099604] [controller_server]: RegulatedPurePursuitController detected collision ahead!
[controller_server-2] [WARN] [1757001200.673514838] [controller_server]: RegulatedPurePursuitController detected collision ahead!
[controller_server-2] [WARN] [1757001200.773653491] [controller_server]: RegulatedPurePursuitController detected collision ahead!
[controller_server-2] [WARN] [1757001200.873421248] [controller_server]: RegulatedPurePursuitController detected collision ahead!
[controller_server-2] [WARN] [1757001200.973610801] [controller_server]: RegulatedPurePursuitController detected collision ahead!
[controller_server-2] [INFO] [1757001201.072962865] [controller_server]: Passing new path to controller.
[controller_server-2] [WARN] [1757001201.073162274] [controller_server]: RegulatedPurePursuitController detected collision ahead!
[controller_server-2] [WARN] [1757001201.173504343] [controller_server]: RegulatedPurePursuitController detected collision ahead!
[controller_server-2] [WARN] [1757001201.273666352] [controller_server]: RegulatedPurePursuitController detected collision ahead!
[controller_server-2] [WARN] [1757001201.373807971] [controller_server]: RegulatedPurePursuitController detected collision ahead!
[controller_server-2] [WARN] [1757001201.473097316] [controller_server]: RegulatedPurePursuitController detected collision ahead!
[controller_server-2] [ERROR] [1757001201.473127757] [controller_server]: Controller patience exceeded
[controller_server-2] [WARN] [1757001201.473148452] [controller_server]: [follow_path] [ActionServer] Aborting handle.
[bt_navigator-6] [WARN] [1757001201.500671275] [bt_navigator]: [navigate_to_pose] [ActionServer] Aborting handle.
[bt_navigator-6] [ERROR] [1757001201.500788114] [bt_navigator]: Goal failed
[explore-10] [ERROR] [1757001202.260715848] [explore_node]: Extrapolation Error looking up robot pose: Lookup would require extrapolation into the future.  Requested time 1757001201.954938 but the latest data is at time 1757001201.954275, when looking up transform from frame [base_link] to frame [map]
[explore-10] 
[explore-10] [ERROR] [1757001203.539599925] [explore_node]: Extrapolation Error looking up robot pose: Lookup would require extrapolation into the future.  Requested time 1757001203.234739 but the latest data is at time 1757001203.053338, when looking up transform from frame [base_link] to frame [map]
[explore-10] 
[explore-10] [ERROR] [1757001205.050334853] [explore_node]: Extrapolation Error looking up robot pose: Lookup would require extrapolation into the future.  Requested time 1757001204.746024 but the latest data is at time 1757001204.706757, when looking up transform from frame [base_link] to frame [map]
[explore-10] 
[explore-10] [ERROR] [1757001206.064167801] [explore_node]: Extrapolation Error looking up robot pose: Lookup would require extrapolation into the future.  Requested time 1757001205.759073 but the latest data is at time 1757001205.703374, when looking up transform from frame [base_link] to frame [map]
[explore-10] 
[explore-10] [ERROR] [1757001207.763108863] [explore_node]: Extrapolation Error looking up robot pose: Lookup would require extrapolation into the future.  Requested time 1757001207.457757 but the latest data is at time 1757001207.453436, when looking up transform from frame [base_link] to frame [map]
[explore-10] 
[explore-10] [ERROR] [1757001210.562283038] [explore_node]: Extrapolation Error looking up robot pose: Lookup would require extrapolation into the future.  Requested time 1757001210.255572 but the latest data is at time 1757001210.203341, when looking up transform from frame [base_link] to frame [map]
[explore-10] 
[explore-10] [ERROR] [1757001212.265211903] [explore_node]: Extrapolation Error looking up robot pose: Lookup would require extrapolation into the future.  Requested time 1757001211.960927 but the latest data is at time 1757001211.953358, when looking up transform from frame [base_link] to frame [map]
[explore-10] 
[explore-10] [ERROR] [1757001213.664677781] [explore_node]: Extrapolation Error looking up robot pose: Lookup would require extrapolation into the future.  Requested time 1757001213.361659 but the latest data is at time 1757001213.303346, when looking up transform from frame [base_link] to frame [map]
[explore-10] 
[explore-10] [ERROR] [1757001220.589495383] [explore_node]: Extrapolation Error looking up robot pose: Lookup would require extrapolation into the future.  Requested time 1757001220.284685 but the latest data is at time 1757001220.253421, when looking up transform from frame [base_link] to frame [map]
[explore-10] 
[explore-10] [ERROR] [1757001221.957912144] [explore_node]: Extrapolation Error looking up robot pose: Lookup would require extrapolation into the future.  Requested time 1757001221.652143 but the latest data is at time 1757001221.603363, when looking up transform from frame [base_link] to frame [map]
[explore-10] 
[explore-10] [ERROR] [1757001240.863871135] [explore_node]: Extrapolation Error looking up robot pose: Lookup would require extrapolation into the future.  Requested time 1757001240.559070 but the latest data is at time 1757001240.553343, when looking up transform from frame [base_link] to frame [map]
[explore-10] 
[explore-10] [ERROR] [1757001249.466450391] [explore_node]: Extrapolation Error looking up robot pose: Lookup would require extrapolation into the future.  Requested time 1757001249.162065 but the latest data is at time 1757001249.153293, when looking up transform from frame [base_link] to frame [map]
[explore-10] 
[explore-10] [ERROR] [1757001256.765510519] [explore_node]: Extrapolation Error looking up robot pose: Lookup would require extrapolation into the future.  Requested time 1757001256.459907 but the latest data is at time 1757001256.403322, when looking up transform from frame [base_link] to frame [map]
[explore-10] 
[explore-10] [ERROR] [1757001278.359223938] [explore_node]: Extrapolation Error looking up robot pose: Lookup would require extrapolation into the future.  Requested time 1757001278.053962 but the latest data is at time 1757001278.053326, when looking up transform from frame [base_link] to frame [map]
[explore-10] 
[explore-10] [ERROR] [1757001282.675553111] [explore_node]: Extrapolation Error looking up robot pose: Lookup would require extrapolation into the future.  Requested time 1757001282.371469 but the latest data is at time 1757001282.353392, when looking up transform from frame [base_link] to frame [map]
[explore-10] 
[explore-10] [ERROR] [1757001285.867654488] [explore_node]: Extrapolation Error looking up robot pose: Lookup would require extrapolation into the future.  Requested time 1757001285.561912 but the latest data is at time 1757001285.503314, when looking up transform from frame [base_link] to frame [map]
[explore-10] 
[explore-10] [ERROR] [1757001287.166746613] [explore_node]: Extrapolation Error looking up robot pose: Lookup would require extrapolation into the future.  Requested time 1757001286.861892 but the latest data is at time 1757001286.853315, when looking up transform from frame [base_link] to frame [map]
[explore-10] 
[explore-10] [ERROR] [1757001297.258550991] [explore_node]: Extrapolation Error looking up robot pose: Lookup would require extrapolation into the future.  Requested time 1757001296.955055 but the latest data is at time 1757001296.953312, when looking up transform from frame [base_link] to frame [map]
[explore-10] 
[explore-10] [ERROR] [1757001299.455447241] [explore_node]: Extrapolation Error looking up robot pose: Lookup would require extrapolation into the future.  Requested time 1757001299.151069 but the latest data is at time 1757001299.110198, when looking up transform from frame [base_link] to frame [map]
[explore-10] 
[explore-10] [ERROR] [1757001300.560955988] [explore_node]: Extrapolation Error looking up robot pose: Lookup would require extrapolation into the future.  Requested time 1757001300.256650 but the latest data is at time 1757001300.203394, when looking up transform from frame [base_link] to frame [map]
[explore-10] 
[explore-10] [ERROR] [1757001303.261104610] [explore_node]: Extrapolation Error looking up robot pose: Lookup would require extrapolation into the future.  Requested time 1757001302.955105 but the latest data is at time 1757001302.953305, when looking up transform from frame [base_link] to frame [map]
[explore-10] 
[explore-10] [ERROR] [1757001306.456782369] [explore_node]: Extrapolation Error looking up robot pose: Lookup would require extrapolation into the future.  Requested time 1757001306.151199 but the latest data is at time 1757001306.103338, when looking up transform from frame [base_link] to frame [map]
[explore-10] 
[explore-10] [ERROR] [1757001312.659480296] [explore_node]: Extrapolation Error looking up robot pose: Lookup would require extrapolation into the future.  Requested time 1757001312.356043 but the latest data is at time 1757001312.353379, when looking up transform from frame [base_link] to frame [map]
[explore-10] 
[rviz2-11] Start navigation
[rviz2-11] [INFO] [1757001315.408892287] [rviz_navigation_dialog_action_client]: NavigateToPose will be called using the BT Navigator's default behavior tree.
[bt_navigator-6] [INFO] [1757001315.410019907] [bt_navigator]: Begin navigating from current location (-0.48, -1.46) to (-0.86, -0.95)
[controller_server-2] [INFO] [1757001315.431033870] [controller_server]: Received a goal, begin computing control effort.
[controller_server-2] [INFO] [1757001316.531327357] [controller_server]: Passing new path to controller.
[controller_server-2] [INFO] [1757001317.531331687] [controller_server]: Passing new path to controller.
[controller_server-2] [INFO] [1757001318.531269244] [controller_server]: Passing new path to controller.
[explore-10] [ERROR] [1757001318.662512242] [explore_node]: Extrapolation Error looking up robot pose: Lookup would require extrapolation into the future.  Requested time 1757001318.357710 but the latest data is at time 1757001318.353301, when looking up transform from frame [base_link] to frame [map]
[explore-10] 
[controller_server-2] [INFO] [1757001319.631251633] [controller_server]: Passing new path to controller.
[controller_server-2] [INFO] [1757001320.631325371] [controller_server]: Passing new path to controller.
[controller_server-2] [INFO] [1757001321.631310742] [controller_server]: Passing new path to controller.
[controller_server-2] [INFO] [1757001322.731323252] [controller_server]: Passing new path to controller.
[controller_server-2] [INFO] [1757001323.731327740] [controller_server]: Passing new path to controller.
[controller_server-2] [INFO] [1757001324.731264385] [controller_server]: Passing new path to controller.
[controller_server-2] [INFO] [1757001325.731322485] [controller_server]: Passing new path to controller.
[controller_server-2] [INFO] [1757001326.831326821] [controller_server]: Passing new path to controller.
[controller_server-2] [INFO] [1757001327.731622588] [controller_server]: Reached the goal!
[bt_navigator-6] [INFO] [1757001327.770435100] [bt_navigator]: Goal succeeded
[explore-10] [ERROR] [1757001328.776466653] [explore_node]: Extrapolation Error looking up robot pose: Lookup would require extrapolation into the future.  Requested time 1757001328.471724 but the latest data is at time 1757001328.403316, when looking up transform from frame [base_link] to frame [map]
[explore-10] 
[explore-10] [ERROR] [1757001331.870352433] [explore_node]: Extrapolation Error looking up robot pose: Lookup would require extrapolation into the future.  Requested time 1757001331.565020 but the latest data is at time 1757001331.553337, when looking up transform from frame [base_link] to frame [map]
[explore-10] 
[explore-10] [ERROR] [1757001333.658419412] [explore_node]: Extrapolation Error looking up robot pose: Lookup would require extrapolation into the future.  Requested time 1757001333.352933 but the latest data is at time 1757001333.303335, when looking up transform from frame [base_link] to frame [map]
[explore-10] 
[explore-10] [ERROR] [1757001335.664818585] [explore_node]: Extrapolation Error looking up robot pose: Lookup would require extrapolation into the future.  Requested time 1757001335.360217 but the latest data is at time 1757001335.353338, when looking up transform from frame [base_link] to frame [map]
[explore-10] 
[explore-10] [ERROR] [1757001339.495928717] [explore_node]: Extrapolation Error looking up robot pose: Lookup would require extrapolation into the future.  Requested time 1757001339.190823 but the latest data is at time 1757001339.153351, when looking up transform from frame [base_link] to frame [map]
[explore-10] 
[rviz2-11] Start navigation
[rviz2-11] [INFO] [1757001345.336884899] [rviz_navigation_dialog_action_client]: NavigateToPose will be called using the BT Navigator's default behavior tree.
[bt_navigator-6] [INFO] [1757001345.337701360] [bt_navigator]: Begin navigating from current location (-0.82, -1.00) to (0.57, -2.49)
[controller_server-2] [INFO] [1757001345.358610023] [controller_server]: Received a goal, begin computing control effort.
[controller_server-2] [INFO] [1757001346.458797099] [controller_server]: Passing new path to controller.
[controller_server-2] [INFO] [1757001347.458783076] [controller_server]: Passing new path to controller.
[controller_server-2] [INFO] [1757001348.458799549] [controller_server]: Passing new path to controller.
[rviz2-11] [INFO] [1757001348.689480407] [rviz2]: Trying to create a map of size 114 x 104 using 1 swatches
[controller_server-2] [INFO] [1757001348.718298753] [local_costmap.local_costmap]: StaticLayer: Resizing static layer to 114 X 104 at 0.040000 m/pix
[planner_server-4] [INFO] [1757001348.737472057] [global_costmap.global_costmap]: StaticLayer: Resizing costmap to 114 X 104 at 0.040000 m/pix
[rviz2-11] [INFO] [1757001348.754752570] [rviz2]: Trying to create a map of size 114 x 104 using 1 swatches
[controller_server-2] [INFO] [1757001349.558861190] [controller_server]: Passing new path to controller.
[controller_server-2] [INFO] [1757001350.558865959] [controller_server]: Passing new path to controller.
[controller_server-2] [WARN] [1757001351.159999285] [controller_server]: RegulatedPurePursuitController detected collision ahead!
[controller_server-2] [WARN] [1757001351.259739912] [controller_server]: RegulatedPurePursuitController detected collision ahead!
[controller_server-2] [WARN] [1757001351.359176769] [controller_server]: RegulatedPurePursuitController detected collision ahead!
[controller_server-2] [WARN] [1757001351.459360606] [controller_server]: RegulatedPurePursuitController detected collision ahead!
[controller_server-2] [INFO] [1757001351.558791674] [controller_server]: Passing new path to controller.
[controller_server-2] [WARN] [1757001351.559756674] [controller_server]: RegulatedPurePursuitController detected collision ahead!
[controller_server-2] [WARN] [1757001351.659411842] [controller_server]: RegulatedPurePursuitController detected collision ahead!
[controller_server-2] [WARN] [1757001351.759397359] [controller_server]: RegulatedPurePursuitController detected collision ahead!
[controller_server-2] [WARN] [1757001351.859406837] [controller_server]: RegulatedPurePursuitController detected collision ahead!
[controller_server-2] [WARN] [1757001351.959324059] [controller_server]: RegulatedPurePursuitController detected collision ahead!
[controller_server-2] [WARN] [1757001352.059886850] [controller_server]: RegulatedPurePursuitController detected collision ahead!
[controller_server-2] [WARN] [1757001352.159949050] [controller_server]: RegulatedPurePursuitController detected collision ahead!
[controller_server-2] [WARN] [1757001352.259945086] [controller_server]: RegulatedPurePursuitController detected collision ahead!
[controller_server-2] [WARN] [1757001352.359859942] [controller_server]: RegulatedPurePursuitController detected collision ahead!
[explore-10] [ERROR] [1757001352.365214270] [explore_node]: Extrapolation Error looking up robot pose: Lookup would require extrapolation into the future.  Requested time 1757001352.060751 but the latest data is at time 1757001352.053365, when looking up transform from frame [base_link] to frame [map]
[explore-10] 
[controller_server-2] [WARN] [1757001352.459877682] [controller_server]: RegulatedPurePursuitController detected collision ahead!
[controller_server-2] [WARN] [1757001352.559851493] [controller_server]: RegulatedPurePursuitController detected collision ahead!
[controller_server-2] [INFO] [1757001352.658813272] [controller_server]: Passing new path to controller.
[controller_server-2] [ERROR] [1757001352.760681790] [controller_server]: Exception in transformPose: Lookup would require extrapolation into the future.  Requested time 1757001352.503393 but the latest data is at time 1757001352.456720, when looking up transform from frame [odom] to frame [map]
[controller_server-2] [WARN] [1757001352.760820931] [controller_server]: Unable to transform robot pose into global plan's frame
[controller_server-2] [WARN] [1757001352.761092243] [controller_server]: Control loop missed its desired rate of 10.0000Hz
[controller_server-2] [WARN] [1757001352.773934007] [controller_server]: RegulatedPurePursuitController detected collision ahead!
[controller_server-2] [WARN] [1757001352.859068364] [controller_server]: RegulatedPurePursuitController detected collision ahead!
[controller_server-2] [WARN] [1757001352.959479215] [controller_server]: RegulatedPurePursuitController detected collision ahead!
[controller_server-2] [WARN] [1757001353.059233749] [controller_server]: RegulatedPurePursuitController detected collision ahead!
[controller_server-2] [WARN] [1757001353.159318606] [controller_server]: RegulatedPurePursuitController detected collision ahead!
[controller_server-2] [ERROR] [1757001353.159401017] [controller_server]: Controller patience exceeded
[controller_server-2] [WARN] [1757001353.159470702] [controller_server]: [follow_path] [ActionServer] Aborting handle.
[controller_server-2] [INFO] [1757001353.178152134] [local_costmap.local_costmap]: Received request to clear entirely the local_costmap
[controller_server-2] [INFO] [1757001353.179631744] [controller_server]: Received a goal, begin computing control effort.
[controller_server-2] [WARN] [1757001353.330405236] [controller_server]: RegulatedPurePursuitController detected collision ahead!
[controller_server-2] [WARN] [1757001353.330607936] [controller_server]: Control loop missed its desired rate of 10.0000Hz
[controller_server-2] [WARN] [1757001353.331126167] [controller_server]: RegulatedPurePursuitController detected collision ahead!
[controller_server-2] [WARN] [1757001353.380374077] [controller_server]: RegulatedPurePursuitController detected collision ahead!
[controller_server-2] [WARN] [1757001353.480390415] [controller_server]: RegulatedPurePursuitController detected collision ahead!
[controller_server-2] [WARN] [1757001353.580116882] [controller_server]: RegulatedPurePursuitController detected collision ahead!
[controller_server-2] [INFO] [1757001353.679805622] [controller_server]: Passing new path to controller.
[controller_server-2] [WARN] [1757001353.680669234] [controller_server]: RegulatedPurePursuitController detected collision ahead!
[controller_server-2] [WARN] [1757001353.780384697] [controller_server]: RegulatedPurePursuitController detected collision ahead!
[controller_server-2] [WARN] [1757001353.880074994] [controller_server]: RegulatedPurePursuitController detected collision ahead!
[controller_server-2] [WARN] [1757001353.980337504] [controller_server]: RegulatedPurePursuitController detected collision ahead!
[controller_server-2] [WARN] [1757001354.080263931] [controller_server]: RegulatedPurePursuitController detected collision ahead!
[controller_server-2] [WARN] [1757001354.180425157] [controller_server]: RegulatedPurePursuitController detected collision ahead!
[controller_server-2] [WARN] [1757001354.280400860] [controller_server]: RegulatedPurePursuitController detected collision ahead!
[explore-10] [ERROR] [1757001354.357338005] [explore_node]: Extrapolation Error looking up robot pose: Lookup would require extrapolation into the future.  Requested time 1757001354.053713 but the latest data is at time 1757001354.053301, when looking up transform from frame [base_link] to frame [map]
[explore-10] 
[controller_server-2] [WARN] [1757001354.380913125] [controller_server]: RegulatedPurePursuitController detected collision ahead!
[controller_server-2] [WARN] [1757001354.480403731] [controller_server]: RegulatedPurePursuitController detected collision ahead!
[controller_server-2] [WARN] [1757001354.580400025] [controller_server]: RegulatedPurePursuitController detected collision ahead!
[controller_server-2] [INFO] [1757001354.679790848] [controller_server]: Passing new path to controller.
[controller_server-2] [WARN] [1757001354.720758496] [controller_server]: RegulatedPurePursuitController detected collision ahead!
[controller_server-2] [WARN] [1757001354.779985137] [controller_server]: RegulatedPurePursuitController detected collision ahead!
[controller_server-2] [WARN] [1757001354.880624799] [controller_server]: RegulatedPurePursuitController detected collision ahead!
[controller_server-2] [WARN] [1757001354.980398934] [controller_server]: RegulatedPurePursuitController detected collision ahead!
[controller_server-2] [WARN] [1757001355.080404068] [controller_server]: RegulatedPurePursuitController detected collision ahead!
[controller_server-2] [WARN] [1757001355.180400256] [controller_server]: RegulatedPurePursuitController detected collision ahead!
[controller_server-2] [ERROR] [1757001355.180492436] [controller_server]: Controller patience exceeded
[controller_server-2] [WARN] [1757001355.180591547] [controller_server]: [follow_path] [ActionServer] Aborting handle.
[behavior_server-5] [INFO] [1757001355.198241208] [behavior_server]: Running wait
[behavior_server-5] [INFO] [1757001360.198496823] [behavior_server]: wait completed successfully
[controller_server-2] [INFO] [1757001360.248639524] [controller_server]: Received a goal, begin computing control effort.
[controller_server-2] [WARN] [1757001360.249365404] [controller_server]: RegulatedPurePursuitController detected collision ahead!
[controller_server-2] [WARN] [1757001360.349442777] [controller_server]: RegulatedPurePursuitController detected collision ahead!
[controller_server-2] [WARN] [1757001360.449401090] [controller_server]: RegulatedPurePursuitController detected collision ahead!
[controller_server-2] [WARN] [1757001360.549450861] [controller_server]: RegulatedPurePursuitController detected collision ahead!
[controller_server-2] [WARN] [1757001360.649533819] [controller_server]: RegulatedPurePursuitController detected collision ahead!
[controller_server-2] [WARN] [1757001360.749471580] [controller_server]: RegulatedPurePursuitController detected collision ahead!
[controller_server-2] [WARN] [1757001360.849433357] [controller_server]: RegulatedPurePursuitController detected collision ahead!
[controller_server-2] [WARN] [1757001360.949310622] [controller_server]: RegulatedPurePursuitController detected collision ahead!
[controller_server-2] [WARN] [1757001361.049460061] [controller_server]: RegulatedPurePursuitController detected collision ahead!
[controller_server-2] [WARN] [1757001361.149469878] [controller_server]: RegulatedPurePursuitController detected collision ahead!
[controller_server-2] [WARN] [1757001361.249470943] [controller_server]: RegulatedPurePursuitController detected collision ahead!
[controller_server-2] [INFO] [1757001361.348863772] [controller_server]: Passing new path to controller.
[controller_server-2] [WARN] [1757001361.349625364] [controller_server]: RegulatedPurePursuitController detected collision ahead!
[controller_server-2] [WARN] [1757001361.449436988] [controller_server]: RegulatedPurePursuitController detected collision ahead!
[controller_server-2] [WARN] [1757001361.549485845] [controller_server]: RegulatedPurePursuitController detected collision ahead!
[controller_server-2] [WARN] [1757001361.649481772] [controller_server]: RegulatedPurePursuitController detected collision ahead!
[controller_server-2] [WARN] [1757001361.749411552] [controller_server]: RegulatedPurePursuitController detected collision ahead!
[controller_server-2] [WARN] [1757001361.849549810] [controller_server]: RegulatedPurePursuitController detected collision ahead!
[controller_server-2] [WARN] [1757001361.949672039] [controller_server]: RegulatedPurePursuitController detected collision ahead!
[controller_server-2] [WARN] [1757001362.049538844] [controller_server]: RegulatedPurePursuitController detected collision ahead!
[controller_server-2] [WARN] [1757001362.149465164] [controller_server]: RegulatedPurePursuitController detected collision ahead!
[controller_server-2] [WARN] [1757001362.249541807] [controller_server]: RegulatedPurePursuitController detected collision ahead!
[controller_server-2] [ERROR] [1757001362.249639005] [controller_server]: Controller patience exceeded
[controller_server-2] [WARN] [1757001362.249717264] [controller_server]: [follow_path] [ActionServer] Aborting handle.
[controller_server-2] [INFO] [1757001362.268281745] [local_costmap.local_costmap]: Received request to clear entirely the local_costmap
[controller_server-2] [INFO] [1757001362.269751528] [controller_server]: Received a goal, begin computing control effort.
[controller_server-2] [INFO] [1757001362.329960110] [controller_server]: Passing new path to controller.
[controller_server-2] [WARN] [1757001362.330872883] [controller_server]: RegulatedPurePursuitController detected collision ahead!
[controller_server-2] [WARN] [1757001362.370612358] [controller_server]: RegulatedPurePursuitController detected collision ahead!
[controller_server-2] [WARN] [1757001362.470561219] [controller_server]: RegulatedPurePursuitController detected collision ahead!
[controller_server-2] [WARN] [1757001362.570605722] [controller_server]: RegulatedPurePursuitController detected collision ahead!
[controller_server-2] [WARN] [1757001362.670579944] [controller_server]: RegulatedPurePursuitController detected collision ahead!
[controller_server-2] [WARN] [1757001362.770452159] [controller_server]: RegulatedPurePursuitController detected collision ahead!
[controller_server-2] [WARN] [1757001362.870459445] [controller_server]: RegulatedPurePursuitController detected collision ahead!
[controller_server-2] [WARN] [1757001362.970578700] [controller_server]: RegulatedPurePursuitController detected collision ahead!
[controller_server-2] [WARN] [1757001363.070595431] [controller_server]: RegulatedPurePursuitController detected collision ahead!
[controller_server-2] [WARN] [1757001363.170216497] [controller_server]: RegulatedPurePursuitController detected collision ahead!
[controller_server-2] [WARN] [1757001363.270063322] [controller_server]: RegulatedPurePursuitController detected collision ahead!
[controller_server-2] [INFO] [1757001363.369953093] [controller_server]: Passing new path to controller.
[controller_server-2] [WARN] [1757001363.370783600] [controller_server]: RegulatedPurePursuitController detected collision ahead!
[controller_server-2] [WARN] [1757001363.470584020] [controller_server]: RegulatedPurePursuitController detected collision ahead!
[controller_server-2] [WARN] [1757001363.570481207] [controller_server]: RegulatedPurePursuitController detected collision ahead!
[controller_server-2] [WARN] [1757001363.670571458] [controller_server]: RegulatedPurePursuitController detected collision ahead!
[controller_server-2] [WARN] [1757001363.770548685] [controller_server]: RegulatedPurePursuitController detected collision ahead!
[controller_server-2] [WARN] [1757001363.870338756] [controller_server]: RegulatedPurePursuitController detected collision ahead!
[controller_server-2] [WARN] [1757001363.970561345] [controller_server]: RegulatedPurePursuitController detected collision ahead!
[controller_server-2] [WARN] [1757001364.070638357] [controller_server]: RegulatedPurePursuitController detected collision ahead!
[controller_server-2] [WARN] [1757001364.170585741] [controller_server]: RegulatedPurePursuitController detected collision ahead!
[controller_server-2] [WARN] [1757001364.270705897] [controller_server]: RegulatedPurePursuitController detected collision ahead!
[controller_server-2] [ERROR] [1757001364.270857848] [controller_server]: Controller patience exceeded
[controller_server-2] [WARN] [1757001364.270942281] [controller_server]: [follow_path] [ActionServer] Aborting handle.
[behavior_server-5] [INFO] [1757001364.288473468] [behavior_server]: Running backup
[explore-10] [ERROR] [1757001368.463977645] [explore_node]: Extrapolation Error looking up robot pose: Lookup would require extrapolation into the future.  Requested time 1757001368.159648 but the latest data is at time 1757001368.103468, when looking up transform from frame [base_link] to frame [map]
[explore-10] 
[behavior_server-5] [INFO] [1757001370.488825321] [behavior_server]: backup completed successfully
[controller_server-2] [INFO] [1757001370.538674585] [controller_server]: Received a goal, begin computing control effort.
[controller_server-2] [INFO] [1757001371.638895797] [controller_server]: Passing new path to controller.
[controller_server-2] [WARN] [1757001371.639879147] [controller_server]: RegulatedPurePursuitController detected collision ahead!
[controller_server-2] [WARN] [1757001371.739557033] [controller_server]: RegulatedPurePursuitController detected collision ahead!
[controller_server-2] [WARN] [1757001371.839549713] [controller_server]: RegulatedPurePursuitController detected collision ahead!
[controller_server-2] [WARN] [1757001371.939542323] [controller_server]: RegulatedPurePursuitController detected collision ahead!
[controller_server-2] [WARN] [1757001372.039516204] [controller_server]: RegulatedPurePursuitController detected collision ahead!
[controller_server-2] [WARN] [1757001372.139534287] [controller_server]: RegulatedPurePursuitController detected collision ahead!
[controller_server-2] [WARN] [1757001372.239533667] [controller_server]: RegulatedPurePursuitController detected collision ahead!
[controller_server-2] [WARN] [1757001372.339531298] [controller_server]: RegulatedPurePursuitController detected collision ahead!
[controller_server-2] [WARN] [1757001372.439322885] [controller_server]: RegulatedPurePursuitController detected collision ahead!
[controller_server-2] [WARN] [1757001372.539453632] [controller_server]: RegulatedPurePursuitController detected collision ahead!
[controller_server-2] [INFO] [1757001372.638889764] [controller_server]: Passing new path to controller.
[controller_server-2] [WARN] [1757001372.639657540] [controller_server]: RegulatedPurePursuitController detected collision ahead!
[controller_server-2] [WARN] [1757001372.739527259] [controller_server]: RegulatedPurePursuitController detected collision ahead!
[controller_server-2] [WARN] [1757001372.839524751] [controller_server]: RegulatedPurePursuitController detected collision ahead!
[controller_server-2] [WARN] [1757001372.939529648] [controller_server]: RegulatedPurePursuitController detected collision ahead!
[controller_server-2] [WARN] [1757001373.039544838] [controller_server]: RegulatedPurePursuitController detected collision ahead!
[controller_server-2] [WARN] [1757001373.139597162] [controller_server]: RegulatedPurePursuitController detected collision ahead!
[controller_server-2] [WARN] [1757001373.239537792] [controller_server]: RegulatedPurePursuitController detected collision ahead!
[controller_server-2] [WARN] [1757001373.339122926] [controller_server]: RegulatedPurePursuitController detected collision ahead!
[controller_server-2] [WARN] [1757001373.439536397] [controller_server]: RegulatedPurePursuitController detected collision ahead!
[controller_server-2] [WARN] [1757001373.539597242] [controller_server]: RegulatedPurePursuitController detected collision ahead!
[controller_server-2] [ERROR] [1757001373.539694085] [controller_server]: Controller patience exceeded
[controller_server-2] [WARN] [1757001373.539775496] [controller_server]: [follow_path] [ActionServer] Aborting handle.
[controller_server-2] [INFO] [1757001373.558310502] [local_costmap.local_costmap]: Received request to clear entirely the local_costmap
[controller_server-2] [INFO] [1757001373.560268854] [controller_server]: Received a goal, begin computing control effort.
[controller_server-2] [INFO] [1757001373.730571089] [controller_server]: Passing new path to controller.
[controller_server-2] [WARN] [1757001373.731990349] [controller_server]: RegulatedPurePursuitController detected collision ahead!
[controller_server-2] [WARN] [1757001373.732214486] [controller_server]: Control loop missed its desired rate of 10.0000Hz
[controller_server-2] [WARN] [1757001373.733397536] [controller_server]: RegulatedPurePursuitController detected collision ahead!
[controller_server-2] [WARN] [1757001373.761667358] [controller_server]: RegulatedPurePursuitController detected collision ahead!
[controller_server-2] [WARN] [1757001373.861255804] [controller_server]: RegulatedPurePursuitController detected collision ahead!
[controller_server-2] [WARN] [1757001373.960871917] [controller_server]: RegulatedPurePursuitController detected collision ahead!
[controller_server-2] [WARN] [1757001374.061214626] [controller_server]: RegulatedPurePursuitController detected collision ahead!
[controller_server-2] [WARN] [1757001374.160591570] [controller_server]: RegulatedPurePursuitController detected collision ahead!
[controller_server-2] [WARN] [1757001374.260940408] [controller_server]: RegulatedPurePursuitController detected collision ahead!
[controller_server-2] [WARN] [1757001374.360854982] [controller_server]: RegulatedPurePursuitController detected collision ahead!
[controller_server-2] [WARN] [1757001374.461240260] [controller_server]: RegulatedPurePursuitController detected collision ahead!
[controller_server-2] [WARN] [1757001374.561203855] [controller_server]: RegulatedPurePursuitController detected collision ahead!
[controller_server-2] [INFO] [1757001374.660522175] [controller_server]: Passing new path to controller.
[controller_server-2] [WARN] [1757001374.660971331] [controller_server]: RegulatedPurePursuitController detected collision ahead!
[controller_server-2] [WARN] [1757001374.761266417] [controller_server]: RegulatedPurePursuitController detected collision ahead!
[controller_server-2] [WARN] [1757001374.861172525] [controller_server]: RegulatedPurePursuitController detected collision ahead!
[controller_server-2] [WARN] [1757001374.960869862] [controller_server]: RegulatedPurePursuitController detected collision ahead!
[controller_server-2] [WARN] [1757001375.061109220] [controller_server]: RegulatedPurePursuitController detected collision ahead!
[controller_server-2] [WARN] [1757001375.161126730] [controller_server]: RegulatedPurePursuitController detected collision ahead!
[controller_server-2] [WARN] [1757001375.261114837] [controller_server]: RegulatedPurePursuitController detected collision ahead!
[explore-10] [ERROR] [1757001375.264725907] [explore_node]: Extrapolation Error looking up robot pose: Lookup would require extrapolation into the future.  Requested time 1757001374.960405 but the latest data is at time 1757001374.953516, when looking up transform from frame [base_link] to frame [map]
[explore-10] 
[controller_server-2] [WARN] [1757001375.361070168] [controller_server]: RegulatedPurePursuitController detected collision ahead!
[controller_server-2] [WARN] [1757001375.461179237] [controller_server]: RegulatedPurePursuitController detected collision ahead!
[controller_server-2] [WARN] [1757001375.561633650] [controller_server]: RegulatedPurePursuitController detected collision ahead!
[controller_server-2] [ERROR] [1757001375.561723797] [controller_server]: Controller patience exceeded
[controller_server-2] [WARN] [1757001375.561804430] [controller_server]: [follow_path] [ActionServer] Aborting handle.
[controller_server-2] [INFO] [1757001375.578295948] [local_costmap.local_costmap]: Received request to clear entirely the local_costmap
[planner_server-4] [INFO] [1757001375.579465867] [global_costmap.global_costmap]: Received request to clear entirely the global_costmap
[controller_server-2] [INFO] [1757001375.758739606] [controller_server]: Received a goal, begin computing control effort.
[controller_server-2] [WARN] [1757001375.759475807] [controller_server]: RegulatedPurePursuitController detected collision ahead!
[controller_server-2] [WARN] [1757001375.859380163] [controller_server]: RegulatedPurePursuitController detected collision ahead!
[controller_server-2] [WARN] [1757001375.959510896] [controller_server]: RegulatedPurePursuitController detected collision ahead!
[controller_server-2] [WARN] [1757001376.059590984] [controller_server]: RegulatedPurePursuitController detected collision ahead!
[controller_server-2] [WARN] [1757001376.159651230] [controller_server]: RegulatedPurePursuitController detected collision ahead!
[controller_server-2] [WARN] [1757001376.259652512] [controller_server]: RegulatedPurePursuitController detected collision ahead!
[explore-10] [ERROR] [1757001376.358426760] [explore_node]: Extrapolation Error looking up robot pose: Lookup would require extrapolation into the future.  Requested time 1757001376.054198 but the latest data is at time 1757001376.003286, when looking up transform from frame [base_link] to frame [map]
[explore-10] 
[controller_server-2] [WARN] [1757001376.359666008] [controller_server]: RegulatedPurePursuitController detected collision ahead!
[controller_server-2] [WARN] [1757001376.459659559] [controller_server]: RegulatedPurePursuitController detected collision ahead!
[controller_server-2] [WARN] [1757001376.559586947] [controller_server]: RegulatedPurePursuitController detected collision ahead!
[controller_server-2] [WARN] [1757001376.740063028] [controller_server]: RegulatedPurePursuitController detected collision ahead!
[controller_server-2] [WARN] [1757001376.759108872] [controller_server]: RegulatedPurePursuitController detected collision ahead!
[controller_server-2] [INFO] [1757001376.858938020] [controller_server]: Passing new path to controller.
[controller_server-2] [WARN] [1757001376.859542203] [controller_server]: RegulatedPurePursuitController detected collision ahead!
[controller_server-2] [WARN] [1757001376.959592843] [controller_server]: RegulatedPurePursuitController detected collision ahead!
[controller_server-2] [WARN] [1757001377.059381193] [controller_server]: RegulatedPurePursuitController detected collision ahead!
[controller_server-2] [WARN] [1757001377.160114158] [controller_server]: RegulatedPurePursuitController detected collision ahead!
[controller_server-2] [WARN] [1757001377.259616827] [controller_server]: RegulatedPurePursuitController detected collision ahead!
[controller_server-2] [WARN] [1757001377.400082067] [controller_server]: RegulatedPurePursuitController detected collision ahead!
[controller_server-2] [WARN] [1757001377.459172376] [controller_server]: RegulatedPurePursuitController detected collision ahead!
[controller_server-2] [WARN] [1757001377.559324297] [controller_server]: RegulatedPurePursuitController detected collision ahead!
[controller_server-2] [WARN] [1757001377.659226271] [controller_server]: RegulatedPurePursuitController detected collision ahead!
[controller_server-2] [WARN] [1757001377.759343005] [controller_server]: RegulatedPurePursuitController detected collision ahead!
[controller_server-2] [ERROR] [1757001377.759409218] [controller_server]: Controller patience exceeded
[controller_server-2] [WARN] [1757001377.759462233] [controller_server]: [follow_path] [ActionServer] Aborting handle.
[controller_server-2] [INFO] [1757001377.778196793] [local_costmap.local_costmap]: Received request to clear entirely the local_costmap
[controller_server-2] [INFO] [1757001377.779893307] [controller_server]: Received a goal, begin computing control effort.
[controller_server-2] [INFO] [1757001377.930198452] [controller_server]: Passing new path to controller.
[controller_server-2] [WARN] [1757001377.931674838] [controller_server]: RegulatedPurePursuitController detected collision ahead!
[controller_server-2] [WARN] [1757001377.931888599] [controller_server]: Control loop missed its desired rate of 10.0000Hz
[controller_server-2] [WARN] [1757001377.932763456] [controller_server]: RegulatedPurePursuitController detected collision ahead!
[controller_server-2] [WARN] [1757001377.980836343] [controller_server]: RegulatedPurePursuitController detected collision ahead!
[controller_server-2] [WARN] [1757001378.080824307] [controller_server]: RegulatedPurePursuitController detected collision ahead!
[controller_server-2] [WARN] [1757001378.180595619] [controller_server]: RegulatedPurePursuitController detected collision ahead!
[controller_server-2] [WARN] [1757001378.280254175] [controller_server]: RegulatedPurePursuitController detected collision ahead!
[controller_server-2] [WARN] [1757001378.380811551] [controller_server]: RegulatedPurePursuitController detected collision ahead!
[explore-10] [ERROR] [1757001378.391640807] [explore_node]: Extrapolation Error looking up robot pose: Lookup would require extrapolation into the future.  Requested time 1757001378.088380 but the latest data is at time 1757001378.053491, when looking up transform from frame [base_link] to frame [map]
[explore-10] 
[controller_server-2] [WARN] [1757001378.480747354] [controller_server]: RegulatedPurePursuitController detected collision ahead!
[controller_server-2] [WARN] [1757001378.580820736] [controller_server]: RegulatedPurePursuitController detected collision ahead!
[controller_server-2] [WARN] [1757001378.700979440] [controller_server]: RegulatedPurePursuitController detected collision ahead!
[controller_server-2] [WARN] [1757001378.780816093] [controller_server]: RegulatedPurePursuitController detected collision ahead!
[controller_server-2] [INFO] [1757001378.880145337] [controller_server]: Passing new path to controller.
[controller_server-2] [WARN] [1757001378.880977003] [controller_server]: RegulatedPurePursuitController detected collision ahead!
[controller_server-2] [WARN] [1757001378.980823466] [controller_server]: RegulatedPurePursuitController detected collision ahead!
[controller_server-2] [WARN] [1757001379.080819869] [controller_server]: RegulatedPurePursuitController detected collision ahead!
[controller_server-2] [WARN] [1757001379.180813329] [controller_server]: RegulatedPurePursuitController detected collision ahead!
[controller_server-2] [WARN] [1757001379.280826296] [controller_server]: RegulatedPurePursuitController detected collision ahead!
[controller_server-2] [WARN] [1757001379.380817873] [controller_server]: RegulatedPurePursuitController detected collision ahead!
[controller_server-2] [WARN] [1757001379.480802926] [controller_server]: RegulatedPurePursuitController detected collision ahead!
[controller_server-2] [WARN] [1757001379.580638096] [controller_server]: RegulatedPurePursuitController detected collision ahead!
[controller_server-2] [WARN] [1757001379.680849070] [controller_server]: RegulatedPurePursuitController detected collision ahead!
[controller_server-2] [WARN] [1757001379.780815973] [controller_server]: RegulatedPurePursuitController detected collision ahead!
[controller_server-2] [ERROR] [1757001379.780912530] [controller_server]: Controller patience exceeded
[controller_server-2] [WARN] [1757001379.780994678] [controller_server]: [follow_path] [ActionServer] Aborting handle.
[behavior_server-5] [INFO] [1757001379.799036619] [behavior_server]: Running spin
[behavior_server-5] [INFO] [1757001379.799213253] [behavior_server]: Turning 1.57 for spin behavior.
[behavior_server-5] [INFO] [1757001382.799594719] [behavior_server]: spin completed successfully
[controller_server-2] [INFO] [1757001382.848722412] [controller_server]: Received a goal, begin computing control effort.
[controller_server-2] [INFO] [1757001383.948941773] [controller_server]: Passing new path to controller.
[controller_server-2] [INFO] [1757001384.948923751] [controller_server]: Passing new path to controller.
[controller_server-2] [INFO] [1757001385.948944632] [controller_server]: Passing new path to controller.
[controller_server-2] [WARN] [1757001386.949666085] [controller_server]: RegulatedPurePursuitController detected collision ahead!
[controller_server-2] [INFO] [1757001387.048951849] [controller_server]: Passing new path to controller.
[controller_server-2] [WARN] [1757001387.050343235] [controller_server]: RegulatedPurePursuitController detected collision ahead!
[controller_server-2] [WARN] [1757001387.149950662] [controller_server]: RegulatedPurePursuitController detected collision ahead!
[controller_server-2] [WARN] [1757001387.249855392] [controller_server]: RegulatedPurePursuitController detected collision ahead!
[controller_server-2] [WARN] [1757001387.349327145] [controller_server]: RegulatedPurePursuitController detected collision ahead!
[controller_server-2] [WARN] [1757001387.449623325] [controller_server]: RegulatedPurePursuitController detected collision ahead!
[controller_server-2] [WARN] [1757001387.549482855] [controller_server]: RegulatedPurePursuitController detected collision ahead!
[controller_server-2] [WARN] [1757001387.649545162] [controller_server]: RegulatedPurePursuitController detected collision ahead!
[controller_server-2] [WARN] [1757001387.749550183] [controller_server]: RegulatedPurePursuitController detected collision ahead!
[controller_server-2] [WARN] [1757001387.849549945] [controller_server]: RegulatedPurePursuitController detected collision ahead!
[controller_server-2] [WARN] [1757001387.949510424] [controller_server]: RegulatedPurePursuitController detected collision ahead!
[controller_server-2] [INFO] [1757001388.048950018] [controller_server]: Passing new path to controller.
[controller_server-2] [WARN] [1757001388.049836401] [controller_server]: RegulatedPurePursuitController detected collision ahead!
[controller_server-2] [WARN] [1757001388.149472981] [controller_server]: RegulatedPurePursuitController detected collision ahead!
[controller_server-2] [WARN] [1757001388.249379769] [controller_server]: RegulatedPurePursuitController detected collision ahead!
[controller_server-2] [WARN] [1757001388.349256559] [controller_server]: RegulatedPurePursuitController detected collision ahead!
[controller_server-2] [WARN] [1757001388.449531672] [controller_server]: RegulatedPurePursuitController detected collision ahead!
[controller_server-2] [WARN] [1757001388.549539646] [controller_server]: RegulatedPurePursuitController detected collision ahead!
[controller_server-2] [WARN] [1757001388.649547816] [controller_server]: RegulatedPurePursuitController detected collision ahead!
[controller_server-2] [WARN] [1757001388.749536667] [controller_server]: RegulatedPurePursuitController detected collision ahead!
[controller_server-2] [WARN] [1757001388.849549759] [controller_server]: RegulatedPurePursuitController detected collision ahead!
[controller_server-2] [WARN] [1757001388.949387877] [controller_server]: RegulatedPurePursuitController detected collision ahead!
[controller_server-2] [ERROR] [1757001388.949467910] [controller_server]: Controller patience exceeded
[controller_server-2] [WARN] [1757001388.949528315] [controller_server]: [follow_path] [ActionServer] Aborting handle.
[controller_server-2] [INFO] [1757001388.968196400] [local_costmap.local_costmap]: Received request to clear entirely the local_costmap
[controller_server-2] [INFO] [1757001388.969753435] [controller_server]: Received a goal, begin computing control effort.
[controller_server-2] [INFO] [1757001389.129968768] [controller_server]: Passing new path to controller.
[controller_server-2] [WARN] [1757001389.131420871] [controller_server]: RegulatedPurePursuitController detected collision ahead!
[controller_server-2] [WARN] [1757001389.131665233] [controller_server]: Control loop missed its desired rate of 10.0000Hz
[controller_server-2] [WARN] [1757001389.132748643] [controller_server]: RegulatedPurePursuitController detected collision ahead!
[controller_server-2] [WARN] [1757001389.170804142] [controller_server]: RegulatedPurePursuitController detected collision ahead!
[controller_server-2] [WARN] [1757001389.270565471] [controller_server]: RegulatedPurePursuitController detected collision ahead!
[controller_server-2] [WARN] [1757001389.370555504] [controller_server]: RegulatedPurePursuitController detected collision ahead!
[controller_server-2] [WARN] [1757001389.470634721] [controller_server]: RegulatedPurePursuitController detected collision ahead!
[controller_server-2] [WARN] [1757001389.570623181] [controller_server]: RegulatedPurePursuitController detected collision ahead!
[controller_server-2] [WARN] [1757001389.670656960] [controller_server]: RegulatedPurePursuitController detected collision ahead!
[controller_server-2] [WARN] [1757001389.770549980] [controller_server]: RegulatedPurePursuitController detected collision ahead!
[controller_server-2] [WARN] [1757001389.870580386] [controller_server]: RegulatedPurePursuitController detected collision ahead!
[controller_server-2] [WARN] [1757001389.970411107] [controller_server]: RegulatedPurePursuitController detected collision ahead!
[controller_server-2] [INFO] [1757001390.070004171] [controller_server]: Passing new path to controller.
[controller_server-2] [WARN] [1757001390.070754429] [controller_server]: RegulatedPurePursuitController detected collision ahead!
[controller_server-2] [WARN] [1757001390.170601006] [controller_server]: RegulatedPurePursuitController detected collision ahead!
[controller_server-2] [WARN] [1757001390.270559296] [controller_server]: RegulatedPurePursuitController detected collision ahead!
[controller_server-2] [WARN] [1757001390.370551612] [controller_server]: RegulatedPurePursuitController detected collision ahead!
[controller_server-2] [WARN] [1757001390.470618484] [controller_server]: RegulatedPurePursuitController detected collision ahead!
[rviz2-11] Start navigation
[rviz2-11] [INFO] [1757001390.549155280] [rviz_navigation_dialog_action_client]: NavigateToPose will be called using the BT Navigator's default behavior tree.
[bt_navigator-6] [INFO] [1757001390.557976877] [bt_navigator]: Received goal preemption request
[bt_navigator-6] [INFO] [1757001390.558234556] [bt_navigator]: Begin navigating from current location (0.64, -1.60) to (1.07, -1.42)
[controller_server-2] [WARN] [1757001390.570626100] [controller_server]: RegulatedPurePursuitController detected collision ahead!
[controller_server-2] [WARN] [1757001390.670182044] [controller_server]: RegulatedPurePursuitController detected collision ahead!
[controller_server-2] [WARN] [1757001390.770549954] [controller_server]: RegulatedPurePursuitController detected collision ahead!
[controller_server-2] [WARN] [1757001390.870687386] [controller_server]: RegulatedPurePursuitController detected collision ahead!
[controller_server-2] [WARN] [1757001390.970489114] [controller_server]: RegulatedPurePursuitController detected collision ahead!
[controller_server-2] [ERROR] [1757001390.970585710] [controller_server]: Controller patience exceeded
[controller_server-2] [WARN] [1757001390.970677269] [controller_server]: [follow_path] [ActionServer] Aborting handle.
[behavior_server-5] [INFO] [1757001390.988721269] [behavior_server]: Running wait
[rviz2-11] QBasicTimer::stop: Failed. Possibly trying to stop from a different thread
[behavior_server-5] [INFO] [1757001393.088926860] [behavior_server]: Canceling wait
[behavior_server-5] [INFO] [1757001393.089087732] [behavior_server]: [wait] [ActionServer] Client requested to cancel the goal. Cancelling.
[bt_navigator-6] [ERROR] [1757001393.089106905] [bt_navigator_navigate_to_pose_rclcpp_node]: Failed to get result for wait in node halt!
[bt_navigator-6] [INFO] [1757001393.089270246] [bt_navigator]: [navigate_to_pose] [ActionServer] Client requested to cancel the goal. Cancelling.
[bt_navigator-6] [INFO] [1757001393.089573228] [bt_navigator]: Goal canceled
[rviz2-11] Start navigation
[rviz2-11] [INFO] [1757001397.268322348] [rviz_navigation_dialog_action_client]: NavigateToPose will be called using the BT Navigator's default behavior tree.
[bt_navigator-6] [INFO] [1757001397.268967111] [bt_navigator]: Begin navigating from current location (0.64, -1.60) to (0.90, -1.36)
[controller_server-2] [INFO] [1757001397.289938716] [controller_server]: Received a goal, begin computing control effort.
[controller_server-2] [INFO] [1757001398.390123251] [controller_server]: Passing new path to controller.
[controller_server-2] [INFO] [1757001399.390133459] [controller_server]: Passing new path to controller.
[explore-10] [ERROR] [1757001399.499509765] [explore_node]: Extrapolation Error looking up robot pose: Lookup would require extrapolation into the future.  Requested time 1757001399.194454 but the latest data is at time 1757001399.153315, when looking up transform from frame [base_link] to frame [map]
[explore-10] 
[controller_server-2] [INFO] [1757001400.390199829] [controller_server]: Passing new path to controller.
[controller_server-2] [INFO] [1757001401.490254051] [controller_server]: Passing new path to controller.
[controller_server-2] [INFO] [1757001402.490131488] [controller_server]: Passing new path to controller.
[controller_server-2] [INFO] [1757001403.090416649] [controller_server]: Reached the goal!
[bt_navigator-6] [INFO] [1757001403.129403325] [bt_navigator]: Goal succeeded
[explore-10] [ERROR] [1757001405.259056876] [explore_node]: Extrapolation Error looking up robot pose: Lookup would require extrapolation into the future.  Requested time 1757001404.95