[INFO] [launch]: All log files can be found below /home/robot/.ros/log/2025-09-05-21-32-03-852035-robot-pc04-76852
[INFO] [launch]: Default logging verbosity is set to INFO
[INFO] [async_slam_toolbox_node-1]: process started with pid [76865]
[INFO] [controller_server-2]: process started with pid [76867]
[INFO] [smoother_server-3]: process started with pid [76869]
[INFO] [planner_server-4]: process started with pid [76871]
[INFO] [behavior_server-5]: process started with pid [76873]
[INFO] [bt_navigator-6]: process started with pid [76875]
[INFO] [waypoint_follower-7]: process started with pid [76877]
[INFO] [velocity_smoother-8]: process started with pid [76879]
[INFO] [lifecycle_manager-9]: process started with pid [76881]
[INFO] [explore-10]: process started with pid [76883]
[INFO] [rviz2-11]: process started with pid [76885]
[async_slam_toolbox_node-1] [INFO] [1757100723.959750727] [slam]: Node using stack size 40000000
[velocity_smoother-8] [INFO] [1757100723.962560411] [velocity_smoother]: 
[velocity_smoother-8] 	velocity_smoother lifecycle node launched. 
[velocity_smoother-8] 	Waiting on external lifecycle transitions to activate
[velocity_smoother-8] 	See https://design.ros2.org/articles/node_lifecycle.html for more information.
[controller_server-2] [INFO] [1757100723.963489569] [controller_server]: 
[controller_server-2] 	controller_server lifecycle node launched. 
[controller_server-2] 	Waiting on external lifecycle transitions to activate
[controller_server-2] 	See https://design.ros2.org/articles/node_lifecycle.html for more information.
[waypoint_follower-7] [INFO] [1757100723.964133111] [waypoint_follower]: 
[waypoint_follower-7] 	waypoint_follower lifecycle node launched. 
[waypoint_follower-7] 	Waiting on external lifecycle transitions to activate
[waypoint_follower-7] 	See https://design.ros2.org/articles/node_lifecycle.html for more information.
[waypoint_follower-7] [INFO] [1757100723.964430629] [waypoint_follower]: Creating
[lifecycle_manager-9] [INFO] [1757100723.964422388] [lifecycle_manager_navigation]: Creating
[controller_server-2] [INFO] [1757100723.965288843] [controller_server]: Creating controller server
[behavior_server-5] [INFO] [1757100723.965311615] [behavior_server]: 
[behavior_server-5] 	behavior_server lifecycle node launched. 
[behavior_server-5] 	Waiting on external lifecycle transitions to activate
[behavior_server-5] 	See https://design.ros2.org/articles/node_lifecycle.html for more information.
[planner_server-4] [INFO] [1757100723.965404193] [planner_server]: 
[planner_server-4] 	planner_server lifecycle node launched. 
[planner_server-4] 	Waiting on external lifecycle transitions to activate
[planner_server-4] 	See https://design.ros2.org/articles/node_lifecycle.html for more information.
[planner_server-4] [INFO] [1757100723.966204297] [planner_server]: Creating
[lifecycle_manager-9] [INFO] [1757100723.966373360] [lifecycle_manager_navigation]: [34m[1mCreating and initializing lifecycle service clients[0m[0m
[smoother_server-3] [INFO] [1757100723.966514944] [smoother_server]: 
[smoother_server-3] 	smoother_server lifecycle node launched. 
[smoother_server-3] 	Waiting on external lifecycle transitions to activate
[smoother_server-3] 	See https://design.ros2.org/articles/node_lifecycle.html for more information.
[bt_navigator-6] [INFO] [1757100723.966526083] [bt_navigator]: 
[bt_navigator-6] 	bt_navigator lifecycle node launched. 
[bt_navigator-6] 	Waiting on external lifecycle transitions to activate
[bt_navigator-6] 	See https://design.ros2.org/articles/node_lifecycle.html for more information.
[bt_navigator-6] [INFO] [1757100723.966583034] [bt_navigator]: Creating
[smoother_server-3] [INFO] [1757100723.967322964] [smoother_server]: Creating smoother server
[explore-10] [INFO] [1757100723.969655862] [explore_node]: Waiting for costmap to become available, topic: map
[lifecycle_manager-9] [INFO] [1757100723.970990192] [lifecycle_manager_navigation]: [34m[1mStarting managed nodes bringup...[0m[0m
[lifecycle_manager-9] [INFO] [1757100723.971014682] [lifecycle_manager_navigation]: [34m[1mConfiguring controller_server[0m[0m
[controller_server-2] [INFO] [1757100723.971991922] [local_costmap.local_costmap]: 
[controller_server-2] 	local_costmap lifecycle node launched. 
[controller_server-2] 	Waiting on external lifecycle transitions to activate
[controller_server-2] 	See https://design.ros2.org/articles/node_lifecycle.html for more information.
[controller_server-2] [INFO] [1757100723.972220155] [local_costmap.local_costmap]: Creating Costmap
[controller_server-2] [INFO] [1757100723.972727599] [controller_server]: Configuring controller interface
[controller_server-2] [INFO] [1757100723.972784963] [controller_server]: getting goal checker plugins..
[controller_server-2] [INFO] [1757100723.972817827] [controller_server]: Controller frequency set to 10.0000Hz
[controller_server-2] [INFO] [1757100723.972832354] [local_costmap.local_costmap]: Configuring
[planner_server-4] [INFO] [1757100723.974410249] [global_costmap.global_costmap]: 
[planner_server-4] 	global_costmap lifecycle node launched. 
[planner_server-4] 	Waiting on external lifecycle transitions to activate
[planner_server-4] 	See https://design.ros2.org/articles/node_lifecycle.html for more information.
[planner_server-4] [INFO] [1757100723.974641255] [global_costmap.global_costmap]: Creating Costmap
[controller_server-2] [INFO] [1757100723.974827203] [local_costmap.local_costmap]: Using plugin "static_layer"
[controller_server-2] [INFO] [1757100723.976308461] [local_costmap.local_costmap]: Subscribing to the map topic (/map) with transient local durability
[controller_server-2] [INFO] [1757100723.976787737] [local_costmap.local_costmap]: Initialized plugin "static_layer"
[controller_server-2] [INFO] [1757100723.976800448] [local_costmap.local_costmap]: Using plugin "obstacle_layer"
[controller_server-2] [INFO] [1757100723.977040024] [local_costmap.local_costmap]: Subscribed to Topics: scan
[controller_server-2] [INFO] [1757100723.978435080] [local_costmap.local_costmap]: Initialized plugin "obstacle_layer"
[controller_server-2] [INFO] [1757100723.978452238] [local_costmap.local_costmap]: Using plugin "inflation_layer"
[controller_server-2] [INFO] [1757100723.979159861] [local_costmap.local_costmap]: Initialized plugin "inflation_layer"
[async_slam_toolbox_node-1] [INFO] [1757100723.980687010] [slam]: Using solver plugin solver_plugins::CeresSolver
[async_slam_toolbox_node-1] [INFO] [1757100723.980830103] [slam]: CeresSolver: Using SCHUR_JACOBI preconditioner.
[controller_server-2] [INFO] [1757100723.983538457] [controller_server]: Created progress_checker : progress_checker of type nav2_controller::SimpleProgressChecker
[controller_server-2] [INFO] [1757100723.983969757] [controller_server]: Created goal checker : goal_checker of type nav2_controller::SimpleGoalChecker
[controller_server-2] [INFO] [1757100723.984136335] [controller_server]: Controller Server has goal_checker  goal checkers available.
[controller_server-2] [INFO] [1757100723.984512398] [controller_server]: Created controller : FollowPath of type nav2_regulated_pure_pursuit_controller::RegulatedPurePursuitController
[controller_server-2] [INFO] [1757100723.986361293] [controller_server]: Controller Server has FollowPath  controllers available.
[lifecycle_manager-9] [INFO] [1757100723.989840953] [lifecycle_manager_navigation]: [34m[1mConfiguring smoother_server[0m[0m
[smoother_server-3] [INFO] [1757100723.989995207] [smoother_server]: Configuring smoother server
[smoother_server-3] [INFO] [1757100723.994756305] [smoother_server]: Created smoother : simple_smoother of type nav2_smoother::SimpleSmoother
[smoother_server-3] [INFO] [1757100723.994999160] [smoother_server]: Smoother Server has simple_smoother  smoothers available.
[lifecycle_manager-9] [INFO] [1757100723.997616450] [lifecycle_manager_navigation]: [34m[1mConfiguring planner_server[0m[0m
[planner_server-4] [INFO] [1757100723.997709839] [planner_server]: Configuring
[planner_server-4] [INFO] [1757100723.997732518] [global_costmap.global_costmap]: Configuring
[planner_server-4] [INFO] [1757100723.999496677] [global_costmap.global_costmap]: Using plugin "static_layer"
[planner_server-4] [INFO] [1757100724.000888876] [global_costmap.global_costmap]: Subscribing to the map topic (/map) with transient local durability
[planner_server-4] [INFO] [1757100724.001313986] [global_costmap.global_costmap]: Initialized plugin "static_layer"
[planner_server-4] [INFO] [1757100724.001323319] [global_costmap.global_costmap]: Using plugin "obstacle_layer"
[planner_server-4] [INFO] [1757100724.001447299] [global_costmap.global_costmap]: Subscribed to Topics: scan
[planner_server-4] [INFO] [1757100724.002408208] [global_costmap.global_costmap]: Initialized plugin "obstacle_layer"
[planner_server-4] [INFO] [1757100724.002420306] [global_costmap.global_costmap]: Using plugin "inflation_layer"
[planner_server-4] [INFO] [1757100724.002713015] [global_costmap.global_costmap]: Initialized plugin "inflation_layer"
[planner_server-4] [INFO] [1757100724.005408997] [planner_server]: Created global planner plugin GridBased of type nav2_navfn_planner/NavfnPlanner
[planner_server-4] [INFO] [1757100724.005434362] [planner_server]: Configuring plugin GridBased of type NavfnPlanner
[planner_server-4] [INFO] [1757100724.005694136] [planner_server]: Planner Server has GridBased  planners available.
[lifecycle_manager-9] [INFO] [1757100724.008394535] [lifecycle_manager_navigation]: [34m[1mConfiguring behavior_server[0m[0m
[behavior_server-5] [INFO] [1757100724.008503928] [behavior_server]: Configuring
[behavior_server-5] [INFO] [1757100724.011870572] [behavior_server]: Creating behavior plugin spin of type nav2_behaviors/Spin
[behavior_server-5] [INFO] [1757100724.013235157] [behavior_server]: Configuring spin
[behavior_server-5] [INFO] [1757100724.016733700] [behavior_server]: Creating behavior plugin backup of type nav2_behaviors/BackUp
[behavior_server-5] [INFO] [1757100724.017311800] [behavior_server]: Configuring backup
[behavior_server-5] [INFO] [1757100724.019472146] [behavior_server]: Creating behavior plugin drive_on_heading of type nav2_behaviors/DriveOnHeading
[behavior_server-5] [INFO] [1757100724.020151691] [behavior_server]: Configuring drive_on_heading
[behavior_server-5] [INFO] [1757100724.022417905] [behavior_server]: Creating behavior plugin wait of type nav2_behaviors/Wait
[behavior_server-5] [INFO] [1757100724.022878813] [behavior_server]: Configuring wait
[behavior_server-5] [INFO] [1757100724.024856370] [behavior_server]: Creating behavior plugin assisted_teleop of type nav2_behaviors/AssistedTeleop
[behavior_server-5] [INFO] [1757100724.025937968] [behavior_server]: Configuring assisted_teleop
[lifecycle_manager-9] [INFO] [1757100724.028685953] [lifecycle_manager_navigation]: [34m[1mConfiguring bt_navigator[0m[0m
[bt_navigator-6] [INFO] [1757100724.028839806] [bt_navigator]: Configuring
[lifecycle_manager-9] [INFO] [1757100724.056640318] [lifecycle_manager_navigation]: [34m[1mConfiguring waypoint_follower[0m[0m
[waypoint_follower-7] [INFO] [1757100724.056830005] [waypoint_follower]: Configuring
[waypoint_follower-7] [INFO] [1757100724.060099833] [waypoint_follower]: Created waypoint_task_executor : wait_at_waypoint of type nav2_waypoint_follower::WaitAtWaypoint
[lifecycle_manager-9] [INFO] [1757100724.060393040] [lifecycle_manager_navigation]: [34m[1mConfiguring velocity_smoother[0m[0m
[velocity_smoother-8] [INFO] [1757100724.060513618] [velocity_smoother]: Configuring velocity smoother
[lifecycle_manager-9] [INFO] [1757100724.061616018] [lifecycle_manager_navigation]: [34m[1mActivating controller_server[0m[0m
[controller_server-2] [INFO] [1757100724.061690034] [controller_server]: Activating
[controller_server-2] [INFO] [1757100724.061710661] [local_costmap.local_costmap]: Activating
[controller_server-2] [INFO] [1757100724.061716788] [local_costmap.local_costmap]: Checking transform
[controller_server-2] [INFO] [1757100724.061730033] [local_costmap.local_costmap]: Timed out waiting for transform from base_link to odom to become available, tf error: Invalid frame ID "odom" passed to canTransform argument target_frame - frame does not exist
[rviz2-11] [INFO] [1757100724.410902303] [rviz2]: Stereo is NOT SUPPORTED
[rviz2-11] [INFO] [1757100724.410960762] [rviz2]: OpenGl version: 4.6 (GLSL 4.6)
[rviz2-11] [INFO] [1757100724.448857302] [rviz2]: Stereo is NOT SUPPORTED
[controller_server-2] [INFO] [1757100724.561795438] [local_costmap.local_costmap]: Timed out waiting for transform from base_link to odom to become available, tf error: Invalid frame ID "odom" passed to canTransform argument target_frame - frame does not exist
[controller_server-2] [INFO] [1757100725.061819389] [local_costmap.local_costmap]: Timed out waiting for transform from base_link to odom to become available, tf error: Invalid frame ID "odom" passed to canTransform argument target_frame - frame does not exist
[controller_server-2] [INFO] [1757100725.561805997] [local_costmap.local_costmap]: Timed out waiting for transform from base_link to odom to become available, tf error: Invalid frame ID "odom" passed to canTransform argument target_frame - frame does not exist
[controller_server-2] [INFO] [1757100726.061798979] [local_costmap.local_costmap]: Timed out waiting for transform from base_link to odom to become available, tf error: Invalid frame ID "odom" passed to canTransform argument target_frame - frame does not exist
[controller_server-2] [INFO] [1757100726.561802310] [local_costmap.local_costmap]: Timed out waiting for transform from base_link to odom to become available, tf error: Invalid frame ID "odom" passed to canTransform argument target_frame - frame does not exist
[controller_server-2] [INFO] [1757100727.061792510] [local_costmap.local_costmap]: Timed out waiting for transform from base_link to odom to become available, tf error: Invalid frame ID "odom" passed to canTransform argument target_frame - frame does not exist
[controller_server-2] [INFO] [1757100727.561806813] [local_costmap.local_costmap]: Timed out waiting for transform from base_link to odom to become available, tf error: Invalid frame ID "odom" passed to canTransform argument target_frame - frame does not exist
[controller_server-2] [INFO] [1757100728.062003007] [local_costmap.local_costmap]: start
[controller_server-2] [INFO] [1757100728.263454208] [controller_server]: Activating controller: FollowPath of type regulated_pure_pursuit_controller::RegulatedPurePursuitController
[controller_server-2] [INFO] [1757100728.263498142] [controller_server]: Creating bond (controller_server) to lifecycle manager.
[lifecycle_manager-9] [INFO] [1757100728.367821527] [lifecycle_manager_navigation]: Server controller_server connected with bond.
[lifecycle_manager-9] [INFO] [1757100728.367935530] [lifecycle_manager_navigation]: [34m[1mActivating smoother_server[0m[0m
[smoother_server-3] [INFO] [1757100728.368524296] [smoother_server]: Activating
[smoother_server-3] [INFO] [1757100728.368610667] [smoother_server]: Creating bond (smoother_server) to lifecycle manager.
[lifecycle_manager-9] [INFO] [1757100728.475532497] [lifecycle_manager_navigation]: Server smoother_server connected with bond.
[lifecycle_manager-9] [INFO] [1757100728.475617605] [lifecycle_manager_navigation]: [34m[1mActivating planner_server[0m[0m
[planner_server-4] [INFO] [1757100728.476113742] [planner_server]: Activating
[planner_server-4] [INFO] [1757100728.476200544] [global_costmap.global_costmap]: Activating
[planner_server-4] [INFO] [1757100728.476224140] [global_costmap.global_costmap]: Checking transform
[planner_server-4] [INFO] [1757100728.476269118] [global_costmap.global_costmap]: Timed out waiting for transform from base_link to map to become available, tf error: Invalid frame ID "map" passed to canTransform argument target_frame - frame does not exist
[planner_server-4] [INFO] [1757100728.976338055] [global_costmap.global_costmap]: Timed out waiting for transform from base_link to map to become available, tf error: Invalid frame ID "map" passed to canTransform argument target_frame - frame does not exist
[planner_server-4] [INFO] [1757100729.476333426] [global_costmap.global_costmap]: Timed out waiting for transform from base_link to map to become available, tf error: Invalid frame ID "map" passed to canTransform argument target_frame - frame does not exist
[planner_server-4] [INFO] [1757100729.976332979] [global_costmap.global_costmap]: Timed out waiting for transform from base_link to map to become available, tf error: Invalid frame ID "map" passed to canTransform argument target_frame - frame does not exist
[controller_server-2] [WARN] [1757100730.062208697] [local_costmap.local_costmap]: Can't update static costmap layer, no map received
[planner_server-4] [INFO] [1757100730.476324297] [global_costmap.global_costmap]: Timed out waiting for transform from base_link to map to become available, tf error: Invalid frame ID "map" passed to canTransform argument target_frame - frame does not exist
[async_slam_toolbox_node-1] [WARN] [1757100730.572278440] [slam]: minimum laser range setting (0.0 m) exceeds the capabilities of the used Lidar (0.1 m)
[rviz2-11] [INFO] [1757100730.669327353] [rviz2]: Trying to create a map of size 100 x 100 using 1 swatches
[planner_server-4] [INFO] [1757100730.976544674] [global_costmap.global_costmap]: start
[planner_server-4] [WARN] [1757100731.977012972] [nav2_costmap_2d]: Robot is out of bounds of the costmap!
[planner_server-4] [WARN] [1757100731.977193284] [global_costmap.global_costmap]: Sensor origin at (1.78, -0.42) is out of map bounds (0.00, 0.00) to (4.98, 4.98). The costmap cannot raytrace for it.
[planner_server-4] [INFO] [1757100731.986170176] [global_costmap.global_costmap]: StaticLayer: Resizing costmap to 76 X 95 at 0.040000 m/pix
[controller_server-2] [INFO] [1757100731.986192374] [local_costmap.local_costmap]: StaticLayer: Resizing static layer to 76 X 95 at 0.040000 m/pix
[rviz2-11] [INFO] [1757100732.013522039] [rviz2]: Trying to create a map of size 76 x 95 using 1 swatches
[rviz2-11] [INFO] [1757100732.014025912] [rviz2]: Trying to create a map of size 100 x 100 using 1 swatches
[planner_server-4] [INFO] [1757100732.028306731] [planner_server]: Activating plugin GridBased of type NavfnPlanner
[planner_server-4] [INFO] [1757100732.029986034] [planner_server]: Creating bond (planner_server) to lifecycle manager.
[lifecycle_manager-9] [INFO] [1757100732.137679365] [lifecycle_manager_navigation]: Server planner_server connected with bond.
[lifecycle_manager-9] [INFO] [1757100732.137783573] [lifecycle_manager_navigation]: [34m[1mActivating behavior_server[0m[0m
[behavior_server-5] [INFO] [1757100732.138502378] [behavior_server]: Activating
[behavior_server-5] [INFO] [1757100732.138570844] [behavior_server]: Activating spin
[behavior_server-5] [INFO] [1757100732.138595874] [behavior_server]: Activating backup
[behavior_server-5] [INFO] [1757100732.138614287] [behavior_server]: Activating drive_on_heading
[behavior_server-5] [INFO] [1757100732.138633065] [behavior_server]: Activating wait
[behavior_server-5] [INFO] [1757100732.138651293] [behavior_server]: Activating assisted_teleop
[behavior_server-5] [INFO] [1757100732.138675006] [behavior_server]: Creating bond (behavior_server) to lifecycle manager.
[lifecycle_manager-9] [INFO] [1757100732.245842706] [lifecycle_manager_navigation]: Server behavior_server connected with bond.
[lifecycle_manager-9] [INFO] [1757100732.245943593] [lifecycle_manager_navigation]: [34m[1mActivating bt_navigator[0m[0m
[bt_navigator-6] [INFO] [1757100732.246692272] [bt_navigator]: Activating
[bt_navigator-6] [INFO] [1757100732.282478659] [bt_navigator]: Creating bond (bt_navigator) to lifecycle manager.
[lifecycle_manager-9] [INFO] [1757100732.384234198] [lifecycle_manager_navigation]: Server bt_navigator connected with bond.
[lifecycle_manager-9] [INFO] [1757100732.384331231] [lifecycle_manager_navigation]: [34m[1mActivating waypoint_follower[0m[0m
[waypoint_follower-7] [INFO] [1757100732.385034728] [waypoint_follower]: Activating
[waypoint_follower-7] [INFO] [1757100732.385116535] [waypoint_follower]: Creating bond (waypoint_follower) to lifecycle manager.
[lifecycle_manager-9] [INFO] [1757100732.493111385] [lifecycle_manager_navigation]: Server waypoint_follower connected with bond.
[lifecycle_manager-9] [INFO] [1757100732.493222619] [lifecycle_manager_navigation]: [34m[1mActivating velocity_smoother[0m[0m
[velocity_smoother-8] [INFO] [1757100732.493898080] [velocity_smoother]: Activating
[velocity_smoother-8] [INFO] [1757100732.494079188] [velocity_smoother]: Creating bond (velocity_smoother) to lifecycle manager.
[lifecycle_manager-9] [INFO] [1757100732.602389948] [lifecycle_manager_navigation]: Server velocity_smoother connected with bond.
[lifecycle_manager-9] [INFO] [1757100732.602483015] [lifecycle_manager_navigation]: [34m[1mManaged nodes are active[0m[0m
[lifecycle_manager-9] [INFO] [1757100732.602525311] [lifecycle_manager_navigation]: [34m[1mCreating bond timer...[0m[0m
[rviz2-11] [INFO] [1757100733.008973011] [rviz2]: Trying to create a map of size 76 x 95 using 1 swatches
[explore-10] [INFO] [1757100733.994716001] [explore_node]: Waiting to connect to move_base nav2 server
[explore-10] [INFO] [1757100733.995053842] [explore_node]: Connected to move_base nav2 server
[explore-10] [INFO] [1757100733.995069690] [explore_node]: Getting initial pose of the robot
[explore-10] [INFO] [1757100734.046242234] [explore_node]: [NAV] Remembered last goal (2.01, 1.78, yaw from quat).
[bt_navigator-6] [INFO] [1757100734.047788733] [bt_navigator]: Begin navigating from current location (1.77, -0.43) to (2.01, 1.78)
[controller_server-2] [INFO] [1757100734.069185633] [controller_server]: Received a goal, begin computing control effort.
[controller_server-2] [WARN] [1757100734.069280881] [controller_server]: No goal checker was specified in parameter 'current_goal_checker'. Server will use only plugin loaded goal_checker . This warning will appear once.
[controller_server-2] [INFO] [1757100735.169423987] [controller_server]: Passing new path to controller.
[controller_server-2] [INFO] [1757100736.169424842] [controller_server]: Passing new path to controller.
[controller_server-2] [INFO] [1757100737.169424506] [controller_server]: Passing new path to controller.
[rviz2-11] [INFO] [1757100737.998792738] [rviz2]: Trying to create a map of size 120 x 95 using 1 swatches
[controller_server-2] [INFO] [1757100738.062208864] [local_costmap.local_costmap]: StaticLayer: Resizing static layer to 120 X 95 at 0.040000 m/pix
[controller_server-2] [INFO] [1757100738.269419455] [controller_server]: Passing new path to controller.
[planner_server-4] [INFO] [1757100738.976793066] [global_costmap.global_costmap]: StaticLayer: Resizing costmap to 120 X 95 at 0.040000 m/pix
[rviz2-11] [INFO] [1757100738.990968065] [rviz2]: Trying to create a map of size 120 x 95 using 1 swatches
[controller_server-2] [INFO] [1757100739.269493664] [controller_server]: Passing new path to controller.
[rviz2-11] [INFO] [1757100740.014236922] [rviz2]: Trying to create a map of size 121 x 95 using 1 swatches
[controller_server-2] [INFO] [1757100740.062188936] [local_costmap.local_costmap]: StaticLayer: Resizing static layer to 121 X 95 at 0.040000 m/pix
[controller_server-2] [INFO] [1757100740.269425655] [controller_server]: Passing new path to controller.
[explore-10] [INFO] [1757100740.710220584] [explore_node]: [NAV] Remembered last goal (0.52, 1.56, yaw from quat).
[bt_navigator-6] [INFO] [1757100740.718166076] [bt_navigator]: Received goal preemption request
[bt_navigator-6] [INFO] [1757100740.718685876] [bt_navigator]: Begin navigating from current location (2.28, 1.19) to (0.52, 1.56)
[planner_server-4] [INFO] [1757100740.976817323] [global_costmap.global_costmap]: StaticLayer: Resizing costmap to 121 X 95 at 0.040000 m/pix
[rviz2-11] [INFO] [1757100741.006216292] [rviz2]: Trying to create a map of size 121 x 95 using 1 swatches
[controller_server-2] [INFO] [1757100741.369420231] [controller_server]: Passing new path to controller.
[rviz2-11] [INFO] [1757100742.000024571] [rviz2]: Trying to create a map of size 121 x 98 using 1 swatches
[controller_server-2] [INFO] [1757100742.062201417] [local_costmap.local_costmap]: StaticLayer: Resizing static layer to 121 X 98 at 0.040000 m/pix
[controller_server-2] [INFO] [1757100742.369421296] [controller_server]: Passing new path to controller.
[planner_server-4] [INFO] [1757100742.976858284] [global_costmap.global_costmap]: StaticLayer: Resizing costmap to 121 X 98 at 0.040000 m/pix
[rviz2-11] [INFO] [1757100742.990114214] [rviz2]: Trying to create a map of size 121 x 98 using 1 swatches
[controller_server-2] [INFO] [1757100743.369491446] [controller_server]: Passing new path to controller.
[controller_server-2] [WARN] [1757100743.571994133] [controller_server]: Control loop missed its desired rate of 10.0000Hz
[controller_server-2] [INFO] [1757100744.369418626] [controller_server]: Passing new path to controller.
[controller_server-2] [INFO] [1757100745.469478156] [controller_server]: Passing new path to controller.
[rviz2-11] [INFO] [1757100745.998701012] [rviz2]: Trying to create a map of size 122 x 98 using 1 swatches
[controller_server-2] [INFO] [1757100746.062188174] [local_costmap.local_costmap]: StaticLayer: Resizing static layer to 122 X 98 at 0.040000 m/pix
[controller_server-2] [ERROR] [1757100746.371411747] [controller_server]: Exception in transformPose: Lookup would require extrapolation into the future.  Requested time 1757100746.163798 but the latest data is at time 1757100745.962136, when looking up transform from frame [odom] to frame [map]
[controller_server-2] [WARN] [1757100746.371579588] [controller_server]: Unable to transform robot pose into global plan's frame
[controller_server-2] [WARN] [1757100746.371781947] [controller_server]: Control loop missed its desired rate of 10.0000Hz
[controller_server-2] [ERROR] [1757100746.473901758] [controller_server]: Exception in transformPose: Lookup would require extrapolation into the future.  Requested time 1757100746.163798 but the latest data is at time 1757100745.962136, when looking up transform from frame [odom] to frame [map]
[controller_server-2] [WARN] [1757100746.474045433] [controller_server]: Unable to transform robot pose into global plan's frame
[controller_server-2] [WARN] [1757100746.474237460] [controller_server]: Control loop missed its desired rate of 10.0000Hz
[controller_server-2] [INFO] [1757100746.474264556] [controller_server]: Passing new path to controller.
[controller_server-2] [ERROR] [1757100746.578496329] [controller_server]: Exception in transformPose: Lookup would require extrapolation into the future.  Requested time 1757100746.163798 but the latest data is at time 1757100746.122453, when looking up transform from frame [odom] to frame [map]
[controller_server-2] [WARN] [1757100746.578664230] [controller_server]: Unable to transform robot pose into global plan's frame
[controller_server-2] [WARN] [1757100746.578834085] [controller_server]: Control loop missed its desired rate of 10.0000Hz
[controller_server-2] [ERROR] [1757100746.680751904] [controller_server]: Exception in transformPose: Lookup would require extrapolation into the future.  Requested time 1757100746.213827 but the latest data is at time 1757100746.122453, when looking up transform from frame [odom] to frame [map]
[controller_server-2] [WARN] [1757100746.680883521] [controller_server]: Unable to transform robot pose into global plan's frame
[controller_server-2] [WARN] [1757100746.681075402] [controller_server]: Control loop missed its desired rate of 10.0000Hz
[controller_server-2] [ERROR] [1757100746.785695851] [controller_server]: Exception in transformPose: Lookup would require extrapolation into the future.  Requested time 1757100746.213827 but the latest data is at time 1757100746.122453, when looking up transform from frame [odom] to frame [map]
[controller_server-2] [WARN] [1757100746.785817665] [controller_server]: Unable to transform robot pose into global plan's frame
[controller_server-2] [WARN] [1757100746.786019198] [controller_server]: Control loop missed its desired rate of 10.0000Hz
[controller_server-2] [ERROR] [1757100746.888062984] [controller_server]: Exception in transformPose: Lookup would require extrapolation into the future.  Requested time 1757100746.213827 but the latest data is at time 1757100746.122453, when looking up transform from frame [odom] to frame [map]
[controller_server-2] [WARN] [1757100746.888185425] [controller_server]: Unable to transform robot pose into global plan's frame
[controller_server-2] [WARN] [1757100746.888374917] [controller_server]: Control loop missed its desired rate of 10.0000Hz
[planner_server-4] [INFO] [1757100746.976764158] [global_costmap.global_costmap]: StaticLayer: Resizing costmap to 122 X 98 at 0.040000 m/pix
[controller_server-2] [ERROR] [1757100746.992340740] [controller_server]: Exception in transformPose: Lookup would require extrapolation into the future.  Requested time 1757100746.213827 but the latest data is at time 1757100746.122453, when looking up transform from frame [odom] to frame [map]
[controller_server-2] [WARN] [1757100746.992373469] [controller_server]: Unable to transform robot pose into global plan's frame
[controller_server-2] [WARN] [1757100746.992414483] [controller_server]: Control loop missed its desired rate of 10.0000Hz
[controller_server-2] [ERROR] [1757100747.094024507] [controller_server]: Exception in transformPose: Lookup would require extrapolation into the future.  Requested time 1757100746.213827 but the latest data is at time 1757100746.122453, when looking up transform from frame [odom] to frame [map]
[controller_server-2] [WARN] [1757100747.094155488] [controller_server]: Unable to transform robot pose into global plan's frame
[controller_server-2] [WARN] [1757100747.094390152] [controller_server]: Control loop missed its desired rate of 10.0000Hz
[explore-10] [INFO] [1757100747.421927705] [explore_node]: [NAV] Remembered last goal (0.75, -0.51, yaw from quat).
[bt_navigator-6] [INFO] [1757100747.428803364] [bt_navigator]: Received goal preemption request
[bt_navigator-6] [INFO] [1757100747.429046858] [bt_navigator]: Begin navigating from current location (1.41, 1.47) to (0.75, -0.51)
[controller_server-2] [INFO] [1757100747.469496288] [controller_server]: Passing new path to controller.
[rviz2-11] [INFO] [1757100748.014684182] [rviz2]: Trying to create a map of size 122 x 98 using 1 swatches
[controller_server-2] [INFO] [1757100748.569422951] [controller_server]: Passing new path to controller.
[controller_server-2] [INFO] [1757100749.569496797] [controller_server]: Passing new path to controller.
[controller_server-2] [ERROR] [1757100750.271285419] [controller_server]: Exception in transformPose: Lookup would require extrapolation into the future.  Requested time 1757100750.113785 but the latest data is at time 1757100749.905367, when looking up transform from frame [odom] to frame [map]
[controller_server-2] [WARN] [1757100750.271417410] [controller_server]: Unable to transform robot pose into global plan's frame
[controller_server-2] [WARN] [1757100750.271656502] [controller_server]: Control loop missed its desired rate of 10.0000Hz
[controller_server-2] [ERROR] [1757100750.375823658] [controller_server]: Exception in transformPose: Lookup would require extrapolation into the future.  Requested time 1757100750.113785 but the latest data is at time 1757100749.905367, when looking up transform from frame [odom] to frame [map]
[controller_server-2] [WARN] [1757100750.375943559] [controller_server]: Unable to transform robot pose into global plan's frame
[controller_server-2] [WARN] [1757100750.376131647] [controller_server]: Control loop missed its desired rate of 10.0000Hz
[controller_server-2] [ERROR] [1757100750.477641038] [controller_server]: Exception in transformPose: Lookup would require extrapolation into the future.  Requested time 1757100750.113785 but the latest data is at time 1757100749.905367, when looking up transform from frame [odom] to frame [map]
[controller_server-2] [WARN] [1757100750.477825564] [controller_server]: Unable to transform robot pose into global plan's frame
[controller_server-2] [WARN] [1757100750.478037291] [controller_server]: Control loop missed its desired rate of 10.0000Hz
[controller_server-2] [ERROR] [1757100750.581646232] [controller_server]: Exception in transformPose: Lookup would require extrapolation into the future.  Requested time 1757100750.113785 but the latest data is at time 1757100749.905367, when looking up transform from frame [odom] to frame [map]
[controller_server-2] [WARN] [1757100750.581722253] [controller_server]: Unable to transform robot pose into global plan's frame
[controller_server-2] [WARN] [1757100750.581841400] [controller_server]: Control loop missed its desired rate of 10.0000Hz
[controller_server-2] [INFO] [1757100750.581859093] [controller_server]: Passing new path to controller.
[controller_server-2] [ERROR] [1757100750.683182035] [controller_server]: Exception in transformPose: Lookup would require extrapolation into the future.  Requested time 1757100750.113785 but the latest data is at time 1757100749.905367, when looking up transform from frame [odom] to frame [map]
[controller_server-2] [WARN] [1757100750.683322421] [controller_server]: Unable to transform robot pose into global plan's frame
[controller_server-2] [WARN] [1757100750.683532930] [controller_server]: Control loop missed its desired rate of 10.0000Hz
[controller_server-2] [INFO] [1757100751.569427975] [controller_server]: Passing new path to controller.
[controller_server-2] [INFO] [1757100752.669493041] [controller_server]: Passing new path to controller.
[controller_server-2] [INFO] [1757100753.669473383] [controller_server]: Passing new path to controller.
[explore-10] [INFO] [1757100754.047661840] [explore_node]: [NAV] Remembered last goal (0.17, 1.00, yaw from quat).
[bt_navigator-6] [INFO] [1757100754.058246598] [bt_navigator]: Received goal preemption request
[bt_navigator-6] [INFO] [1757100754.058617726] [bt_navigator]: Begin navigating from current location (1.07, 1.10) to (0.17, 1.00)
[controller_server-2] [INFO] [1757100754.669430064] [controller_server]: Passing new path to controller.
[controller_server-2] [INFO] [1757100755.769496405] [controller_server]: Passing new path to controller.
[controller_server-2] [INFO] [1757100756.769423506] [controller_server]: Passing new path to controller.
[controller_server-2] [INFO] [1757100757.769430965] [controller_server]: Passing new path to controller.
[controller_server-2] [INFO] [1757100758.869415750] [controller_server]: Passing new path to controller.
[controller_server-2] [WARN] [1757100759.830436249] [controller_server]: RegulatedPurePursuitController detected collision ahead!
[controller_server-2] [INFO] [1757100759.869482288] [controller_server]: Passing new path to controller.
[controller_server-2] [WARN] [1757100759.870156777] [controller_server]: RegulatedPurePursuitController detected collision ahead!
[controller_server-2] [WARN] [1757100759.970267885] [controller_server]: RegulatedPurePursuitController detected collision ahead!
[controller_server-2] [WARN] [1757100760.070189126] [controller_server]: RegulatedPurePursuitController detected collision ahead!
[controller_server-2] [WARN] [1757100760.170182545] [controller_server]: RegulatedPurePursuitController detected collision ahead!
[controller_server-2] [WARN] [1757100760.270192035] [controller_server]: RegulatedPurePursuitController detected collision ahead!
[controller_server-2] [WARN] [1757100760.369896858] [controller_server]: RegulatedPurePursuitController detected collision ahead!
[controller_server-2] [WARN] [1757100760.469852352] [controller_server]: RegulatedPurePursuitController detected collision ahead!
[controller_server-2] [WARN] [1757100760.570184547] [controller_server]: RegulatedPurePursuitController detected collision ahead!
[controller_server-2] [WARN] [1757100760.670227063] [controller_server]: RegulatedPurePursuitController detected collision ahead!
[controller_server-2] [WARN] [1757100760.770195258] [controller_server]: RegulatedPurePursuitController detected collision ahead!
[controller_server-2] [INFO] [1757100760.869422196] [controller_server]: Passing new path to controller.
[controller_server-2] [WARN] [1757100760.870353610] [controller_server]: RegulatedPurePursuitController detected collision ahead!
[controller_server-2] [WARN] [1757100760.970168526] [controller_server]: RegulatedPurePursuitController detected collision ahead!
[controller_server-2] [WARN] [1757100761.070187986] [controller_server]: RegulatedPurePursuitController detected collision ahead!
[controller_server-2] [WARN] [1757100761.170264839] [controller_server]: RegulatedPurePursuitController detected collision ahead!
[controller_server-2] [WARN] [1757100761.270185695] [controller_server]: RegulatedPurePursuitController detected collision ahead!
[controller_server-2] [WARN] [1757100761.370223264] [controller_server]: RegulatedPurePursuitController detected collision ahead!
[controller_server-2] [WARN] [1757100761.470262794] [controller_server]: RegulatedPurePursuitController detected collision ahead!
[controller_server-2] [WARN] [1757100761.570266298] [controller_server]: RegulatedPurePursuitController detected collision ahead!
[controller_server-2] [WARN] [1757100761.670197906] [controller_server]: RegulatedPurePursuitController detected collision ahead!
[controller_server-2] [ERROR] [1757100761.670303408] [controller_server]: Controller patience exceeded
[controller_server-2] [WARN] [1757100761.670380930] [controller_server]: [follow_path] [ActionServer] Aborting handle.
[controller_server-2] [INFO] [1757100761.688328555] [local_costmap.local_costmap]: Received request to clear entirely the local_costmap
[controller_server-2] [INFO] [1757100761.691382704] [controller_server]: Received a goal, begin computing control effort.
[controller_server-2] [INFO] [1757100761.871693099] [controller_server]: Passing new path to controller.
[controller_server-2] [WARN] [1757100761.873291502] [controller_server]: RegulatedPurePursuitController detected collision ahead!
[controller_server-2] [WARN] [1757100761.873520976] [controller_server]: Control loop missed its desired rate of 10.0000Hz
[controller_server-2] [WARN] [1757100761.874758540] [controller_server]: RegulatedPurePursuitController detected collision ahead!
[controller_server-2] [WARN] [1757100761.892959953] [controller_server]: RegulatedPurePursuitController detected collision ahead!
[controller_server-2] [WARN] [1757100761.992936737] [controller_server]: RegulatedPurePursuitController detected collision ahead!
[controller_server-2] [WARN] [1757100762.093154521] [controller_server]: RegulatedPurePursuitController detected collision ahead!
[controller_server-2] [WARN] [1757100762.192972841] [controller_server]: RegulatedPurePursuitController detected collision ahead!
[controller_server-2] [WARN] [1757100762.292878051] [controller_server]: RegulatedPurePursuitController detected collision ahead!
[controller_server-2] [WARN] [1757100762.392965125] [controller_server]: RegulatedPurePursuitController detected collision ahead!
[controller_server-2] [WARN] [1757100762.492894196] [controller_server]: RegulatedPurePursuitController detected collision ahead!
[controller_server-2] [WARN] [1757100762.592969847] [controller_server]: RegulatedPurePursuitController detected collision ahead!
[controller_server-2] [WARN] [1757100762.692960123] [controller_server]: RegulatedPurePursuitController detected collision ahead!
[controller_server-2] [WARN] [1757100762.792027976] [controller_server]: RegulatedPurePursuitController detected collision ahead!
[controller_server-2] [WARN] [1757100762.892926607] [controller_server]: RegulatedPurePursuitController detected collision ahead!
[controller_server-2] [INFO] [1757100762.991692088] [controller_server]: Passing new path to controller.
[controller_server-2] [WARN] [1757100762.993133961] [controller_server]: RegulatedPurePursuitController detected collision ahead!
[controller_server-2] [WARN] [1757100763.092965629] [controller_server]: RegulatedPurePursuitController detected collision ahead!
[controller_server-2] [WARN] [1757100763.192973229] [controller_server]: RegulatedPurePursuitController detected collision ahead!
[controller_server-2] [WARN] [1757100763.292964050] [controller_server]: RegulatedPurePursuitController detected collision ahead!
[controller_server-2] [WARN] [1757100763.392975842] [controller_server]: RegulatedPurePursuitController detected collision ahead!
[controller_server-2] [WARN] [1757100763.491921688] [controller_server]: RegulatedPurePursuitController detected collision ahead!
[controller_server-2] [WARN] [1757100763.592831433] [controller_server]: RegulatedPurePursuitController detected collision ahead!
[controller_server-2] [WARN] [1757100763.692958484] [controller_server]: RegulatedPurePursuitController detected collision ahead!
[controller_server-2] [ERROR] [1757100763.693085325] [controller_server]: Controller patience exceeded
[controller_server-2] [WARN] [1757100763.693201955] [controller_server]: [follow_path] [ActionServer] Aborting handle.
[controller_server-2] [INFO] [1757100763.708520052] [local_costmap.local_costmap]: Received request to clear entirely the local_costmap
[planner_server-4] [INFO] [1757100763.711031655] [global_costmap.global_costmap]: Received request to clear entirely the global_costmap
[controller_server-2] [INFO] [1757100763.998973202] [controller_server]: Received a goal, begin computing control effort.
[controller_server-2] [WARN] [1757100763.999859266] [controller_server]: RegulatedPurePursuitController detected collision ahead!
[controller_server-2] [WARN] [1757100764.171042752] [controller_server]: RegulatedPurePursuitController detected collision ahead!
[controller_server-2] [WARN] [1757100764.199896842] [controller_server]: RegulatedPurePursuitController detected collision ahead!
[controller_server-2] [WARN] [1757100764.299900669] [controller_server]: RegulatedPurePursuitController detected collision ahead!
[controller_server-2] [WARN] [1757100764.400474085] [controller_server]: RegulatedPurePursuitController detected collision ahead!
[controller_server-2] [WARN] [1757100764.500032144] [controller_server]: RegulatedPurePursuitController detected collision ahead!
[controller_server-2] [WARN] [1757100764.599895858] [controller_server]: RegulatedPurePursuitController detected collision ahead!
[controller_server-2] [WARN] [1757100764.699953457] [controller_server]: RegulatedPurePursuitController detected collision ahead!
[controller_server-2] [WARN] [1757100764.799960569] [controller_server]: RegulatedPurePursuitController detected collision ahead!
[controller_server-2] [WARN] [1757100764.899951391] [controller_server]: RegulatedPurePursuitController detected collision ahead!
[controller_server-2] [WARN] [1757100765.000041247] [controller_server]: RegulatedPurePursuitController detected collision ahead!
[controller_server-2] [INFO] [1757100765.099327174] [controller_server]: Passing new path to controller.
[controller_server-2] [WARN] [1757100765.100285482] [controller_server]: RegulatedPurePursuitController detected collision ahead!
[controller_server-2] [WARN] [1757100765.200061079] [controller_server]: RegulatedPurePursuitController detected collision ahead!
[controller_server-2] [WARN] [1757100765.299951942] [controller_server]: RegulatedPurePursuitController detected collision ahead!
[controller_server-2] [WARN] [1757100765.470512193] [controller_server]: RegulatedPurePursuitController detected collision ahead!
[controller_server-2] [WARN] [1757100765.499766105] [controller_server]: RegulatedPurePursuitController detected collision ahead!
[controller_server-2] [WARN] [1757100765.599911135] [controller_server]: RegulatedPurePursuitController detected collision ahead!
[controller_server-2] [WARN] [1757100765.699944911] [controller_server]: RegulatedPurePursuitController detected collision ahead!
[controller_server-2] [WARN] [1757100765.799928098] [controller_server]: RegulatedPurePursuitController detected collision ahead!
[controller_server-2] [WARN] [1757100765.899932633] [controller_server]: RegulatedPurePursuitController detected collision ahead!
[controller_server-2] [WARN] [1757100765.999936071] [controller_server]: RegulatedPurePursuitController detected collision ahead!
[controller_server-2] [ERROR] [1757100766.000029294] [controller_server]: Controller patience exceeded
[controller_server-2] [WARN] [1757100766.000099087] [controller_server]: [follow_path] [ActionServer] Aborting handle.
[controller_server-2] [INFO] [1757100766.018329256] [local_costmap.local_costmap]: Received request to clear entirely the local_costmap
[controller_server-2] [INFO] [1757100766.020019467] [controller_server]: Received a goal, begin computing control effort.
[controller_server-2] [INFO] [1757100766.070169980] [controller_server]: Passing new path to controller.
[controller_server-2] [WARN] [1757100766.070638481] [controller_server]: RegulatedPurePursuitController detected collision ahead!
[controller_server-2] [WARN] [1757100766.120932532] [controller_server]: RegulatedPurePursuitController detected collision ahead!
[controller_server-2] [WARN] [1757100766.221001139] [controller_server]: RegulatedPurePursuitController detected collision ahead!
[controller_server-2] [WARN] [1757100766.321010116] [controller_server]: RegulatedPurePursuitController detected collision ahead!
[controller_server-2] [WARN] [1757100766.420799294] [controller_server]: RegulatedPurePursuitController detected collision ahead!
[controller_server-2] [WARN] [1757100766.520910349] [controller_server]: RegulatedPurePursuitController detected collision ahead!
[controller_server-2] [WARN] [1757100766.621008702] [controller_server]: RegulatedPurePursuitController detected collision ahead!
[controller_server-2] [WARN] [1757100766.720932017] [controller_server]: RegulatedPurePursuitController detected collision ahead!
[controller_server-2] [WARN] [1757100766.820926209] [controller_server]: RegulatedPurePursuitController detected collision ahead!
[controller_server-2] [WARN] [1757100766.920933167] [controller_server]: RegulatedPurePursuitController detected collision ahead!
[controller_server-2] [WARN] [1757100767.020661328] [controller_server]: RegulatedPurePursuitController detected collision ahead!
[controller_server-2] [INFO] [1757100767.120260940] [controller_server]: Passing new path to controller.
[controller_server-2] [WARN] [1757100767.120849867] [controller_server]: RegulatedPurePursuitController detected collision ahead!
[controller_server-2] [WARN] [1757100767.220754570] [controller_server]: RegulatedPurePursuitController detected collision ahead!
[controller_server-2] [WARN] [1757100767.321000127] [controller_server]: RegulatedPurePursuitController detected collision ahead!
[controller_server-2] [WARN] [1757100767.420849795] [controller_server]: RegulatedPurePursuitController detected collision ahead!
[controller_server-2] [WARN] [1757100767.521004807] [controller_server]: RegulatedPurePursuitController detected collision ahead!
[controller_server-2] [WARN] [1757100767.621000429] [controller_server]: RegulatedPurePursuitController detected collision ahead!
[controller_server-2] [WARN] [1757100767.720940941] [controller_server]: RegulatedPurePursuitController detected collision ahead!
[controller_server-2] [WARN] [1757100767.820929288] [controller_server]: RegulatedPurePursuitController detected collision ahead!
[controller_server-2] [WARN] [1757100767.920686235] [controller_server]: RegulatedPurePursuitController detected collision ahead!
[controller_server-2] [WARN] [1757100768.020913743] [controller_server]: RegulatedPurePursuitController detected collision ahead!
[controller_server-2] [ERROR] [1757100768.021005129] [controller_server]: Controller patience exceeded
[controller_server-2] [WARN] [1757100768.021091137] [controller_server]: [follow_path] [ActionServer] Aborting handle.
[behavior_server-5] [INFO] [1757100768.038978791] [behavior_server]: Running spin
[behavior_server-5] [INFO] [1757100768.039300380] [behavior_server]: Turning 1.57 for spin behavior.
[behavior_server-5] [INFO] [1757100770.939591740] [behavior_server]: spin completed successfully
[controller_server-2] [INFO] [1757100770.988901255] [controller_server]: Received a goal, begin computing control effort.
[controller_server-2] [INFO] [1757100772.089230114] [controller_server]: Passing new path to controller.
[controller_server-2] [INFO] [1757100773.089208564] [controller_server]: Passing new path to controller.
[controller_server-2] [WARN] [1757100773.689735808] [controller_server]: RegulatedPurePursuitController detected collision ahead!
[controller_server-2] [WARN] [1757100773.789645120] [controller_server]: RegulatedPurePursuitController detected collision ahead!
[controller_server-2] [WARN] [1757100773.890025974] [controller_server]: RegulatedPurePursuitController detected collision ahead!
[controller_server-2] [WARN] [1757100773.989957296] [controller_server]: RegulatedPurePursuitController detected collision ahead!
[controller_server-2] [INFO] [1757100774.089195953] [controller_server]: Passing new path to controller.
[controller_server-2] [WARN] [1757100774.090181531] [controller_server]: RegulatedPurePursuitController detected collision ahead!
[controller_server-2] [WARN] [1757100774.189871579] [controller_server]: RegulatedPurePursuitController detected collision ahead!
[controller_server-2] [WARN] [1757100774.289814258] [controller_server]: RegulatedPurePursuitController detected collision ahead!
[controller_server-2] [WARN] [1757100774.389849394] [controller_server]: RegulatedPurePursuitController detected collision ahead!
[controller_server-2] [WARN] [1757100774.489666133] [controller_server]: RegulatedPurePursuitController detected collision ahead!
[controller_server-2] [WARN] [1757100774.590010477] [controller_server]: RegulatedPurePursuitController detected collision ahead!
[controller_server-2] [WARN] [1757100774.689972173] [controller_server]: RegulatedPurePursuitController detected collision ahead!
[controller_server-2] [WARN] [1757100774.789970171] [controller_server]: RegulatedPurePursuitController detected collision ahead!
[controller_server-2] [WARN] [1757100774.889885219] [controller_server]: RegulatedPurePursuitController detected collision ahead!
[controller_server-2] [WARN] [1757100774.989863990] [controller_server]: RegulatedPurePursuitController detected collision ahead!
[controller_server-2] [WARN] [1757100775.089959073] [controller_server]: RegulatedPurePursuitController detected collision ahead!
[controller_server-2] [INFO] [1757100775.189130010] [controller_server]: Passing new path to controller.
[controller_server-2] [WARN] [1757100775.190098833] [controller_server]: RegulatedPurePursuitController detected collision ahead!
[controller_server-2] [WARN] [1757100775.289866507] [controller_server]: RegulatedPurePursuitController detected collision ahead!
[controller_server-2] [WARN] [1757100775.390004305] [controller_server]: RegulatedPurePursuitController detected collision ahead!
[controller_server-2] [WARN] [1757100775.489856580] [controller_server]: RegulatedPurePursuitController detected collision ahead!
[controller_server-2] [WARN] [1757100775.589867080] [controller_server]: RegulatedPurePursuitController detected collision ahead!
[controller_server-2] [ERROR] [1757100775.589973870] [controller_server]: Controller patience exceeded
[controller_server-2] [WARN] [1757100775.590049820] [controller_server]: [follow_path] [ActionServer] Aborting handle.
[controller_server-2] [INFO] [1757100775.608544785] [local_costmap.local_costmap]: Received request to clear entirely the local_costmap
[controller_server-2] [INFO] [1757100775.610543565] [controller_server]: Received a goal, begin computing control effort.
[controller_server-2] [WARN] [1757100775.671560388] [controller_server]: RegulatedPurePursuitController detected collision ahead!
[controller_server-2] [WARN] [1757100775.711553773] [controller_server]: RegulatedPurePursuitController detected collision ahead!
[controller_server-2] [WARN] [1757100775.852321580] [controller_server]: RegulatedPurePursuitController detected collision ahead!
[controller_server-2] [WARN] [1757100775.911572244] [controller_server]: RegulatedPurePursuitController detected collision ahead!
[controller_server-2] [WARN] [1757100776.011508867] [controller_server]: RegulatedPurePursuitController detected collision ahead!
[controller_server-2] [WARN] [1757100776.111476282] [controller_server]: RegulatedPurePursuitController detected collision ahead!
[controller_server-2] [INFO] [1757100776.210750111] [controller_server]: Passing new path to controller.
[controller_server-2] [WARN] [1757100776.211495847] [controller_server]: RegulatedPurePursuitController detected collision ahead!
[controller_server-2] [WARN] [1757100776.311164632] [controller_server]: RegulatedPurePursuitController detected collision ahead!
[controller_server-2] [WARN] [1757100776.411486896] [controller_server]: RegulatedPurePursuitController detected collision ahead!
[controller_server-2] [WARN] [1757100776.511518182] [controller_server]: RegulatedPurePursuitController detected collision ahead!
[controller_server-2] [WARN] [1757100776.611495327] [controller_server]: RegulatedPurePursuitController detected collision ahead!
[controller_server-2] [WARN] [1757100776.711491974] [controller_server]: RegulatedPurePursuitController detected collision ahead!
[controller_server-2] [WARN] [1757100776.811559877] [controller_server]: RegulatedPurePursuitController detected collision ahead!
[controller_server-2] [WARN] [1757100776.911434615] [controller_server]: RegulatedPurePursuitController detected collision ahead!
[controller_server-2] [WARN] [1757100777.011075178] [controller_server]: RegulatedPurePursuitController detected collision ahead!
[controller_server-2] [WARN] [1757100777.111498613] [controller_server]: RegulatedPurePursuitController detected collision ahead!
[controller_server-2] [INFO] [1757100777.210752064] [controller_server]: Passing new path to controller.
[controller_server-2] [WARN] [1757100777.211724595] [controller_server]: RegulatedPurePursuitController detected collision ahead!
[controller_server-2] [WARN] [1757100777.311494059] [controller_server]: RegulatedPurePursuitController detected collision ahead!
[controller_server-2] [WARN] [1757100777.411457115] [controller_server]: RegulatedPurePursuitController detected collision ahead!
[controller_server-2] [WARN] [1757100777.511492070] [controller_server]: RegulatedPurePursuitController detected collision ahead!
[controller_server-2] [WARN] [1757100777.611525197] [controller_server]: RegulatedPurePursuitController detected collision ahead!
[controller_server-2] [ERROR] [1757100777.611618980] [controller_server]: Controller patience exceeded
[controller_server-2] [WARN] [1757100777.611695377] [controller_server]: [follow_path] [ActionServer] Aborting handle.
[behavior_server-5] [INFO] [1757100777.629001707] [behavior_server]: Running wait
[behavior_server-5] [INFO] [1757100782.629366210] [behavior_server]: wait completed successfully
[controller_server-2] [INFO] [1757100782.679047626] [controller_server]: Received a goal, begin computing control effort.
[controller_server-2] [WARN] [1757100782.679917739] [controller_server]: RegulatedPurePursuitController detected collision ahead!
[controller_server-2] [WARN] [1757100782.831285260] [controller_server]: RegulatedPurePursuitController detected collision ahead!
[controller_server-2] [WARN] [1757100782.880644639] [controller_server]: RegulatedPurePursuitController detected collision ahead!
[controller_server-2] [WARN] [1757100782.980473362] [controller_server]: RegulatedPurePursuitController detected collision ahead!
[controller_server-2] [WARN] [1757100783.079736786] [controller_server]: RegulatedPurePursuitController detected collision ahead!
[controller_server-2] [WARN] [1757100783.180011011] [controller_server]: RegulatedPurePursuitController detected collision ahead!
[controller_server-2] [WARN] [1757100783.279900456] [controller_server]: RegulatedPurePursuitController detected collision ahead!
[controller_server-2] [WARN] [1757100783.380015638] [controller_server]: RegulatedPurePursuitController detected collision ahead!
[controller_server-2] [WARN] [1757100783.480013335] [controller_server]: RegulatedPurePursuitController detected collision ahead!
[controller_server-2] [WARN] [1757100783.580079491] [controller_server]: RegulatedPurePursuitController detected collision ahead!
[controller_server-2] [WARN] [1757100783.680074237] [controller_server]: RegulatedPurePursuitController detected collision ahead!
[controller_server-2] [INFO] [1757100783.779270563] [controller_server]: Passing new path to controller.
[controller_server-2] [WARN] [1757100783.780219839] [controller_server]: RegulatedPurePursuitController detected collision ahead!
[controller_server-2] [WARN] [1757100783.879384430] [controller_server]: RegulatedPurePursuitController detected collision ahead!
[controller_server-2] [WARN] [1757100783.979658545] [controller_server]: RegulatedPurePursuitController detected collision ahead!
[controller_server-2] [WARN] [1757100784.080083868] [controller_server]: RegulatedPurePursuitController detected collision ahead!
[controller_server-2] [WARN] [1757100784.180036389] [controller_server]: RegulatedPurePursuitController detected collision ahead!
[controller_server-2] [WARN] [1757100784.280083016] [controller_server]: RegulatedPurePursuitController detected collision ahead!
[controller_server-2] [WARN] [1757100784.380086228] [controller_server]: RegulatedPurePursuitController detected collision ahead!
[controller_server-2] [WARN] [1757100784.480018814] [controller_server]: RegulatedPurePursuitController detected collision ahead!
[controller_server-2] [WARN] [1757100784.580005826] [controller_server]: RegulatedPurePursuitController detected collision ahead!
[controller_server-2] [WARN] [1757100784.680004777] [controller_server]: RegulatedPurePursuitController detected collision ahead!
[controller_server-2] [ERROR] [1757100784.680095490] [controller_server]: Controller patience exceeded
[controller_server-2] [WARN] [1757100784.680168273] [controller_server]: [follow_path] [ActionServer] Aborting handle.
[controller_server-2] [INFO] [1757100784.698412467] [local_costmap.local_costmap]: Received request to clear entirely the local_costmap
[controller_server-2] [INFO] [1757100784.700242779] [controller_server]: Received a goal, begin computing control effort.
[controller_server-2] [INFO] [1757100784.870470582] [controller_server]: Passing new path to controller.
[controller_server-2] [WARN] [1757100784.872088596] [controller_server]: RegulatedPurePursuitController detected collision ahead!
[controller_server-2] [WARN] [1757100784.872299034] [controller_server]: Control loop missed its desired rate of 10.0000Hz
[controller_server-2] [WARN] [1757100784.873524647] [controller_server]: RegulatedPurePursuitController detected collision ahead!
[controller_server-2] [WARN] [1757100784.901151691] [controller_server]: RegulatedPurePursuitController detected collision ahead!
[controller_server-2] [WARN] [1757100785.001209513] [controller_server]: RegulatedPurePursuitController detected collision ahead!
[controller_server-2] [WARN] [1757100785.101179665] [controller_server]: RegulatedPurePursuitController detected collision ahead!
[controller_server-2] [WARN] [1757100785.201196600] [controller_server]: RegulatedPurePursuitController detected collision ahead!
[controller_server-2] [WARN] [1757100785.301174748] [controller_server]: RegulatedPurePursuitController detected collision ahead!
[controller_server-2] [WARN] [1757100785.401196321] [controller_server]: RegulatedPurePursuitController detected collision ahead!
[controller_server-2] [WARN] [1757100785.501187065] [controller_server]: RegulatedPurePursuitController detected collision ahead!
[controller_server-2] [WARN] [1757100785.601274210] [controller_server]: RegulatedPurePursuitController detected collision ahead!
[controller_server-2] [WARN] [1757100785.701171207] [controller_server]: RegulatedPurePursuitController detected collision ahead!
[controller_server-2] [INFO] [1757100785.800529660] [controller_server]: Passing new path to controller.
[controller_server-2] [WARN] [1757100785.801496041] [controller_server]: RegulatedPurePursuitController detected collision ahead!
[controller_server-2] [WARN] [1757100785.901192816] [controller_server]: RegulatedPurePursuitController detected collision ahead!
[controller_server-2] [WARN] [1757100786.001201181] [controller_server]: RegulatedPurePursuitController detected collision ahead!
[controller_server-2] [WARN] [1757100786.101204762] [controller_server]: RegulatedPurePursuitController detected collision ahead!
[controller_server-2] [WARN] [1757100786.201210466] [controller_server]: RegulatedPurePursuitController detected collision ahead!
[controller_server-2] [WARN] [1757100786.301196240] [controller_server]: RegulatedPurePursuitController detected collision ahead!
[controller_server-2] [WARN] [1757100786.401205833] [controller_server]: RegulatedPurePursuitController detected collision ahead!
[controller_server-2] [WARN] [1757100786.501187735] [controller_server]: RegulatedPurePursuitController detected collision ahead!
[controller_server-2] [WARN] [1757100786.601148160] [controller_server]: RegulatedPurePursuitController detected collision ahead!
[controller_server-2] [WARN] [1757100786.701184279] [controller_server]: RegulatedPurePursuitController detected collision ahead!
[controller_server-2] [ERROR] [1757100786.701274746] [controller_server]: Controller patience exceeded
[controller_server-2] [WARN] [1757100786.701349031] [controller_server]: [follow_path] [ActionServer] Aborting handle.
[behavior_server-5] [INFO] [1757100786.719098930] [behavior_server]: Running backup
[behavior_server-5] [INFO] [1757100786.719443251] [behavior_server]: DriveOnHeading: no acceleration or deceleration limits set
[explore-10] [ERROR] [1757100787.630270681] [explore_node]: Extrapolation Error looking up robot pose: Lookup would require extrapolation into the future.  Requested time 1757100787.324170 but the latest data is at time 1757100787.318131, when looking up transform from frame [base_link] to frame [map]
[explore-10] 
[explore-10] [INFO] [1757100787.644026774] [explore_node]: [NAV] Remembered last goal (-0.58, 0.44, yaw from quat).
[bt_navigator-6] [INFO] [1757100787.648084598] [bt_navigator]: Received goal preemption request
[bt_navigator-6] [INFO] [1757100787.648393259] [bt_navigator]: Begin navigating from current location (0.96, 0.98) to (-0.58, 0.44)
[explore-10] [INFO] [1757100787.705191652] [explore_node]: [NAV] Remembered last goal (0.17, 1.00, yaw from quat).
[bt_navigator-6] [INFO] [1757100787.708064917] [bt_navigator]: Received goal preemption request
[bt_navigator-6] [INFO] [1757100787.708262505] [bt_navigator]: Begin navigating from current location (0.96, 0.98) to (0.17, 1.00)
[behavior_server-5] [INFO] [1757100794.719594813] [behavior_server]: backup completed successfully
[controller_server-2] [INFO] [1757100794.768765346] [controller_server]: Received a goal, begin computing control effort.
[controller_server-2] [INFO] [1757100795.869006380] [controller_server]: Passing new path to controller.
[controller_server-2] [WARN] [1757100795.869615502] [controller_server]: RegulatedPurePursuitController detected collision ahead!
[controller_server-2] [WARN] [1757100795.969890049] [controller_server]: RegulatedPurePursuitController detected collision ahead!
[controller_server-2] [WARN] [1757100796.069755257] [controller_server]: RegulatedPurePursuitController detected collision ahead!
[controller_server-2] [WARN] [1757100796.169824906] [controller_server]: RegulatedPurePursuitController detected collision ahead!
[controller_server-2] [WARN] [1757100796.269810491] [controller_server]: RegulatedPurePursuitController detected collision ahead!
[controller_server-2] [WARN] [1757100796.369747812] [controller_server]: RegulatedPurePursuitController detected collision ahead!
[controller_server-2] [WARN] [1757100796.469527061] [controller_server]: RegulatedPurePursuitController detected collision ahead!
[controller_server-2] [WARN] [1757100796.569448164] [controller_server]: RegulatedPurePursuitController detected collision ahead!
[controller_server-2] [WARN] [1757100796.669426168] [controller_server]: RegulatedPurePursuitController detected collision ahead!
[controller_server-2] [WARN] [1757100796.769738763] [controller_server]: RegulatedPurePursuitController detected collision ahead!
[controller_server-2] [INFO] [1757100796.869019371] [controller_server]: Passing new path to controller.
[controller_server-2] [WARN] [1757100796.869992753] [controller_server]: RegulatedPurePursuitController detected collision ahead!
[controller_server-2] [WARN] [1757100796.969743582] [controller_server]: RegulatedPurePursuitController detected collision ahead!
[controller_server-2] [WARN] [1757100797.069728921] [controller_server]: RegulatedPurePursuitController detected collision ahead!
[controller_server-2] [WARN] [1757100797.169684790] [controller_server]: RegulatedPurePursuitController detected collision ahead!
[controller_server-2] [WARN] [1757100797.269556278] [controller_server]: RegulatedPurePursuitController detected collision ahead!
[controller_server-2] [WARN] [1757100797.369812727] [controller_server]: RegulatedPurePursuitController detected collision ahead!
[controller_server-2] [WARN] [1757100797.469815019] [controller_server]: RegulatedPurePursuitController detected collision ahead!
[controller_server-2] [WARN] [1757100797.569799238] [controller_server]: RegulatedPurePursuitController detected collision ahead!
[controller_server-2] [WARN] [1757100797.669802854] [controller_server]: RegulatedPurePursuitController detected collision ahead!
[controller_server-2] [WARN] [1757100797.769886064] [controller_server]: RegulatedPurePursuitController detected collision ahead!
[controller_server-2] [ERROR] [1757100797.770008618] [controller_server]: Controller patience exceeded
[controller_server-2] [WARN] [1757100797.770091784] [controller_server]: [follow_path] [ActionServer] Aborting handle.
[controller_server-2] [INFO] [1757100797.788308971] [local_costmap.local_costmap]: Received request to clear entirely the local_costmap
[controller_server-2] [INFO] [1757100797.790132722] [controller_server]: Received a goal, begin computing control effort.
[controller_server-2] [INFO] [1757100797.870349024] [controller_server]: Passing new path to controller.
[controller_server-2] [WARN] [1757100797.871324007] [controller_server]: RegulatedPurePursuitController detected collision ahead!
[controller_server-2] [WARN] [1757100797.891128530] [controller_server]: RegulatedPurePursuitController detected collision ahead!
[controller_server-2] [WARN] [1757100797.991133634] [controller_server]: RegulatedPurePursuitController detected collision ahead!
[controller_server-2] [WARN] [1757100798.091237775] [controller_server]: RegulatedPurePursuitController detected collision ahead!
[controller_server-2] [WARN] [1757100798.191137183] [controller_server]: RegulatedPurePursuitController detected collision ahead!
[controller_server-2] [WARN] [1757100798.290737715] [controller_server]: RegulatedPurePursuitController detected collision ahead!
[controller_server-2] [WARN] [1757100798.391186601] [controller_server]: RegulatedPurePursuitController detected collision ahead!
[controller_server-2] [WARN] [1757100798.491187251] [controller_server]: RegulatedPurePursuitController detected collision ahead!
[controller_server-2] [WARN] [1757100798.631493859] [controller_server]: RegulatedPurePursuitController detected collision ahead!
[controller_server-2] [WARN] [1757100798.691088534] [controller_server]: RegulatedPurePursuitController detected collision ahead!
[controller_server-2] [WARN] [1757100798.791149094] [controller_server]: RegulatedPurePursuitController detected collision ahead!
[controller_server-2] [INFO] [1757100798.890351898] [controller_server]: Passing new path to controller.
[controller_server-2] [WARN] [1757100798.891367717] [controller_server]: RegulatedPurePursuitController detected collision ahead!
[controller_server-2] [WARN] [1757100798.991165798] [controller_server]: RegulatedPurePursuitController detected collision ahead!
[controller_server-2] [WARN] [1757100799.091010738] [controller_server]: RegulatedPurePursuitController detected collision ahead!
[controller_server-2] [WARN] [1757100799.191644885] [controller_server]: RegulatedPurePursuitController detected collision ahead!
[controller_server-2] [WARN] [1757100799.291685241] [controller_server]: RegulatedPurePursuitController detected collision ahead!
[controller_server-2] [WARN] [1757100799.391601538] [controller_server]: RegulatedPurePursuitController detected collision ahead!
[controller_server-2] [WARN] [1757100799.491588646] [controller_server]: RegulatedPurePursuitController detected collision ahead!
[controller_server-2] [WARN] [1757100799.591621979] [controller_server]: RegulatedPurePursuitController detected collision ahead!
[controller_server-2] [WARN] [1757100799.691612090] [controller_server]: RegulatedPurePursuitController detected collision ahead!
[controller_server-2] [WARN] [1757100799.791604488] [controller_server]: RegulatedPurePursuitController detected collision ahead!
[controller_server-2] [ERROR] [1757100799.791728531] [controller_server]: Controller patience exceeded
[controller_server-2] [WARN] [1757100799.791844209] [controller_server]: [follow_path] [ActionServer] Aborting handle.
[controller_server-2] [INFO] [1757100799.808427428] [local_costmap.local_costmap]: Received request to clear entirely the local_costmap
[planner_server-4] [INFO] [1757100799.809936132] [global_costmap.global_costmap]: Received request to clear entirely the global_costmap
[controller_server-2] [INFO] [1757100799.998738145] [controller_server]: Received a goal, begin computing control effort.
[controller_server-2] [WARN] [1757100799.999799912] [controller_server]: RegulatedPurePursuitController detected collision ahead!
[controller_server-2] [WARN] [1757100800.099744111] [controller_server]: RegulatedPurePursuitController detected collision ahead!
[controller_server-2] [WARN] [1757100800.199746158] [controller_server]: RegulatedPurePursuitController detected collision ahead!
[controller_server-2] [WARN] [1757100800.299686689] [controller_server]: RegulatedPurePursuitController detected collision ahead!
[controller_server-2] [WARN] [1757100800.399688630] [controller_server]: RegulatedPurePursuitController detected collision ahead!
[controller_server-2] [WARN] [1757100800.499449878] [controller_server]: RegulatedPurePursuitController detected collision ahead!
[controller_server-2] [WARN] [1757100800.599681691] [controller_server]: RegulatedPurePursuitController detected collision ahead!
[controller_server-2] [WARN] [1757100800.699486968] [controller_server]: RegulatedPurePursuitController detected collision ahead!
[controller_server-2] [WARN] [1757100800.799658918] [controller_server]: RegulatedPurePursuitController detected collision ahead!
[controller_server-2] [WARN] [1757100800.899668674] [controller_server]: RegulatedPurePursuitController detected collision ahead!
[controller_server-2] [WARN] [1757100800.999753169] [controller_server]: RegulatedPurePursuitController detected collision ahead!
[controller_server-2] [INFO] [1757100801.099030425] [controller_server]: Passing new path to controller.
[controller_server-2] [WARN] [1757100801.099964994] [controller_server]: RegulatedPurePursuitController detected collision ahead!
[controller_server-2] [WARN] [1757100801.199754076] [controller_server]: RegulatedPurePursuitController detected collision ahead!
[controller_server-2] [WARN] [1757100801.299751407] [controller_server]: RegulatedPurePursuitController detected collision ahead!
[controller_server-2] [WARN] [1757100801.399749725] [controller_server]: RegulatedPurePursuitController detected collision ahead!
[controller_server-2] [WARN] [1757100801.499751586] [controller_server]: RegulatedPurePursuitController detected collision ahead!
[controller_server-2] [WARN] [1757100801.670268153] [controller_server]: RegulatedPurePursuitController detected collision ahead!
[controller_server-2] [WARN] [1757100801.699651352] [controller_server]: RegulatedPurePursuitController detected collision ahead!
[controller_server-2] [WARN] [1757100801.799755337] [controller_server]: RegulatedPurePursuitController detected collision ahead!
[controller_server-2] [WARN] [1757100801.899666547] [controller_server]: RegulatedPurePursuitController detected collision ahead!
[controller_server-2] [WARN] [1757100801.999670574] [controller_server]: RegulatedPurePursuitController detected collision ahead!
[controller_server-2] [ERROR] [1757100801.999771461] [controller_server]: Controller patience exceeded
[controller_server-2] [WARN] [1757100801.999866131] [controller_server]: [follow_path] [ActionServer] Aborting handle.
[controller_server-2] [INFO] [1757100802.018580258] [local_costmap.local_costmap]: Received request to clear entirely the local_costmap
[controller_server-2] [INFO] [1757100802.020614153] [controller_server]: Received a goal, begin computing control effort.
[controller_server-2] [INFO] [1757100802.070795926] [controller_server]: Passing new path to controller.
[controller_server-2] [WARN] [1757100802.111596858] [controller_server]: RegulatedPurePursuitController detected collision ahead!
[controller_server-2] [WARN] [1757100802.120995061] [controller_server]: RegulatedPurePursuitController detected collision ahead!
[controller_server-2] [WARN] [1757100802.221403955] [controller_server]: RegulatedPurePursuitController detected collision ahead!
[controller_server-2] [WARN] [1757100802.321398165] [controller_server]: RegulatedPurePursuitController detected collision ahead!
[controller_server-2] [WARN] [1757100802.421604214] [controller_server]: RegulatedPurePursuitController detected collision ahead!
[controller_server-2] [WARN] [1757100802.521535611] [controller_server]: RegulatedPurePursuitController detected collision ahead!
[controller_server-2] [WARN] [1757100802.621598369] [controller_server]: RegulatedPurePursuitController detected collision ahead!
[controller_server-2] [WARN] [1757100802.721532335] [controller_server]: RegulatedPurePursuitController detected collision ahead!
[controller_server-2] [WARN] [1757100802.821528763] [controller_server]: RegulatedPurePursuitController detected collision ahead!
[controller_server-2] [WARN] [1757100802.922012809] [controller_server]: RegulatedPurePursuitController detected collision ahead!
[controller_server-2] [WARN] [1757100803.021611734] [controller_server]: RegulatedPurePursuitController detected collision ahead!
[controller_server-2] [INFO] [1757100803.120870692] [controller_server]: Passing new path to controller.
[controller_server-2] [WARN] [1757100803.121647504] [controller_server]: RegulatedPurePursuitController detected collision ahead!
[controller_server-2] [WARN] [1757100803.221601322] [controller_server]: RegulatedPurePursuitController detected collision ahead!
[controller_server-2] [WARN] [1757100803.321534428] [controller_server]: RegulatedPurePursuitController detected collision ahead!
[controller_server-2] [WARN] [1757100803.421539026] [controller_server]: RegulatedPurePursuitController detected collision ahead!
[controller_server-2] [WARN] [1757100803.521535658] [controller_server]: RegulatedPurePursuitController detected collision ahead!
[controller_server-2] [WARN] [1757100803.621613161] [controller_server]: RegulatedPurePursuitController detected collision ahead!
[controller_server-2] [WARN] [1757100803.721607069] [controller_server]: RegulatedPurePursuitController detected collision ahead!
[controller_server-2] [WARN] [1757100803.821597248] [controller_server]: RegulatedPurePursuitController detected collision ahead!
[controller_server-2] [WARN] [1757100803.922300162] [controller_server]: RegulatedPurePursuitController detected collision ahead!
[controller_server-2] [WARN] [1757100804.021179422] [controller_server]: RegulatedPurePursuitController detected collision ahead!
[controller_server-2] [ERROR] [1757100804.021237916] [controller_server]: Controller patience exceeded
[controller_server-2] [WARN] [1757100804.021280701] [controller_server]: [follow_path] [ActionServer] Aborting handle.
[behavior_server-5] [INFO] [1757100804.038854561] [behavior_server]: Running spin
[behavior_server-5] [INFO] [1757100804.039023773] [behavior_server]: Turning 1.57 for spin behavior.
[behavior_server-5] [INFO] [1757100807.039324826] [behavior_server]: spin completed successfully
[controller_server-2] [INFO] [1757100807.088938278] [controller_server]: Received a goal, begin computing control effort.
[controller_server-2] [INFO] [1757100808.189165159] [controller_server]: Passing new path to controller.
[controller_server-2] [INFO] [1757100809.189159386] [controller_server]: Passing new path to controller.
[controller_server-2] [INFO] [1757100810.189157773] [controller_server]: Passing new path to controller.
[controller_server-2] [WARN] [1757100810.190173057] [controller_server]: RegulatedPurePursuitController detected collision ahead!
[controller_server-2] [WARN] [1757100810.289745287] [controller_server]: RegulatedPurePursuitController detected collision ahead!
[controller_server-2] [WARN] [1757100810.389860462] [controller_server]: RegulatedPurePursuitController detected collision ahead!
[controller_server-2] [WARN] [1757100810.489860208] [controller_server]: RegulatedPurePursuitController detected collision ahead!
[controller_server-2] [WARN] [1757100810.589860895] [controller_server]: RegulatedPurePursuitController detected collision ahead!
[controller_server-2] [WARN] [1757100810.689828945] [controller_server]: RegulatedPurePursuitController detected collision ahead!
[controller_server-2] [WARN] [1757100810.789959725] [controller_server]: RegulatedPurePursuitController detected collision ahead!
[controller_server-2] [WARN] [1757100810.889871815] [controller_server]: RegulatedPurePursuitController detected collision ahead!
[controller_server-2] [WARN] [1757100810.989868217] [controller_server]: RegulatedPurePursuitController detected collision ahead!
[controller_server-2] [WARN] [1757100811.089788368] [controller_server]: RegulatedPurePursuitController detected collision ahead!
[controller_server-2] [WARN] [1757100811.189889962] [controller_server]: RegulatedPurePursuitController detected collision ahead!
[controller_server-2] [INFO] [1757100811.289157240] [controller_server]: Passing new path to controller.
[controller_server-2] [WARN] [1757100811.290070092] [controller_server]: RegulatedPurePursuitController detected collision ahead!
[controller_server-2] [WARN] [1757100811.389953315] [controller_server]: RegulatedPurePursuitController detected collision ahead!
[controller_server-2] [WARN] [1757100811.489857232] [controller_server]: RegulatedPurePursuitController detected collision ahead!
[controller_server-2] [WARN] [1757100811.589965088] [controller_server]: RegulatedPurePursuitController detected collision ahead!
[controller_server-2] [WARN] [1757100811.689855604] [controller_server]: RegulatedPurePursuitController detected collision ahead!
[controller_server-2] [WARN] [1757100811.789944455] [controller_server]: RegulatedPurePursuitController detected collision ahead!
[controller_server-2] [WARN] [1757100811.889861372] [controller_server]: RegulatedPurePursuitController detected collision ahead!
[controller_server-2] [WARN] [1757100811.989941697] [controller_server]: RegulatedPurePursuitController detected collision ahead!
[controller_server-2] [WARN] [1757100812.089954145] [controller_server]: RegulatedPurePursuitController detected collision ahead!
[controller_server-2] [WARN] [1757100812.189936587] [controller_server]: RegulatedPurePursuitController detected collision ahead!
[controller_server-2] [ERROR] [1757100812.190024672] [controller_server]: Controller patience exceeded
[controller_server-2] [WARN] [1757100812.190101100] [controller_server]: [follow_path] [ActionServer] Aborting handle.
[controller_server-2] [INFO] [1757100812.208440107] [local_costmap.local_costmap]: Received request to clear entirely the local_costmap
[controller_server-2] [INFO] [1757100812.210344238] [controller_server]: Received a goal, begin computing control effort.
[controller_server-2] [INFO] [1757100812.270605810] [controller_server]: Passing new path to controller.
[controller_server-2] [WARN] [1757100812.271277453] [controller_server]: RegulatedPurePursuitController detected collision ahead!
[controller_server-2] [WARN] [1757100812.310985826] [controller_server]: RegulatedPurePursuitController detected collision ahead!
[controller_server-2] [WARN] [1757100812.411256288] [controller_server]: RegulatedPurePursuitController detected collision ahead!
[controller_server-2] [WARN] [1757100812.511309463] [controller_server]: RegulatedPurePursuitController detected collision ahead!
[controller_server-2] [WARN] [1757100812.611251858] [controller_server]: RegulatedPurePursuitController detected collision ahead!
[controller_server-2] [WARN] [1757100812.710994949] [controller_server]: RegulatedPurePursuitController detected collision ahead!
[controller_server-2] [WARN] [1757100812.811255640] [controller_server]: RegulatedPurePursuitController detected collision ahead!
[controller_server-2] [WARN] [1757100812.910803456] [controller_server]: RegulatedPurePursuitController detected collision ahead!
[controller_server-2] [WARN] [1757100813.011147513] [controller_server]: RegulatedPurePursuitController detected collision ahead!
[controller_server-2] [WARN] [1757100813.111312520] [controller_server]: RegulatedPurePursuitController detected collision ahead!
[controller_server-2] [WARN] [1757100813.211309979] [controller_server]: RegulatedPurePursuitController detected collision ahead!
[controller_server-2] [INFO] [1757100813.310614195] [controller_server]: Passing new path to controller.
[controller_server-2] [WARN] [1757100813.311483173] [controller_server]: RegulatedPurePursuitController detected collision ahead!
[controller_server-2] [WARN] [1757100813.411261137] [controller_server]: RegulatedPurePursuitController detected collision ahead!
[controller_server-2] [WARN] [1757100813.511321463] [controller_server]: RegulatedPurePursuitController detected collision ahead!
[controller_server-2] [WARN] [1757100813.611244703] [controller_server]: RegulatedPurePursuitController detected collision ahead!
[controller_server-2] [WARN] [1757100813.711041953] [controller_server]: RegulatedPurePursuitController detected collision ahead!
[controller_server-2] [WARN] [1757100813.811035772] [controller_server]: RegulatedPurePursuitController detected collision ahead!
[controller_server-2] [WARN] [1757100813.911316169] [controller_server]: RegulatedPurePursuitController detected collision ahead!
[controller_server-2] [WARN] [1757100814.011256214] [controller_server]: RegulatedPurePursuitController detected collision ahead!
[controller_server-2] [WARN] [1757100814.111220802] [controller_server]: RegulatedPurePursuitController detected collision ahead!
[controller_server-2] [WARN] [1757100814.211216959] [controller_server]: RegulatedPurePursuitController detected collision ahead!
[controller_server-2] [ERROR] [1757100814.211301389] [controller_server]: Controller patience exceeded
[controller_server-2] [WARN] [1757100814.211368093] [controller_server]: [follow_path] [ActionServer] Aborting handle.
[bt_navigator-6] [WARN] [1757100814.238012872] [bt_navigator]: [navigate_to_pose] [ActionServer] Aborting handle.
[bt_navigator-6] [ERROR] [1757100814.238213326] [bt_navigator]: Goal failed
[explore-10] [ERROR] [1757100814.292516921] [explore_node]: Extrapolation Error looking up robot pose: Lookup would require extrapolation into the future.  Requested time 1757100813.988591 but the latest data is at time 1757100813.863820, when looking up transform from frame [base_link] to frame [map]
[explore-10] 
[explore-10] [INFO] [1757100814.306362900] [explore_node]: [NAV] Remembered last goal (-0.58, 0.44, yaw from quat).
[bt_navigator-6] [INFO] [1757100814.307087985] [bt_navigator]: Begin navigating from current location (0.99, 1.08) to (-0.58, 0.44)
[controller_server-2] [INFO] [1757100814.328150319] [controller_server]: Received a goal, begin computing control effort.
[explore-10] [INFO] [1757100814.560261251] [explore_node]: [NAV] Remembered last goal (0.17, 1.00, yaw from quat).
[bt_navigator-6] [INFO] [1757100814.567284248] [bt_navigator]: Received goal preemption request
[bt_navigator-6] [INFO] [1757100814.567569465] [bt_navigator]: Begin navigating from current location (0.99, 1.08) to (0.17, 1.00)
[controller_server-2] [INFO] [1757100815.428337241] [controller_server]: Passing new path to controller.
[controller_server-2] [WARN] [1757100815.828982590] [controller_server]: RegulatedPurePursuitController detected collision ahead!
[controller_server-2] [WARN] [1757100815.928776696] [controller_server]: RegulatedPurePursuitController detected collision ahead!
[controller_server-2] [WARN] [1757100816.029397576] [controller_server]: RegulatedPurePursuitController detected collision ahead!
[controller_server-2] [WARN] [1757100816.128519641] [controller_server]: RegulatedPurePursuitController detected collision ahead!
[controller_server-2] [INFO] [1757100816.428406902] [controller_server]: Passing new path to controller.
[controller_server-2] [WARN] [1757100816.629086637] [controller_server]: RegulatedPurePursuitController detected collision ahead!
[controller_server-2] [WARN] [1757100816.729086756] [controller_server]: RegulatedPurePursuitController detected collision ahead!
[controller_server-2] [WARN] [1757100816.829012804] [controller_server]: RegulatedPurePursuitController detected collision ahead!
[controller_server-2] [WARN] [1757100816.929087413] [controller_server]: RegulatedPurePursuitController detected collision ahead!
[controller_server-2] [WARN] [1757100817.029087772] [controller_server]: RegulatedPurePursuitController detected collision ahead!
[controller_server-2] [WARN] [1757100817.149379785] [controller_server]: RegulatedPurePursuitController detected collision ahead!
[controller_server-2] [WARN] [1757100817.229081963] [controller_server]: RegulatedPurePursuitController detected collision ahead!
[controller_server-2] [WARN] [1757100817.328941213] [controller_server]: RegulatedPurePursuitController detected collision ahead!
[controller_server-2] [INFO] [1757100817.428330674] [controller_server]: Passing new path to controller.
[controller_server-2] [WARN] [1757100817.429000557] [controller_server]: RegulatedPurePursuitController detected collision ahead!
[controller_server-2] [WARN] [1757100817.528989174] [controller_server]: RegulatedPurePursuitController detected collision ahead!
[controller_server-2] [WARN] [1757100817.629008364] [controller_server]: RegulatedPurePursuitController detected collision ahead!
[controller_server-2] [WARN] [1757100817.729017895] [controller_server]: RegulatedPurePursuitController detected collision ahead!
[controller_server-2] [WARN] [1757100817.829092547] [controller_server]: RegulatedPurePursuitController detected collision ahead!
[controller_server-2] [WARN] [1757100817.928671816] [controller_server]: RegulatedPurePursuitController detected collision ahead!
[controller_server-2] [WARN] [1757100818.029063181] [controller_server]: RegulatedPurePursuitController detected collision ahead!
[controller_server-2] [WARN] [1757100818.128920939] [controller_server]: RegulatedPurePursuitController detected collision ahead!
[controller_server-2] [WARN] [1757100818.229017417] [controller_server]: RegulatedPurePursuitController detected collision ahead!
[controller_server-2] [WARN] [1757100818.329095559] [controller_server]: RegulatedPurePursuitController detected collision ahead!
[controller_server-2] [WARN] [1757100818.429011706] [controller_server]: RegulatedPurePursuitController detected collision ahead!
[controller_server-2] [INFO] [1757100818.528348520] [controller_server]: Passing new path to controller.
[controller_server-2] [WARN] [1757100818.529297341] [controller_server]: RegulatedPurePursuitController detected collision ahead!
[controller_server-2] [ERROR] [1757100818.529344194] [controller_server]: Controller patience exceeded
[controller_server-2] [WARN] [1757100818.529390520] [controller_server]: [follow_path] [ActionServer] Aborting handle.
[controller_server-2] [INFO] [1757100818.557775940] [local_costmap.local_costmap]: Received request to clear entirely the local_costmap
[controller_server-2] [INFO] [1757100818.559770514] [controller_server]: Received a goal, begin computing control effort.
[controller_server-2] [WARN] [1757100818.670612910] [controller_server]: RegulatedPurePursuitController detected collision ahead!
[controller_server-2] [WARN] [1757100818.670821444] [controller_server]: Control loop missed its desired rate of 10.0000Hz
[controller_server-2] [WARN] [1757100818.671393705] [controller_server]: RegulatedPurePursuitController detected collision ahead!
[controller_server-2] [WARN] [1757100818.760732376] [controller_server]: RegulatedPurePursuitController detected collision ahead!
[controller_server-2] [WARN] [1757100818.860739821] [controller_server]: RegulatedPurePursuitController detected collision ahead!
[controller_server-2] [WARN] [1757100818.960734728] [controller_server]: RegulatedPurePursuitController detected collision ahead!
[controller_server-2] [WARN] [1757100819.060734221] [controller_server]: RegulatedPurePursuitController detected collision ahead!
[controller_server-2] [WARN] [1757100819.160724241] [controller_server]: RegulatedPurePursuitController detected collision ahead!
[controller_server-2] [WARN] [1757100819.260642964] [controller_server]: RegulatedPurePursuitController detected collision ahead!
[controller_server-2] [WARN] [1757100819.360728330] [controller_server]: RegulatedPurePursuitController detected collision ahead!
[controller_server-2] [WARN] [1757100819.460720637] [controller_server]: RegulatedPurePursuitController detected collision ahead!
[controller_server-2] [INFO] [1757100819.560048411] [controller_server]: Passing new path to controller.
[controller_server-2] [WARN] [1757100819.560955312] [controller_server]: RegulatedPurePursuitController detected collision ahead!
[controller_server-2] [WARN] [1757100819.660723931] [controller_server]: RegulatedPurePursuitController detected collision ahead!
[controller_server-2] [WARN] [1757100819.760730407] [controller_server]: RegulatedPurePursuitController detected collision ahead!
[controller_server-2] [WARN] [1757100819.860639528] [controller_server]: RegulatedPurePursuitController detected collision ahead!
[controller_server-2] [WARN] [1757100819.960656845] [controller_server]: RegulatedPurePursuitController detected collision ahead!
[controller_server-2] [WARN] [1757100820.060723220] [controller_server]: RegulatedPurePursuitController detected collision ahead!
[controller_server-2] [WARN] [1757100820.160724408] [controller_server]: RegulatedPurePursuitController detected collision ahead!
[controller_server-2] [WARN] [1757100820.260716425] [controller_server]: RegulatedPurePursuitController detected collision ahead!
[controller_server-2] [WARN] [1757100820.360641880] [controller_server]: RegulatedPurePursuitController detected collision ahead!
[controller_server-2] [WARN] [1757100820.460655945] [controller_server]: RegulatedPurePursuitController detected collision ahead!
[controller_server-2] [INFO] [1757100820.559975277] [controller_server]: Passing new path to controller.
[controller_server-2] [WARN] [1757100820.560861369] [controller_server]: RegulatedPurePursuitController detected collision ahead!
[controller_server-2] [ERROR] [1757100820.560913550] [controller_server]: Controller patience exceeded
[controller_server-2] [WARN] [1757100820.560962336] [controller_server]: [follow_path] [ActionServer] Aborting handle.
[behavior_server-5] [INFO] [1757100820.587775724] [behavior_server]: Running wait
[behavior_server-5] [INFO] [1757100825.588074861] [behavior_server]: wait completed successfully
[controller_server-2] [INFO] [1757100825.638303085] [controller_server]: Received a goal, begin computing control effort.
[controller_server-2] [WARN] [1757100825.639095126] [controller_server]: RegulatedPurePursuitController detected collision ahead!
[controller_server-2] [WARN] [1757100825.749892291] [controller_server]: RegulatedPurePursuitController detected collision ahead!
[controller_server-2] [WARN] [1757100825.839701396] [controller_server]: RegulatedPurePursuitController detected collision ahead!
[controller_server-2] [WARN] [1757100825.939718426] [controller_server]: RegulatedPurePursuitController detected collision ahead!
[controller_server-2] [WARN] [1757100826.039787264] [controller_server]: RegulatedPurePursuitController detected collision ahead!
[controller_server-2] [WARN] [1757100826.139697889] [controller_server]: RegulatedPurePursuitController detected collision ahead!
[controller_server-2] [WARN] [1757100826.239711352] [controller_server]: RegulatedPurePursuitController detected collision ahead!
[controller_server-2] [WARN] [1757100826.339777078] [controller_server]: RegulatedPurePursuitController detected collision ahead!
[controller_server-2] [ERROR] [1757100826.540582819] [controller_server]: Exception in transformPose: Lookup would require extrapolation into the future.  Requested time 1757100826.263830 but the latest data is at time 1757100826.250551, when looking up transform from frame [odom] to frame [map]
[controller_server-2] [WARN] [1757100826.540757046] [controller_server]: Unable to transform robot pose into global plan's frame
[controller_server-2] [WARN] [1757100826.541115704] [controller_server]: Control loop missed its desired rate of 10.0000Hz
[controller_server-2] [WARN] [1757100826.554674530] [controller_server]: RegulatedPurePursuitController detected collision ahead!
[controller_server-2] [WARN] [1757100826.639704874] [controller_server]: RegulatedPurePursuitController detected collision ahead!
[controller_server-2] [INFO] [1757100826.738624385] [controller_server]: Passing new path to controller.
[controller_server-2] [WARN] [1757100826.740117481] [controller_server]: RegulatedPurePursuitController detected collision ahead!
[controller_server-2] [WARN] [1757100826.839690915] [controller_server]: RegulatedPurePursuitController detected collision ahead!
[controller_server-2] [WARN] [1757100826.939678637] [controller_server]: RegulatedPurePursuitController detected collision ahead!
[controller_server-2] [WARN] [1757100827.039705977] [controller_server]: RegulatedPurePursuitController detected collision ahead!
[controller_server-2] [WARN] [1757100827.139785638] [controller_server]: RegulatedPurePursuitController detected collision ahead!
[controller_server-2] [WARN] [1757100827.239796257] [controller_server]: RegulatedPurePursuitController detected collision ahead!
[controller_server-2] [WARN] [1757100827.339719175] [controller_server]: RegulatedPurePursuitController detected collision ahead!
[controller_server-2] [WARN] [1757100827.439776710] [controller_server]: RegulatedPurePursuitController detected collision ahead!
[controller_server-2] [WARN] [1757100827.539780603] [controller_server]: RegulatedPurePursuitController detected collision ahead!
[controller_server-2] [WARN] [1757100827.638956519] [controller_server]: RegulatedPurePursuitController detected collision ahead!
[controller_server-2] [ERROR] [1757100827.639019450] [controller_server]: Controller patience exceeded
[controller_server-2] [WARN] [1757100827.639068212] [controller_server]: [follow_path] [ActionServer] Aborting handle.
[controller_server-2] [INFO] [1757100827.657574586] [local_costmap.local_costmap]: Received request to clear entirely the local_costmap
[controller_server-2] [INFO] [1757100827.659360992] [controller_server]: Received a goal, begin computing control effort.
[controller_server-2] [WARN] [1757100827.670185269] [controller_server]: RegulatedPurePursuitController detected collision ahead!
[controller_server-2] [INFO] [1757100827.759645920] [controller_server]: Passing new path to controller.
[controller_server-2] [WARN] [1757100827.760724839] [controller_server]: RegulatedPurePursuitController detected collision ahead!
[controller_server-2] [WARN] [1757100827.860316246] [controller_server]: RegulatedPurePursuitController detected collision ahead!
[controller_server-2] [WARN] [1757100827.960254250] [controller_server]: RegulatedPurePursuitController detected collision ahead!
[controller_server-2] [WARN] [1757100828.060248199] [controller_server]: RegulatedPurePursuitController detected collision ahead!
[controller_server-2] [WARN] [1757100828.160293327] [controller_server]: RegulatedPurePursuitController detected collision ahead!
[controller_server-2] [WARN] [1757100828.260291793] [controller_server]: RegulatedPurePursuitController detected collision ahead!
[controller_server-2] [WARN] [1757100828.360235987] [controller_server]: RegulatedPurePursuitController detected collision ahead!
[controller_server-2] [WARN] [1757100828.460086843] [controller_server]: RegulatedPurePursuitController detected collision ahead!
[controller_server-2] [WARN] [1757100828.560281373] [controller_server]: RegulatedPurePursuitController detected collision ahead!
[controller_server-2] [WARN] [1757100828.659703976] [controller_server]: RegulatedPurePursuitController detected collision ahead!
[controller_server-2] [INFO] [1757100828.759569922] [controller_server]: Passing new path to controller.
[controller_server-2] [WARN] [1757100828.760368014] [controller_server]: RegulatedPurePursuitController detected collision ahead!
[controller_server-2] [WARN] [1757100828.860252495] [controller_server]: RegulatedPurePursuitController detected collision ahead!
[controller_server-2] [WARN] [1757100828.960187242] [controller_server]: RegulatedPurePursuitController detected collision ahead!
[controller_server-2] [WARN] [1757100829.060254364] [controller_server]: RegulatedPurePursuitController detected collision ahead!
[controller_server-2] [WARN] [1757100829.160211807] [controller_server]: RegulatedPurePursuitController detected collision ahead!
[controller_server-2] [WARN] [1757100829.260252283] [controller_server]: RegulatedPurePursuitController detected collision ahead!
[controller_server-2] [WARN] [1757100829.360222926] [controller_server]: RegulatedPurePursuitController detected collision ahead!
[controller_server-2] [WARN] [1757100829.460358090] [controller_server]: RegulatedPurePursuitController detected collision ahead!
[controller_server-2] [WARN] [1757100829.560234319] [controller_server]: RegulatedPurePursuitController detected collision ahead!
[controller_server-2] [WARN] [1757100829.660305499] [controller_server]: RegulatedPurePursuitController detected collision ahead!
[controller_server-2] [ERROR] [1757100829.660396358] [controller_server]: Controller patience exceeded
[controller_server-2] [WARN] [1757100829.660476903] [controller_server]: [follow_path] [ActionServer] Aborting handle.
[behavior_server-5] [INFO] [1757100829.678308520] [behavior_server]: Running backup
[behavior_server-5] [INFO] [1757100836.478746479] [behavior_server]: backup completed successfully
[controller_server-2] [INFO] [1757100836.527982073] [controller_server]: Received a goal, begin computing control effort.
[controller_server-2] [INFO] [1757100837.628277096] [controller_server]: Passing new path to controller.
[controller_server-2] [WARN] [1757100837.729047065] [controller_server]: RegulatedPurePursuitController detected collision ahead!
[controller_server-2] [WARN] [1757100837.828952705] [controller_server]: RegulatedPurePursuitController detected collision ahead!
[controller_server-2] [WARN] [1757100837.928945993] [controller_server]: RegulatedPurePursuitController detected collision ahead!
[controller_server-2] [WARN] [1757100838.028948942] [controller_server]: RegulatedPurePursuitController detected collision ahead!
[controller_server-2] [WARN] [1757100838.128884260] [controller_server]: RegulatedPurePursuitController detected collision ahead!
[controller_server-2] [WARN] [1757100838.228954683] [controller_server]: RegulatedPurePursuitController detected collision ahead!
[controller_server-2] [WARN] [1757100838.328649899] [controller_server]: RegulatedPurePursuitController detected collision ahead!
[controller_server-2] [WARN] [1757100838.428853524] [controller_server]: RegulatedPurePursuitController detected collision ahead!
[controller_server-2] [WARN] [1757100838.528932896] [controller_server]: RegulatedPurePursuitController detected collision ahead!
[controller_server-2] [INFO] [1757100838.628207177] [controller_server]: Passing new path to controller.
[controller_server-2] [WARN] [1757100838.629166007] [controller_server]: RegulatedPurePursuitController detected collision ahead!
[controller_server-2] [WARN] [1757100838.728935298] [controller_server]: RegulatedPurePursuitController detected collision ahead!
[controller_server-2] [WARN] [1757100838.828911654] [controller_server]: RegulatedPurePursuitController detected collision ahead!
[controller_server-2] [WARN] [1757100838.928921869] [controller_server]: RegulatedPurePursuitController detected collision ahead!
[controller_server-2] [WARN] [1757100839.028944238] [controller_server]: RegulatedPurePursuitController detected collision ahead!
[controller_server-2] [WARN] [1757100839.128332816] [controller_server]: RegulatedPurePursuitController detected collision ahead!
[controller_server-2] [WARN] [1757100839.228311913] [controller_server]: RegulatedPurePursuitController detected collision ahead!
[controller_server-2] [WARN] [1757100839.329007867] [controller_server]: RegulatedPurePursuitController detected collision ahead!
[controller_server-2] [WARN] [1757100839.428913432] [controller_server]: RegulatedPurePursuitController detected collision ahead!
[controller_server-2] [WARN] [1757100839.528926496] [controller_server]: RegulatedPurePursuitController detected collision ahead!
[controller_server-2] [INFO] [1757100839.628208423] [controller_server]: Passing new path to controller.
[controller_server-2] [WARN] [1757100839.629136395] [controller_server]: RegulatedPurePursuitController detected collision ahead!
[controller_server-2] [WARN] [1757100839.729011599] [controller_server]: RegulatedPurePursuitController detected collision ahead!
[controller_server-2] [ERROR] [1757100839.729107043] [controller_server]: Controller patience exceeded
[controller_server-2] [WARN] [1757100839.729184675] [controller_server]: [follow_path] [ActionServer] Aborting handle.
[controller_server-2] [INFO] [1757100839.747508589] [local_costmap.local_costmap]: Received request to clear entirely the local_costmap
[controller_server-2] [INFO] [1757100839.749119686] [controller_server]: Received a goal, begin computing control effort.
[controller_server-2] [WARN] [1757100839.870168367] [controller_server]: RegulatedPurePursuitController detected collision ahead!
[controller_server-2] [WARN] [1757100839.870386333] [controller_server]: Control loop missed its desired rate of 10.0000Hz
[controller_server-2] [WARN] [1757100839.871004261] [controller_server]: RegulatedPurePursuitController detected collision ahead!
[controller_server-2] [WARN] [1757100839.950174819] [controller_server]: RegulatedPurePursuitController detected collision ahead!
[controller_server-2] [WARN] [1757100840.050149237] [controller_server]: RegulatedPurePursuitController detected collision ahead!
[controller_server-2] [WARN] [1757100840.150162586] [controller_server]: RegulatedPurePursuitController detected collision ahead!
[controller_server-2] [WARN] [1757100840.250145080] [controller_server]: RegulatedPurePursuitController detected collision ahead!
[controller_server-2] [WARN] [1757100840.451183476] [controller_server]: RegulatedPurePursuitController detected collision ahead!
[controller_server-2] [WARN] [1757100840.451397105] [controller_server]: Control loop missed its desired rate of 10.0000Hz
[controller_server-2] [WARN] [1757100840.452024105] [controller_server]: RegulatedPurePursuitController detected collision ahead!
[controller_server-2] [WARN] [1757100840.550169162] [controller_server]: RegulatedPurePursuitController detected collision ahead!
[controller_server-2] [INFO] [1757100840.649404223] [controller_server]: Passing new path to controller.
[controller_server-2] [WARN] [1757100840.650410569] [controller_server]: RegulatedPurePursuitController detected collision ahead!
[controller_server-2] [WARN] [1757100840.750264361] [controller_server]: RegulatedPurePursuitController detected collision ahead!
[controller_server-2] [WARN] [1757100840.850001169] [controller_server]: RegulatedPurePursuitController detected collision ahead!
[controller_server-2] [WARN] [1757100840.949933653] [controller_server]: RegulatedPurePursuitController detected collision ahead!
[controller_server-2] [WARN] [1757100841.050077995] [controller_server]: RegulatedPurePursuitController detected collision ahead!
[controller_server-2] [WARN] [1757100841.150143706] [controller_server]: RegulatedPurePursuitController detected collision ahead!
[controller_server-2] [WARN] [1757100841.250196119] [controller_server]: RegulatedPurePursuitController detected collision ahead!
[controller_server-2] [WARN] [1757100841.350145123] [controller_server]: RegulatedPurePursuitController detected collision ahead!
[controller_server-2] [WARN] [1757100841.450153173] [controller_server]: RegulatedPurePursuitController detected collision ahead!
[controller_server-2] [WARN] [1757100841.550090905] [controller_server]: RegulatedPurePursuitController detected collision ahead!
[controller_server-2] [WARN] [1757100841.650067504] [controller_server]: RegulatedPurePursuitController detected collision ahead!
[controller_server-2] [INFO] [1757100841.749391619] [controller_server]: Passing new path to controller.
[controller_server-2] [WARN] [1757100841.750355454] [controller_server]: RegulatedPurePursuitController detected collision ahead!
[controller_server-2] [ERROR] [1757100841.750406026] [controller_server]: Controller patience exceeded
[controller_server-2] [WARN] [1757100841.750447119] [controller_server]: [follow_path] [ActionServer] Aborting handle.
[controller_server-2] [INFO] [1757100841.777930252] [local_costmap.local_costmap]: Received request to clear entirely the local_costmap
[planner_server-4] [INFO] [1757100841.779535060] [global_costmap.global_costmap]: Received request to clear entirely the global_costmap
[controller_server-2] [INFO] [1757100841.997786271] [controller_server]: Received a goal, begin computing control effort.
[controller_server-2] [WARN] [1757100841.998155268] [controller_server]: RegulatedPurePursuitController detected collision ahead!
[controller_server-2] [WARN] [1757100842.099397210] [controller_server]: RegulatedPurePursuitController detected collision ahead!
[controller_server-2] [WARN] [1757100842.208881861] [controller_server]: RegulatedPurePursuitController detected collision ahead!
[controller_server-2] [WARN] [1757100842.298716457] [controller_server]: RegulatedPurePursuitController detected collision ahead!
[controller_server-2] [WARN] [1757100842.398736650] [controller_server]: RegulatedPurePursuitController detected collision ahead!
[controller_server-2] [WARN] [1757100842.498741745] [controller_server]: RegulatedPurePursuitController detected collision ahead!
[controller_server-2] [WARN] [1757100842.598722956] [controller_server]: RegulatedPurePursuitController detected collision ahead!
[controller_server-2] [WARN] [1757100842.698725629] [controller_server]: RegulatedPurePursuitController detected collision ahead!
[controller_server-2] [WARN] [1757100842.798754363] [controller_server]: RegulatedPurePursuitController detected collision ahead!
[controller_server-2] [WARN] [1757100842.898566148] [controller_server]: RegulatedPurePursuitController detected collision ahead!
[controller_server-2] [WARN] [1757100842.998714003] [controller_server]: RegulatedPurePursuitController detected collision ahead!
[controller_server-2] [INFO] [1757100843.097921913] [controller_server]: Passing new path to controller.
[controller_server-2] [WARN] [1757100843.149464835] [controller_server]: RegulatedPurePursuitController detected collision ahead!
[controller_server-2] [WARN] [1757100843.198757218] [controller_server]: RegulatedPurePursuitController detected collision ahead!
[controller_server-2] [WARN] [1757100843.298673210] [controller_server]: RegulatedPurePursuitController detected collision ahead!
[controller_server-2] [WARN] [1757100843.398734156] [controller_server]: RegulatedPurePursuitController detected collision ahead!
[controller_server-2] [WARN] [1757100843.498679317] [controller_server]: RegulatedPurePursuitController detected collision ahead!
[controller_server-2] [WARN] [1757100843.598743936] [controller_server]: RegulatedPurePursuitController detected collision ahead!
[controller_server-2] [WARN] [1757100843.698617412] [controller_server]: RegulatedPurePursuitController detected collision ahead!
[controller_server-2] [WARN] [1757100843.798669067] [controller_server]: RegulatedPurePursuitController detected collision ahead!
[controller_server-2] [WARN] [1757100843.898671120] [controller_server]: RegulatedPurePursuitController detected collision ahead!
[controller_server-2] [WARN] [1757100843.998674981] [controller_server]: RegulatedPurePursuitController detected collision ahead!
[controller_server-2] [ERROR] [1757100843.998766529] [controller_server]: Controller patience exceeded
[controller_server-2] [WARN] [1757100843.998846764] [controller_server]: [follow_path] [ActionServer] Aborting handle.
[controller_server-2] [INFO] [1757100844.017652565] [local_costmap.local_costmap]: Received request to clear entirely the local_costmap
[controller_server-2] [INFO] [1757100844.019253135] [controller_server]: Received a goal, begin computing control effort.
[controller_server-2] [INFO] [1757100844.069435129] [controller_server]: Passing new path to controller.
[controller_server-2] [WARN] [1757100844.070362496] [controller_server]: RegulatedPurePursuitController detected collision ahead!
[controller_server-2] [WARN] [1757100844.119737561] [controller_server]: RegulatedPurePursuitController detected collision ahead!
[controller_server-2] [WARN] [1757100844.220156887] [controller_server]: RegulatedPurePursuitController detected collision ahead!
[controller_server-2] [WARN] [1757100844.320157952] [controller_server]: RegulatedPurePursuitController detected collision ahead!
[controller_server-2] [WARN] [1757100844.420164233] [controller_server]: RegulatedPurePursuitController detected collision ahead!
[controller_server-2] [WARN] [1757100844.520162594] [controller_server]: RegulatedPurePursuitController detected collision ahead!
[controller_server-2] [WARN] [1757100844.620241465] [controller_server]: RegulatedPurePursuitController detected collision ahead!
[controller_server-2] [WARN] [1757100844.720195534] [controller_server]: RegulatedPurePursuitController detected collision ahead!
[controller_server-2] [WARN] [1757100844.819960399] [controller_server]: RegulatedPurePursuitController detected collision ahead!
[controller_server-2] [WARN] [1757100844.920118343] [controller_server]: RegulatedPurePursuitController detected collision ahead!
[controller_server-2] [WARN] [1757100845.020148950] [controller_server]: RegulatedPurePursuitController detected collision ahead!
[controller_server-2] [INFO] [1757100845.119441696] [controller_server]: Passing new path to controller.
[controller_server-2] [WARN] [1757100845.120423693] [controller_server]: RegulatedPurePursuitController detected collision ahead!
[controller_server-2] [WARN] [1757100845.220130001] [controller_server]: RegulatedPurePursuitController detected collision ahead!
[controller_server-2] [WARN] [1757100845.320171430] [controller_server]: RegulatedPurePursuitController detected collision ahead!
[controller_server-2] [WARN] [1757100845.420161761] [controller_server]: RegulatedPurePursuitController detected collision ahead!
[controller_server-2] [WARN] [1757100845.519982353] [controller_server]: RegulatedPurePursuitController detected collision ahead!
[controller_server-2] [WARN] [1757100845.619933359] [controller_server]: RegulatedPurePursuitController detected collision ahead!
[controller_server-2] [WARN] [1757100845.720170051] [controller_server]: RegulatedPurePursuitController detected collision ahead!
[controller_server-2] [WARN] [1757100845.820172189] [controller_server]: RegulatedPurePursuitController detected collision ahead!
[controller_server-2] [WARN] [1757100845.920156163] [controller_server]: RegulatedPurePursuitController detected collision ahead!
[controller_server-2] [WARN] [1757100846.020160255] [controller_server]: RegulatedPurePursuitController detected collision ahead!
[controller_server-2] [ERROR] [1757100846.020253200] [controller_server]: Controller patience exceeded
[controller_server-2] [WARN] [1757100846.020330184] [controller_server]: [follow_path] [ActionServer] Aborting handle.
[behavior_server-5] [INFO] [1757100846.037855949] [behavior_server]: Running spin
[behavior_server-5] [INFO] [1757100846.038065512] [behavior_server]: Turning 1.57 for spin behavior.
[behavior_server-5] [INFO] [1757100849.038361699] [behavior_server]: spin completed successfully
[controller_server-2] [INFO] [1757100849.088139317] [controller_server]: Received a goal, begin computing control effort.
[controller_server-2] [INFO] [1757100850.188351777] [controller_server]: Passing new path to controller.
[controller_server-2] [INFO] [1757100851.188352949] [controller_server]: Passing new path to controller.
[controller_server-2] [INFO] [1757100852.188347552] [controller_server]: Passing new path to controller.
[controller_server-2] [WARN] [1757100852.489710305] [controller_server]: RegulatedPurePursuitController detected collision ahead!
[controller_server-2] [WARN] [1757100852.589694805] [controller_server]: RegulatedPurePursuitController detected collision ahead!
[controller_server-2] [WARN] [1757100852.689683488] [controller_server]: RegulatedPurePursuitController detected collision ahead!
[controller_server-2] [WARN] [1757100852.789515164] [controller_server]: RegulatedPurePursuitController detected collision ahead!
[controller_server-2] [WARN] [1757100852.889653129] [controller_server]: RegulatedPurePursuitController detected collision ahead!
[controller_server-2] [WARN] [1757100852.989658912] [controller_server]: RegulatedPurePursuitController detected collision ahead!
[controller_server-2] [WARN] [1757100853.089067205] [controller_server]: RegulatedPurePursuitController detected collision ahead!
[controller_server-2] [WARN] [1757100853.189059259] [controller_server]: RegulatedPurePursuitController detected collision ahead!
[controller_server-2] [INFO] [1757100853.288354741] [controller_server]: Passing new path to controller.
[controller_server-2] [WARN] [1757100853.289226368] [controller_server]: RegulatedPurePursuitController detected collision ahead!
[controller_server-2] [WARN] [1757100853.389039448] [controller_server]: RegulatedPurePursuitController detected collision ahead!
[controller_server-2] [WARN] [1757100853.489043056] [controller_server]: RegulatedPurePursuitController detected collision ahead!
[controller_server-2] [WARN] [1757100853.589065342] [controller_server]: RegulatedPurePursuitController detected collision ahead!
[controller_server-2] [WARN] [1757100853.689043133] [controller_server]: RegulatedPurePursuitController detected collision ahead!
[controller_server-2] [WARN] [1757100853.789040480] [controller_server]: RegulatedPurePursuitController detected collision ahead!
[controller_server-2] [WARN] [1757100853.889036476] [controller_server]: RegulatedPurePursuitController detected collision ahead!
[controller_server-2] [ERROR] [1757100854.090322783] [controller_server]: Exception in transformPose: Lookup would require extrapolation into the future.  Requested time 1757100853.863781 but the latest data is at time 1757100853.750771, when looking up transform from frame [odom] to frame [map]
[controller_server-2] [WARN] [1757100854.090470534] [controller_server]: Unable to transform robot pose into global plan's frame
[controller_server-2] [WARN] [1757100854.090663713] [controller_server]: Control loop missed its desired rate of 10.0000Hz
[controller_server-2] [ERROR] [1757100854.195132200] [controller_server]: Exception in transformPose: Lookup would require extrapolation into the future.  Requested time 1757100853.863781 but the latest data is at time 1757100853.750771, when looking up transform from frame [odom] to frame [map]
[controller_server-2] [WARN] [1757100854.195270979] [controller_server]: Unable to transform robot pose into global plan's frame
[controller_server-2] [WARN] [1757100854.195546572] [controller_server]: Control loop missed its desired rate of 10.0000Hz
[explore-10] [ERROR] [1757100854.291427111] [explore_node]: Extrapolation Error looking up robot pose: Lookup would require extrapolation into the future.  Requested time 1757100853.985385 but the latest data is at time 1757100853.863781, when looking up transform from frame [base_link] to frame [map]
[explore-10] 
[controller_server-2] [ERROR] [1757100854.297955410] [controller_server]: Exception in transformPose: Lookup would require extrapolation into the future.  Requested time 1757100853.863781 but the latest data is at time 1757100853.750771, when looking up transform from frame [odom] to frame [map]
[controller_server-2] [WARN] [1757100854.298098189] [controller_server]: Unable to transform robot pose into global plan's frame
[controller_server-2] [WARN] [1757100854.298366218] [controller_server]: Control loop missed its desired rate of 10.0000Hz
[controller_server-2] [INFO] [1757100854.298422562] [controller_server]: Passing new path to controller.
[explore-10] [INFO] [1757100854.306022000] [explore_node]: [NAV] Remembered last goal (-0.58, 0.44, yaw from quat).
[bt_navigator-6] [INFO] [1757100854.307428705] [bt_navigator]: Received goal preemption request
[bt_navigator-6] [INFO] [1757100854.307799156] [bt_navigator]: Begin navigating from current location (0.99, 1.09) to (-0.58, 0.44)
[controller_server-2] [ERROR] [1757100854.402959670] [controller_server]: Exception in transformPose: Lookup would require extrapolation into the future.  Requested time 1757100853.863781 but the latest data is at time 1757100853.750771, when looking up transform from frame [odom] to frame [map]
[controller_server-2] [WARN] [1757100854.403118822] [controller_server]: Unable to transform robot pose into global plan's frame
[controller_server-2] [ERROR] [1757100854.403187729] [controller_server]: Controller patience exceeded
[controller_server-2] [WARN] [1757100854.403307943] [controller_server]: [follow_path] [ActionServer] Aborting handle.
[controller_server-2] [INFO] [1757100854.417689808] [local_costmap.local_costmap]: Received request to clear entirely the local_costmap
[controller_server-2] [INFO] [1757100854.419538125] [controller_server]: Received a goal, begin computing control effort.
[controller_server-2] [WARN] [1757100854.470522518] [controller_server]: RegulatedPurePursuitController detected collision ahead!
[controller_server-2] [WARN] [1757100854.551525060] [controller_server]: RegulatedPurePursuitController detected collision ahead!
[explore-10] [INFO] [1757100854.565874041] [explore_node]: [NAV] Remembered last goal (0.17, 1.00, yaw from quat).
[bt_navigator-6] [INFO] [1757100854.567278522] [bt_navigator]: Received goal preemption request
[bt_navigator-6] [INFO] [1757100854.567457066] [bt_navigator]: Begin navigating from current location (0.99, 1.09) to (0.17, 1.00)
[controller_server-2] [WARN] [1757100854.621079785] [controller_server]: RegulatedPurePursuitController detected collision ahead!
[controller_server-2] [WARN] [1757100854.721270018] [controller_server]: RegulatedPurePursuitController detected collision ahead!
[controller_server-2] [WARN] [1757100854.821104754] [controller_server]: RegulatedPurePursuitController detected collision ahead!
[controller_server-2] [WARN] [1757100854.921104008] [controller_server]: RegulatedPurePursuitController detected collision ahead!
[controller_server-2] [WARN] [1757100855.021100004] [controller_server]: RegulatedPurePursuitController detected collision ahead!
[controller_server-2] [WARN] [1757100855.120598366] [controller_server]: RegulatedPurePursuitController detected collision ahead!
[controller_server-2] [WARN] [1757100855.221152217] [controller_server]: RegulatedPurePursuitController detected collision ahead!
[controller_server-2] [INFO] [1757100855.319905661] [controller_server]: Passing new path to controller.
[controller_server-2] [WARN] [1757100855.321414107] [controller_server]: RegulatedPurePursuitController detected collision ahead!
[controller_server-2] [WARN] [1757100855.420591932] [controller_server]: RegulatedPurePursuitController detected collision ahead!
[controller_server-2] [WARN] [1757100855.520575415] [controller_server]: RegulatedPurePursuitController detected collision ahead!
[controller_server-2] [WARN] [1757100855.620567439] [controller_server]: RegulatedPurePursuitController detected collision ahead!
[controller_server-2] [WARN] [1757100855.720569104] [controller_server]: RegulatedPurePursuitController detected collision ahead!
[controller_server-2] [WARN] [1757100855.820562266] [controller_server]: RegulatedPurePursuitController detected collision ahead!
[controller_server-2] [WARN] [1757100855.920574839] [controller_server]: RegulatedPurePursuitController detected collision ahead!
[controller_server-2] [WARN] [1757100856.020565486] [controller_server]: RegulatedPurePursuitController detected collision ahead!
[controller_server-2] [WARN] [1757100856.120498283] [controller_server]: RegulatedPurePursuitController detected collision ahead!
[controller_server-2] [WARN] [1757100856.250874164] [controller_server]: RegulatedPurePursuitController detected collision ahead!
[controller_server-2] [INFO] [1757100856.319916386] [controller_server]: Passing new path to controller.
[controller_server-2] [WARN] [1757100856.321410412] [controller_server]: RegulatedPurePursuitController detected collision ahead!
[controller_server-2] [WARN] [1757100856.421093730] [controller_server]: RegulatedPurePursuitController detected collision ahead!
[controller_server-2] [ERROR] [1757100856.421219074] [controller_server]: Controller patience exceeded
[controller_server-2] [WARN] [1757100856.421336342] [controller_server]: [follow_path] [ActionServer] Aborting handle.
[behavior_server-5] [INFO] [1757100856.437720386] [behavior_server]: Running wait
[behavior_server-5] [INFO] [1757100861.438032346] [behavior_server]: wait completed successfully
[controller_server-2] [INFO] [1757100861.488082487] [controller_server]: Received a goal, begin computing control effort.
[controller_server-2] [WARN] [1757100862.491142286] [controller_server]: RegulatedPurePursuitController detected collision ahead!
[controller_server-2] [WARN] [1757100862.491337243] [controller_server]: Control loop missed its desired rate of 10.0000Hz
[controller_server-2] [WARN] [1757100862.493266310] [controller_server]: RegulatedPurePursuitController detected collision ahead!
[controller_server-2] [INFO] [1757100862.588383322] [controller_server]: Passing new path to controller.
[controller_server-2] [WARN] [1757100862.589976931] [controller_server]: RegulatedPurePursuitController detected collision ahead!
[controller_server-2] [WARN] [1757100862.689621041] [controller_server]: RegulatedPurePursuitController detected collision ahead!
[controller_server-2] [WARN] [1757100862.789089812] [controller_server]: RegulatedPurePursuitController detected collision ahead!
[controller_server-2] [WARN] [1757100862.889062211] [controller_server]: RegulatedPurePursuitController detected collision ahead!
[controller_server-2] [WARN] [1757100862.989058651] [controller_server]: RegulatedPurePursuitController detected collision ahead!
[controller_server-2] [WARN] [1757100863.088837408] [controller_server]: RegulatedPurePursuitController detected collision ahead!
[controller_server-2] [WARN] [1757100863.188806685] [controller_server]: RegulatedPurePursuitController detected collision ahead!
[controller_server-2] [WARN] [1757100863.288852285] [controller_server]: RegulatedPurePursuitController detected collision ahead!
[controller_server-2] [WARN] [1757100863.388991564] [controller_server]: RegulatedPurePursuitController detected collision ahead!
[controller_server-2] [WARN] [1757100863.488986152] [controller_server]: RegulatedPurePursuitController detected collision ahead!
[controller_server-2] [INFO] [1757100863.588282429] [controller_server]: Passing new path to controller.
[controller_server-2] [WARN] [1757100863.589227894] [controller_server]: RegulatedPurePursuitController detected collision ahead!
[controller_server-2] [WARN] [1757100863.688985466] [controller_server]: RegulatedPurePursuitController detected collision ahead!
[controller_server-2] [WARN] [1757100863.788983989] [controller_server]: RegulatedPurePursuitController detected collision ahead!
[controller_server-2] [WARN] [1757100863.888969956] [controller_server]: RegulatedPurePursuitController detected collision ahead!
[controller_server-2] [WARN] [1757100863.988912754] [controller_server]: RegulatedPurePursuitController detected collision ahead!
[controller_server-2] [WARN] [1757100864.088988717] [controller_server]: RegulatedPurePursuitController detected collision ahead!
[controller_server-2] [WARN] [1757100864.188985876] [controller_server]: RegulatedPurePursuitController detected collision ahead!
[controller_server-2] [WARN] [1757100864.288703120] [controller_server]: RegulatedPurePursuitController detected collision ahead!
[controller_server-2] [WARN] [1757100864.388972676] [controller_server]: RegulatedPurePursuitController detected collision ahead!
[controller_server-2] [ERROR] [1757100864.389065966] [controller_server]: Controller patience exceeded
[controller_server-2] [WARN] [1757100864.389143731] [controller_server]: [follow_path] [ActionServer] Aborting handle.
[controller_server-2] [INFO] [1757100864.407723951] [local_costmap.local_costmap]: Received request to clear entirely the local_costmap
[controller_server-2] [INFO] [1757100864.409596496] [controller_server]: Received a goal, begin computing control effort.
[controller_server-2] [WARN] [1757100864.470418381] [controller_server]: RegulatedPurePursuitController detected collision ahead!
[controller_server-2] [WARN] [1757100864.510643164] [controller_server]: RegulatedPurePursuitController detected collision ahead!
[controller_server-2] [INFO] [1757100864.609896251] [controller_server]: Passing new path to controller.
[controller_server-2] [WARN] [1757100864.610895123] [controller_server]: RegulatedPurePursuitController detected collision ahead!
[controller_server-2] [WARN] [1757100864.710613553] [controller_server]: RegulatedPurePursuitController detected collision ahead!
[controller_server-2] [WARN] [1757100864.810538058] [controller_server]: RegulatedPurePursuitController detected collision ahead!
[controller_server-2] [WARN] [1757100864.910535139] [controller_server]: RegulatedPurePursuitController detected collision ahead!
[controller_server-2] [WARN] [1757100865.010535728] [controller_server]: RegulatedPurePursuitController detected collision ahead!
[controller_server-2] [WARN] [1757100865.110053001] [controller_server]: RegulatedPurePursuitController detected collision ahead!
[controller_server-2] [WARN] [1757100865.271631426] [controller_server]: RegulatedPurePursuitController detected collision ahead!
[controller_server-2] [WARN] [1757100865.310706481] [controller_server]: RegulatedPurePursuitController detected collision ahead!
[controller_server-2] [WARN] [1757100865.410559813] [controller_server]: RegulatedPurePursuitController detected collision ahead!
[controller_server-2] [WARN] [1757100865.510533479] [controller_server]: RegulatedPurePursuitController detected collision ahead!
[controller_server-2] [INFO] [1757100865.609809870] [controller_server]: Passing new path to controller.
[controller_server-2] [WARN] [1757100865.610769101] [controller_server]: RegulatedPurePursuitController detected collision ahead!
[controller_server-2] [WARN] [1757100865.710519180] [controller_server]: RegulatedPurePursuitController detected collision ahead!
[controller_server-2] [WARN] [1757100865.810694792] [controller_server]: RegulatedPurePursuitController detected collision ahead!
[controller_server-2] [WARN] [1757100865.910612089] [controller_server]: RegulatedPurePursuitController detected collision ahead!
[controller_server-2] [WARN] [1757100866.010620177] [controller_server]: RegulatedPurePursuitController detected collision ahead!
[controller_server-2] [WARN] [1757100866.110652994] [controller_server]: RegulatedPurePursuitController detected collision ahead!
[controller_server-2] [WARN] [1757100866.230570840] [controller_server]: RegulatedPurePursuitController detected collision ahead!
[controller_server-2] [WARN] [1757100866.310556000] [controller_server]: RegulatedPurePursuitController detected collision ahead!
[controller_server-2] [WARN] [1757100866.410542562] [controller_server]: RegulatedPurePursuitController detected collision ahead!
[controller_server-2] [ERROR] [1757100866.410637987] [controller_server]: Controller patience exceeded
[controller_server-2] [WARN] [1757100866.410715632] [controller_server]: [follow_path] [ActionServer] Aborting handle.
[behavior_server-5] [INFO] [1757100866.427965585] [behavior_server]: Running backup
[explore-10] [ERROR] [1757100867.623656620] [explore_node]: Extrapolation Error looking up robot pose: Lookup would require extrapolation into the future.  Requested time 1757100867.317596 but the latest data is at time 1757100867.263812, when looking up transform from frame [base_link] to frame [map]
[explore-10] 
[explore-10] [INFO] [1757100867.638209851] [explore_node]: [NAV] Remembered last goal (-0.58, 0.44, yaw from quat).
[bt_navigator-6] [INFO] [1757100867.647317841] [bt_navigator]: Received goal preemption request
[bt_navigator-6] [INFO] [1757100867.647649657] [bt_navigator]: Begin navigating from current location (1.05, 1.10) to (-0.58, 0.44)
[explore-10] [INFO] [1757100867.899884669] [explore_node]: [NAV] Remembered last goal (0.17, 1.00, yaw from quat).
[bt_navigator-6] [INFO] [1757100867.907352150] [bt_navigator]: Received goal preemption request
[bt_navigator-6] [INFO] [1757100867.907612315] [bt_navigator]: Begin navigating from current location (1.05, 1.09) to (0.17, 1.00)
[behavior_server-5] [INFO] [1757100873.128400819] [behavior_server]: backup completed successfully
[controller_server-2] [INFO] [1757100873.177927801] [controller_server]: Received a goal, begin computing control effort.
[controller_server-2] [WARN] [1757100874.078880934] [controller_server]: RegulatedPurePursuitController detected collision ahead!
[controller_server-2] [WARN] [1757100874.178824191] [controller_server]: RegulatedPurePursuitController detected collision ahead!
[controller_server-2] [INFO] [1757100874.278098045] [controller_server]: Passing new path to controller.
[controller_server-2] [WARN] [1757100874.279082313] [controller_server]: RegulatedPurePursuitController detected collision ahead!
[controller_server-2] [WARN] [1757100874.378803846] [controller_server]: RegulatedPurePursuitController detected collision ahead!
[controller_server-2] [WARN] [1757100874.478714142] [controller_server]: RegulatedPurePursuitController detected collision ahead!
[controller_server-2] [WARN] [1757100874.578401582] [controller_server]: RegulatedPurePursuitController detected collision ahead!
[controller_server-2] [WARN] [1757100874.678475192] [controller_server]: RegulatedPurePursuitController detected collision ahead!
[controller_server-2] [WARN] [1757100874.778836066] [controller_server]: RegulatedPurePursuitController detected collision ahead!
[controller_server-2] [WARN] [1757100874.878823719] [controller_server]: RegulatedPurePursuitController detected collision ahead!
[controller_server-2] [WARN] [1757100874.978825584] [controller_server]: RegulatedPurePursuitController detected collision ahead!
[controller_server-2] [WARN] [1757100875.078813978] [controller_server]: RegulatedPurePursuitController detected collision ahead!
[controller_server-2] [WARN] [1757100875.178822587] [controller_server]: RegulatedPurePursuitController detected collision ahead!
[controller_server-2] [INFO] [1757100875.278101709] [controller_server]: Passing new path to controller.
[controller_server-2] [WARN] [1757100875.279053484] [controller_server]: RegulatedPurePursuitController detected collision ahead!
[controller_server-2] [WARN] [1757100875.378618969] [controller_server]: RegulatedPurePursuitController detected collision ahead!
[controller_server-2] [WARN] [1757100875.478811910] [controller_server]: RegulatedPurePursuitController detected collision ahead!
[controller_server-2] [WARN] [1757100875.578829473] [controller_server]: RegulatedPurePursuitController detected collision ahead!
[controller_server-2] [WARN] [1757100875.678829743] [controller_server]: RegulatedPurePursuitController detected collision ahead!
[controller_server-2] [WARN] [1757100875.778823270] [controller_server]: RegulatedPurePursuitController detected collision ahead!
[controller_server-2] [WARN] [1757100875.878950027] [controller_server]: RegulatedPurePursuitController detected collision ahead!
[controller_server-2] [WARN] [1757100875.978836204] [controller_server]: RegulatedPurePursuitController detected collision ahead!
[controller_server-2] [ERROR] [1757100875.978931839] [controller_server]: Controller patience exceeded
[controller_server-2] [WARN] [1757100875.979012892] [controller_server]: [follow_path] [Act