[INFO] [launch]: All log files can be found below /home/robot/.ros/log/2025-09-01-18-10-01-144004-robot-pc04-21650
[INFO] [launch]: Default logging verbosity is set to INFO
[INFO] [async_slam_toolbox_node-1]: process started with pid [21662]
[INFO] [controller_server-2]: process started with pid [21664]
[INFO] [smoother_server-3]: process started with pid [21666]
[INFO] [planner_server-4]: process started with pid [21668]
[INFO] [behavior_server-5]: process started with pid [21670]
[INFO] [bt_navigator-6]: process started with pid [21672]
[INFO] [waypoint_follower-7]: process started with pid [21674]
[INFO] [velocity_smoother-8]: process started with pid [21676]
[INFO] [lifecycle_manager-9]: process started with pid [21678]
[INFO] [explore-10]: process started with pid [21680]
[INFO] [rviz2-11]: process started with pid [21682]
[async_slam_toolbox_node-1] [INFO] [1756743001.250594932] [slam]: Node using stack size 40000000
[planner_server-4] [INFO] [1756743001.252967253] [planner_server]: 
[planner_server-4] 	planner_server lifecycle node launched. 
[planner_server-4] 	Waiting on external lifecycle transitions to activate
[planner_server-4] 	See https://design.ros2.org/articles/node_lifecycle.html for more information.
[planner_server-4] [INFO] [1756743001.253891567] [planner_server]: Creating
[waypoint_follower-7] [INFO] [1756743001.253907748] [waypoint_follower]: 
[waypoint_follower-7] 	waypoint_follower lifecycle node launched. 
[waypoint_follower-7] 	Waiting on external lifecycle transitions to activate
[waypoint_follower-7] 	See https://design.ros2.org/articles/node_lifecycle.html for more information.
[smoother_server-3] [INFO] [1756743001.254172730] [smoother_server]: 
[smoother_server-3] 	smoother_server lifecycle node launched. 
[smoother_server-3] 	Waiting on external lifecycle transitions to activate
[smoother_server-3] 	See https://design.ros2.org/articles/node_lifecycle.html for more information.
[behavior_server-5] [INFO] [1756743001.254230993] [behavior_server]: 
[behavior_server-5] 	behavior_server lifecycle node launched. 
[behavior_server-5] 	Waiting on external lifecycle transitions to activate
[behavior_server-5] 	See https://design.ros2.org/articles/node_lifecycle.html for more information.
[waypoint_follower-7] [INFO] [1756743001.254351142] [waypoint_follower]: Creating
[smoother_server-3] [INFO] [1756743001.254800098] [smoother_server]: Creating smoother server
[explore-10] [INFO] [1756743001.255187473] [explore_node]: Waiting for costmap to become available, topic: map
[velocity_smoother-8] [INFO] [1756743001.255485973] [velocity_smoother]: 
[velocity_smoother-8] 	velocity_smoother lifecycle node launched. 
[velocity_smoother-8] 	Waiting on external lifecycle transitions to activate
[velocity_smoother-8] 	See https://design.ros2.org/articles/node_lifecycle.html for more information.
[controller_server-2] [INFO] [1756743001.256195204] [controller_server]: 
[controller_server-2] 	controller_server lifecycle node launched. 
[controller_server-2] 	Waiting on external lifecycle transitions to activate
[controller_server-2] 	See https://design.ros2.org/articles/node_lifecycle.html for more information.
[lifecycle_manager-9] [INFO] [1756743001.257163475] [lifecycle_manager_navigation]: Creating
[bt_navigator-6] [INFO] [1756743001.257661786] [bt_navigator]: 
[bt_navigator-6] 	bt_navigator lifecycle node launched. 
[bt_navigator-6] 	Waiting on external lifecycle transitions to activate
[bt_navigator-6] 	See https://design.ros2.org/articles/node_lifecycle.html for more information.
[bt_navigator-6] [INFO] [1756743001.257731392] [bt_navigator]: Creating
[lifecycle_manager-9] [INFO] [1756743001.259092857] [lifecycle_manager_navigation]: [34m[1mCreating and initializing lifecycle service clients[0m[0m
[controller_server-2] [INFO] [1756743001.259832903] [controller_server]: Creating controller server
[planner_server-4] [INFO] [1756743001.259963710] [global_costmap.global_costmap]: 
[planner_server-4] 	global_costmap lifecycle node launched. 
[planner_server-4] 	Waiting on external lifecycle transitions to activate
[planner_server-4] 	See https://design.ros2.org/articles/node_lifecycle.html for more information.
[planner_server-4] [INFO] [1756743001.260224347] [global_costmap.global_costmap]: Creating Costmap
[controller_server-2] [INFO] [1756743001.264098388] [local_costmap.local_costmap]: 
[controller_server-2] 	local_costmap lifecycle node launched. 
[controller_server-2] 	Waiting on external lifecycle transitions to activate
[controller_server-2] 	See https://design.ros2.org/articles/node_lifecycle.html for more information.
[async_slam_toolbox_node-1] [INFO] [1756743001.264654097] [slam]: Using solver plugin solver_plugins::CeresSolver
[async_slam_toolbox_node-1] [INFO] [1756743001.264738142] [slam]: CeresSolver: Using SCHUR_JACOBI preconditioner.
[controller_server-2] [INFO] [1756743001.264984692] [local_costmap.local_costmap]: Creating Costmap
[lifecycle_manager-9] [INFO] [1756743001.267908041] [lifecycle_manager_navigation]: [34m[1mStarting managed nodes bringup...[0m[0m
[lifecycle_manager-9] [INFO] [1756743001.267936223] [lifecycle_manager_navigation]: [34m[1mConfiguring controller_server[0m[0m
[controller_server-2] [INFO] [1756743001.268056976] [controller_server]: Configuring controller interface
[controller_server-2] [INFO] [1756743001.268118852] [controller_server]: getting goal checker plugins..
[controller_server-2] [INFO] [1756743001.268155189] [controller_server]: Controller frequency set to 10.0000Hz
[controller_server-2] [INFO] [1756743001.268165865] [local_costmap.local_costmap]: Configuring
[controller_server-2] [INFO] [1756743001.269696242] [local_costmap.local_costmap]: Using plugin "static_layer"
[controller_server-2] [INFO] [1756743001.271100916] [local_costmap.local_costmap]: Subscribing to the map topic (/map) with transient local durability
[controller_server-2] [INFO] [1756743001.271518490] [local_costmap.local_costmap]: Initialized plugin "static_layer"
[controller_server-2] [INFO] [1756743001.271527077] [local_costmap.local_costmap]: Using plugin "obstacle_layer"
[controller_server-2] [INFO] [1756743001.271637209] [local_costmap.local_costmap]: Subscribed to Topics: scan
[controller_server-2] [INFO] [1756743001.272478693] [local_costmap.local_costmap]: Initialized plugin "obstacle_layer"
[controller_server-2] [INFO] [1756743001.272488905] [local_costmap.local_costmap]: Using plugin "inflation_layer"
[controller_server-2] [INFO] [1756743001.272610660] [local_costmap.local_costmap]: Initialized plugin "inflation_layer"
[controller_server-2] [ERROR] [1756743001.274169737] [local_costmap.local_costmap]: The configured inflation radius (0.100) is smaller than the computed inscribed radius (0.200) of your footprint, it is highly recommended to set inflation radius to be at least as big as the inscribed radius to avoid collisions
[controller_server-2] [INFO] [1756743001.274832242] [controller_server]: Created progress_checker : progress_checker of type nav2_controller::SimpleProgressChecker
[controller_server-2] [INFO] [1756743001.275041719] [controller_server]: Created goal checker : goal_checker of type nav2_controller::SimpleGoalChecker
[controller_server-2] [INFO] [1756743001.275123842] [controller_server]: Controller Server has goal_checker  goal checkers available.
[controller_server-2] [INFO] [1756743001.275343120] [controller_server]: Created controller : FollowPath of type nav2_regulated_pure_pursuit_controller::RegulatedPurePursuitController
[controller_server-2] [INFO] [1756743001.276264471] [controller_server]: Controller Server has FollowPath  controllers available.
[lifecycle_manager-9] [INFO] [1756743001.278006431] [lifecycle_manager_navigation]: [34m[1mConfiguring smoother_server[0m[0m
[smoother_server-3] [INFO] [1756743001.278119815] [smoother_server]: Configuring smoother server
[smoother_server-3] [INFO] [1756743001.280845160] [smoother_server]: Created smoother : simple_smoother of type nav2_smoother::SimpleSmoother
[smoother_server-3] [INFO] [1756743001.280935973] [smoother_server]: Smoother Server has simple_smoother  smoothers available.
[lifecycle_manager-9] [INFO] [1756743001.282195487] [lifecycle_manager_navigation]: [34m[1mConfiguring planner_server[0m[0m
[planner_server-4] [INFO] [1756743001.282293030] [planner_server]: Configuring
[planner_server-4] [INFO] [1756743001.282314876] [global_costmap.global_costmap]: Configuring
[planner_server-4] [INFO] [1756743001.284034131] [global_costmap.global_costmap]: Using plugin "static_layer"
[planner_server-4] [INFO] [1756743001.285406363] [global_costmap.global_costmap]: Subscribing to the map topic (/map) with transient local durability
[planner_server-4] [INFO] [1756743001.285795252] [global_costmap.global_costmap]: Initialized plugin "static_layer"
[planner_server-4] [INFO] [1756743001.285804157] [global_costmap.global_costmap]: Using plugin "obstacle_layer"
[planner_server-4] [INFO] [1756743001.285921730] [global_costmap.global_costmap]: Subscribed to Topics: scan
[planner_server-4] [INFO] [1756743001.286737103] [global_costmap.global_costmap]: Initialized plugin "obstacle_layer"
[planner_server-4] [INFO] [1756743001.286746494] [global_costmap.global_costmap]: Using plugin "inflation_layer"
[planner_server-4] [INFO] [1756743001.286878242] [global_costmap.global_costmap]: Initialized plugin "inflation_layer"
[planner_server-4] [ERROR] [1756743001.288442989] [global_costmap.global_costmap]: The configured inflation radius (0.200) is smaller than the computed inscribed radius (0.200) of your footprint, it is highly recommended to set inflation radius to be at least as big as the inscribed radius to avoid collisions
[planner_server-4] [INFO] [1756743001.289223042] [planner_server]: Created global planner plugin GridBased of type nav2_navfn_planner/NavfnPlanner
[planner_server-4] [INFO] [1756743001.289243325] [planner_server]: Configuring plugin GridBased of type NavfnPlanner
[planner_server-4] [INFO] [1756743001.289408856] [planner_server]: Planner Server has GridBased  planners available.
[lifecycle_manager-9] [INFO] [1756743001.291682435] [lifecycle_manager_navigation]: [34m[1mConfiguring behavior_server[0m[0m
[behavior_server-5] [INFO] [1756743001.291857852] [behavior_server]: Configuring
[behavior_server-5] [INFO] [1756743001.295502714] [behavior_server]: Creating behavior plugin spin of type nav2_behaviors/Spin
[behavior_server-5] [INFO] [1756743001.296083571] [behavior_server]: Configuring spin
[behavior_server-5] [INFO] [1756743001.297878249] [behavior_server]: Creating behavior plugin backup of type nav2_behaviors/BackUp
[behavior_server-5] [INFO] [1756743001.298298199] [behavior_server]: Configuring backup
[behavior_server-5] [INFO] [1756743001.299307156] [behavior_server]: Creating behavior plugin drive_on_heading of type nav2_behaviors/DriveOnHeading
[behavior_server-5] [INFO] [1756743001.299652872] [behavior_server]: Configuring drive_on_heading
[behavior_server-5] [INFO] [1756743001.300697463] [behavior_server]: Creating behavior plugin wait of type nav2_behaviors/Wait
[behavior_server-5] [INFO] [1756743001.301001759] [behavior_server]: Configuring wait
[behavior_server-5] [INFO] [1756743001.301949469] [behavior_server]: Creating behavior plugin assisted_teleop of type nav2_behaviors/AssistedTeleop
[behavior_server-5] [INFO] [1756743001.302638630] [behavior_server]: Configuring assisted_teleop
[lifecycle_manager-9] [INFO] [1756743001.303901414] [lifecycle_manager_navigation]: [34m[1mConfiguring bt_navigator[0m[0m
[bt_navigator-6] [INFO] [1756743001.304038795] [bt_navigator]: Configuring
[lifecycle_manager-9] [INFO] [1756743001.330225082] [lifecycle_manager_navigation]: [34m[1mConfiguring waypoint_follower[0m[0m
[waypoint_follower-7] [INFO] [1756743001.330351796] [waypoint_follower]: Configuring
[waypoint_follower-7] [INFO] [1756743001.333476872] [waypoint_follower]: Created waypoint_task_executor : wait_at_waypoint of type nav2_waypoint_follower::WaitAtWaypoint
[lifecycle_manager-9] [INFO] [1756743001.333692848] [lifecycle_manager_navigation]: [34m[1mConfiguring velocity_smoother[0m[0m
[velocity_smoother-8] [INFO] [1756743001.333816919] [velocity_smoother]: Configuring velocity smoother
[lifecycle_manager-9] [INFO] [1756743001.335562525] [lifecycle_manager_navigation]: [34m[1mActivating controller_server[0m[0m
[controller_server-2] [INFO] [1756743001.335621970] [controller_server]: Activating
[controller_server-2] [INFO] [1756743001.335643606] [local_costmap.local_costmap]: Activating
[controller_server-2] [INFO] [1756743001.335649504] [local_costmap.local_costmap]: Checking transform
[controller_server-2] [INFO] [1756743001.335663255] [local_costmap.local_costmap]: Timed out waiting for transform from base_link to odom to become available, tf error: Invalid frame ID "odom" passed to canTransform argument target_frame - frame does not exist
[rviz2-11] [INFO] [1756743001.664801359] [rviz2]: Stereo is NOT SUPPORTED
[rviz2-11] [INFO] [1756743001.664859291] [rviz2]: OpenGl version: 4.6 (GLSL 4.6)
[rviz2-11] [INFO] [1756743001.689420532] [rviz2]: Stereo is NOT SUPPORTED
[controller_server-2] [INFO] [1756743001.835715805] [local_costmap.local_costmap]: Timed out waiting for transform from base_link to odom to become available, tf error: Invalid frame ID "odom" passed to canTransform argument target_frame - frame does not exist
[controller_server-2] [INFO] [1756743002.335724303] [local_costmap.local_costmap]: Timed out waiting for transform from base_link to odom to become available, tf error: Invalid frame ID "odom" passed to canTransform argument target_frame - frame does not exist
[controller_server-2] [INFO] [1756743002.835734927] [local_costmap.local_costmap]: Timed out waiting for transform from base_link to odom to become available, tf error: Invalid frame ID "odom" passed to canTransform argument target_frame - frame does not exist
[controller_server-2] [INFO] [1756743003.335718726] [local_costmap.local_costmap]: Timed out waiting for transform from base_link to odom to become available, tf error: Invalid frame ID "odom" passed to canTransform argument target_frame - frame does not exist
[controller_server-2] [INFO] [1756743003.835745212] [local_costmap.local_costmap]: Timed out waiting for transform from base_link to odom to become available, tf error: Invalid frame ID "odom" passed to canTransform argument target_frame - frame does not exist
[controller_server-2] [INFO] [1756743004.335741514] [local_costmap.local_costmap]: Timed out waiting for transform from base_link to odom to become available, tf error: Invalid frame ID "odom" passed to canTransform argument target_frame - frame does not exist
[controller_server-2] [INFO] [1756743004.835747647] [local_costmap.local_costmap]: Timed out waiting for transform from base_link to odom to become available, tf error: Invalid frame ID "odom" passed to canTransform argument target_frame - frame does not exist
[controller_server-2] [INFO] [1756743005.335829440] [local_costmap.local_costmap]: Timed out waiting for transform from base_link to odom to become available, tf error: Invalid frame ID "odom" passed to canTransform argument target_frame - frame does not exist
[controller_server-2] [INFO] [1756743005.835822577] [local_costmap.local_costmap]: Timed out waiting for transform from base_link to odom to become available, tf error: Invalid frame ID "odom" passed to canTransform argument target_frame - frame does not exist
[controller_server-2] [INFO] [1756743006.335936084] [local_costmap.local_costmap]: start
[async_slam_toolbox_node-1] [WARN] [1756743006.396758766] [slam]: minimum laser range setting (0.0 m) exceeds the capabilities of the used Lidar (0.1 m)
[rviz2-11] [ERROR] [1756743006.513491812] [rviz2]: Lookup would require extrapolation into the future.  Requested time 1756743006.416998 but the latest data is at time 1756743006.339899, when looking up transform from frame [laser] to frame [map]
[controller_server-2] [INFO] [1756743006.537525802] [controller_server]: Activating controller: FollowPath of type regulated_pure_pursuit_controller::RegulatedPurePursuitController
[controller_server-2] [INFO] [1756743006.537624553] [controller_server]: Creating bond (controller_server) to lifecycle manager.
[rviz2-11] [INFO] [1756743006.547374485] [rviz2]: Trying to create a map of size 100 x 100 using 1 swatches
[lifecycle_manager-9] [INFO] [1756743006.646040685] [lifecycle_manager_navigation]: Server controller_server connected with bond.
[lifecycle_manager-9] [INFO] [1756743006.646149801] [lifecycle_manager_navigation]: [34m[1mActivating smoother_server[0m[0m
[smoother_server-3] [INFO] [1756743006.646762281] [smoother_server]: Activating
[smoother_server-3] [INFO] [1756743006.646881030] [smoother_server]: Creating bond (smoother_server) to lifecycle manager.
[lifecycle_manager-9] [INFO] [1756743006.754660537] [lifecycle_manager_navigation]: Server smoother_server connected with bond.
[lifecycle_manager-9] [INFO] [1756743006.754768921] [lifecycle_manager_navigation]: [34m[1mActivating planner_server[0m[0m
[planner_server-4] [INFO] [1756743006.755335309] [planner_server]: Activating
[planner_server-4] [INFO] [1756743006.755433492] [global_costmap.global_costmap]: Activating
[planner_server-4] [INFO] [1756743006.755458340] [global_costmap.global_costmap]: Checking transform
[planner_server-4] [INFO] [1756743006.755626819] [global_costmap.global_costmap]: start
[planner_server-4] [INFO] [1756743007.268411579] [global_costmap.global_costmap]: StaticLayer: Resizing costmap to 88 X 67 at 0.040000 m/pix
[controller_server-2] [INFO] [1756743007.268426019] [local_costmap.local_costmap]: StaticLayer: Resizing static layer to 88 X 67 at 0.040000 m/pix
[rviz2-11] [INFO] [1756743007.283367658] [rviz2]: Trying to create a map of size 88 x 67 using 1 swatches
[rviz2-11] [INFO] [1756743007.762828060] [rviz2]: Trying to create a map of size 88 x 67 using 1 swatches
[planner_server-4] [INFO] [1756743007.807017775] [planner_server]: Activating plugin GridBased of type NavfnPlanner
[planner_server-4] [INFO] [1756743007.808845127] [planner_server]: Creating bond (planner_server) to lifecycle manager.
[lifecycle_manager-9] [INFO] [1756743007.915964784] [lifecycle_manager_navigation]: Server planner_server connected with bond.
[lifecycle_manager-9] [INFO] [1756743007.916063801] [lifecycle_manager_navigation]: [34m[1mActivating behavior_server[0m[0m
[behavior_server-5] [INFO] [1756743007.916837301] [behavior_server]: Activating
[behavior_server-5] [INFO] [1756743007.916925709] [behavior_server]: Activating spin
[behavior_server-5] [INFO] [1756743007.916971673] [behavior_server]: Activating backup
[behavior_server-5] [INFO] [1756743007.917008987] [behavior_server]: Activating drive_on_heading
[behavior_server-5] [INFO] [1756743007.917043301] [behavior_server]: Activating wait
[behavior_server-5] [INFO] [1756743007.917075489] [behavior_server]: Activating assisted_teleop
[behavior_server-5] [INFO] [1756743007.917118341] [behavior_server]: Creating bond (behavior_server) to lifecycle manager.
[lifecycle_manager-9] [INFO] [1756743008.026725740] [lifecycle_manager_navigation]: Server behavior_server connected with bond.
[lifecycle_manager-9] [INFO] [1756743008.026838360] [lifecycle_manager_navigation]: [34m[1mActivating bt_navigator[0m[0m
[bt_navigator-6] [INFO] [1756743008.027435413] [bt_navigator]: Activating
[bt_navigator-6] [INFO] [1756743008.060718293] [bt_navigator]: Creating bond (bt_navigator) to lifecycle manager.
[lifecycle_manager-9] [INFO] [1756743008.162713144] [lifecycle_manager_navigation]: Server bt_navigator connected with bond.
[lifecycle_manager-9] [INFO] [1756743008.162806974] [lifecycle_manager_navigation]: [34m[1mActivating waypoint_follower[0m[0m
[waypoint_follower-7] [INFO] [1756743008.163443398] [waypoint_follower]: Activating
[waypoint_follower-7] [INFO] [1756743008.163551054] [waypoint_follower]: Creating bond (waypoint_follower) to lifecycle manager.
[lifecycle_manager-9] [INFO] [1756743008.272277140] [lifecycle_manager_navigation]: Server waypoint_follower connected with bond.
[lifecycle_manager-9] [INFO] [1756743008.272386395] [lifecycle_manager_navigation]: [34m[1mActivating velocity_smoother[0m[0m
[velocity_smoother-8] [INFO] [1756743008.273121408] [velocity_smoother]: Activating
[velocity_smoother-8] [INFO] [1756743008.273284864] [velocity_smoother]: Creating bond (velocity_smoother) to lifecycle manager.
[lifecycle_manager-9] [INFO] [1756743008.382330330] [lifecycle_manager_navigation]: Server velocity_smoother connected with bond.
[lifecycle_manager-9] [INFO] [1756743008.382385544] [lifecycle_manager_navigation]: [34m[1mManaged nodes are active[0m[0m
[lifecycle_manager-9] [INFO] [1756743008.382395890] [lifecycle_manager_navigation]: [34m[1mCreating bond timer...[0m[0m
[explore-10] [INFO] [1756743009.278306151] [explore_node]: Waiting to connect to move_base nav2 server
[explore-10] [INFO] [1756743009.278543295] [explore_node]: Connected to move_base nav2 server
[explore-10] [INFO] [1756743009.278551858] [explore_node]: Getting initial pose of the robot
[bt_navigator-6] [INFO] [1756743009.356382022] [bt_navigator]: Begin navigating from current location (0.43, -0.45) to (1.81, 0.51)
[controller_server-2] [INFO] [1756743009.377094748] [controller_server]: Received a goal, begin computing control effort.
[controller_server-2] [WARN] [1756743009.377146043] [controller_server]: No goal checker was specified in parameter 'current_goal_checker'. Server will use only plugin loaded goal_checker . This warning will appear once.
[controller_server-2] [INFO] [1756743010.477334401] [controller_server]: Passing new path to controller.
[controller_server-2] [INFO] [1756743011.477264000] [controller_server]: Passing new path to controller.
[controller_server-2] [INFO] [1756743012.477289042] [controller_server]: Passing new path to controller.
[controller_server-2] [INFO] [1756743013.577347613] [controller_server]: Passing new path to controller.
[controller_server-2] [ERROR] [1756743013.878862962] [controller_server]: Exception in transformPose: Lookup would require extrapolation into the future.  Requested time 1756743013.687680 but the latest data is at time 1756743013.411805, when looking up transform from frame [odom] to frame [map]
[controller_server-2] [WARN] [1756743013.879026923] [controller_server]: Unable to transform robot pose into global plan's frame
[controller_server-2] [WARN] [1756743013.879229531] [controller_server]: Control loop missed its desired rate of 10.0000Hz
[controller_server-2] [ERROR] [1756743013.981212851] [controller_server]: Exception in transformPose: Lookup would require extrapolation into the future.  Requested time 1756743013.687680 but the latest data is at time 1756743013.411805, when looking up transform from frame [odom] to frame [map]
[controller_server-2] [WARN] [1756743013.981338822] [controller_server]: Unable to transform robot pose into global plan's frame
[controller_server-2] [WARN] [1756743013.981524974] [controller_server]: Control loop missed its desired rate of 10.0000Hz
[controller_server-2] [ERROR] [1756743014.084200402] [controller_server]: Exception in transformPose: Lookup would require extrapolation into the future.  Requested time 1756743013.687680 but the latest data is at time 1756743013.411805, when looking up transform from frame [odom] to frame [map]
[controller_server-2] [WARN] [1756743014.084322004] [controller_server]: Unable to transform robot pose into global plan's frame
[controller_server-2] [WARN] [1756743014.084519634] [controller_server]: Control loop missed its desired rate of 10.0000Hz
[controller_server-2] [ERROR] [1756743014.186102238] [controller_server]: Exception in transformPose: Lookup would require extrapolation into the future.  Requested time 1756743013.687680 but the latest data is at time 1756743013.411805, when looking up transform from frame [odom] to frame [map]
[controller_server-2] [WARN] [1756743014.186223638] [controller_server]: Unable to transform robot pose into global plan's frame
[controller_server-2] [WARN] [1756743014.186475564] [controller_server]: Control loop missed its desired rate of 10.0000Hz
[controller_server-2] [ERROR] [1756743014.289183795] [controller_server]: Exception in transformPose: Lookup would require extrapolation into the future.  Requested time 1756743013.687680 but the latest data is at time 1756743013.484267, when looking up transform from frame [odom] to frame [map]
[controller_server-2] [WARN] [1756743014.289246542] [controller_server]: Unable to transform robot pose into global plan's frame
[controller_server-2] [WARN] [1756743014.289336917] [controller_server]: Control loop missed its desired rate of 10.0000Hz
[controller_server-2] [INFO] [1756743014.577256444] [controller_server]: Passing new path to controller.
[controller_server-2] [INFO] [1756743015.577248119] [controller_server]: Passing new path to controller.
[controller_server-2] [INFO] [1756743016.577248495] [controller_server]: Passing new path to controller.
[rviz2-11] [INFO] [1756743017.300719458] [rviz2]: Trying to create a map of size 90 x 89 using 1 swatches
[controller_server-2] [INFO] [1756743017.336109449] [local_costmap.local_costmap]: StaticLayer: Resizing static layer to 90 X 89 at 0.040000 m/pix
[controller_server-2] [INFO] [1756743017.677254278] [controller_server]: Passing new path to controller.
[planner_server-4] [INFO] [1756743017.755827434] [global_costmap.global_costmap]: StaticLayer: Resizing costmap to 90 X 89 at 0.040000 m/pix
[rviz2-11] [INFO] [1756743017.781359153] [rviz2]: Trying to create a map of size 90 x 89 using 1 swatches
[controller_server-2] [INFO] [1756743018.677347626] [controller_server]: Passing new path to controller.
[rviz2-11] [INFO] [1756743019.282717678] [rviz2]: Trying to create a map of size 90 x 103 using 1 swatches
[controller_server-2] [INFO] [1756743019.336153621] [local_costmap.local_costmap]: StaticLayer: Resizing static layer to 90 X 103 at 0.040000 m/pix
[controller_server-2] [INFO] [1756743019.677328578] [controller_server]: Passing new path to controller.
[planner_server-4] [INFO] [1756743019.755858730] [global_costmap.global_costmap]: StaticLayer: Resizing costmap to 90 X 103 at 0.040000 m/pix
[rviz2-11] [INFO] [1756743019.764339985] [rviz2]: Trying to create a map of size 90 x 103 using 1 swatches
[controller_server-2] [INFO] [1756743020.777256371] [controller_server]: Passing new path to controller.
[rviz2-11] [INFO] [1756743021.300356177] [rviz2]: Trying to create a map of size 90 x 104 using 1 swatches
[controller_server-2] [INFO] [1756743021.336211672] [local_costmap.local_costmap]: StaticLayer: Resizing static layer to 90 X 104 at 0.040000 m/pix
[planner_server-4] [INFO] [1756743021.755827449] [global_costmap.global_costmap]: StaticLayer: Resizing costmap to 90 X 104 at 0.040000 m/pix
[controller_server-2] [INFO] [1756743021.777259243] [controller_server]: Passing new path to controller.
[rviz2-11] [INFO] [1756743021.780146127] [rviz2]: Trying to create a map of size 90 x 104 using 1 swatches
[bt_navigator-6] [INFO] [1756743022.676706188] [bt_navigator]: Received goal preemption request
[bt_navigator-6] [INFO] [1756743022.676917841] [bt_navigator]: Begin navigating from current location (1.48, 0.68) to (2.27, 2.10)
[controller_server-2] [INFO] [1756743022.777247520] [controller_server]: Passing new path to controller.
[controller_server-2] [INFO] [1756743023.877261289] [controller_server]: Passing new path to controller.
[controller_server-2] [WARN] [1756743023.978206427] [controller_server]: RegulatedPurePursuitController detected collision ahead!
[controller_server-2] [WARN] [1756743024.078201573] [controller_server]: RegulatedPurePursuitController detected collision ahead!
[controller_server-2] [WARN] [1756743024.178257261] [controller_server]: RegulatedPurePursuitController detected collision ahead!
[controller_server-2] [WARN] [1756743024.278301927] [controller_server]: RegulatedPurePursuitController detected collision ahead!
[controller_server-2] [WARN] [1756743024.378260878] [controller_server]: RegulatedPurePursuitController detected collision ahead!
[controller_server-2] [WARN] [1756743024.478222231] [controller_server]: RegulatedPurePursuitController detected collision ahead!
[controller_server-2] [WARN] [1756743024.648913228] [controller_server]: RegulatedPurePursuitController detected collision ahead!
[controller_server-2] [WARN] [1756743024.677967640] [controller_server]: RegulatedPurePursuitController detected collision ahead!
[controller_server-2] [WARN] [1756743024.778265255] [controller_server]: RegulatedPurePursuitController detected collision ahead!
[controller_server-2] [INFO] [1756743024.877314325] [controller_server]: Passing new path to controller.
[controller_server-2] [WARN] [1756743024.878624207] [controller_server]: RegulatedPurePursuitController detected collision ahead!
[controller_server-2] [WARN] [1756743024.978131438] [controller_server]: RegulatedPurePursuitController detected collision ahead!
[controller_server-2] [WARN] [1756743025.078192310] [controller_server]: RegulatedPurePursuitController detected collision ahead!
[controller_server-2] [WARN] [1756743025.178406189] [controller_server]: RegulatedPurePursuitController detected collision ahead!
[controller_server-2] [WARN] [1756743025.278330973] [controller_server]: RegulatedPurePursuitController detected collision ahead!
[rviz2-11] [INFO] [1756743025.300789156] [rviz2]: Trying to create a map of size 90 x 111 using 1 swatches
[controller_server-2] [INFO] [1756743025.336113400] [local_costmap.local_costmap]: StaticLayer: Resizing static layer to 90 X 111 at 0.040000 m/pix
[controller_server-2] [WARN] [1756743025.378300787] [controller_server]: RegulatedPurePursuitController detected collision ahead!
[controller_server-2] [WARN] [1756743025.478402125] [controller_server]: RegulatedPurePursuitController detected collision ahead!
[controller_server-2] [WARN] [1756743025.578254683] [controller_server]: RegulatedPurePursuitController detected collision ahead!
[controller_server-2] [WARN] [1756743025.678356741] [controller_server]: RegulatedPurePursuitController detected collision ahead!
[planner_server-4] [INFO] [1756743025.755828521] [global_costmap.global_costmap]: StaticLayer: Resizing costmap to 90 X 111 at 0.040000 m/pix
[controller_server-2] [WARN] [1756743025.778362496] [controller_server]: RegulatedPurePursuitController detected collision ahead!
[controller_server-2] [INFO] [1756743025.877327455] [controller_server]: Passing new path to controller.
[controller_server-2] [WARN] [1756743025.878660577] [controller_server]: RegulatedPurePursuitController detected collision ahead!
[controller_server-2] [ERROR] [1756743025.878732141] [controller_server]: Controller patience exceeded
[controller_server-2] [WARN] [1756743025.878788649] [controller_server]: [follow_path] [ActionServer] Aborting handle.
[controller_server-2] [INFO] [1756743025.906868475] [local_costmap.local_costmap]: Received request to clear entirely the local_costmap
[controller_server-2] [INFO] [1756743025.907905863] [controller_server]: Received a goal, begin computing control effort.
[controller_server-2] [WARN] [1756743025.939148984] [controller_server]: RegulatedPurePursuitController detected collision ahead!
[controller_server-2] [WARN] [1756743026.009156016] [controller_server]: RegulatedPurePursuitController detected collision ahead!
[controller_server-2] [WARN] [1756743026.109153692] [controller_server]: RegulatedPurePursuitController detected collision ahead!
[controller_server-2] [WARN] [1756743026.209097519] [controller_server]: RegulatedPurePursuitController detected collision ahead!
[controller_server-2] [WARN] [1756743026.309180725] [controller_server]: RegulatedPurePursuitController detected collision ahead!
[controller_server-2] [WARN] [1756743026.409180569] [controller_server]: RegulatedPurePursuitController detected collision ahead!
[controller_server-2] [WARN] [1756743026.509170785] [controller_server]: RegulatedPurePursuitController detected collision ahead!
[controller_server-2] [WARN] [1756743026.609148062] [controller_server]: RegulatedPurePursuitController detected collision ahead!
[controller_server-2] [WARN] [1756743026.709043737] [controller_server]: RegulatedPurePursuitController detected collision ahead!
[rviz2-11] [INFO] [1756743026.772912634] [rviz2]: Trying to create a map of size 90 x 111 using 1 swatches
[controller_server-2] [WARN] [1756743026.809224500] [controller_server]: RegulatedPurePursuitController detected collision ahead!
[controller_server-2] [INFO] [1756743026.908090128] [controller_server]: Passing new path to controller.
[controller_server-2] [WARN] [1756743026.909105391] [controller_server]: RegulatedPurePursuitController detected collision ahead!
[controller_server-2] [WARN] [1756743027.009221779] [controller_server]: RegulatedPurePursuitController detected collision ahead!
[controller_server-2] [WARN] [1756743027.108619697] [controller_server]: RegulatedPurePursuitController detected collision ahead!
[controller_server-2] [WARN] [1756743027.209172865] [controller_server]: RegulatedPurePursuitController detected collision ahead!
[controller_server-2] [WARN] [1756743027.309165077] [controller_server]: RegulatedPurePursuitController detected collision ahead!
[controller_server-2] [WARN] [1756743027.409165827] [controller_server]: RegulatedPurePursuitController detected collision ahead!
[controller_server-2] [WARN] [1756743027.508624354] [controller_server]: RegulatedPurePursuitController detected collision ahead!
[controller_server-2] [WARN] [1756743027.609205427] [controller_server]: RegulatedPurePursuitController detected collision ahead!
[controller_server-2] [WARN] [1756743027.709177341] [controller_server]: RegulatedPurePursuitController detected collision ahead!
[controller_server-2] [WARN] [1756743027.809149354] [controller_server]: RegulatedPurePursuitController detected collision ahead!
[controller_server-2] [INFO] [1756743027.908096882] [controller_server]: Passing new path to controller.
[controller_server-2] [WARN] [1756743027.909196720] [controller_server]: RegulatedPurePursuitController detected collision ahead!
[controller_server-2] [ERROR] [1756743027.909247600] [controller_server]: Controller patience exceeded
[controller_server-2] [WARN] [1756743027.909290692] [controller_server]: [follow_path] [ActionServer] Aborting handle.
[controller_server-2] [INFO] [1756743027.936922551] [local_costmap.local_costmap]: Received request to clear entirely the local_costmap
[planner_server-4] [INFO] [1756743027.937546022] [global_costmap.global_costmap]: Received request to clear entirely the global_costmap
[controller_server-2] [INFO] [1756743028.777299904] [controller_server]: Received a goal, begin computing control effort.
[controller_server-2] [WARN] [1756743028.778513469] [controller_server]: RegulatedPurePursuitController detected collision ahead!
[controller_server-2] [WARN] [1756743028.888820835] [controller_server]: RegulatedPurePursuitController detected collision ahead!
[controller_server-2] [WARN] [1756743028.978744195] [controller_server]: RegulatedPurePursuitController detected collision ahead!
[controller_server-2] [WARN] [1756743029.078407646] [controller_server]: RegulatedPurePursuitController detected collision ahead!
[controller_server-2] [WARN] [1756743029.178228759] [controller_server]: RegulatedPurePursuitController detected collision ahead!
[controller_server-2] [WARN] [1756743029.278508791] [controller_server]: RegulatedPurePursuitController detected collision ahead!
[controller_server-2] [WARN] [1756743029.378590716] [controller_server]: RegulatedPurePursuitController detected collision ahead!
[controller_server-2] [WARN] [1756743029.478588330] [controller_server]: RegulatedPurePursuitController detected collision ahead!
[controller_server-2] [WARN] [1756743029.578578704] [controller_server]: RegulatedPurePursuitController detected collision ahead!
[explore-10] [ERROR] [1756743029.581151238] [explore_node]: Extrapolation Error looking up robot pose: Lookup would require extrapolation into the future.  Requested time 1756743029.277070 but the latest data is at time 1756743029.237602, when looking up transform from frame [base_link] to frame [map]
[explore-10] 
[bt_navigator-6] [INFO] [1756743029.596624549] [bt_navigator]: Received goal preemption request
[bt_navigator-6] [INFO] [1756743029.596904713] [bt_navigator]: Begin navigating from current location (2.00, 0.82) to (2.18, 2.39)
[controller_server-2] [WARN] [1756743029.678599606] [controller_server]: RegulatedPurePursuitController detected collision ahead!
[controller_server-2] [WARN] [1756743029.778275786] [controller_server]: RegulatedPurePursuitController detected collision ahead!
[controller_server-2] [INFO] [1756743029.877520500] [controller_server]: Passing new path to controller.
[controller_server-2] [WARN] [1756743029.970305817] [controller_server]: RegulatedPurePursuitController detected collision ahead!
[controller_server-2] [WARN] [1756743029.978402471] [controller_server]: RegulatedPurePursuitController detected collision ahead!
[controller_server-2] [WARN] [1756743030.078560133] [controller_server]: RegulatedPurePursuitController detected collision ahead!
[controller_server-2] [WARN] [1756743030.178573043] [controller_server]: RegulatedPurePursuitController detected collision ahead!
[controller_server-2] [WARN] [1756743030.278570053] [controller_server]: RegulatedPurePursuitController detected collision ahead!
[controller_server-2] [WARN] [1756743030.378579889] [controller_server]: RegulatedPurePursuitController detected collision ahead!
[controller_server-2] [WARN] [1756743030.478562306] [controller_server]: RegulatedPurePursuitController detected collision ahead!
[controller_server-2] [WARN] [1756743030.670287787] [controller_server]: RegulatedPurePursuitController detected collision ahead!
[controller_server-2] [WARN] [1756743030.679501515] [controller_server]: RegulatedPurePursuitController detected collision ahead!
[controller_server-2] [WARN] [1756743030.778237854] [controller_server]: RegulatedPurePursuitController detected collision ahead!
[controller_server-2] [ERROR] [1756743030.778316689] [controller_server]: Controller patience exceeded
[controller_server-2] [WARN] [1756743030.778376567] [controller_server]: [follow_path] [ActionServer] Aborting handle.
[controller_server-2] [INFO] [1756743030.796921554] [local_costmap.local_costmap]: Received request to clear entirely the local_costmap
[controller_server-2] [INFO] [1756743030.797916494] [controller_server]: Received a goal, begin computing control effort.
[controller_server-2] [INFO] [1756743030.938071896] [controller_server]: Passing new path to controller.
[controller_server-2] [WARN] [1756743030.940133667] [controller_server]: RegulatedPurePursuitController detected collision ahead!
[controller_server-2] [WARN] [1756743030.940346734] [controller_server]: Control loop missed its desired rate of 10.0000Hz
[controller_server-2] [WARN] [1756743030.941281904] [controller_server]: RegulatedPurePursuitController detected collision ahead!
[controller_server-2] [WARN] [1756743030.998958672] [controller_server]: RegulatedPurePursuitController detected collision ahead!
[controller_server-2] [WARN] [1756743031.098933836] [controller_server]: RegulatedPurePursuitController detected collision ahead!
[controller_server-2] [WARN] [1756743031.199082759] [controller_server]: RegulatedPurePursuitController detected collision ahead!
[controller_server-2] [WARN] [1756743031.299077158] [controller_server]: RegulatedPurePursuitController detected collision ahead!
[controller_server-2] [WARN] [1756743031.399084572] [controller_server]: RegulatedPurePursuitController detected collision ahead!
[controller_server-2] [WARN] [1756743031.499084358] [controller_server]: RegulatedPurePursuitController detected collision ahead!
[controller_server-2] [WARN] [1756743031.599154694] [controller_server]: RegulatedPurePursuitController detected collision ahead!
[controller_server-2] [WARN] [1756743031.699142532] [controller_server]: RegulatedPurePursuitController detected collision ahead!
[controller_server-2] [WARN] [1756743031.799151961] [controller_server]: RegulatedPurePursuitController detected collision ahead!
[controller_server-2] [INFO] [1756743031.898130417] [controller_server]: Passing new path to controller.
[controller_server-2] [WARN] [1756743031.899222273] [controller_server]: RegulatedPurePursuitController detected collision ahead!
[controller_server-2] [WARN] [1756743031.999137244] [controller_server]: RegulatedPurePursuitController detected collision ahead!
[controller_server-2] [WARN] [1756743032.099132923] [controller_server]: RegulatedPurePursuitController detected collision ahead!
[controller_server-2] [WARN] [1756743032.229398585] [controller_server]: RegulatedPurePursuitController detected collision ahead!
[controller_server-2] [WARN] [1756743032.299052881] [controller_server]: RegulatedPurePursuitController detected collision ahead!
[controller_server-2] [WARN] [1756743032.399061611] [controller_server]: RegulatedPurePursuitController detected collision ahead!
[controller_server-2] [WARN] [1756743032.499066676] [controller_server]: RegulatedPurePursuitController detected collision ahead!
[controller_server-2] [WARN] [1756743032.599142280] [controller_server]: RegulatedPurePursuitController detected collision ahead!
[controller_server-2] [WARN] [1756743032.698860137] [controller_server]: RegulatedPurePursuitController detected collision ahead!
[controller_server-2] [WARN] [1756743032.799134583] [controller_server]: RegulatedPurePursuitController detected collision ahead!
[controller_server-2] [ERROR] [1756743032.799229627] [controller_server]: Controller patience exceeded
[controller_server-2] [WARN] [1756743032.799319724] [controller_server]: [follow_path] [ActionServer] Aborting handle.
[behavior_server-5] [INFO] [1756743032.817859305] [behavior_server]: Running spin
[behavior_server-5] [INFO] [1756743032.818180493] [behavior_server]: Turning 1.57 for spin behavior.
[behavior_server-5] [WARN] [1756743032.918732944] [behavior_server]: Collision Ahead - Exiting Spin
[behavior_server-5] [WARN] [1756743032.918797827] [behavior_server]: spin failed
[behavior_server-5] [WARN] [1756743032.918822086] [behavior_server]: [spin] [ActionServer] Aborting handle.
[behavior_server-5] [INFO] [1756743032.947442727] [behavior_server]: Running wait
[behavior_server-5] [INFO] [1756743037.947684405] [behavior_server]: wait completed successfully
[controller_server-2] [INFO] [1756743037.997363167] [controller_server]: Received a goal, begin computing control effort.
[controller_server-2] [WARN] [1756743037.998497231] [controller_server]: RegulatedPurePursuitController detected collision ahead!
[controller_server-2] [WARN] [1756743038.098668964] [controller_server]: RegulatedPurePursuitController detected collision ahead!
[controller_server-2] [WARN] [1756743038.198597868] [controller_server]: RegulatedPurePursuitController detected collision ahead!
[controller_server-2] [WARN] [1756743038.298461362] [controller_server]: RegulatedPurePursuitController detected collision ahead!
[controller_server-2] [WARN] [1756743038.398582733] [controller_server]: RegulatedPurePursuitController detected collision ahead!
[controller_server-2] [WARN] [1756743038.498588795] [controller_server]: RegulatedPurePursuitController detected collision ahead!
[controller_server-2] [WARN] [1756743038.598658541] [controller_server]: RegulatedPurePursuitController detected collision ahead!
[controller_server-2] [WARN] [1756743038.698601372] [controller_server]: RegulatedPurePursuitController detected collision ahead!
[controller_server-2] [WARN] [1756743038.798593221] [controller_server]: RegulatedPurePursuitController detected collision ahead!
[controller_server-2] [WARN] [1756743038.898595825] [controller_server]: RegulatedPurePursuitController detected collision ahead!
[controller_server-2] [WARN] [1756743038.998585737] [controller_server]: RegulatedPurePursuitController detected collision ahead!
[controller_server-2] [INFO] [1756743039.097577569] [controller_server]: Passing new path to controller.
[controller_server-2] [WARN] [1756743039.098417241] [controller_server]: RegulatedPurePursuitController detected collision ahead!
[controller_server-2] [WARN] [1756743039.198672809] [controller_server]: RegulatedPurePursuitController detected collision ahead!
[controller_server-2] [WARN] [1756743039.298352112] [controller_server]: RegulatedPurePursuitController detected collision ahead!
[controller_server-2] [WARN] [1756743039.398671808] [controller_server]: RegulatedPurePursuitController detected collision ahead!
[controller_server-2] [WARN] [1756743039.498681634] [controller_server]: RegulatedPurePursuitController detected collision ahead!
[controller_server-2] [WARN] [1756743039.598289061] [controller_server]: RegulatedPurePursuitController detected collision ahead!
[controller_server-2] [WARN] [1756743039.698593398] [controller_server]: RegulatedPurePursuitController detected collision ahead!
[controller_server-2] [WARN] [1756743039.798593117] [controller_server]: RegulatedPurePursuitController detected collision ahead!
[controller_server-2] [WARN] [1756743039.898410549] [controller_server]: RegulatedPurePursuitController detected collision ahead!
[controller_server-2] [WARN] [1756743039.997849267] [controller_server]: RegulatedPurePursuitController detected collision ahead!
[controller_server-2] [ERROR] [1756743039.997881955] [controller_server]: Controller patience exceeded
[controller_server-2] [WARN] [1756743039.997906070] [controller_server]: [follow_path] [ActionServer] Aborting handle.
[controller_server-2] [INFO] [1756743040.017107599] [local_costmap.local_costmap]: Received request to clear entirely the local_costmap
[controller_server-2] [INFO] [1756743040.018158139] [controller_server]: Received a goal, begin computing control effort.
[controller_server-2] [INFO] [1756743040.138440876] [controller_server]: Passing new path to controller.
[controller_server-2] [WARN] [1756743040.139695007] [controller_server]: RegulatedPurePursuitController detected collision ahead!
[controller_server-2] [WARN] [1756743040.139981401] [controller_server]: Control loop missed its desired rate of 10.0000Hz
[controller_server-2] [WARN] [1756743040.140982489] [controller_server]: RegulatedPurePursuitController detected collision ahead!
[controller_server-2] [WARN] [1756743040.219388726] [controller_server]: RegulatedPurePursuitController detected collision ahead!
[controller_server-2] [WARN] [1756743040.319238930] [controller_server]: RegulatedPurePursuitController detected collision ahead!
[controller_server-2] [WARN] [1756743040.419405146] [controller_server]: RegulatedPurePursuitController detected collision ahead!
[controller_server-2] [WARN] [1756743040.519463803] [controller_server]: RegulatedPurePursuitController detected collision ahead!
[controller_server-2] [WARN] [1756743040.619458892] [controller_server]: RegulatedPurePursuitController detected collision ahead!
[controller_server-2] [WARN] [1756743040.719401797] [controller_server]: RegulatedPurePursuitController detected collision ahead!
[controller_server-2] [WARN] [1756743040.818780253] [controller_server]: RegulatedPurePursuitController detected collision ahead!
[controller_server-2] [WARN] [1756743040.919388165] [controller_server]: RegulatedPurePursuitController detected collision ahead!
[controller_server-2] [WARN] [1756743041.019262785] [controller_server]: RegulatedPurePursuitController detected collision ahead!
[controller_server-2] [INFO] [1756743041.118373663] [controller_server]: Passing new path to controller.
[controller_server-2] [WARN] [1756743041.119478803] [controller_server]: RegulatedPurePursuitController detected collision ahead!
[controller_server-2] [WARN] [1756743041.219391256] [controller_server]: RegulatedPurePursuitController detected collision ahead!
[controller_server-2] [WARN] [1756743041.319456328] [controller_server]: RegulatedPurePursuitController detected collision ahead!
[controller_server-2] [WARN] [1756743041.419395528] [controller_server]: RegulatedPurePursuitController detected collision ahead!
[controller_server-2] [WARN] [1756743041.519382802] [controller_server]: RegulatedPurePursuitController detected collision ahead!
[controller_server-2] [WARN] [1756743041.619381415] [controller_server]: RegulatedPurePursuitController detected collision ahead!
[controller_server-2] [WARN] [1756743041.719396736] [controller_server]: RegulatedPurePursuitController detected collision ahead!
[controller_server-2] [WARN] [1756743041.819390720] [controller_server]: RegulatedPurePursuitController detected collision ahead!
[controller_server-2] [WARN] [1756743041.919392273] [controller_server]: RegulatedPurePursuitController detected collision ahead!
[controller_server-2] [WARN] [1756743042.019383187] [controller_server]: RegulatedPurePursuitController detected collision ahead!
[controller_server-2] [ERROR] [1756743042.019478948] [controller_server]: Controller patience exceeded
[controller_server-2] [WARN] [1756743042.019551387] [controller_server]: [follow_path] [ActionServer] Aborting handle.
[behavior_server-5] [INFO] [1756743042.037329078] [behavior_server]: Running backup
[behavior_server-5] [INFO] [1756743042.037580351] [behavior_server]: DriveOnHeading: no acceleration or deceleration limits set
[behavior_server-5] [WARN] [1756743042.037729252] [behavior_server]: Collision Ahead - Exiting DriveOnHeading
[behavior_server-5] [WARN] [1756743042.037744348] [behavior_server]: backup failed
[behavior_server-5] [WARN] [1756743042.037759368] [behavior_server]: [backup] [ActionServer] Aborting handle.
[controller_server-2] [INFO] [1756743042.066876631] [local_costmap.local_costmap]: Received request to clear entirely the local_costmap
[planner_server-4] [INFO] [1756743042.067405222] [global_costmap.global_costmap]: Received request to clear entirely the global_costmap
[controller_server-2] [INFO] [1756743042.777128906] [controller_server]: Received a goal, begin computing control effort.
[controller_server-2] [WARN] [1756743042.777767052] [controller_server]: RegulatedPurePursuitController detected collision ahead!
[controller_server-2] [WARN] [1756743042.878249216] [controller_server]: RegulatedPurePursuitController detected collision ahead!
[controller_server-2] [WARN] [1756743042.978321541] [controller_server]: RegulatedPurePursuitController detected collision ahead!
[controller_server-2] [WARN] [1756743043.078320023] [controller_server]: RegulatedPurePursuitController detected collision ahead!
[controller_server-2] [WARN] [1756743043.178319612] [controller_server]: RegulatedPurePursuitController detected collision ahead!
[controller_server-2] [WARN] [1756743043.278331168] [controller_server]: RegulatedPurePursuitController detected collision ahead!
[controller_server-2] [WARN] [1756743043.378395384] [controller_server]: RegulatedPurePursuitController detected collision ahead!
[controller_server-2] [WARN] [1756743043.478267019] [controller_server]: RegulatedPurePursuitController detected collision ahead!
[controller_server-2] [WARN] [1756743043.578024761] [controller_server]: RegulatedPurePursuitController detected collision ahead!
[controller_server-2] [WARN] [1756743043.678396727] [controller_server]: RegulatedPurePursuitController detected collision ahead!
[controller_server-2] [WARN] [1756743043.778321093] [controller_server]: RegulatedPurePursuitController detected collision ahead!
[controller_server-2] [INFO] [1756743043.877377413] [controller_server]: Passing new path to controller.
[controller_server-2] [WARN] [1756743043.878599768] [controller_server]: RegulatedPurePursuitController detected collision ahead!
[controller_server-2] [WARN] [1756743043.978383726] [controller_server]: RegulatedPurePursuitController detected collision ahead!
[controller_server-2] [WARN] [1756743044.078305785] [controller_server]: RegulatedPurePursuitController detected collision ahead!
[controller_server-2] [WARN] [1756743044.178307416] [controller_server]: RegulatedPurePursuitController detected collision ahead!
[controller_server-2] [WARN] [1756743044.278423546] [controller_server]: RegulatedPurePursuitController detected collision ahead!
[controller_server-2] [WARN] [1756743044.378141478] [controller_server]: RegulatedPurePursuitController detected collision ahead!
[controller_server-2] [WARN] [1756743044.478164078] [controller_server]: RegulatedPurePursuitController detected collision ahead!
[controller_server-2] [WARN] [1756743044.578394935] [controller_server]: RegulatedPurePursuitController detected collision ahead!
[controller_server-2] [WARN] [1756743044.678319263] [controller_server]: RegulatedPurePursuitController detected collision ahead!
[controller_server-2] [WARN] [1756743044.778354326] [controller_server]: RegulatedPurePursuitController detected collision ahead!
[controller_server-2] [ERROR] [1756743044.778456766] [controller_server]: Controller patience exceeded
[controller_server-2] [WARN] [1756743044.778530916] [controller_server]: [follow_path] [ActionServer] Aborting handle.
[controller_server-2] [INFO] [1756743044.796978528] [local_costmap.local_costmap]: Received request to clear entirely the local_costmap
[controller_server-2] [INFO] [1756743044.797843754] [controller_server]: Received a goal, begin computing control effort.
[controller_server-2] [INFO] [1756743044.938023213] [controller_server]: Passing new path to controller.
[controller_server-2] [WARN] [1756743044.938413735] [controller_server]: RegulatedPurePursuitController detected collision ahead!
[controller_server-2] [WARN] [1756743044.938444445] [controller_server]: Control loop missed its desired rate of 10.0000Hz
[controller_server-2] [WARN] [1756743044.938707996] [controller_server]: RegulatedPurePursuitController detected collision ahead!
[controller_server-2] [WARN] [1756743044.998915580] [controller_server]: RegulatedPurePursuitController detected collision ahead!
[controller_server-2] [WARN] [1756743045.099068959] [controller_server]: RegulatedPurePursuitController detected collision ahead!
[controller_server-2] [WARN] [1756743045.199128726] [controller_server]: RegulatedPurePursuitController detected collision ahead!
[controller_server-2] [WARN] [1756743045.299065868] [controller_server]: RegulatedPurePursuitController detected collision ahead!
[controller_server-2] [WARN] [1756743045.399039707] [controller_server]: RegulatedPurePursuitController detected collision ahead!
[controller_server-2] [WARN] [1756743045.499116829] [controller_server]: RegulatedPurePursuitController detected collision ahead!
[controller_server-2] [WARN] [1756743045.599077354] [controller_server]: RegulatedPurePursuitController detected collision ahead!
[controller_server-2] [WARN] [1756743045.699061621] [controller_server]: RegulatedPurePursuitController detected collision ahead!
[controller_server-2] [WARN] [1756743045.799084592] [controller_server]: RegulatedPurePursuitController detected collision ahead!
[controller_server-2] [INFO] [1756743045.898056246] [controller_server]: Passing new path to controller.
[controller_server-2] [WARN] [1756743045.899284161] [controller_server]: RegulatedPurePursuitController detected collision ahead!
[controller_server-2] [WARN] [1756743045.999145726] [controller_server]: RegulatedPurePursuitController detected collision ahead!
[controller_server-2] [WARN] [1756743046.099136580] [controller_server]: RegulatedPurePursuitController detected collision ahead!
[controller_server-2] [WARN] [1756743046.198912206] [controller_server]: RegulatedPurePursuitController detected collision ahead!
[controller_server-2] [WARN] [1756743046.299161442] [controller_server]: RegulatedPurePursuitController detected collision ahead!
[controller_server-2] [WARN] [1756743046.399137328] [controller_server]: RegulatedPurePursuitController detected collision ahead!
[controller_server-2] [WARN] [1756743046.499140390] [controller_server]: RegulatedPurePursuitController detected collision ahead!
[controller_server-2] [WARN] [1756743046.599055123] [controller_server]: RegulatedPurePursuitController detected collision ahead!
[controller_server-2] [WARN] [1756743046.699061524] [controller_server]: RegulatedPurePursuitController detected collision ahead!
[controller_server-2] [WARN] [1756743046.799059966] [controller_server]: RegulatedPurePursuitController detected collision ahead!
[controller_server-2] [ERROR] [1756743046.799156301] [controller_server]: Controller patience exceeded
[controller_server-2] [WARN] [1756743046.799233013] [controller_server]: [follow_path] [ActionServer] Aborting handle.
[behavior_server-5] [INFO] [1756743046.817519380] [behavior_server]: Running spin
[behavior_server-5] [INFO] [1756743046.817682456] [behavior_server]: Turning 1.57 for spin behavior.
[behavior_server-5] [WARN] [1756743046.918026563] [behavior_server]: Collision Ahead - Exiting Spin
[behavior_server-5] [WARN] [1756743046.918093749] [behavior_server]: spin failed
[behavior_server-5] [WARN] [1756743046.918116334] [behavior_server]: [spin] [ActionServer] Aborting handle.
[behavior_server-5] [INFO] [1756743046.947346385] [behavior_server]: Running wait
[behavior_server-5] [INFO] [1756743051.947620906] [behavior_server]: wait completed successfully
[controller_server-2] [INFO] [1756743051.997123596] [controller_server]: Received a goal, begin computing control effort.
[controller_server-2] [WARN] [1756743051.997903967] [controller_server]: RegulatedPurePursuitController detected collision ahead!
[controller_server-2] [WARN] [1756743052.098304083] [controller_server]: RegulatedPurePursuitController detected collision ahead!
[controller_server-2] [WARN] [1756743052.198320640] [controller_server]: RegulatedPurePursuitController detected collision ahead!
[controller_server-2] [WARN] [1756743052.298370650] [controller_server]: RegulatedPurePursuitController detected collision ahead!
[controller_server-2] [WARN] [1756743052.398306376] [controller_server]: RegulatedPurePursuitController detected collision ahead!
[controller_server-2] [WARN] [1756743052.498608477] [controller_server]: RegulatedPurePursuitController detected collision ahead!
[controller_server-2] [WARN] [1756743052.598387180] [controller_server]: RegulatedPurePursuitController detected collision ahead!
[controller_server-2] [WARN] [1756743052.698240020] [controller_server]: RegulatedPurePursuitController detected collision ahead!
[controller_server-2] [WARN] [1756743052.798305549] [controller_server]: RegulatedPurePursuitController detected collision ahead!
[controller_server-2] [WARN] [1756743052.898328701] [controller_server]: RegulatedPurePursuitController detected collision ahead!
[controller_server-2] [WARN] [1756743052.998393363] [controller_server]: RegulatedPurePursuitController detected collision ahead!
[controller_server-2] [INFO] [1756743053.097312046] [controller_server]: Passing new path to controller.
[controller_server-2] [WARN] [1756743053.098542886] [controller_server]: RegulatedPurePursuitController detected collision ahead!
[controller_server-2] [WARN] [1756743053.198328110] [controller_server]: RegulatedPurePursuitController detected collision ahead!
[controller_server-2] [WARN] [1756743053.298295591] [controller_server]: RegulatedPurePursuitController detected collision ahead!
[controller_server-2] [WARN] [1756743053.398247082] [controller_server]: RegulatedPurePursuitController detected collision ahead!
[controller_server-2] [WARN] [1756743053.498393433] [controller_server]: RegulatedPurePursuitController detected collision ahead!
[controller_server-2] [WARN] [1756743053.598541813] [controller_server]: RegulatedPurePursuitController detected collision ahead!
[controller_server-2] [WARN] [1756743053.698394271] [controller_server]: RegulatedPurePursuitController detected collision ahead!
[controller_server-2] [WARN] [1756743053.798401570] [controller_server]: RegulatedPurePursuitController detected collision ahead!
[controller_server-2] [WARN] [1756743053.898464224] [controller_server]: RegulatedPurePursuitController detected collision ahead!
[controller_server-2] [WARN] [1756743053.998323160] [controller_server]: RegulatedPurePursuitController detected collision ahead!
[controller_server-2] [ERROR] [1756743053.998416922] [controller_server]: Controller patience exceeded
[controller_server-2] [WARN] [1756743053.998496660] [controller_server]: [follow_path] [ActionServer] Aborting handle.
[controller_server-2] [INFO] [1756743054.016946297] [local_costmap.local_costmap]: Received request to clear entirely the local_costmap
[controller_server-2] [INFO] [1756743054.018091675] [controller_server]: Received a goal, begin computing control effort.
[controller_server-2] [INFO] [1756743054.138278027] [controller_server]: Passing new path to controller.
[controller_server-2] [WARN] [1756743054.138799719] [controller_server]: RegulatedPurePursuitController detected collision ahead!
[controller_server-2] [WARN] [1756743054.138845674] [controller_server]: Control loop missed its desired rate of 10.0000Hz
[controller_server-2] [WARN] [1756743054.139204785] [controller_server]: RegulatedPurePursuitController detected collision ahead!
[controller_server-2] [WARN] [1756743054.218647526] [controller_server]: RegulatedPurePursuitController detected collision ahead!
[controller_server-2] [WARN] [1756743054.318461881] [controller_server]: RegulatedPurePursuitController detected collision ahead!
[controller_server-2] [WARN] [1756743054.419306652] [controller_server]: RegulatedPurePursuitController detected collision ahead!
[controller_server-2] [WARN] [1756743054.519985589] [controller_server]: RegulatedPurePursuitController detected collision ahead!
[controller_server-2] [WARN] [1756743054.619299440] [controller_server]: RegulatedPurePursuitController detected collision ahead!
[controller_server-2] [WARN] [1756743054.719300042] [controller_server]: RegulatedPurePursuitController detected collision ahead!
[controller_server-2] [WARN] [1756743054.819382742] [controller_server]: RegulatedPurePursuitController detected collision ahead!
[controller_server-2] [WARN] [1756743054.919392754] [controller_server]: RegulatedPurePursuitController detected collision ahead!
[controller_server-2] [WARN] [1756743055.019376425] [controller_server]: RegulatedPurePursuitController detected collision ahead!
[controller_server-2] [INFO] [1756743055.118364496] [controller_server]: Passing new path to controller.
[controller_server-2] [WARN] [1756743055.119653425] [controller_server]: RegulatedPurePursuitController detected collision ahead!
[controller_server-2] [WARN] [1756743055.219290065] [controller_server]: RegulatedPurePursuitController detected collision ahead!
[controller_server-2] [WARN] [1756743055.319404767] [controller_server]: RegulatedPurePursuitController detected collision ahead!
[controller_server-2] [WARN] [1756743055.419380458] [controller_server]: RegulatedPurePursuitController detected collision ahead!
[controller_server-2] [WARN] [1756743055.519389354] [controller_server]: RegulatedPurePursuitController detected collision ahead!
[controller_server-2] [WARN] [1756743055.619380438] [controller_server]: RegulatedPurePursuitController detected collision ahead!
[controller_server-2] [WARN] [1756743055.719392526] [controller_server]: RegulatedPurePursuitController detected collision ahead!
[controller_server-2] [WARN] [1756743055.818650527] [controller_server]: RegulatedPurePursuitController detected collision ahead!
[controller_server-2] [WARN] [1756743055.919329695] [controller_server]: RegulatedPurePursuitController detected collision ahead!
[controller_server-2] [WARN] [1756743056.019391596] [controller_server]: RegulatedPurePursuitController detected collision ahead!
[controller_server-2] [ERROR] [1756743056.019492281] [controller_server]: Controller patience exceeded
[controller_server-2] [WARN] [1756743056.019570399] [controller_server]: [follow_path] [ActionServer] Aborting handle.
[behavior_server-5] [INFO] [1756743056.037416723] [behavior_server]: Running backup
[behavior_server-5] [WARN] [1756743056.037857026] [behavior_server]: Collision Ahead - Exiting DriveOnHeading
[behavior_server-5] [WARN] [1756743056.037888795] [behavior_server]: backup failed
[behavior_server-5] [WARN] [1756743056.037907571] [behavior_server]: [backup] [ActionServer] Aborting handle.
[controller_server-2] [INFO] [1756743056.067041293] [local_costmap.local_costmap]: Received request to clear entirely the local_costmap
[planner_server-4] [INFO] [1756743056.067970195] [global_costmap.global_costmap]: Received request to clear entirely the global_costmap
[controller_server-2] [INFO] [1756743056.777607056] [controller_server]: Received a goal, begin computing control effort.
[controller_server-2] [WARN] [1756743056.778738472] [controller_server]: RegulatedPurePursuitController detected collision ahead!
[controller_server-2] [WARN] [1756743056.878301455] [controller_server]: RegulatedPurePursuitController detected collision ahead!
[controller_server-2] [WARN] [1756743056.978932775] [controller_server]: RegulatedPurePursuitController detected collision ahead!
[controller_server-2] [WARN] [1756743057.078854758] [controller_server]: RegulatedPurePursuitController detected collision ahead!
[controller_server-2] [WARN] [1756743057.178265162] [controller_server]: RegulatedPurePursuitController detected collision ahead!
[controller_server-2] [WARN] [1756743057.278843621] [controller_server]: RegulatedPurePursuitController detected collision ahead!
[controller_server-2] [WARN] [1756743057.378816579] [controller_server]: RegulatedPurePursuitController detected collision ahead!
[controller_server-2] [WARN] [1756743057.478837715] [controller_server]: RegulatedPurePursuitController detected collision ahead!
[controller_server-2] [WARN] [1756743057.578845346] [controller_server]: RegulatedPurePursuitController detected collision ahead!
[controller_server-2] [WARN] [1756743057.678833143] [controller_server]: RegulatedPurePursuitController detected collision ahead!
[controller_server-2] [WARN] [1756743057.778842302] [controller_server]: RegulatedPurePursuitController detected collision ahead!
[controller_server-2] [INFO] [1756743057.877826937] [controller_server]: Passing new path to controller.
[controller_server-2] [WARN] [1756743057.879020676] [controller_server]: RegulatedPurePursuitController detected collision ahead!
[controller_server-2] [WARN] [1756743057.978829574] [controller_server]: RegulatedPurePursuitController detected collision ahead!
[controller_server-2] [WARN] [1756743058.078895261] [controller_server]: RegulatedPurePursuitController detected collision ahead!
[controller_server-2] [ERROR] [1756743058.279070389] [controller_server]: Exception in transformPose: Lookup would require extrapolation into the future.  Requested time 1756743058.137643 but the latest data is at time 1756743057.970822, when looking up transform from frame [odom] to frame [map]
[controller_server-2] [WARN] [1756743058.279203062] [controller_server]: Unable to transform robot pose into global plan's frame
[controller_server-2] [WARN] [1756743058.279399686] [controller_server]: Control loop missed its desired rate of 10.0000Hz
[controller_server-2] [WARN] [1756743058.290387009] [controller_server]: RegulatedPurePursuitController detected collision ahead!
[controller_server-2] [WARN] [1756743058.378862529] [controller_server]: RegulatedPurePursuitController detected collision ahead!
[controller_server-2] [WARN] [1756743058.478836203] [controller_server]: RegulatedPurePursuitController detected collision ahead!
[controller_server-2] [WARN] [1756743058.578917159] [controller_server]: RegulatedPurePursuitController detected collision ahead!
[controller_server-2] [WARN] [1756743058.678841685] [controller_server]: RegulatedPurePursuitController detected collision ahead!
[controller_server-2] [WARN] [1756743058.778825339] [controller_server]: RegulatedPurePursuitController detected collision ahead!
[controller_server-2] [ERROR] [1756743058.778978954] [controller_server]: Controller patience exceeded
[controller_server-2] [WARN] [1756743058.779069808] [controller_server]: [follow_path] [ActionServer] Aborting handle.
[controller_server-2] [INFO] [1756743058.796942522] [local_costmap.local_costmap]: Received request to clear entirely the local_costmap
[controller_server-2] [INFO] [1756743058.797902018] [controller_server]: Received a goal, begin computing control effort.
[controller_server-2] [INFO] [1756743058.938065702] [controller_server]: Passing new path to controller.
[controller_server-2] [WARN] [1756743058.938731685] [controller_server]: RegulatedPurePursuitController detected collision ahead!
[controller_server-2] [WARN] [1756743058.938795820] [controller_server]: Control loop missed its desired rate of 10.0000Hz
[controller_server-2] [WARN] [1756743058.939374424] [controller_server]: RegulatedPurePursuitController detected collision ahead!
[controller_server-2] [WARN] [1756743058.999089985] [controller_server]: RegulatedPurePursuitController detected collision ahead!
[controller_server-2] [WARN] [1756743059.099185626] [controller_server]: RegulatedPurePursuitController detected collision ahead!
[controller_server-2] [WARN] [1756743059.198357378] [controller_server]: RegulatedPurePursuitController detected collision ahead!
[controller_server-2] [WARN] [1756743059.298237753] [controller_server]: RegulatedPurePursuitController detected collision ahead!
[controller_server-2] [WARN] [1756743059.409271322] [controller_server]: RegulatedPurePursuitController detected collision ahead!
[controller_server-2] [WARN] [1756743059.499096496] [controller_server]: RegulatedPurePursuitController detected collision ahead!
[controller_server-2] [WARN] [1756743059.599109143] [controller_server]: RegulatedPurePursuitController detected collision ahead!
[controller_server-2] [WARN] [1756743059.699174977] [controller_server]: RegulatedPurePursuitController detected collision ahead!
[controller_server-2] [WARN] [1756743059.799177464] [controller_server]: RegulatedPurePursuitController detected collision ahead!
[controller_server-2] [INFO] [1756743059.898162831] [controller_server]: Passing new path to controller.
[controller_server-2] [WARN] [1756743059.899319439] [controller_server]: RegulatedPurePursuitController detected collision ahead!
[controller_server-2] [WARN] [1756743059.999263810] [controller_server]: RegulatedPurePursuitController detected collision ahead!
[controller_server-2] [WARN] [1756743060.099160215] [controller_server]: RegulatedPurePursuitController detected collision ahead!
[controller_server-2] [WARN] [1756743060.199110689] [controller_server]: RegulatedPurePursuitController detected collision ahead!
[controller_server-2] [WARN] [1756743060.299093228] [controller_server]: RegulatedPurePursuitController detected collision ahead!
[controller_server-2] [WARN] [1756743060.399178044] [controller_server]: RegulatedPurePursuitController detected collision ahead!
[controller_server-2] [WARN] [1756743060.499380593] [controller_server]: RegulatedPurePursuitController detected collision ahead!
[controller_server-2] [WARN] [1756743060.599172889] [controller_server]: RegulatedPurePursuitController detected collision ahead!
[controller_server-2] [WARN] [1756743060.699098777] [controller_server]: RegulatedPurePursuitController detected collision ahead!
[controller_server-2] [WARN] [1756743060.799241017] [controller_server]: RegulatedPurePursuitController detected collision ahead!
[controller_server-2] [ERROR] [1756743060.799337391] [controller_server]: Controller patience exceeded
[controller_server-2] [WARN] [1756743060.799424516] [controller_server]: [follow_path] [ActionServer] Aborting handle.
[behavior_server-5] [INFO] [1756743060.816802733] [behavior_server]: Running spin
[behavior_server-5] [INFO] [1756743060.816859316] [behavior_server]: Turning 1.57 for spin behavior.
[behavior_server-5] [WARN] [1756743061.417325685] [behavior_server]: Collision Ahead - Exiting Spin
[behavior_server-5] [WARN] [1756743061.417420822] [behavior_server]: spin failed
[behavior_server-5] [WARN] [1756743061.417453711] [behavior_server]: [spin] [ActionServer] Aborting handle.
[behavior_server-5] [INFO] [1756743061.447282179] [behavior_server]: Running wait
[behavior_server-5] [INFO] [1756743066.447575188] [behavior_server]: wait completed successfully
[controller_server-2] [INFO] [1756743066.497433546] [controller_server]: Received a goal, begin computing control effort.
[controller_server-2] [WARN] [1756743066.498568099] [controller_server]: RegulatedPurePursuitController detected collision ahead!
[controller_server-2] [WARN] [1756743066.598732277] [controller_server]: RegulatedPurePursuitController detected collision ahead!
[controller_server-2] [WARN] [1756743066.698738740] [controller_server]: RegulatedPurePursuitController detected collision ahead!
[controller_server-2] [WARN] [1756743066.798734313] [controller_server]: RegulatedPurePursuitController detected collision ahead!
[controller_server-2] [WARN] [1756743066.898730286] [controller_server]: RegulatedPurePursuitController detected collision ahead!
[controller_server-2] [WARN] [1756743066.998756748] [controller_server]: RegulatedPurePursuitController detected collision ahead!
[controller_server-2] [WARN] [1756743067.098736598] [controller_server]: RegulatedPurePursuitController detected collision ahead!
[controller_server-2] [WARN] [1756743067.289440561] [controller_server]: RegulatedPurePursuitController detected collision ahead!
[controller_server-2] [WARN] [1756743067.298048260] [controller_server]: RegulatedPurePursuitController detected collision ahead!
[controller_server-2] [WARN] [1756743067.398679654] [controller_server]: RegulatedPurePursuitController detected collision ahead!
[controller_server-2] [WARN] [1756743067.498676807] [controller_server]: RegulatedPurePursuitController detected collision ahead!
[controller_server-2] [INFO] [1756743067.597659435] [controller_server]: Passing new path to controller.
[controller_server-2] [WARN] [1756743067.598886774] [controller_server]: RegulatedPurePursuitController detected collision ahead!
[controller_server-2] [WARN] [1756743067.698766477] [controller_server]: RegulatedPurePursuitController detected collision ahead!
[controller_server-2] [WARN] [1756743067.798684926] [controller_server]: RegulatedPurePursuitController detected collision ahead!
[controller_server-2] [WARN] [1756743067.898508592] [controller_server]: RegulatedPurePursuitController detected collision ahead!
[controller_server-2] [WARN] [1756743067.998749543] [controller_server]: RegulatedPurePursuitController detected collision ahead!
[controller_server-2] [WARN] [1756743068.098660959] [controller_server]: RegulatedPurePursuitController detected collision ahead!
[controller_server-2] [WARN] [1756743068.198743264] [controller_server]: RegulatedPurePursuitController detected collision ahead!
[controller_server-2] [WARN] [1756743068.298746273] [controller_server]: RegulatedPurePursuitController detected collision ahead!
[controller_server-2] [WARN] [1756743068.398751646] [controller_server]: RegulatedPurePursuitController detected collision ahead!
[controller_server-2] [WARN] [1756743068.498735648] [controller_server]: RegulatedPurePursuitController detected collision ahead!
[controller_server-2] [ERROR] [1756743068.498828200] [controller_server]: Controller patience exceeded
[controller_server-2] [WARN] [1756743068.498908997] [controller_server]: [follow_path] [ActionServer] Aborting handle.
[controller_server-2] [INFO] [1756743068.517071165] [local_costmap.local_costmap]: Received request to clear entirely the local_costmap
[controller_server-2] [INFO] [1756743068.518072656] [controller_server]: Received a goal, begin computing control effort.
[controller_server-2] [WARN] [1756743068.539073300] [controller_server]: RegulatedPurePursuitController detected collision ahead!
[controller_server-2] [INFO] [1756743068.618351743] [controller_server]: Passing new path to controller.
[controller_server-2] [WARN] [1756743068.619608402] [controller_server]: RegulatedPurePursuitController detected collision ahead!
[controller_server-2] [WARN] [1756743068.719326827] [controller_server]: RegulatedPurePursuitController detected collision ahead!
[controller_server-2] [WARN] [1756743068.819309099] [controller_server]: RegulatedPurePursuitController detected collision ahead!
[controller_server-2] [WARN] [1756743068.919314880] [controller_server]: RegulatedPurePursuitController detected collision ahead!
[controller_server-2] [WARN] [1756743069.019340250] [controller_server]: RegulatedPurePursuitController detected collision ahead!
[controller_server-2] [WARN] [1756743069.119302177] [controller_server]: RegulatedPurePursuitController detected collision ahead!
[controller_server-2] [WARN] [1756743069.219375817] [controller_server]: RegulatedPurePursuitController detected collision ahead!
[controller_server-2] [WARN] [1756743069.319381155] [controller_server]: RegulatedPurePursuitController detected collision ahead!
[bt_navigator-6] [INFO] [1756743069.376809771] [bt_navigator]: Received goal preemption request
[bt_navigator-6] [INFO] [1756743069.377248764] [bt_navigator]: Begin navigating from current location (2.00, 0.82) to (1.99, -0.06)
[controller_server-2] [WARN] [1756743069.419386661] [controller_server]: RegulatedPurePursuitController detected collision ahead!
[controller_server-2] [WARN] [1756743069.519308217] [controller_server]: RegulatedPurePursuitController detected collision ahead!
[controller_server-2] [INFO] [1756743069.618286869] [controller_server]: Passing new path to controller.
[controller_server-2] [WARN] [1756743069.619139926] [controller_server]: RegulatedPurePursuitController detected collision ahead!
[controller_server-2] [WARN] [1756743069.718945728] [controller_server]: RegulatedPurePursuitController detected collision ahead!
[controller_server-2] [WARN] [1756743069.818913874] [controller_server]: RegulatedPurePursuitController detected collision ahead!
[controller_server-2] [WARN] [1756743069.918776512] [controller_server]: RegulatedPurePursuitController detected collision ahead!
[controller_server-2] [WARN] [1756743070.019017598] [controller_server]: RegulatedPurePursuitController detected collision ahead!
[controller_server-2] [WARN] [1756743070.119018118] [controller_server]: RegulatedPurePursuitController detected collision ahead!
[controller_server-2] [WARN] [1756743070.219245237] [controller_server]: RegulatedPurePursuitController detected collision ahead!
[controller_server-2] [WARN] [1756743070.319110923] [controller_server]: RegulatedPurePursuitController detected collision ahead!
[controller_server-2] [WARN] [1756743070.419031429] [controller_server]: RegulatedPurePursuitController detected collision ahead!
[controller_server-2] [WARN] [1756743070.519023897] [controller_server]: RegulatedPurePursuitController detected collision ahead!
[controller_server-2] [ERROR] [1756743070.519114984] [controller_server]: Controller patience exceeded
[controller_server-2] [WARN] [1756743070.519191605] [controller_server]: [follow_path] [ActionServer] Aborting handle.
[bt_navigator-6] [WARN] [1756743070.546696269] [bt_navigator]: [navigate_to_pose] [ActionServer] Aborting handle.
[bt_navigator-6] [ERROR] [1756743070.546984885] [bt_navigator]: Goal failed
[bt_navigator-6] [INFO] [1756743076.046893757] [bt_navigator]: Begin navigating from current location (2.00, 0.82) to (0.85, 2.59)
[controller_server-2] [INFO] [1756743076.067935276] [controller_server]: Received a goal, begin computing control effort.
[controller_server-2] [WARN] [1756743076.069035335] [controller_server]: RegulatedPurePursuitController detected collision ahead!
[controller_server-2] [WARN] [1756743076.169155918] [controller_server]: RegulatedPurePursuitController detected collision ahead!
[controller_server-2] [WARN] [1756743076.269124103] [controller_server]: RegulatedPurePursuitController detected collision ahead!
[controller_server-2] [WARN] [1756743076.369203789] [controller_server]: RegulatedPurePursuitController detected collision ahead!
[controller_server-2] [WARN] [1756743076.469145038] [controller_server]: RegulatedPurePursuitController detected collision ahead!
[controller_server-2] [WARN] [1756743076.568748079] [controller_server]: RegulatedPurePursuitController detected collision ahead!
[controller_server-2] [WARN] [1756743076.668544343] [controller_server]: RegulatedPurePursuitController detected collision ahead!
[controller_server-2] [WARN] [1756743076.768811036] [controller_server]: RegulatedPurePursuitController detected collision ahead!
[controller_server-2] [WARN] [1756743076.869146608] [controller_server]: RegulatedPurePursuitController detected collision ahead!
[controller_server-2] [WARN] [1756743076.969123517] [controller_server]: RegulatedPurePursuitController detected collision ahead!
[controller_server-2] [WARN] [1756743077.069137667] [controller_server]: RegulatedPurePursuitController detected collision ahead!
[controller_server-2] [INFO] [1756743077.168161730] [controller_server]: Passing new path to controller.
[controller_server-2] [WARN] [1756743077.169357275] [controller_server]: RegulatedPurePursuitController detected collision ahead!
[controller_server-2] [WARN] [1756743077.269121849] [controller_server]: RegulatedPurePursuitController detected collision ahead!
[controller_server-2] [WARN] [1756743077.369008892] [controller_server]: RegulatedPurePursuitController detected collision ahead!
[controller_server-2] [WARN] [1756743077.468421567] [controller_server]: RegulatedPurePursuitController detected collision ahead!
[controller_server-2] [WARN] [1756743077.568376621] [controller_server]: RegulatedPurePursuitController detected collision ahead!
[controller_server-2] [WARN] [1756743077.669129144] [controller_server]: RegulatedPurePursuitController detected collision ahead!
[controller_server-2] [WARN] [1756743077.769121419] [controller_server]: RegulatedPurePursuitController detected collision ahead!
[controller_server-2] [WARN] [1756743077.869119744] [controller_server]: RegulatedPurePursuitController detected collision ahead!
[controller_server-2] [WARN] [1756743077.969192133] [controller_server]: RegulatedPurePursuitController detected collision ahead!
[controller_server-2] [WARN] [1756743078.068411586] [controller_server]: RegulatedPurePursuitController detected collision ahead!
[controller_server-2] [ERROR] [1756743078.068449540] [controller_server]: Controller patience exceeded
[controller_server-2] [WARN] [1756743078.068480941] [controller_server]: [follow_path] [ActionServer] Aborting handle.
[controller_server-2] [INFO] [1756743078.087387145] [local_costmap.local_costmap]: Received request to clear entirely the local_costmap
[controller_server-2] [INFO] [1756743078.088320670] [controller_server]: Received a goal, begin computing control effort.
[controller_server-2] [INFO] [1756743078.138523483] [controller_server]: Passing new path to controller.
[controller_server-2] [WARN] [1756743078.139534228] [controller_server]: RegulatedPurePursuitController detected collision ahead!
[controller_server-2] [WARN] [1756743078.189505638] [controller_server]: RegulatedPurePursuitController detected collision ahead!
[controller_server-2] [WARN] [1756743078.289521416] [controller_server]: RegulatedPurePursuitController detected collision ahead!
[controller_server-2] [WARN] [1756743078.490365589] [controller_server]: RegulatedPurePursuitController detected collision ahead!
[controller_server-2] [WARN] [1756743078.490579214] [controller_server]: Control loop missed its desired rate of 10.0000Hz
[controller_server-2] [WARN] [1756743078.491446963] [controller_server]: RegulatedPurePursuitController detected collision ahead!
[controller_server-2] [WARN] [1756743078.589023563] [controller_server]: RegulatedPurePursuitController detected collision ahead!
[controller_server-2] [WARN] [1756743078.689460020] [controller_server]: RegulatedPurePursuitController detected collision ahead!
[controller_server-2] [WARN] [1756743078.789459713] [controller_server]: RegulatedPurePursuitController detected collision ahead!
[controller_server-2] [WARN] [1756743078.889468702] [controller_server]: RegulatedPurePursuitController detected collision ahead!
[controller_server-2] [WARN] [1756743078.989463175] [controller_server]: RegulatedPurePursuitController detected collision ahead!
[controller_server-2] [WARN] [1756743079.089459812] [controller_server]: RegulatedPurePursuitController detected collision ahead!
[controller_server-2] [INFO] [1756743079.188469699] [controller_server]: Passing new path to controller.
[controller_server-2] [WARN] [1756743079.189657532] [controller_server]: RegulatedPurePursuitController detected collision ahead!
[controller_server-2] [WARN] [1756743079.289199857] [controller_server]: RegulatedPurePursuitController detected collision ahead!
[controller_server-2] [WARN] [1756743079.389453692] [controller_server]: RegulatedPurePursuitController detected collision ahead!
[controller_server-2] [WARN] [1756743079.489455622] [controller_server]: RegulatedPurePursuitController detected collision ahead!
[controller_server-2] [WARN] [1756743079.589471092] [controller_server]: RegulatedPurePursuitController detected collision ahead!
[controller_server-2] [WARN] [1756743079.689461887] [controller_server]: RegulatedPurePursuitController detected collision ahead!
[controller_server-2] [WARN] [1756743079.789458054] [controller_server]: RegulatedPurePursuitController detected collision ahead!
[controller_server-2] [WARN] [1756743079.889432946] [controller_server]: RegulatedPurePursuitController detected collision ahead!
[controller_server-2] [WARN] [1756743079.988906913] [controller_server]: RegulatedPurePursuitController detected collision ahead!
[controller_server-2] [WARN] [1756743080.089529214] [controller_server]: RegulatedPurePursuitController detected collision ahead!
[controller_server-2] [ERROR] [1756743080.089631042] [controller_server]: Controller patience exceeded
[controller_server-2] [WARN] [1756743080.089720523] [controller_server]: [follow_path] [ActionServer] Aborting handle.
[behavior_server-5] [INFO] [1756743080.107708060] [behavior_server]: Running backup
[behavior_server-5] [WARN] [1756743080.108108124] [behavior_server]: Collision Ahead - Exiting DriveOnHeading
[behavior_server-5] [WARN] [1756743080.108202844] [behavior_server]: backup failed
[behavior_server-5] [WARN] [1756743080.108223191] [behavior_server]: [backup] [ActionServer] Aborting handle.
[controller_server-2] [INFO] [1756743080.137379722] [local_costmap.local_costmap]: Received request to clear entirely the local_costmap
[planner_server-4] [INFO] [1756743080.138185614] [global_costmap.global_costmap]: Received request to clear entirely the global_costmap
[controller_server-2] [INFO] [1756743080.777880630] [controller_server]: Received a goal, begin computing control effort.
[controller_server-2] [WARN] [1756743080.778978777] [controller_server]: RegulatedPurePursuitController detected collision ahead!
[controller_server-2] [WARN] [1756743080.879166836] [controller_server]: RegulatedPurePursuitController detected collision ahead!
[controller_server-2] [WARN] [1756743080.979061240] [controller_server]: RegulatedPurePursuitController detected collision ahead!
[controller_server-2] [WARN] [1756743081.078984627] [controller_server]: RegulatedPurePursuitController detected collision ahead!
[controller_server-2] [WARN] [1756743081.178733230] [controller_server]: RegulatedPurePursuitController detected collision ahead!
[controller_server-2] [WARN] [1756743081.278283839] [controller_server]: RegulatedPurePursuitController detected collision ahead!
[controller_server-2] [WARN] [1756743081.378844126] [controller_server]: RegulatedPurePursuitController detected collision ahead!
[controller_server-2] [WARN] [1756743081.479102159] [controller_server]: RegulatedPurePursuitController detected collision ahead!
[controller_server-2] [WARN] [1756743081.579089284] [controller_server]: RegulatedPurePursuitController detected collision ahead!
[controller_server-2] [WARN] [1756743081.679089352] [controller_server]: RegulatedPurePursuitController detected collision ahead!
[controller_server-2] [WARN] [1756743081.779093862] [controller_server]: RegulatedPurePursuitController detected collision ahead!
[controller_server-2] [INFO] [1756743081.878107296] [controller_server]: Passing new path to controller.
[controller_server-2] [WARN] [1756743081.879274955] [controller_server]: RegulatedPurePursuitController detected collision ahead!
[controller_server-2] [WARN] [1756743082.070176429] [controller_server]: RegulatedPurePursuitController detected collision ahead!
[controller_server-2] [WARN] [1756743082.079135071] [controller_server]: RegulatedPurePursuitController detected collision ahead!
[controller_server-2] [WARN] [1756743082.178717548] [controller_server]: RegulatedPurePursuitController detected collision ahead!
[controller_server-2] [WARN] [1756743082.278277173] [controller_server]: RegulatedPurePursuitController detected collision ahead!
[controller_server-2] [WARN] [1756743082.378278347] [controller_server]: RegulatedPurePursuitController detected collision ahead!
[controller_server-2] [WARN] [1756743082.478284654] [controller_server]: RegulatedPurePursuitController detected collision ahead!
[controller_server-2] [WARN] [1756743082.579092457] [controller_server]: RegulatedPurePursuitController detected collision ahead!
[controller_server-2] [WARN] [1756743082.679082463] [controller_server]: RegulatedPurePursuitController detected collision ahead!
[controller_server-2] [WARN] [1756743082.778931674] [controller_server]: RegulatedPurePursuitController detected collision ahead!
[controller_server-2] [ERROR] [1756743082.779020761] [controller_server]: Controller patience exceeded
[controller_server-2] [WARN] [1756743082.779095947] [controller_server]: [follow_path] [ActionServer] Aborting handle.
[controller_server-2] [INFO] [1756743082.797585399] [local_costmap.local_costmap]: Received request to clear entirely the local_costmap
[controller_server-2] [INFO] [1756743082.798925977] [controller_server]: Received a goal, begin computing control effort.
[explore-10] [ERROR] [1756743082.909830475] [explore_node]: Extrapolation Error looking up robot pose: Lookup would require extrapolation into the future.  Requested time 1756743082.605963 but the latest data is at time 1756743082.566307, when looking up transform from frame [base_link] to frame [map]
[explore-10] 
[controller_server-2] [INFO] [1756743082.939168624] [controller_server]: Passing new path to controller.
[controller_server-2] [WARN] [1756743082.991215984] [controller_server]: RegulatedPurePursuitController detected collision ahead!
[controller_server-2] [WARN] [1756743082.991448176] [controller_server]: Control loop missed its desired rate of 10.0000Hz
[controller_server-2] [WARN] [1756743082.992339093] [controller_server]: RegulatedPurePursuitController detected collision ahead!
[controller_server-2] [WARN] [1756743082.999810099] [controller_server]: RegulatedPurePursuitController detected collision ahead!
[controller_server-2] [WARN] [1756743083.099822064] [controller_server]: RegulatedPurePursuitController detected collision ahead!
[controller_server-2] [WARN] [1756743083.200002087] [controller_server]: RegulatedPurePursuitController detected collision ahead!
[controller_server-2] [WARN] [1756743083.300081290] [controller_server]: RegulatedPurePursuitController detected collision ahead!
[controller_server-2] [WARN] [1756743083.399349595] [controller_server]: RegulatedPurePursuitController detected collision ahead!
[controller_server-2] [WARN] [1756743083.500164983] [controller_server]: RegulatedPurePursuitController detected collision ahead!
[controller_server-2] [WARN] [1756743083.600143072] [controller_server]: RegulatedPurePursuitController detected collision ahead!
[controller_server-2] [WARN] [1756743083.700076516] [controller_server]: RegulatedPurePursuitController detected collision ahead!
[controller_server-2] [WARN] [1756743083.799756022] [controller_server]: RegulatedPurePursuitController detected collision ahead!
[controller_server-2] [INFO] [1756743083.899062590] [controller_server]: Passing new path to controller.
[controller_server-2] [WARN] [1756743083.899493357] [controller_server]: RegulatedPurePursuitController detected collision ahead!
[controller_server-2] [WARN] [1756743084.000185975] [controller_server]: RegulatedPurePursuitController detected collision ahead!
[controller_server-2] [WARN] [1756743084.100152800] [controller_server]: RegulatedPurePursuitController detected collision ahead!
[controller_server-2] [WARN] [1756743084.200063305] [controller_server]: RegulatedPurePursuitController detected collision ahead!
[controller_server-2] [WARN] [1756743084.300066114] [controller_server]: RegulatedPurePursuitController detected collision ahead!
[controller_server-2] [WARN] [1756743084.400071127] [controller_server]: RegulatedPurePursuitController detected collision ahead!
[controller_server-2] [WARN] [1756743084.500154939] [controller_server]: RegulatedPurePursuitController detected collision ahead!
[controller_server-2] [WARN] [1756743084.600195633] [controller_server]: RegulatedPurePursuitController detected collision ahead!
[controller_server-2] [WARN] [1756743084.700066643] [controller_server]: RegulatedPurePursuitController detected collision ahead!
[controller_server-2] [WARN] [1756743084.800056701] [controller_server]: RegulatedPurePursuitController detected collision ahead!
[controller_server-2] [ERROR] [1756743084.800152953] [controller_server]: Controller patience exceeded
[controller_server-2] [WARN] [1756743084.800228156] [controller_server]: [follow_path] [ActionServer] Aborting handle.
[behavior_server-5] [INFO] [1756743084.817779620] [behavior_server]: Running spin
[behavior_server-5] [INFO] [1756743084.818002946] [behavior_server]: Turning 1.57 for spin behavior.
[behavior_server-5] [WARN] [1756743084.918405331] [behavior_server]: Collision Ahead - Exiting Spin
[behavior_server-5] [WARN] [1756743084.918475684] [behavior_server]: spin failed
[behavior_server-5] [WARN] [1756743084.918499395] [behavior_server]: [spin] [ActionServer] Aborting handle.
[behavior_server-5] [INFO] [1756743084.947655724] [behavior_server]: Running wait
[behavior_server-5] [INFO] [1756743089.947949492] [behavior_server]: wait completed successfully
[controller_server-2] [INFO] [1756743089.997858882] [controller_server]: Received a goal, begin computing control effort.
[controller_server-2] [WARN] [1756743089.999087227] [controller_server]: RegulatedPurePursuitController detected collision ahead!
[controller_server-2] [WARN] [1756743090.099058250] [controller_server]: RegulatedPurePursuitController detected collision ahead!
[controller_server-2] [WARN] [1756743090.199025294] [controller_server]: RegulatedPurePursuitController detected collision ahead!
[controller_server-2] [WARN] [1756743090.298847482] [controller_server]: RegulatedPurePursuitController detected collision ahead!
[controller_server-2] [WARN] [1756743090.399110572] [controller_server]: RegulatedPurePursuitController detected collision ahead!
[controller_server-2] [WARN] [1756743090.499124104] [controller_server]: RegulatedPurePursuitController detected collision ahead!
[controller_server-2] [WARN] [1756743090.599265295] [controller_server]: RegulatedPurePursuitController detected collision ahead!
[controller_server-2] [WARN] [1756743090.699058991] [controller_server]: RegulatedPurePursuitController detected collision ahead!
[controller_server-2] [WARN] [1756743090.799044024] [controller_server]: RegulatedPurePursuitController detected collision ahead!
[controller_server-2] [WARN] [1756743090.898532917] [controller_server]: RegulatedPurePursuitController detected collision ahead!
[controller_server-2] [WARN] [1756743090.998930065] [controller_server]: RegulatedPurePursuitController detected collision ahead!
[controller_server-2] [INFO] [1756743091.098057806] [controller_server]: Passing new path to controller.
[controller_server-2] [WARN] [1756743091.098704111] [controller_server]: RegulatedPurePursuitController detected collision ahead!
[controller_server-2] [WARN] [1756743091.198821335] [controller_server]: RegulatedPurePursuitController detected collision ahead!
[controller_server-2] [WARN] [1756743091.299014994] [controller_server]: RegulatedPurePursuitController detected collision ahead!
[controller_server-2] [WARN] [1756743091.399056699] [controller_server]: RegulatedPurePursuitController detected collision ahead!
[controller_server-2] [WARN] [1756743091.499057103] [controller_server]: RegulatedPurePursuitController detected collision ahead!
[controller_server-2] [WARN] [1756743091.599050582] [controller_server]: RegulatedPurePursuitController detected collision ahead!
[controller_server-2] [WARN] [1756743091.699049052] [controller_server]: RegulatedPurePursuitController detected collision ahead!
[controller_server-2] [WARN] [1756743091.798963947] [controller_server]: RegulatedPurePursuitController detected collision ahead!
[controller_server-2] [WARN] [1756743091.899118063] [controller_server]: RegulatedPurePursuitController detected collision ahead!
[controller_server-2] [WARN] [1756743091.999135812] [controller_server]: RegulatedPurePursuitController detected collision ahead!
[controller_server-2] [ERROR] [1756743091.999232151] [controller_server]: Controller patience exceeded
[controller_server-2] [WARN] [1756743091.999310476] [controller_server]: [follow_path] [ActionServer] Aborting handle.
[controller_server-2] [INFO] [1756743092.017654372] [local_costmap.local_costmap]: Received request to clear entirely the local_costmap
[controller_server-2] [INFO] [1756743092.018766004] [controller_server]: Received a goal, begin computing control effort.
[controller_server-2] [INFO] [1756743092.138959127] [controller_server]: Passing new path to controller.
[controller_server-2] [WARN] [1756743092.140474470] [controller_server]: RegulatedPurePursuitController detected collision ahead!
[controller_server-2] [WARN] [1756743092.140613197] [controller_server]: Control loop missed its desired rate of 10.0000Hz
[controller_server-2] [WARN] [1756743092.141491771] [controller_server]: RegulatedPurePursuitController detected collision ahead!
[controller_server-2] [WARN] [1756743092.290706495] [controller_server]: RegulatedPurePursuitController detected collision ahead!
[controller_server-2] [WARN] [1756743092.319882586] [controller_server]: RegulatedPurePursuitController detected collision ahead!
[controller_server-2] [WARN] [1756743092.419493593] [controller_server]: RegulatedPurePursuitController detected collision ahead!
[controller_server-2] [WARN] [1756743092.519978515] [controller_server]: RegulatedPurePursuitController detected collision ahead!
[controller_server-2] [WARN] [1756743092.619979855] [controller_server]: RegulatedPurePursuitController detected collision ahead!
[controller_server-2] [WARN] [1756743092.719945922] [controller_server]: RegulatedPurePursuitController detected collision ahead!
[controller_server-2] [WARN] [1756743092.819944504] [controller_server]: RegulatedPurePursuitController detected collision ahead!
[controller_server-2] [WARN] [1756743092.919972911] [controller_server]: RegulatedPurePursuitController detected collision ahead!
[controller_server-2] [WARN] [1756743093.020075688] [controller_server]: RegulatedPurePursuitController detected collision ahead!
[controller_server-2] [INFO] [1756743093.118964707] [controller_server]: Passing new path to controller.
[controller_server-2] [WARN] [1756743093.120187158] [controller_server]: RegulatedPurePursuitController detected collision ahead!
[controller_server-2] [WARN] [1756743093.220061708] [controller_server]: RegulatedPurePursuitController detected collision ahead!
[controller_server-2] [WARN] [1756743093.319978333] [controller_server]: RegulatedPurePursuitController detected collision ahead!
[controller_server-2] [WARN] [1756743093.420044276] [controller_server]: RegulatedPurePursuitController detected collision ahead!
[controller_server-2] [WARN] [1756743093.520060851] [controller_server]: RegulatedPurePursuitController detected collision ahead!
[controller_server-2] [WARN] [1756743093.620053884] [controller_server]: RegulatedPurePursuitController detected collision ahead!
[controller_server-2] [WARN] [1756743093.720054296] [controller_server]: RegulatedPurePursuitController detected collision ahead!
[controller_server-2] [WARN] [1756743093.820031233] [controller_server]: RegulatedPurePursuitController detected collision ahead!
[controller_server-2] [WARN] [1756743093.920035215] [controller_server]: RegulatedPurePursuitController detected collision ahead!
[controller_server-2] [WARN] [1756743094.020042885] [controller_server]: RegulatedPurePursuitController detected collision ahead!
[controller_server-2] [ERROR] [1756743094.020143088] [controller_server]: Controller patience exceeded
[controller_server-2] [WARN] [1756743094.020223947] [controller_server]: [follow_path] [ActionServer] Aborting handle.
[behavior_server-5] [INFO] [1756743094.037584549] [behavior_server]: Running backup
[behavior_server-5] [WARN] [1756743094.037916643] [behavior_server]: Collision Ahead - Exiting DriveOnHeading
[behavior_server-5] [WARN] [1756743094.037951218] [behavior_server]: backup failed
[behavior_server-5] [WARN] [1756743094.037967941] [behavior_server]: [backup] [ActionServer] Aborting handle.
[controller_server-2] [INFO] [1756743094.067407214] [local_costmap.local_costmap]: Received request to clear entirely the local_costmap
[planner_server-4] [INFO] [1756743094.068054756] [global_costmap.global_costmap]: Received request to clear entirely the global_costmap
[controller_server-2] [INFO] [1756743094.777550271] [controller_server]: Received a goal, begin computing control effort.
[controller_server-2] [WARN] [1756743094.778202450] [controller_server]: RegulatedPurePursuitController detected collision ahead!
[controller_server-2] [WARN] [1756743094.878699919] [controller_server]: RegulatedPurePursuitController detected collision ahead!
[controller_server-2] [WARN] [1756743094.978811808] [controller_server]: RegulatedPurePursuitController detected collision ahead!
[controller_server-2] [WARN] [1756743095.078717696] [controller_server]: RegulatedPurePursuitController detected collision ahead!
[controller_server-2] [WARN] [1756743095.178603618] [controller_server]: RegulatedPurePursuitController detected collision ahead!
[controller_server-2] [WARN] [1756743095.278487683] [controller_server]: RegulatedPurePursuitController detected collision ahead!
[controller_server-2] [WARN] [1756743095.378751843] [controller_server]: RegulatedPurePursuitController detected collision ahead!
[controller_server-2] [WARN] [1756743095.478693249] [controller_server]: RegulatedPurePursuitController detected collision ahead!
[controller_server-2] [WARN] [1756743095.578414103] [controller_server]: RegulatedPurePursuitController detected collision ahead!
[controller_server-2] [WARN] [1756743095.678697128] [controller_server]: RegulatedPurePursuitController detected collision ahead!
[controller_server-2] [WARN] [1756743095.778603068] [controller_server]: RegulatedPurePursuitController detected collision ahead!
[controller_server-2] [INFO] [1756743095.877716572] [controller_server]: Passing new path to controller.
[controller_server-2] [WARN] [1756743095.878952219] [controller_server]: RegulatedPurePursuitController detected collision ahead!
[controller_server-2] [WARN] [1756743095.978778204] [controller_server]: RegulatedPurePursuitController detected collision ahead!
[controller_server-2] [WARN] [1756743096.078763817] [controller_server]: RegulatedPurePursuitController detected collision ahead!
[controller_server-2] [WARN] [1756743096.178167664] [controller_server]: RegulatedPurePursuitController detected collision ahead!
[controller_server-2] [WARN] [1756743096.277888542] [controller_server]: RegulatedPurePursuitController detected collision ahead!
[controller_server-2] [WARN] [1756743096.377951495] [controller_server]: RegulatedPurePursuitController detected collision ahead!
[controller_server-2] [WARN] [1756743096.478701503] [controller_server]: RegulatedPurePursuitController detected collision ahead!
[controller_server-2] [WARN] [1756743096.628680351] [controller_server]: RegulatedPurePursuitController detected collision ahead!
[controller_server-2] [WARN] [1756743096.678521146] [controller_server]: RegulatedPurePursuitController detected collision ahead!
[controller_server-2] [WARN] [1756743096.778774736] [controller_server]: RegulatedPurePursuitController detected collision ahead!
[controller_server-2] [ERROR] [1756743096.778876197] [controller_server]: Controller patience exceeded
[controller_server-2] [WARN] [1756743096.778960532] [controller_server]: [follow_path] [ActionServer] Aborting handle.
[controller_server-2] [INFO] [1756743096.797595712] [local_costmap.local_costmap]: Received request to clear entirely the local_costmap
[controller_server-2] [INFO] [1756743096.798740007] [controller_server]: Received a goal, begin computing control effort.
[controller_server-2] [INFO] [1756743096.939022196] [controller_server]: Passing new path to controller.
[controller_server-2] [WARN] [1756743096.940286698] [controller_server]: RegulatedPurePursuitController detected collision ahead!
[controller_server-2] [WARN] [1756743096.940396669] [controller_server]: Control loop missed its desired rate of 10.0000Hz
[controller_server-2] [WARN] [1756743096.941246420] [controller_server]: RegulatedPurePursuitController detected collision ahead!
[controller_server-2] [WARN] [1756743097.000056651] [controller_server]: RegulatedPurePursuitController detected collision ahead!
[controller_server-2] [WARN] [1756743097.099936122] [controller_server]: RegulatedPurePursuitController detected collision ahead!
[controller_server-2] [WARN] [1756743097.200037296] [controller_server]: RegulatedPurePursuitController detected collision ahead!
[controller_server-2] [WARN] [1756743097.299926729] [controller_server]: RegulatedPurePursuitController detected collision ahead!
[controller_server-2] [WARN] [1756743097.399952218] [controller_server]: RegulatedPurePursuitController detected collision ahead!
[controller_server-2] [WARN] [1756743097.590460235] [controller_server]: RegulatedPurePursuitController detected collision ahead!
[controller_server-2] [WARN] [1756743097.600210922] [controller_server]: RegulatedPurePursuitController detected collision ahead!
[controller_server-2] [WARN] [1756743097.699818076] [controller_server]: RegulatedPurePursuitController detected collision ahead!
[controller_server-2] [WARN] [1756743097.799750270] [controller_server]: RegulatedPurePursuitController detected collision ahead!
[controller_server-2] [INFO] [1756743097.898958805] [controller_server]: Passing new path to controller.
[controller_server-2] [WARN] [1756743097.900146054] [controller_server]: RegulatedPurePursuitController detected collision ahead!
[controller_server-2] [WARN] [1756743097.999976025] [controller_server]: RegulatedPurePursuitController detected collision ahead!
[controller_server-2] [WARN] [1756743098.100070856] [controller_server]: RegulatedPurePursuitController detected collision ahead!
[controller_server-2] [WARN] [1756743098.199672654] [controller_server]: RegulatedPurePursuitController detected collision ahead!
[controller_server-2] [WARN] [1756743098.299651013] [controller_server]: RegulatedPurePursuitController detected collision ahead!
[controller_server-2] [WARN] [1756743098.399674173] [controller_server]: RegulatedPurePursuitController detected collision ahead!
[controller_server-2] [WARN] [1756743098.499983487] [controller_server]: RegulatedPurePursuitController detected collision ahead!
[controller_server-2] [WARN] [1756743098.599957684] [controller_server]: RegulatedPurePursuitController detected collision ahead!
[controller_server-2] [WARN] [1756743098.700036480] [controller_server]: RegulatedPurePursuitController detected collision ahead!
[controller_server-2] [WARN] [1756743098.800048944] [controller_server]: RegulatedPurePursuitController detected collision ahead!
[controller_server-2] [ERROR] [1756743098.800147772] [controller_server]: Controller patience exceeded
[controller_server-2] [WARN] [1756743098.800232713] [controller_server]: [follow_path] [ActionServer] Aborting handle.
[behavior_server-5] [INFO] [1756743098.817823845] [behavior_server]: Running spin
[behavior_server-5] [INFO] [1756743098.818027590] [behavior_server]: Turning 1.57 for spin behavior.
[behavior_server-5] [WARN] [1756743098.918405057] [behavior_server]: Collision Ahead - Exiting Spin
[behavior_server-5] [WARN] [1756743098.918471937] [behavior_server]: spin failed
[behavior_server-5] [WARN] [1756743098.918495135] [behavior_server]: [spin] [ActionServer] Aborting handle.
[behavior_server-5] [INFO] [1756743098.947774441] [behavior_server]: Running wait
[behavior_server-5] [INFO] [1756743103.948210116] [behavior_server]: wait completed successfully
[controller_server-2] [INFO] [1756743103.998022452] [controller_server]: Received a goal, begin computing control effort.
[controller_server-2] [WARN] [1756743103.999166367] [controller_server]: RegulatedPurePursuitController detected collision ahead!
[controller_server-2] [WARN] [1756743104.150831479] [controller_server]: RegulatedPurePursuitController detected collision ahead!
[controller_server-2] [WARN] [1756743104.200104603] [controller_server]: RegulatedPurePursuitController detected collision ahead!
[controller_server-2] [WARN] [1756743104.300073575] [controller_server]: RegulatedPurePursuitController detected collision ahead!
[controller_server-2] [WARN] [1756743104.399300002] [controller_server]: RegulatedPurePursuitController detected collision ahead!
[controller_server-2] [WARN] [1756743104.499272559] [controller_server]: RegulatedPurePursuitController detected collision ahead!
[controller_server-2] [WARN] [1756743104.598491472] [controller_server]: RegulatedPurePursuitController detected collision ahead!
[controller_server-2] [WARN] [1756743104.698857404] [controller_server]: RegulatedPurePursuitController detected collision ahead!
[controller_server-2] [WARN] [1756743104.799286493] [controller_server]: RegulatedPurePursuitController detected collision ahead!
[controller_server-2] [WARN] [1756743104.899363976] [controller_server]: RegulatedPurePursuitController detected collision ahead!
[controller_server-2] [WARN] [1756743104.999554061] [controller_server]: RegulatedPurePursuitController detected collision ahead!
[controller_server-2] [INFO] [1756743105.098381276] [controller_server]: Passing new path to controller.
[controller_server-2] [WARN] [1756743105.099619093] [controller_server]: RegulatedPurePursuitController detected collision ahead!
[controller_server-2] [WARN] [1756743105.199352346] [controller_server]: RegulatedPurePursuitController detected collision ahead!
[controller_server-2] [WARN] [1756743105.299362362] [controller_server]: RegulatedPurePursuitController detected collision ahead!
[controller_server-2] [WARN] [1756743105.399057902] [controller_server]: RegulatedPurePursuitController detected collision ahead!
[controller_server-2] [WARN] [1756743105.498894304] [controller_server]: RegulatedPurePursuitController detected collision ahead!
[controller_server-2] [WARN] [1756743105.598982225] [controller_server]: RegulatedPurePursuitController detected collision ahead!
[controller_server-2] [WARN] [1756743105.699295147] [controller_server]: RegulatedPurePursuitController detected collision ahead!
[controller_server-2] [WARN] [1756743105.799307242] [controller_server]: RegulatedPurePursuitController detected collision ahead!
[controller_server-2] [WARN] [1756743105.899300154] [controller_server]: RegulatedPurePursuitController detected collision ahead!
[controller_server-2] [WARN] [1756743105.999295463] [controller_server]: RegulatedPurePursuitController detected collision ahead!
[controller_server-2] [ERROR] [1756743105.999391488] [controller_server]: Controller patience exceeded
[controller_server-2] [WARN] [1756743105.999465456] [controller_server]: [follow_path] [ActionServer] Aborting handle.
[controller_server-2] [INFO] [1756743106.017335736] [local_costmap.local_costmap]: Received request to clear entirely the local_costmap
[controller_server-2] [INFO] [1756743106.018368087] [controller_server]: Received a goal, begin computing control effort.
[controller_server-2] [INFO] [1756743106.138640798] [controller_server]: Passing new path to controller.
[controller_server-2] [WARN] [1756743106.140396898] [controller_server]: RegulatedPurePursuitController detected collision ahead!
[controller_server-2] [WARN] [1756743106.140603140] [controller_server]: Control loop missed its desired rate of 10.0000Hz
[controller_server-2] [WARN] [1756743106.141482519] [controller_server]: RegulatedPurePursuitController detected collision ahead!
[controller_server-2] [WARN] [1756743106.219555777] [controller_server]: RegulatedPurePursuitController detected collision ahead!
[controller_server-2] [WARN] [1756743106.319549207] [controller_server]: RegulatedPurePursuitController detected collision ahead!
[rviz2-11] [ERROR] [1756743106.325271510] [rviz2]: Lookup would require extrapolation into the future.  Requested time 1756743106.295144 but the latest data is at time 1756743106.287767, when looking up transform from frame [laser] to frame [map]
[controller_server-2] [WARN] [1756743106.419557937] [controller_server]: RegulatedPurePursuitController detected collision ahead!
[controller_server-2] [WARN] [1756743106.519490140] [controller_server]: RegulatedPurePursuitController detected collision ahead!
[controller_server-2] [WARN] [1756743106.619315984] [controller_server]: RegulatedPurePursuitController detected collision ahead!
[controller_server-2] [WARN] [1756743106.719549866] [controller_server]: RegulatedPurePursuitController detected collision ahead!
[controller_server-2] [WARN] [1756743106.819548606] [controller_server]: RegulatedPurePursuitController detected collision ahead!
[controller_server-2] [WARN] [1756743106.919566474] [controller_server]: RegulatedPurePursuitController detected collision ahead!
[controller_server-2] [WARN] [1756743107.019555446] [controller_server]: RegulatedPurePursuitController detected collision ahead!
[controller_server-2] [INFO] [1756743107.118581227] [controller_server]: Passing new path to controller.
[controller_server-2] [WARN] [1756743107.119798579] [controller_server]: RegulatedPurePursuitController detected collision ahead!
[controller_server-2] [WARN] [1756743107.219561034] [controller_server]: RegulatedPurePursuitController detected collision ahead!
[controller_server-2] [WARN] [1756743107.319545848] [controller_server]: RegulatedPurePursuitController detected collision ahead!
[controller_server-2] [WARN] [1756743107.419569000] [controller_server]: RegulatedPurePursuitController detected collision ahead!
[controller_server-2] [WARN] [1756743107.519582923] [controller_server]: RegulatedPurePursuitController detected collision ahead!
[controller_server-2] [WARN] [1756743107.619564657] [controller_server]: RegulatedPurePursuitController detected collision ahead!
[controller_server-2] [WARN] [1756743107.719568867] [controller_server]: RegulatedPurePursuitController detected collision ahead!
[controller_server-2] [WARN] [1756743107.819544903] [controller_server]: RegulatedPurePursuitController detected collision ahead!
[controller_server-2] [WARN] [1756743107.919557577] [controller_server]: RegulatedPurePursuitController detected collision ahead!
[controller_server-2] [WARN] [1756743108.019559598] [controller_server]: RegulatedPurePursuitController detected collision ahead!
[controller_server-2] [ERROR] [1756743108.019655985] [controller_server]: Controller patience exceeded
[controller_server-2] [WARN] [1756743108.019752756] [controller_server]: [follow_path] [ActionServer] Aborting handle.
[behavior_server-5] [INFO] [1756743108.037709491] [behavior_server]: Running backup
[behavior_server-5] [WARN] [1756743108.038102047] [behavior_server]: Collision Ahead - Exiting DriveOnHeading
[behavior_server-5] [WARN] [1756743108.038133058] [behavior_server]: backup failed
[behavior_server-5] [WARN] [1756743108.038151408] [behavior_server]: [backup] [ActionServer] Aborting handle.
[controller_server-2] [INFO] [1756743108.067226496] [local_costmap.local_costmap]: Received request to clear entirely the local_costmap
[planner_server-4] [INFO] [1756743108.067709746] [global_costmap.global_costmap]: Received request to clear entirely the global_costmap
[controller_server-2] [INFO] [1756743108.777889958] [controller_server]: Received a goal, begin computing control effort.
[controller_server-2] [WARN] [1756743108.778979885] [controller_server]: RegulatedPurePursuitController detected collision ahead!
[controller_server-2] [WARN] [1756743108.879055479] [controller_server]: RegulatedPurePursuitController detected collision ahead!
[controller_server-2] [WARN] [1756743109.069938514] [controller_server]: RegulatedPurePursuitController detected collision ahead!
[controller_server-2] [WARN] [1756743109.079035235] [controller_server]: RegulatedPurePursuitController detected collision ahead!
[controller_server-2] [WARN] [1756743109.178606359] [controller_server]: RegulatedPurePursuitController detected collision ahead!
[controller_server-2] [WARN] [1756743109.279077341] [controller_server]: RegulatedPurePursuitController detected collision ahead!
[controller_server-2] [WARN] [1756743109.379073061] [controller_server]: RegulatedPurePursuitController detected collision ahead!
[controller_server-2] [WARN] [1756743109.479070030] [controller_server]: RegulatedPurePursuitController detected collision ahead!
[explore-10] [ERROR] [1756743109.574119913] [explore_node]: Extrapolation Error looking up robot pose: Lookup would require extrapolation into the future.  Requested time 1756743109.270405 but the latest data is at time 1756743109.037657, when looking up transform from frame [base_link] to frame [map]
[explore-10] 
[controller_server-2] [WARN] [1756743109.578262587] [controller_server]: RegulatedPurePursuitController detected collision ahead!
[controller_server-2] [WARN] [1756743109.769964449] [controller_server]: RegulatedPurePursuitController detected collision ahead!
[controller_server-2] [WARN] [1756743109.778751812] [controller_server]: RegulatedPurePursuitController detected collision ahead!
[bt_navigator-6] [INFO] [1756743109.787285674] [bt_navigator]: Received goal preemption request
[bt_navigator-6] [INFO] [1756743109.787407736] [bt_navigator]: Begin navigating from current location (2.00, 0.82) to (1.69, 1.58)
[controller_server-2] [INFO] [1756743109.878084137] [controller_server]: Passing new path to controller.
[controller_server-2] [WARN] [1756743109.878367452] [controller_server]: RegulatedPurePursuitController detected collision ahead!
[controller_server-2] [WARN] [1756743109.978293235] [controller_server]: RegulatedPurePursuitController detected collision ahead!
[controller_server-2] [WARN] [1756743110.079040000] [controller_server]: RegulatedPurePursuitController detected collision ahead!
[controller_server-2] [WARN] [1756743110.179053238] [controller_server]: RegulatedPurePursuitController detected collision ahead!
[controller_server-2] [WARN] [1756743110.279089332] [controller_server]: RegulatedPurePursuitController detected collision ahead!
[controller_server-2] [WARN] [1756743110.379083976] [controller_server]: RegulatedPurePursuitController detected collision ahead!
[controller_server-2] [WARN] [1756743110.479088598] [controller_server]: RegulatedPurePursuitController detected collision ahead!
[controller_server-2] [WARN] [1756743110.579091474] [controller_server]: RegulatedPurePursuitController detected collision ahead!
[controller_server-2] [WARN] [1756743110.678619058] [controller_server]: RegulatedPurePursuitController detected collision ahead!
[controller_server-2] [WARN] [1756743110.778301344] [controller_server]: RegulatedPurePursuitController detected collision ahead!
[controller_server-2] [ERROR] [1756743110.778334043] [controller_server]: Controller patience exceeded
[controller_server-2] [WARN] [1756743110.778352371] [controller_server]: [follow_path] [ActionServer] Aborting handle.
[controller_server-2] [INFO] [1756743110.797258633] [local_costmap.local_costmap]: Received request to clear entirely the local_costmap
[controller_server-2] [INFO] [1756743110.798244755] [controller_server]: Received a goal, begin computing control effort.
[controller_server-2] [INFO] [1756743110.938504223] [controller_server]: Passing new path to controller.
[controller_server-2] [WARN] [1756743110.940352210] [controller_server]: RegulatedPurePursuitController detected collision ahead!
[controller_server-2] [WARN] [1756743110.940556763] [controller_server]: Control loop missed its desired rate of 10.0000Hz
[controller_server-2] [WARN] [1756743110.941430998] [controller_server]: RegulatedPurePursuitController detected collision ahead!
[controller_server-2] [WARN] [1756743110.999132708] [controller_server]: RegulatedPurePursuitController detected collision ahead!
[controller_server-2] [WARN] [1756743111.098691265] [controller_server]: RegulatedPurePursuitController detected collision ahead!
[controller_server-2] [WARN] [1756743111.199374355] [controller_server]: RegulatedPurePursuitController detected collision ahead!
[controller_server-2] [WARN] [1756743111.299457867] [controller_server]: RegulatedPurePursuitController detected collision ahead!
[controller_server-2] [WARN] [1756743111.399450471] [controller_server]: RegulatedPurePursuitController detected collision ahead!
[controller_server-2] [WARN] [1756743111.499438009] [controller_server]: RegulatedPurePursuitController detected collision ahead!
[controller_server-2] [WARN] [1756743111.599381739] [controller_server]: RegulatedPurePursuitController detected collision ahead!
[controller_server-2] [WARN] [1756743111.699369653] [controller_server]: RegulatedPurePursuitController detected collision ahead!
[controller_server-2] [WARN] [1756743111.799194976] [controller_server]: RegulatedPurePursuitController detected collision ahead!
[controller_server-2] [INFO] [1756743111.898401515] [controller_server]: Passing new path to controller.
[controller_server-2] [WARN] [1756743111.899559711] [controller_server]: RegulatedPurePursuitController detected collision ahead!
[controller_server-2] [WARN] [1756743111.999261746] [controller_server]: RegulatedPurePursuitController detected collision ahead!
[controller_server-2] [WARN] [1756743112.099364974] [controller_server]: RegulatedPurePursuitController detected collision ahead!
[controller_server-2] [WARN] [1756743112.199038102] [controller_server]: RegulatedPurePursuitController detected collision ahead!
[controller_server-2] [WARN] [1756743112.299374453] [controller_server]: RegulatedPurePursuitController detected collision ahead!
[controller_server-2] [WARN] [1756743112.399378849] [controller_server]: RegulatedPurePursuitController detected collision ahead!
[controller_server-2] [WARN] [1756743112.499395010] [controller_server]: RegulatedPurePursuitController detected collision ahead!
[controller_server-2] [WARN] [1756743112.599372521] [controller_server]: RegulatedPurePursuitController detected collision ahead!
[controller_server-2] [WARN] [1756743112.699343626] [controller_server]: RegulatedPurePursuitController detected collision ahead!
[controller_server-2] [WARN] [1756743112.798901028] [controller_server]: RegulatedPurePursuitController detected collision ahead!
[controller_server-2] [ERROR] [1756743112.798958186] [controller_server]: Controller patience exceeded
[controller_server-2] [WARN] [1756743112.799002080] [controller_server]: [follow_path] [ActionServer] Aborting handle.
[behavior_server-5] [INFO] [1756743112.817521153] [behavior_server]: Running spin
[behavior_server-5] [INFO] [1756743112.817643259] [behavior_server]: Turning 1.57 for spin behavior.
[behavior_server-5] [WARN] [1756743112.917937156] [behavior_server]: Collision Ahead - Exiting Spin
[behavior_server-5] [WARN] [1756743112.917998634] [behavior_server]: spin failed
[behavior_server-5] [WARN] [1756743112.918017553] [behavior_server]: [spin] [ActionServer] Aborting handle.
[behavior_server-5] [INFO] [1756743112.947789965] [behavior_server]: Running wait
[behavior_server-5] [INFO] [1756743117.948065674] [behavior_server]: wait completed successfully
[controller_server-2] [INFO] [1756743117.997810041] [controller_server]: Received a goal, begin computing control effort.
[controller_server-2] [WARN] [1756743117.998878905] [controller_server]: RegulatedPurePursuitController detected collision ahead!
[controller_server-2] [WARN] [1756743118.099060498] [controller_server]: RegulatedPurePursuitController detected collision ahead!
[controller_server-2] [WARN] [1756743118.198761336] [controller_server]: RegulatedPurePursuitController detected collision ahead!
[controller_server-2] [WARN] [1756743118.298903446] [controller_server]: RegulatedPurePursuitController detected collision ahead!
[controller_server-2] [WARN] [1756743118.398988169] [controller_server]: RegulatedPurePursuitController detected collision ahead!
[controller_server-2] [WARN] [1756743118.499049038] [controller_server]: RegulatedPurePursuitController detected collision ahead!
[controller_server-2] [WARN] [1756743118.598995530] [controller_server]: RegulatedPurePursuitController detected collision ahead!
[controller_server-2] [WARN] [1756743118.698429461] [controller_server]: RegulatedPurePursuitController detected collision ahead!
[controller_server-2] [WARN] [1756743118.798998358] [controller_server]: RegulatedPurePursuitController detected collision ahead!
[controller_server-2] [WARN] [1756743118.898998888] [controller_server]: RegulatedPurePursuitController detected collision ahead!
[controller_server-2] [WARN] [1756743118.999006526] [controller_server]: RegulatedPurePursuitController detected collision ahead!
[controller_server-2] [INFO] [1756743119.098026101] [controller_server]: Passing new path to controller.
[controller_server-2] [WARN] [1756743119.099231173] [controller_server]: RegulatedPurePursuitController detected collision ahead!
[controller_server-2] [WARN] [1756743119.198424983] [controller_server]: RegulatedPurePursuitController detected collision ahead!
[controller_server-2] [WARN] [1756743119.299058985] [controller_server]: RegulatedPurePursuitController detected collision ahead!
[controller_server-2] [WARN] [1756743119.399755038] [controller_server]: RegulatedPurePursuitController detected collision ahead!
[controller_server-2] [WARN] [1756743119.530039398] [controller_server]: RegulatedPurePursuitController detected collision ahead!
[controller_server-2] [WARN] [1756743119.599005522] [controller_server]: RegulatedPurePursuitController detected collision ahead!
[controller_server-2] [WARN] [1756743119.699103559] [controller_server]: RegulatedPurePursuitController detected collision ahead!
[controller_server-2] [WARN] [1756743119.798864549] [controller_server]: RegulatedPurePursuitController detected collision ahead!
[controller_server-2] [WARN] [1756743119.899780718] [controller_server]: RegulatedPurePursuitController detected collision ahead!
[controller_server-2] [WARN] [1756743119.998995722] [controller_server]: RegulatedPurePursuitController detected collision ahead!
[controller_server-2] [ERROR] [1756743119.999091270] [controller_server]: Controller patience exceeded
[controller_server-2] [WARN] [1756743119.999171671] [controller_server]: [follow_path] [ActionServer] Aborting handle.
[controller_server-2] [INFO] [1756743120.017477982] [local_costmap.local_costmap]: Received request to clear entirely the local_costmap
[controller_server-2] [INFO] [1756743120.018839141] [controller_server]: Received a goal, begin computing control effort.
[controller_server-2] [INFO] [1756743120.139051709] [controller_server]: Passing new path to controller.
[controller_server-2] [WARN] [1756743120.140451844] [controller_server]: RegulatedPurePursuitController detected collision ahead!
[controller_server-2] [WARN] [1756743120.140631066] [controller_server]: Control loop missed its desired rate of 10.0000Hz
[controller_server-2] [WARN] [1756743120.141479905] [controller_server]: RegulatedPurePursuitController detected collision ahead!
[controller_server-2] [WARN] [1756743120.220039606] [controller_server]: RegulatedPurePursuitController detected collision ahead!
[controller_server-2] [WARN] [1756743120.320056425] [controller_server]: RegulatedPurePursuitController detected collision ahead!
[controller_server-2] [WARN] [1756743120.420120172] [controller_server]: RegulatedPurePursuitController detected collision ahead!
[controller_server-2] [WARN] [1756743120.520141028] [controller_server]: RegulatedPurePursuitController detected collision ahead!
[controller_server-2] [WARN] [1756743120.620031371] [controller_server]: RegulatedPurePursuitController detected collision ahead!
[controller_server-2] [WARN] [1756743120.719870216] [controller_server]: RegulatedPurePursuitController detected collision ahead!
[controller_server-2] [WARN] [1756743120.820070901] [controller_server]: RegulatedPurePursuitController detected collision ahead!
[controller_server-2] [WARN] [1756743120.920069578] [controller_server]: RegulatedPurePursuitController detected collision ahead!
[controller_server-2] [WARN] [1756743121.019637602] [controller_server]: RegulatedPurePursuitController detected collision ahead!
[controller_server-2] [INFO] [1756743121.119055840] [controller_server]: Passing new path to controller.
[controller_server-2] [WARN] [1756743121.120279885] [controller_server]: RegulatedPurePursuitController detected collision ahead!
[controller_server-2] [WARN] [1756743121.220057298] [controller_server]: RegulatedPurePursuitController detected collision ahead!
[controller_server-2] [WARN] [1756743121.320044166] [controller_server]: RegulatedPurePursuitController detected collision ahead!
[controller_server-2] [WARN] [1756743121.420060231] [controller_server]: RegulatedPurePursuitController detected collision ahead!
[controll