[INFO] [launch]: All log files can be found below /home/robot/.ros/log/2025-09-03-20-27-38-715224-robot-pc04-83163
[INFO] [launch]: Default logging verbosity is set to INFO
[INFO] [async_slam_toolbox_node-1]: process started with pid [83175]
[INFO] [controller_server-2]: process started with pid [83177]
[INFO] [smoother_server-3]: process started with pid [83179]
[INFO] [planner_server-4]: process started with pid [83181]
[INFO] [behavior_server-5]: process started with pid [83183]
[INFO] [bt_navigator-6]: process started with pid [83185]
[INFO] [waypoint_follower-7]: process started with pid [83187]
[INFO] [velocity_smoother-8]: process started with pid [83189]
[INFO] [lifecycle_manager-9]: process started with pid [83191]
[INFO] [explore-10]: process started with pid [83193]
[INFO] [rviz2-11]: process started with pid [83202]
[async_slam_toolbox_node-1] [INFO] [1756924058.825624176] [slam]: Node using stack size 40000000
[planner_server-4] [INFO] [1756924058.828179895] [planner_server]: 
[planner_server-4] 	planner_server lifecycle node launched. 
[planner_server-4] 	Waiting on external lifecycle transitions to activate
[planner_server-4] 	See https://design.ros2.org/articles/node_lifecycle.html for more information.
[planner_server-4] [INFO] [1756924058.828967386] [planner_server]: Creating
[velocity_smoother-8] [INFO] [1756924058.829175429] [velocity_smoother]: 
[velocity_smoother-8] 	velocity_smoother lifecycle node launched. 
[velocity_smoother-8] 	Waiting on external lifecycle transitions to activate
[velocity_smoother-8] 	See https://design.ros2.org/articles/node_lifecycle.html for more information.
[controller_server-2] [INFO] [1756924058.830542035] [controller_server]: 
[controller_server-2] 	controller_server lifecycle node launched. 
[controller_server-2] 	Waiting on external lifecycle transitions to activate
[controller_server-2] 	See https://design.ros2.org/articles/node_lifecycle.html for more information.
[bt_navigator-6] [INFO] [1756924058.830657118] [bt_navigator]: 
[bt_navigator-6] 	bt_navigator lifecycle node launched. 
[bt_navigator-6] 	Waiting on external lifecycle transitions to activate
[bt_navigator-6] 	See https://design.ros2.org/articles/node_lifecycle.html for more information.
[bt_navigator-6] [INFO] [1756924058.830761999] [bt_navigator]: Creating
[smoother_server-3] [INFO] [1756924058.830952095] [smoother_server]: 
[smoother_server-3] 	smoother_server lifecycle node launched. 
[smoother_server-3] 	Waiting on external lifecycle transitions to activate
[smoother_server-3] 	See https://design.ros2.org/articles/node_lifecycle.html for more information.
[lifecycle_manager-9] [INFO] [1756924058.831644421] [lifecycle_manager_navigation]: Creating
[smoother_server-3] [INFO] [1756924058.831667959] [smoother_server]: Creating smoother server
[waypoint_follower-7] [INFO] [1756924058.831827802] [waypoint_follower]: 
[waypoint_follower-7] 	waypoint_follower lifecycle node launched. 
[waypoint_follower-7] 	Waiting on external lifecycle transitions to activate
[waypoint_follower-7] 	See https://design.ros2.org/articles/node_lifecycle.html for more information.
[waypoint_follower-7] [INFO] [1756924058.832109068] [waypoint_follower]: Creating
[controller_server-2] [INFO] [1756924058.832457335] [controller_server]: Creating controller server
[lifecycle_manager-9] [INFO] [1756924058.833104333] [lifecycle_manager_navigation]: [34m[1mCreating and initializing lifecycle service clients[0m[0m
[behavior_server-5] [INFO] [1756924058.833687012] [behavior_server]: 
[behavior_server-5] 	behavior_server lifecycle node launched. 
[behavior_server-5] 	Waiting on external lifecycle transitions to activate
[behavior_server-5] 	See https://design.ros2.org/articles/node_lifecycle.html for more information.
[planner_server-4] [INFO] [1756924058.834493972] [global_costmap.global_costmap]: 
[planner_server-4] 	global_costmap lifecycle node launched. 
[planner_server-4] 	Waiting on external lifecycle transitions to activate
[planner_server-4] 	See https://design.ros2.org/articles/node_lifecycle.html for more information.
[planner_server-4] [INFO] [1756924058.834763119] [global_costmap.global_costmap]: Creating Costmap
[lifecycle_manager-9] [INFO] [1756924058.837031148] [lifecycle_manager_navigation]: [34m[1mStarting managed nodes bringup...[0m[0m
[lifecycle_manager-9] [INFO] [1756924058.837057825] [lifecycle_manager_navigation]: [34m[1mConfiguring controller_server[0m[0m
[controller_server-2] [INFO] [1756924058.838056593] [local_costmap.local_costmap]: 
[controller_server-2] 	local_costmap lifecycle node launched. 
[controller_server-2] 	Waiting on external lifecycle transitions to activate
[controller_server-2] 	See https://design.ros2.org/articles/node_lifecycle.html for more information.
[controller_server-2] [INFO] [1756924058.838302007] [local_costmap.local_costmap]: Creating Costmap
[controller_server-2] [INFO] [1756924058.838864041] [controller_server]: Configuring controller interface
[controller_server-2] [INFO] [1756924058.838977399] [controller_server]: getting goal checker plugins..
[controller_server-2] [INFO] [1756924058.839055288] [controller_server]: Controller frequency set to 10.0000Hz
[controller_server-2] [INFO] [1756924058.839086575] [local_costmap.local_costmap]: Configuring
[explore-10] [INFO] [1756924058.839209101] [explore_node]: Waiting for costmap to become available, topic: map
[controller_server-2] [INFO] [1756924058.840768475] [local_costmap.local_costmap]: Using plugin "static_layer"
[controller_server-2] [INFO] [1756924058.842238660] [local_costmap.local_costmap]: Subscribing to the map topic (/map) with transient local durability
[controller_server-2] [INFO] [1756924058.842677565] [local_costmap.local_costmap]: Initialized plugin "static_layer"
[controller_server-2] [INFO] [1756924058.842687277] [local_costmap.local_costmap]: Using plugin "obstacle_layer"
[controller_server-2] [INFO] [1756924058.842798763] [local_costmap.local_costmap]: Subscribed to Topics: scan
[controller_server-2] [INFO] [1756924058.843662031] [local_costmap.local_costmap]: Initialized plugin "obstacle_layer"
[controller_server-2] [INFO] [1756924058.843671833] [local_costmap.local_costmap]: Using plugin "inflation_layer"
[controller_server-2] [INFO] [1756924058.844097844] [local_costmap.local_costmap]: Initialized plugin "inflation_layer"
[async_slam_toolbox_node-1] [INFO] [1756924058.844773394] [slam]: Using solver plugin solver_plugins::CeresSolver
[async_slam_toolbox_node-1] [INFO] [1756924058.844895052] [slam]: CeresSolver: Using SCHUR_JACOBI preconditioner.
[controller_server-2] [INFO] [1756924058.846766356] [controller_server]: Created progress_checker : progress_checker of type nav2_controller::SimpleProgressChecker
[controller_server-2] [INFO] [1756924058.846970215] [controller_server]: Created goal checker : goal_checker of type nav2_controller::SimpleGoalChecker
[controller_server-2] [INFO] [1756924058.847039558] [controller_server]: Controller Server has goal_checker  goal checkers available.
[controller_server-2] [INFO] [1756924058.847262629] [controller_server]: Created controller : FollowPath of type nav2_regulated_pure_pursuit_controller::RegulatedPurePursuitController
[controller_server-2] [INFO] [1756924058.848175090] [controller_server]: Controller Server has FollowPath  controllers available.
[lifecycle_manager-9] [INFO] [1756924058.850073430] [lifecycle_manager_navigation]: [34m[1mConfiguring smoother_server[0m[0m
[smoother_server-3] [INFO] [1756924058.850204212] [smoother_server]: Configuring smoother server
[smoother_server-3] [INFO] [1756924058.853444848] [smoother_server]: Created smoother : simple_smoother of type nav2_smoother::SimpleSmoother
[smoother_server-3] [INFO] [1756924058.853632576] [smoother_server]: Smoother Server has simple_smoother  smoothers available.
[lifecycle_manager-9] [INFO] [1756924058.856426302] [lifecycle_manager_navigation]: [34m[1mConfiguring planner_server[0m[0m
[planner_server-4] [INFO] [1756924058.856545445] [planner_server]: Configuring
[planner_server-4] [INFO] [1756924058.856566792] [global_costmap.global_costmap]: Configuring
[planner_server-4] [INFO] [1756924058.858392375] [global_costmap.global_costmap]: Using plugin "static_layer"
[planner_server-4] [INFO] [1756924058.859847367] [global_costmap.global_costmap]: Subscribing to the map topic (/map) with transient local durability
[planner_server-4] [INFO] [1756924058.860347161] [global_costmap.global_costmap]: Initialized plugin "static_layer"
[planner_server-4] [INFO] [1756924058.860359414] [global_costmap.global_costmap]: Using plugin "obstacle_layer"
[planner_server-4] [INFO] [1756924058.860557062] [global_costmap.global_costmap]: Subscribed to Topics: scan
[planner_server-4] [INFO] [1756924058.861721049] [global_costmap.global_costmap]: Initialized plugin "obstacle_layer"
[planner_server-4] [INFO] [1756924058.861733133] [global_costmap.global_costmap]: Using plugin "inflation_layer"
[planner_server-4] [INFO] [1756924058.862045581] [global_costmap.global_costmap]: Initialized plugin "inflation_layer"
[planner_server-4] [INFO] [1756924058.865096192] [planner_server]: Created global planner plugin GridBased of type nav2_navfn_planner/NavfnPlanner
[planner_server-4] [INFO] [1756924058.865112886] [planner_server]: Configuring plugin GridBased of type NavfnPlanner
[planner_server-4] [INFO] [1756924058.865259457] [planner_server]: Planner Server has GridBased  planners available.
[lifecycle_manager-9] [INFO] [1756924058.867868271] [lifecycle_manager_navigation]: [34m[1mConfiguring behavior_server[0m[0m
[behavior_server-5] [INFO] [1756924058.868006643] [behavior_server]: Configuring
[behavior_server-5] [INFO] [1756924058.870885951] [behavior_server]: Creating behavior plugin spin of type nav2_behaviors/Spin
[behavior_server-5] [INFO] [1756924058.871242662] [behavior_server]: Configuring spin
[behavior_server-5] [INFO] [1756924058.872522923] [behavior_server]: Creating behavior plugin backup of type nav2_behaviors/BackUp
[behavior_server-5] [INFO] [1756924058.872839325] [behavior_server]: Configuring backup
[behavior_server-5] [INFO] [1756924058.873802918] [behavior_server]: Creating behavior plugin drive_on_heading of type nav2_behaviors/DriveOnHeading
[behavior_server-5] [INFO] [1756924058.874122869] [behavior_server]: Configuring drive_on_heading
[behavior_server-5] [INFO] [1756924058.875113800] [behavior_server]: Creating behavior plugin wait of type nav2_behaviors/Wait
[behavior_server-5] [INFO] [1756924058.875406280] [behavior_server]: Configuring wait
[behavior_server-5] [INFO] [1756924058.876342035] [behavior_server]: Creating behavior plugin assisted_teleop of type nav2_behaviors/AssistedTeleop
[behavior_server-5] [INFO] [1756924058.877107649] [behavior_server]: Configuring assisted_teleop
[lifecycle_manager-9] [INFO] [1756924058.878562941] [lifecycle_manager_navigation]: [34m[1mConfiguring bt_navigator[0m[0m
[bt_navigator-6] [INFO] [1756924058.878698105] [bt_navigator]: Configuring
[lifecycle_manager-9] [INFO] [1756924058.905159679] [lifecycle_manager_navigation]: [34m[1mConfiguring waypoint_follower[0m[0m
[waypoint_follower-7] [INFO] [1756924058.905272622] [waypoint_follower]: Configuring
[waypoint_follower-7] [INFO] [1756924058.908245201] [waypoint_follower]: Created waypoint_task_executor : wait_at_waypoint of type nav2_waypoint_follower::WaitAtWaypoint
[lifecycle_manager-9] [INFO] [1756924058.908495110] [lifecycle_manager_navigation]: [34m[1mConfiguring velocity_smoother[0m[0m
[velocity_smoother-8] [INFO] [1756924058.908592054] [velocity_smoother]: Configuring velocity smoother
[lifecycle_manager-9] [INFO] [1756924058.909722315] [lifecycle_manager_navigation]: [34m[1mActivating controller_server[0m[0m
[controller_server-2] [INFO] [1756924058.909776540] [controller_server]: Activating
[controller_server-2] [INFO] [1756924058.909797794] [local_costmap.local_costmap]: Activating
[controller_server-2] [INFO] [1756924058.909804675] [local_costmap.local_costmap]: Checking transform
[controller_server-2] [INFO] [1756924058.909816948] [local_costmap.local_costmap]: Timed out waiting for transform from base_link to odom to become available, tf error: Invalid frame ID "odom" passed to canTransform argument target_frame - frame does not exist
[rviz2-11] [INFO] [1756924059.371704239] [rviz2]: Stereo is NOT SUPPORTED
[rviz2-11] [INFO] [1756924059.371761073] [rviz2]: OpenGl version: 4.6 (GLSL 4.6)
[controller_server-2] [INFO] [1756924059.409874347] [local_costmap.local_costmap]: Timed out waiting for transform from base_link to odom to become available, tf error: Invalid frame ID "odom" passed to canTransform argument target_frame - frame does not exist
[rviz2-11] [INFO] [1756924059.435448308] [rviz2]: Stereo is NOT SUPPORTED
[controller_server-2] [INFO] [1756924059.909902020] [local_costmap.local_costmap]: Timed out waiting for transform from base_link to odom to become available, tf error: Invalid frame ID "odom" passed to canTransform argument target_frame - frame does not exist
[controller_server-2] [INFO] [1756924060.409872552] [local_costmap.local_costmap]: Timed out waiting for transform from base_link to odom to become available, tf error: Invalid frame ID "odom" passed to canTransform argument target_frame - frame does not exist
[controller_server-2] [INFO] [1756924060.909896679] [local_costmap.local_costmap]: Timed out waiting for transform from base_link to odom to become available, tf error: Invalid frame ID "odom" passed to canTransform argument target_frame - frame does not exist
[controller_server-2] [INFO] [1756924061.409895732] [local_costmap.local_costmap]: Timed out waiting for transform from base_link to odom to become available, tf error: Invalid frame ID "odom" passed to canTransform argument target_frame - frame does not exist
[controller_server-2] [INFO] [1756924061.909888715] [local_costmap.local_costmap]: Timed out waiting for transform from base_link to odom to become available, tf error: Invalid frame ID "odom" passed to canTransform argument target_frame - frame does not exist
[controller_server-2] [INFO] [1756924062.409892097] [local_costmap.local_costmap]: Timed out waiting for transform from base_link to odom to become available, tf error: Invalid frame ID "odom" passed to canTransform argument target_frame - frame does not exist
[async_slam_toolbox_node-1] [WARN] [1756924062.865539625] [slam]: minimum laser range setting (0.0 m) exceeds the capabilities of the used Lidar (0.1 m)
[controller_server-2] [INFO] [1756924062.910102335] [local_costmap.local_costmap]: start
[rviz2-11] [ERROR] [1756924063.118941440] [rviz2]: Lookup would require extrapolation into the future.  Requested time 1756924063.078492 but the latest data is at time 1756924063.069649, when looking up transform from frame [laser] to frame [map]
[rviz2-11] [INFO] [1756924063.119228741] [rviz2]: Trying to create a map of size 100 x 100 using 1 swatches
[controller_server-2] [INFO] [1756924063.161598140] [controller_server]: Activating controller: FollowPath of type regulated_pure_pursuit_controller::RegulatedPurePursuitController
[controller_server-2] [INFO] [1756924063.161695375] [controller_server]: Creating bond (controller_server) to lifecycle manager.
[lifecycle_manager-9] [INFO] [1756924063.269741252] [lifecycle_manager_navigation]: Server controller_server connected with bond.
[lifecycle_manager-9] [INFO] [1756924063.269839209] [lifecycle_manager_navigation]: [34m[1mActivating smoother_server[0m[0m
[smoother_server-3] [INFO] [1756924063.270511408] [smoother_server]: Activating
[smoother_server-3] [INFO] [1756924063.270597042] [smoother_server]: Creating bond (smoother_server) to lifecycle manager.
[lifecycle_manager-9] [INFO] [1756924063.376974019] [lifecycle_manager_navigation]: Server smoother_server connected with bond.
[lifecycle_manager-9] [INFO] [1756924063.377063911] [lifecycle_manager_navigation]: [34m[1mActivating planner_server[0m[0m
[planner_server-4] [INFO] [1756924063.377723815] [planner_server]: Activating
[planner_server-4] [INFO] [1756924063.377816078] [global_costmap.global_costmap]: Activating
[planner_server-4] [INFO] [1756924063.377840787] [global_costmap.global_costmap]: Checking transform
[planner_server-4] [INFO] [1756924063.378001529] [global_costmap.global_costmap]: start
[rviz2-11] [INFO] [1756924064.399720765] [rviz2]: Trying to create a map of size 100 x 100 using 1 swatches
[planner_server-4] [INFO] [1756924064.429367037] [planner_server]: Activating plugin GridBased of type NavfnPlanner
[planner_server-4] [INFO] [1756924064.431039553] [planner_server]: Creating bond (planner_server) to lifecycle manager.
[lifecycle_manager-9] [INFO] [1756924064.538120646] [lifecycle_manager_navigation]: Server planner_server connected with bond.
[lifecycle_manager-9] [INFO] [1756924064.538218882] [lifecycle_manager_navigation]: [34m[1mActivating behavior_server[0m[0m
[behavior_server-5] [INFO] [1756924064.538882700] [behavior_server]: Activating
[behavior_server-5] [INFO] [1756924064.538969827] [behavior_server]: Activating spin
[behavior_server-5] [INFO] [1756924064.539016162] [behavior_server]: Activating backup
[behavior_server-5] [INFO] [1756924064.539052276] [behavior_server]: Activating drive_on_heading
[behavior_server-5] [INFO] [1756924064.539085958] [behavior_server]: Activating wait
[behavior_server-5] [INFO] [1756924064.539118565] [behavior_server]: Activating assisted_teleop
[behavior_server-5] [INFO] [1756924064.539161277] [behavior_server]: Creating bond (behavior_server) to lifecycle manager.
[lifecycle_manager-9] [INFO] [1756924064.646769731] [lifecycle_manager_navigation]: Server behavior_server connected with bond.
[lifecycle_manager-9] [INFO] [1756924064.646860058] [lifecycle_manager_navigation]: [34m[1mActivating bt_navigator[0m[0m
[bt_navigator-6] [INFO] [1756924064.647472788] [bt_navigator]: Activating
[bt_navigator-6] [INFO] [1756924064.678688278] [bt_navigator]: Creating bond (bt_navigator) to lifecycle manager.
[lifecycle_manager-9] [INFO] [1756924064.780512359] [lifecycle_manager_navigation]: Server bt_navigator connected with bond.
[lifecycle_manager-9] [INFO] [1756924064.780617422] [lifecycle_manager_navigation]: [34m[1mActivating waypoint_follower[0m[0m
[waypoint_follower-7] [INFO] [1756924064.781240093] [waypoint_follower]: Activating
[waypoint_follower-7] [INFO] [1756924064.781329464] [waypoint_follower]: Creating bond (waypoint_follower) to lifecycle manager.
[controller_server-2] [INFO] [1756924064.849038334] [local_costmap.local_costmap]: StaticLayer: Resizing static layer to 104 X 34 at 0.040000 m/pix
[planner_server-4] [INFO] [1756924064.849075860] [global_costmap.global_costmap]: StaticLayer: Resizing costmap to 104 X 34 at 0.040000 m/pix
[rviz2-11] [INFO] [1756924064.879844547] [rviz2]: Trying to create a map of size 104 x 34 using 1 swatches
[lifecycle_manager-9] [INFO] [1756924064.889537799] [lifecycle_manager_navigation]: Server waypoint_follower connected with bond.
[lifecycle_manager-9] [INFO] [1756924064.889627706] [lifecycle_manager_navigation]: [34m[1mActivating velocity_smoother[0m[0m
[velocity_smoother-8] [INFO] [1756924064.890252632] [velocity_smoother]: Activating
[velocity_smoother-8] [INFO] [1756924064.890379669] [velocity_smoother]: Creating bond (velocity_smoother) to lifecycle manager.
[lifecycle_manager-9] [INFO] [1756924064.998061096] [lifecycle_manager_navigation]: Server velocity_smoother connected with bond.
[lifecycle_manager-9] [INFO] [1756924064.998154936] [lifecycle_manager_navigation]: [34m[1mManaged nodes are active[0m[0m
[lifecycle_manager-9] [INFO] [1756924064.998179799] [lifecycle_manager_navigation]: [34m[1mCreating bond timer...[0m[0m
[rviz2-11] [INFO] [1756924066.416170351] [rviz2]: Trying to create a map of size 104 x 34 using 1 swatches
[explore-10] [INFO] [1756924066.854306407] [explore_node]: Waiting to connect to move_base nav2 server
[explore-10] [INFO] [1756924066.854490792] [explore_node]: Connected to move_base nav2 server
[explore-10] [INFO] [1756924066.854495016] [explore_node]: Getting initial pose of the robot
[explore-10] [WARN] [1756924066.906243579] [explore_node]: New publisher discovered on topic '/range/fl', offering incompatible QoS. No messages will be sent to it. Last incompatible policy: RELIABILITY_QOS_POLICY
[explore-10] [WARN] [1756924066.906270147] [explore_node]: New publisher discovered on topic '/range/fr', offering incompatible QoS. No messages will be sent to it. Last incompatible policy: RELIABILITY_QOS_POLICY
[explore-10] [WARN] [1756924066.906274225] [explore_node]: New publisher discovered on topic '/range/rl', offering incompatible QoS. No messages will be sent to it. Last incompatible policy: RELIABILITY_QOS_POLICY
[explore-10] [WARN] [1756924066.906277659] [explore_node]: New publisher discovered on topic '/range/rr', offering incompatible QoS. No messages will be sent to it. Last incompatible policy: RELIABILITY_QOS_POLICY
[bt_navigator-6] [INFO] [1756924066.906438755] [bt_navigator]: Begin navigating from current location (0.00, 0.00) to (2.49, -0.42)
[controller_server-2] [INFO] [1756924066.926874181] [controller_server]: Received a goal, begin computing control effort.
[controller_server-2] [WARN] [1756924066.926906777] [controller_server]: No goal checker was specified in parameter 'current_goal_checker'. Server will use only plugin loaded goal_checker . This warning will appear once.
[controller_server-2] [INFO] [1756924068.026992295] [controller_server]: Passing new path to controller.
[controller_server-2] [INFO] [1756924069.027002497] [controller_server]: Passing new path to controller.
[controller_server-2] [INFO] [1756924070.027009028] [controller_server]: Passing new path to controller.
[rviz2-11] [INFO] [1756924070.866635777] [rviz2]: Trying to create a map of size 106 x 89 using 1 swatches
[controller_server-2] [INFO] [1756924070.910296229] [local_costmap.local_costmap]: StaticLayer: Resizing static layer to 106 X 89 at 0.040000 m/pix
[controller_server-2] [INFO] [1756924071.127004112] [controller_server]: Passing new path to controller.
[planner_server-4] [INFO] [1756924071.378217110] [global_costmap.global_costmap]: StaticLayer: Resizing costmap to 106 X 89 at 0.040000 m/pix
[controller_server-2] [INFO] [1756924072.127009627] [controller_server]: Passing new path to controller.
[rviz2-11] [INFO] [1756924072.402650231] [rviz2]: Trying to create a map of size 106 x 89 using 1 swatches
[rviz2-11] [INFO] [1756924072.880854505] [rviz2]: Trying to create a map of size 107 x 91 using 1 swatches
[controller_server-2] [INFO] [1756924072.910358690] [local_costmap.local_costmap]: StaticLayer: Resizing static layer to 107 X 91 at 0.040000 m/pix
[rviz2-11] [ERROR] [1756924073.105615186] [rviz2]: Lookup would require extrapolation into the future.  Requested time 1756924073.080438 but the latest data is at time 1756924073.080227, when looking up transform from frame [laser] to frame [map]
[controller_server-2] [INFO] [1756924073.127012574] [controller_server]: Passing new path to controller.
[planner_server-4] [INFO] [1756924073.378290040] [global_costmap.global_costmap]: StaticLayer: Resizing costmap to 107 X 91 at 0.040000 m/pix
[rviz2-11] [INFO] [1756924073.391216976] [rviz2]: Trying to create a map of size 107 x 91 using 1 swatches
[bt_navigator-6] [INFO] [1756924073.606599078] [bt_navigator]: Received goal preemption request
[bt_navigator-6] [INFO] [1756924073.606778042] [bt_navigator]: Begin navigating from current location (1.90, 0.02) to (3.09, -1.32)
[controller_server-2] [INFO] [1756924074.227008272] [controller_server]: Passing new path to controller.
[rviz2-11] [INFO] [1756924074.864444352] [rviz2]: Trying to create a map of size 107 x 93 using 1 swatches
[controller_server-2] [INFO] [1756924074.910367601] [local_costmap.local_costmap]: StaticLayer: Resizing static layer to 107 X 93 at 0.040000 m/pix
[controller_server-2] [INFO] [1756924075.226996088] [controller_server]: Passing new path to controller.
[planner_server-4] [INFO] [1756924075.378245174] [global_costmap.global_costmap]: StaticLayer: Resizing costmap to 107 X 93 at 0.040000 m/pix
[rviz2-11] [INFO] [1756924075.410518560] [rviz2]: Trying to create a map of size 107 x 93 using 1 swatches
[controller_server-2] [INFO] [1756924076.227083972] [controller_server]: Passing new path to controller.
[controller_server-2] [WARN] [1756924076.608527332] [controller_server]: RegulatedPurePursuitController detected collision ahead!
[controller_server-2] [WARN] [1756924076.627853444] [controller_server]: RegulatedPurePursuitController detected collision ahead!
[controller_server-2] [WARN] [1756924076.727145709] [controller_server]: RegulatedPurePursuitController detected collision ahead!
[controller_server-2] [WARN] [1756924076.827554361] [controller_server]: RegulatedPurePursuitController detected collision ahead!
[controller_server-2] [WARN] [1756924076.927884223] [controller_server]: RegulatedPurePursuitController detected collision ahead!
[controller_server-2] [WARN] [1756924077.027884208] [controller_server]: RegulatedPurePursuitController detected collision ahead!
[controller_server-2] [WARN] [1756924077.127877821] [controller_server]: RegulatedPurePursuitController detected collision ahead!
[controller_server-2] [INFO] [1756924077.227007814] [controller_server]: Passing new path to controller.
[controller_server-2] [WARN] [1756924077.228113583] [controller_server]: RegulatedPurePursuitController detected collision ahead!
[controller_server-2] [WARN] [1756924077.327884452] [controller_server]: RegulatedPurePursuitController detected collision ahead!
[controller_server-2] [WARN] [1756924077.427949554] [controller_server]: RegulatedPurePursuitController detected collision ahead!
[controller_server-2] [WARN] [1756924077.527536179] [controller_server]: RegulatedPurePursuitController detected collision ahead!
[controller_server-2] [WARN] [1756924077.627602780] [controller_server]: RegulatedPurePursuitController detected collision ahead!
[controller_server-2] [WARN] [1756924077.727904618] [controller_server]: RegulatedPurePursuitController detected collision ahead!
[controller_server-2] [WARN] [1756924077.827907626] [controller_server]: RegulatedPurePursuitController detected collision ahead!
[controller_server-2] [WARN] [1756924077.928092662] [controller_server]: RegulatedPurePursuitController detected collision ahead!
[controller_server-2] [WARN] [1756924078.027922970] [controller_server]: RegulatedPurePursuitController detected collision ahead!
[controller_server-2] [WARN] [1756924078.127903974] [controller_server]: RegulatedPurePursuitController detected collision ahead!
[controller_server-2] [WARN] [1756924078.228219745] [controller_server]: RegulatedPurePursuitController detected collision ahead!
[controller_server-2] [INFO] [1756924078.327004567] [controller_server]: Passing new path to controller.
[controller_server-2] [WARN] [1756924078.327852103] [controller_server]: RegulatedPurePursuitController detected collision ahead!
[controller_server-2] [WARN] [1756924078.427921571] [controller_server]: RegulatedPurePursuitController detected collision ahead!
[controller_server-2] [ERROR] [1756924078.428033109] [controller_server]: Controller patience exceeded
[controller_server-2] [WARN] [1756924078.428120132] [controller_server]: [follow_path] [ActionServer] Aborting handle.
[controller_server-2] [INFO] [1756924078.447084520] [local_costmap.local_costmap]: Received request to clear entirely the local_costmap
[controller_server-2] [INFO] [1756924078.450040539] [controller_server]: Received a goal, begin computing control effort.
[controller_server-2] [WARN] [1756924078.521234537] [controller_server]: RegulatedPurePursuitController detected collision ahead!
[controller_server-2] [WARN] [1756924078.550911856] [controller_server]: RegulatedPurePursuitController detected collision ahead!
[controller_server-2] [WARN] [1756924078.651131140] [controller_server]: RegulatedPurePursuitController detected collision ahead!
[controller_server-2] [WARN] [1756924078.750551328] [controller_server]: RegulatedPurePursuitController detected collision ahead!
[controller_server-2] [WARN] [1756924078.851154176] [controller_server]: RegulatedPurePursuitController detected collision ahead!
[controller_server-2] [WARN] [1756924078.951144573] [controller_server]: RegulatedPurePursuitController detected collision ahead!
[controller_server-2] [WARN] [1756924079.051126960] [controller_server]: RegulatedPurePursuitController detected collision ahead!
[controller_server-2] [WARN] [1756924079.151109671] [controller_server]: RegulatedPurePursuitController detected collision ahead!
[controller_server-2] [WARN] [1756924079.251056034] [controller_server]: RegulatedPurePursuitController detected collision ahead!
[controller_server-2] [INFO] [1756924079.350234548] [controller_server]: Passing new path to controller.
[controller_server-2] [WARN] [1756924079.351328106] [controller_server]: RegulatedPurePursuitController detected collision ahead!
[controller_server-2] [WARN] [1756924079.451145129] [controller_server]: RegulatedPurePursuitController detected collision ahead!
[controller_server-2] [WARN] [1756924079.551129499] [controller_server]: RegulatedPurePursuitController detected collision ahead!
[controller_server-2] [WARN] [1756924079.651128812] [controller_server]: RegulatedPurePursuitController detected collision ahead!
[controller_server-2] [WARN] [1756924079.751131777] [controller_server]: RegulatedPurePursuitController detected collision ahead!
[controller_server-2] [WARN] [1756924079.851135257] [controller_server]: RegulatedPurePursuitController detected collision ahead!
[controller_server-2] [WARN] [1756924079.951138725] [controller_server]: RegulatedPurePursuitController detected collision ahead!
[controller_server-2] [WARN] [1756924080.051138916] [controller_server]: RegulatedPurePursuitController detected collision ahead!
[controller_server-2] [WARN] [1756924080.150820234] [controller_server]: RegulatedPurePursuitController detected collision ahead!
[controller_server-2] [WARN] [1756924080.251025464] [controller_server]: RegulatedPurePursuitController detected collision ahead!
[controller_server-2] [INFO] [1756924080.350229614] [controller_server]: Passing new path to controller.
[controller_server-2] [WARN] [1756924080.351326523] [controller_server]: RegulatedPurePursuitController detected collision ahead!
[controller_server-2] [WARN] [1756924080.451137346] [controller_server]: RegulatedPurePursuitController detected collision ahead!
[controller_server-2] [ERROR] [1756924080.451231601] [controller_server]: Controller patience exceeded
[controller_server-2] [WARN] [1756924080.451309833] [controller_server]: [follow_path] [ActionServer] Aborting handle.
[controller_server-2] [INFO] [1756924080.466899757] [local_costmap.local_costmap]: Received request to clear entirely the local_costmap
[planner_server-4] [INFO] [1756924080.468753146] [global_costmap.global_costmap]: Received request to clear entirely the global_costmap
[controller_server-2] [INFO] [1756924081.407535066] [controller_server]: Received a goal, begin computing control effort.
[controller_server-2] [WARN] [1756924081.409072699] [controller_server]: RegulatedPurePursuitController detected collision ahead!
[controller_server-2] [WARN] [1756924081.528737251] [controller_server]: RegulatedPurePursuitController detected collision ahead!
[controller_server-2] [WARN] [1756924081.608691183] [controller_server]: RegulatedPurePursuitController detected collision ahead!
[controller_server-2] [WARN] [1756924081.708685133] [controller_server]: RegulatedPurePursuitController detected collision ahead!
[controller_server-2] [WARN] [1756924081.808631129] [controller_server]: RegulatedPurePursuitController detected collision ahead!
[controller_server-2] [WARN] [1756924081.908307894] [controller_server]: RegulatedPurePursuitController detected collision ahead!
[controller_server-2] [WARN] [1756924082.008674843] [controller_server]: RegulatedPurePursuitController detected collision ahead!
[controller_server-2] [WARN] [1756924082.108790383] [controller_server]: RegulatedPurePursuitController detected collision ahead!
[controller_server-2] [WARN] [1756924082.208775269] [controller_server]: RegulatedPurePursuitController detected collision ahead!
[controller_server-2] [WARN] [1756924082.308710981] [controller_server]: RegulatedPurePursuitController detected collision ahead!
[controller_server-2] [WARN] [1756924082.408688601] [controller_server]: RegulatedPurePursuitController detected collision ahead!
[controller_server-2] [INFO] [1756924082.507770803] [controller_server]: Passing new path to controller.
[controller_server-2] [WARN] [1756924082.508904026] [controller_server]: RegulatedPurePursuitController detected collision ahead!
[controller_server-2] [WARN] [1756924082.607915619] [controller_server]: RegulatedPurePursuitController detected collision ahead!
[controller_server-2] [WARN] [1756924082.708139972] [controller_server]: RegulatedPurePursuitController detected collision ahead!
[controller_server-2] [WARN] [1756924082.808156235] [controller_server]: RegulatedPurePursuitController detected collision ahead!
[controller_server-2] [WARN] [1756924082.908716825] [controller_server]: RegulatedPurePursuitController detected collision ahead!
[controller_server-2] [WARN] [1756924083.008867189] [controller_server]: RegulatedPurePursuitController detected collision ahead!
[controller_server-2] [WARN] [1756924083.108787739] [controller_server]: RegulatedPurePursuitController detected collision ahead!
[controller_server-2] [WARN] [1756924083.208018056] [controller_server]: RegulatedPurePursuitController detected collision ahead!
[controller_server-2] [WARN] [1756924083.308705654] [controller_server]: RegulatedPurePursuitController detected collision ahead!
[controller_server-2] [WARN] [1756924083.408599296] [controller_server]: RegulatedPurePursuitController detected collision ahead!
[controller_server-2] [ERROR] [1756924083.408687018] [controller_server]: Controller patience exceeded
[controller_server-2] [WARN] [1756924083.408750397] [controller_server]: [follow_path] [ActionServer] Aborting handle.
[controller_server-2] [INFO] [1756924083.426786479] [local_costmap.local_costmap]: Received request to clear entirely the local_costmap
[controller_server-2] [INFO] [1756924083.428544837] [controller_server]: Received a goal, begin computing control effort.
[controller_server-2] [INFO] [1756924083.518759015] [controller_server]: Passing new path to controller.
[controller_server-2] [WARN] [1756924083.519951146] [controller_server]: RegulatedPurePursuitController detected collision ahead!
[controller_server-2] [WARN] [1756924083.529632852] [controller_server]: RegulatedPurePursuitController detected collision ahead!
[controller_server-2] [WARN] [1756924083.629744828] [controller_server]: RegulatedPurePursuitController detected collision ahead!
[controller_server-2] [WARN] [1756924083.729695457] [controller_server]: RegulatedPurePursuitController detected collision ahead!
[controller_server-2] [WARN] [1756924083.829698625] [controller_server]: RegulatedPurePursuitController detected collision ahead!
[controller_server-2] [WARN] [1756924083.929630163] [controller_server]: RegulatedPurePursuitController detected collision ahead!
[controller_server-2] [WARN] [1756924084.029741833] [controller_server]: RegulatedPurePursuitController detected collision ahead!
[controller_server-2] [WARN] [1756924084.129687608] [controller_server]: RegulatedPurePursuitController detected collision ahead!
[controller_server-2] [WARN] [1756924084.229682305] [controller_server]: RegulatedPurePursuitController detected collision ahead!
[controller_server-2] [WARN] [1756924084.329706550] [controller_server]: RegulatedPurePursuitController detected collision ahead!
[controller_server-2] [WARN] [1756924084.429999050] [controller_server]: RegulatedPurePursuitController detected collision ahead!
[controller_server-2] [INFO] [1756924084.528835256] [controller_server]: Passing new path to controller.
[controller_server-2] [WARN] [1756924084.529624117] [controller_server]: RegulatedPurePursuitController detected collision ahead!
[controller_server-2] [WARN] [1756924084.629741608] [controller_server]: RegulatedPurePursuitController detected collision ahead!
[controller_server-2] [WARN] [1756924084.729593818] [controller_server]: RegulatedPurePursuitController detected collision ahead!
[controller_server-2] [WARN] [1756924084.829642510] [controller_server]: RegulatedPurePursuitController detected collision ahead!
[controller_server-2] [WARN] [1756924084.929746516] [controller_server]: RegulatedPurePursuitController detected collision ahead!
[controller_server-2] [WARN] [1756924085.028922926] [controller_server]: RegulatedPurePursuitController detected collision ahead!
[controller_server-2] [WARN] [1756924085.129677374] [controller_server]: RegulatedPurePursuitController detected collision ahead!
[controller_server-2] [WARN] [1756924085.229754097] [controller_server]: RegulatedPurePursuitController detected collision ahead!
[controller_server-2] [WARN] [1756924085.329816819] [controller_server]: RegulatedPurePursuitController detected collision ahead!
[controller_server-2] [WARN] [1756924085.429670579] [controller_server]: RegulatedPurePursuitController detected collision ahead!
[controller_server-2] [ERROR] [1756924085.429762474] [controller_server]: Controller patience exceeded
[controller_server-2] [WARN] [1756924085.429835256] [controller_server]: [follow_path] [ActionServer] Aborting handle.
[behavior_server-5] [INFO] [1756924085.448041581] [behavior_server]: Running spin
[behavior_server-5] [INFO] [1756924085.448349823] [behavior_server]: Turning 1.57 for spin behavior.
[behavior_server-5] [INFO] [1756924088.148709941] [behavior_server]: spin completed successfully
[controller_server-2] [INFO] [1756924088.197361738] [controller_server]: Received a goal, begin computing control effort.
[controller_server-2] [INFO] [1756924089.297576476] [controller_server]: Passing new path to controller.
[controller_server-2] [INFO] [1756924090.297642725] [controller_server]: Passing new path to controller.
[controller_server-2] [WARN] [1756924091.198394662] [controller_server]: RegulatedPurePursuitController detected collision ahead!
[controller_server-2] [INFO] [1756924091.297574359] [controller_server]: Passing new path to controller.
[controller_server-2] [WARN] [1756924091.298461340] [controller_server]: RegulatedPurePursuitController detected collision ahead!
[controller_server-2] [WARN] [1756924091.398548825] [controller_server]: RegulatedPurePursuitController detected collision ahead!
[controller_server-2] [WARN] [1756924091.498480478] [controller_server]: RegulatedPurePursuitController detected collision ahead!
[controller_server-2] [WARN] [1756924091.598524427] [controller_server]: RegulatedPurePursuitController detected collision ahead!
[controller_server-2] [WARN] [1756924091.698527246] [controller_server]: RegulatedPurePursuitController detected collision ahead!
[controller_server-2] [WARN] [1756924091.798365612] [controller_server]: RegulatedPurePursuitController detected collision ahead!
[controller_server-2] [WARN] [1756924091.898470452] [controller_server]: RegulatedPurePursuitController detected collision ahead!
[controller_server-2] [WARN] [1756924091.998522927] [controller_server]: RegulatedPurePursuitController detected collision ahead!
[controller_server-2] [WARN] [1756924092.098485766] [controller_server]: RegulatedPurePursuitController detected collision ahead!
[controller_server-2] [WARN] [1756924092.198532578] [controller_server]: RegulatedPurePursuitController detected collision ahead!
[controller_server-2] [WARN] [1756924092.298482095] [controller_server]: RegulatedPurePursuitController detected collision ahead!
[controller_server-2] [INFO] [1756924092.397576566] [controller_server]: Passing new path to controller.
[controller_server-2] [WARN] [1756924092.398729995] [controller_server]: RegulatedPurePursuitController detected collision ahead!
[controller_server-2] [WARN] [1756924092.498481494] [controller_server]: RegulatedPurePursuitController detected collision ahead!
[controller_server-2] [WARN] [1756924092.598542634] [controller_server]: RegulatedPurePursuitController detected collision ahead!
[controller_server-2] [WARN] [1756924092.698212594] [controller_server]: RegulatedPurePursuitController detected collision ahead!
[controller_server-2] [WARN] [1756924092.798563384] [controller_server]: RegulatedPurePursuitController detected collision ahead!
[controller_server-2] [WARN] [1756924092.898548418] [controller_server]: RegulatedPurePursuitController detected collision ahead!
[controller_server-2] [WARN] [1756924092.998476991] [controller_server]: RegulatedPurePursuitController detected collision ahead!
[controller_server-2] [WARN] [1756924093.097721041] [controller_server]: RegulatedPurePursuitController detected collision ahead!
[controller_server-2] [WARN] [1756924093.198459251] [controller_server]: RegulatedPurePursuitController detected collision ahead!
[controller_server-2] [ERROR] [1756924093.198550578] [controller_server]: Controller patience exceeded
[controller_server-2] [WARN] [1756924093.198616718] [controller_server]: [follow_path] [ActionServer] Aborting handle.
[controller_server-2] [INFO] [1756924093.216770782] [local_costmap.local_costmap]: Received request to clear entirely the local_costmap
[controller_server-2] [INFO] [1756924093.218448002] [controller_server]: Received a goal, begin computing control effort.
[controller_server-2] [WARN] [1756924093.320246349] [controller_server]: RegulatedPurePursuitController detected collision ahead!
[controller_server-2] [WARN] [1756924093.320621574] [controller_server]: Control loop missed its desired rate of 10.0000Hz
[controller_server-2] [WARN] [1756924093.321579629] [controller_server]: RegulatedPurePursuitController detected collision ahead!
[controller_server-2] [INFO] [1756924093.418657265] [controller_server]: Passing new path to controller.
[controller_server-2] [WARN] [1756924093.419754520] [controller_server]: RegulatedPurePursuitController detected collision ahead!
[controller_server-2] [WARN] [1756924093.519620758] [controller_server]: RegulatedPurePursuitController detected collision ahead!
[controller_server-2] [WARN] [1756924093.619631687] [controller_server]: RegulatedPurePursuitController detected collision ahead!
[controller_server-2] [WARN] [1756924093.719625642] [controller_server]: RegulatedPurePursuitController detected collision ahead!
[controller_server-2] [WARN] [1756924093.819628129] [controller_server]: RegulatedPurePursuitController detected collision ahead!
[controller_server-2] [WARN] [1756924093.919508195] [controller_server]: RegulatedPurePursuitController detected collision ahead!
[controller_server-2] [WARN] [1756924094.019574903] [controller_server]: RegulatedPurePursuitController detected collision ahead!
[controller_server-2] [WARN] [1756924094.119608784] [controller_server]: RegulatedPurePursuitController detected collision ahead!
[controller_server-2] [WARN] [1756924094.219574281] [controller_server]: RegulatedPurePursuitController detected collision ahead!
[controller_server-2] [WARN] [1756924094.319477242] [controller_server]: RegulatedPurePursuitController detected collision ahead!
[controller_server-2] [INFO] [1756924094.418659571] [controller_server]: Passing new path to controller.
[controller_server-2] [WARN] [1756924094.419556029] [controller_server]: RegulatedPurePursuitController detected collision ahead!
[controller_server-2] [WARN] [1756924094.519561470] [controller_server]: RegulatedPurePursuitController detected collision ahead!
[controller_server-2] [WARN] [1756924094.619569870] [controller_server]: RegulatedPurePursuitController detected collision ahead!
[controller_server-2] [WARN] [1756924094.719569590] [controller_server]: RegulatedPurePursuitController detected collision ahead!
[controller_server-2] [WARN] [1756924094.829806791] [controller_server]: RegulatedPurePursuitController detected collision ahead!
[controller_server-2] [WARN] [1756924094.919532328] [controller_server]: RegulatedPurePursuitController detected collision ahead!
[controller_server-2] [WARN] [1756924095.019628933] [controller_server]: RegulatedPurePursuitController detected collision ahead!
[controller_server-2] [WARN] [1756924095.119299946] [controller_server]: RegulatedPurePursuitController detected collision ahead!
[controller_server-2] [WARN] [1756924095.219636410] [controller_server]: RegulatedPurePursuitController detected collision ahead!
[controller_server-2] [ERROR] [1756924095.219732041] [controller_server]: Controller patience exceeded
[controller_server-2] [WARN] [1756924095.219812606] [controller_server]: [follow_path] [ActionServer] Aborting handle.
[behavior_server-5] [INFO] [1756924095.237247048] [behavior_server]: Running wait
[behavior_server-5] [INFO] [1756924100.237520185] [behavior_server]: wait completed successfully
[controller_server-2] [INFO] [1756924100.287286926] [controller_server]: Received a goal, begin computing control effort.
[controller_server-2] [WARN] [1756924100.288401973] [controller_server]: RegulatedPurePursuitController detected collision ahead!
[controller_server-2] [WARN] [1756924100.388587373] [controller_server]: RegulatedPurePursuitController detected collision ahead!
[controller_server-2] [WARN] [1756924100.488593229] [controller_server]: RegulatedPurePursuitController detected collision ahead!
[controller_server-2] [WARN] [1756924100.588437638] [controller_server]: RegulatedPurePursuitController detected collision ahead!
[controller_server-2] [WARN] [1756924100.688410727] [controller_server]: RegulatedPurePursuitController detected collision ahead!
[controller_server-2] [WARN] [1756924100.788438179] [controller_server]: RegulatedPurePursuitController detected collision ahead!
[controller_server-2] [WARN] [1756924100.888623689] [controller_server]: RegulatedPurePursuitController detected collision ahead!
[controller_server-2] [WARN] [1756924100.988500510] [controller_server]: RegulatedPurePursuitController detected collision ahead!
[controller_server-2] [WARN] [1756924101.088427770] [controller_server]: RegulatedPurePursuitController detected collision ahead!
[controller_server-2] [WARN] [1756924101.188525276] [controller_server]: RegulatedPurePursuitController detected collision ahead!
[controller_server-2] [WARN] [1756924101.288437505] [controller_server]: RegulatedPurePursuitController detected collision ahead!
[controller_server-2] [INFO] [1756924101.387510357] [controller_server]: Passing new path to controller.
[controller_server-2] [WARN] [1756924101.388702998] [controller_server]: RegulatedPurePursuitController detected collision ahead!
[controller_server-2] [WARN] [1756924101.488455946] [controller_server]: RegulatedPurePursuitController detected collision ahead!
[controller_server-2] [WARN] [1756924101.588410999] [controller_server]: RegulatedPurePursuitController detected collision ahead!
[controller_server-2] [WARN] [1756924101.688403809] [controller_server]: RegulatedPurePursuitController detected collision ahead!
[controller_server-2] [WARN] [1756924101.788396730] [controller_server]: RegulatedPurePursuitController detected collision ahead!
[controller_server-2] [WARN] [1756924101.888410294] [controller_server]: RegulatedPurePursuitController detected collision ahead!
[controller_server-2] [WARN] [1756924101.998600585] [controller_server]: RegulatedPurePursuitController detected collision ahead!
[controller_server-2] [ERROR] [1756924102.188740667] [controller_server]: Exception in transformPose: Lookup would require extrapolation into the future.  Requested time 1756924102.017103 but the latest data is at time 1756924101.827836, when looking up transform from frame [odom] to frame [map]
[controller_server-2] [WARN] [1756924102.188879930] [controller_server]: Unable to transform robot pose into global plan's frame
[controller_server-2] [WARN] [1756924102.189061283] [controller_server]: Control loop missed its desired rate of 10.0000Hz
[controller_server-2] [ERROR] [1756924102.292237243] [controller_server]: Exception in transformPose: Lookup would require extrapolation into the future.  Requested time 1756924102.017103 but the latest data is at time 1756924101.827836, when looking up transform from frame [odom] to frame [map]
[controller_server-2] [WARN] [1756924102.292347613] [controller_server]: Unable to transform robot pose into global plan's frame
[controller_server-2] [ERROR] [1756924102.292393413] [controller_server]: Controller patience exceeded
[controller_server-2] [WARN] [1756924102.292464682] [controller_server]: [follow_path] [ActionServer] Aborting handle.
[controller_server-2] [INFO] [1756924102.306845204] [local_costmap.local_costmap]: Received request to clear entirely the local_costmap
[controller_server-2] [INFO] [1756924102.308626277] [controller_server]: Received a goal, begin computing control effort.
[controller_server-2] [ERROR] [1756924102.419954833] [controller_server]: Exception in transformPose: Lookup would require extrapolation into the future.  Requested time 1756924102.017103 but the latest data is at time 1756924101.827836, when looking up transform from frame [odom] to frame [map]
[controller_server-2] [WARN] [1756924102.420094805] [controller_server]: Unable to transform robot pose into global plan's frame
[controller_server-2] [WARN] [1756924102.420309028] [controller_server]: Control loop missed its desired rate of 10.0000Hz
[controller_server-2] [INFO] [1756924102.420349687] [controller_server]: Passing new path to controller.
[controller_server-2] [ERROR] [1756924102.522791834] [controller_server]: Exception in transformPose: Lookup would require extrapolation into the future.  Requested time 1756924102.017103 but the latest data is at time 1756924101.827836, when looking up transform from frame [odom] to frame [map]
[controller_server-2] [WARN] [1756924102.522942018] [controller_server]: Unable to transform robot pose into global plan's frame
[controller_server-2] [WARN] [1756924102.523223316] [controller_server]: Control loop missed its desired rate of 10.0000Hz
[controller_server-2] [ERROR] [1756924102.627227934] [controller_server]: Exception in transformPose: Lookup would require extrapolation into the future.  Requested time 1756924102.017103 but the latest data is at time 1756924101.827836, when looking up transform from frame [odom] to frame [map]
[controller_server-2] [WARN] [1756924102.627359533] [controller_server]: Unable to transform robot pose into global plan's frame
[controller_server-2] [WARN] [1756924102.627549668] [controller_server]: Control loop missed its desired rate of 10.0000Hz
[controller_server-2] [WARN] [1756924102.638583534] [controller_server]: RegulatedPurePursuitController detected collision ahead!
[controller_server-2] [WARN] [1756924102.770263553] [controller_server]: RegulatedPurePursuitController detected collision ahead!
[controller_server-2] [WARN] [1756924102.809421106] [controller_server]: RegulatedPurePursuitController detected collision ahead!
[controller_server-2] [WARN] [1756924102.909607433] [controller_server]: RegulatedPurePursuitController detected collision ahead!
[controller_server-2] [WARN] [1756924103.009726801] [controller_server]: RegulatedPurePursuitController detected collision ahead!
[controller_server-2] [WARN] [1756924103.109711961] [controller_server]: RegulatedPurePursuitController detected collision ahead!
[controller_server-2] [WARN] [1756924103.209733755] [controller_server]: RegulatedPurePursuitController detected collision ahead!
[controller_server-2] [WARN] [1756924103.309718501] [controller_server]: RegulatedPurePursuitController detected collision ahead!
[controller_server-2] [INFO] [1756924103.408817259] [controller_server]: Passing new path to controller.
[controller_server-2] [WARN] [1756924103.409796501] [controller_server]: RegulatedPurePursuitController detected collision ahead!
[controller_server-2] [WARN] [1756924103.509731785] [controller_server]: RegulatedPurePursuitController detected collision ahead!
[controller_server-2] [WARN] [1756924103.609525460] [controller_server]: RegulatedPurePursuitController detected collision ahead!
[controller_server-2] [WARN] [1756924103.709710325] [controller_server]: RegulatedPurePursuitController detected collision ahead!
[controller_server-2] [WARN] [1756924103.809718126] [controller_server]: RegulatedPurePursuitController detected collision ahead!
[controller_server-2] [WARN] [1756924103.909669027] [controller_server]: RegulatedPurePursuitController detected collision ahead!
[controller_server-2] [WARN] [1756924104.009713576] [controller_server]: RegulatedPurePursuitController detected collision ahead!
[controller_server-2] [WARN] [1756924104.109712005] [controller_server]: RegulatedPurePursuitController detected collision ahead!
[controller_server-2] [WARN] [1756924104.209716539] [controller_server]: RegulatedPurePursuitController detected collision ahead!
[controller_server-2] [WARN] [1756924104.308971827] [controller_server]: RegulatedPurePursuitController detected collision ahead!
[controller_server-2] [ERROR] [1756924104.308996966] [controller_server]: Controller patience exceeded
[controller_server-2] [WARN] [1756924104.309011984] [controller_server]: [follow_path] [ActionServer] Aborting handle.
[behavior_server-5] [INFO] [1756924104.326704589] [behavior_server]: Running backup
[behavior_server-5] [INFO] [1756924104.326769896] [behavior_server]: DriveOnHeading: no acceleration or deceleration limits set
[behavior_server-5] [INFO] [1756924111.027086045] [behavior_server]: backup completed successfully
[controller_server-2] [INFO] [1756924111.077396778] [controller_server]: Received a goal, begin computing control effort.
[controller_server-2] [INFO] [1756924112.177601997] [controller_server]: Passing new path to controller.
[controller_server-2] [INFO] [1756924113.177604361] [controller_server]: Passing new path to controller.
[controller_server-2] [INFO] [1756924114.177605164] [controller_server]: Passing new path to controller.
[controller_server-2] [WARN] [1756924114.578242165] [controller_server]: RegulatedPurePursuitController detected collision ahead!
[controller_server-2] [WARN] [1756924114.678287907] [controller_server]: RegulatedPurePursuitController detected collision ahead!
[controller_server-2] [WARN] [1756924114.778309050] [controller_server]: RegulatedPurePursuitController detected collision ahead!
[rviz2-11] [INFO] [1756924114.864306508] [rviz2]: Trying to create a map of size 169 x 258 using 1 swatches
[controller_server-2] [WARN] [1756924114.878315969] [controller_server]: RegulatedPurePursuitController detected collision ahead!
[controller_server-2] [INFO] [1756924114.910372454] [local_costmap.local_costmap]: StaticLayer: Resizing static layer to 169 X 258 at 0.040000 m/pix
[controller_server-2] [WARN] [1756924114.978314159] [controller_server]: RegulatedPurePursuitController detected collision ahead!
[controller_server-2] [WARN] [1756924115.078320272] [controller_server]: RegulatedPurePursuitController detected collision ahead!
[controller_server-2] [WARN] [1756924115.178311606] [controller_server]: RegulatedPurePursuitController detected collision ahead!
[controller_server-2] [INFO] [1756924115.277676046] [controller_server]: Passing new path to controller.
[planner_server-4] [INFO] [1756924115.378321317] [global_costmap.global_costmap]: StaticLayer: Resizing costmap to 169 X 258 at 0.040000 m/pix
[rviz2-11] [INFO] [1756924115.409758370] [rviz2]: Trying to create a map of size 169 x 258 using 1 swatches
[controller_server-2] [WARN] [1756924115.449278159] [controller_server]: RegulatedPurePursuitController detected collision ahead!
[controller_server-2] [WARN] [1756924115.478101327] [controller_server]: RegulatedPurePursuitController detected collision ahead!
[controller_server-2] [WARN] [1756924115.578383275] [controller_server]: RegulatedPurePursuitController detected collision ahead!
[controller_server-2] [WARN] [1756924115.678362787] [controller_server]: RegulatedPurePursuitController detected collision ahead!
[controller_server-2] [WARN] [1756924115.778353976] [controller_server]: RegulatedPurePursuitController detected collision ahead!
[controller_server-2] [WARN] [1756924115.878333582] [controller_server]: RegulatedPurePursuitController detected collision ahead!
[controller_server-2] [WARN] [1756924115.978303263] [controller_server]: RegulatedPurePursuitController detected collision ahead!
[controller_server-2] [WARN] [1756924116.078261677] [controller_server]: RegulatedPurePursuitController detected collision ahead!
[controller_server-2] [WARN] [1756924116.178206636] [controller_server]: RegulatedPurePursuitController detected collision ahead!
[controller_server-2] [INFO] [1756924116.277604356] [controller_server]: Passing new path to controller.
[controller_server-2] [WARN] [1756924116.278163605] [controller_server]: RegulatedPurePursuitController detected collision ahead!
[controller_server-2] [WARN] [1756924116.378292848] [controller_server]: RegulatedPurePursuitController detected collision ahead!
[controller_server-2] [WARN] [1756924116.478343999] [controller_server]: RegulatedPurePursuitController detected collision ahead!
[controller_server-2] [WARN] [1756924116.578345779] [controller_server]: RegulatedPurePursuitController detected collision ahead!
[controller_server-2] [WARN] [1756924116.678343080] [controller_server]: RegulatedPurePursuitController detected collision ahead!
[controller_server-2] [WARN] [1756924116.778348494] [controller_server]: RegulatedPurePursuitController detected collision ahead!
[controller_server-2] [WARN] [1756924116.878345393] [controller_server]: RegulatedPurePursuitController detected collision ahead!
[controller_server-2] [WARN] [1756924116.978267835] [controller_server]: RegulatedPurePursuitController detected collision ahead!
[controller_server-2] [WARN] [1756924117.078400065] [controller_server]: RegulatedPurePursuitController detected collision ahead!
[controller_server-2] [WARN] [1756924117.178398088] [controller_server]: RegulatedPurePursuitController detected collision ahead!
[controller_server-2] [INFO] [1756924117.277613452] [controller_server]: Passing new path to controller.
[controller_server-2] [WARN] [1756924117.278485967] [controller_server]: RegulatedPurePursuitController detected collision ahead!
[controller_server-2] [WARN] [1756924117.378444821] [controller_server]: RegulatedPurePursuitController detected collision ahead!
[controller_server-2] [ERROR] [1756924117.378547204] [controller_server]: Controller patience exceeded
[controller_server-2] [WARN] [1756924117.378634608] [controller_server]: [follow_path] [ActionServer] Aborting handle.
[controller_server-2] [INFO] [1756924117.396903310] [local_costmap.local_costmap]: Received request to clear entirely the local_costmap
[controller_server-2] [INFO] [1756924117.398503234] [controller_server]: Received a goal, begin computing control effort.
[controller_server-2] [WARN] [1756924117.519438914] [controller_server]: RegulatedPurePursuitController detected collision ahead!
[controller_server-2] [WARN] [1756924117.519642467] [controller_server]: Control loop missed its desired rate of 10.0000Hz
[controller_server-2] [WARN] [1756924117.520194666] [controller_server]: RegulatedPurePursuitController detected collision ahead!
[controller_server-2] [WARN] [1756924117.599475366] [controller_server]: RegulatedPurePursuitController detected collision ahead!
[controller_server-2] [WARN] [1756924117.699493186] [controller_server]: RegulatedPurePursuitController detected collision ahead!
[controller_server-2] [WARN] [1756924117.829744639] [controller_server]: RegulatedPurePursuitController detected collision ahead!
[controller_server-2] [WARN] [1756924117.899650476] [controller_server]: RegulatedPurePursuitController detected collision ahead!
[controller_server-2] [WARN] [1756924117.999723573] [controller_server]: RegulatedPurePursuitController detected collision ahead!
[controller_server-2] [WARN] [1756924118.099445993] [controller_server]: RegulatedPurePursuitController detected collision ahead!
[controller_server-2] [WARN] [1756924118.199439236] [controller_server]: RegulatedPurePursuitController detected collision ahead!
[controller_server-2] [INFO] [1756924118.298719268] [controller_server]: Passing new path to controller.
[controller_server-2] [WARN] [1756924118.299579116] [controller_server]: RegulatedPurePursuitController detected collision ahead!
[controller_server-2] [WARN] [1756924118.399379884] [controller_server]: RegulatedPurePursuitController detected collision ahead!
[controller_server-2] [WARN] [1756924118.499419113] [controller_server]: RegulatedPurePursuitController detected collision ahead!
[controller_server-2] [WARN] [1756924118.599394028] [controller_server]: RegulatedPurePursuitController detected collision ahead!
[controller_server-2] [WARN] [1756924118.699384966] [controller_server]: RegulatedPurePursuitController detected collision ahead!
[controller_server-2] [WARN] [1756924118.799305350] [controller_server]: RegulatedPurePursuitController detected collision ahead!
[controller_server-2] [WARN] [1756924118.898983718] [controller_server]: RegulatedPurePursuitController detected collision ahead!
[controller_server-2] [WARN] [1756924118.998804622] [controller_server]: RegulatedPurePursuitController detected collision ahead!
[controller_server-2] [WARN] [1756924119.099380691] [controller_server]: RegulatedPurePursuitController detected collision ahead!
[controller_server-2] [WARN] [1756924119.199388002] [controller_server]: RegulatedPurePursuitController detected collision ahead!
[controller_server-2] [WARN] [1756924119.299563207] [controller_server]: RegulatedPurePursuitController detected collision ahead!
[controller_server-2] [INFO] [1756924119.398715210] [controller_server]: Passing new path to controller.
[controller_server-2] [WARN] [1756924119.399584815] [controller_server]: RegulatedPurePursuitController detected collision ahead!
[controller_server-2] [ERROR] [1756924119.399635690] [controller_server]: Controller patience exceeded
[controller_server-2] [WARN] [1756924119.399684382] [controller_server]: [follow_path] [ActionServer] Aborting handle.
[controller_server-2] [INFO] [1756924119.426895879] [local_costmap.local_costmap]: Received request to clear entirely the local_costmap
[planner_server-4] [INFO] [1756924119.428139503] [global_costmap.global_costmap]: Received request to clear entirely the global_costmap
[bt_navigator-6] [INFO] [1756924120.236614936] [bt_navigator]: Received goal preemption request
[bt_navigator-6] [INFO] [1756924120.236964361] [bt_navigator]: Begin navigating from current location (2.28, -0.84) to (-0.02, -1.84)
[controller_server-2] [INFO] [1756924120.407157621] [controller_server]: Received a goal, begin computing control effort.
[controller_server-2] [WARN] [1756924120.407635468] [controller_server]: RegulatedPurePursuitController detected collision ahead!
[controller_server-2] [WARN] [1756924120.508107292] [controller_server]: RegulatedPurePursuitController detected collision ahead!
[controller_server-2] [WARN] [1756924120.608007655] [controller_server]: RegulatedPurePursuitController detected collision ahead!
[controller_server-2] [WARN] [1756924120.707999300] [controller_server]: RegulatedPurePursuitController detected collision ahead!
[controller_server-2] [WARN] [1756924120.807986346] [controller_server]: RegulatedPurePursuitController detected collision ahead!
[controller_server-2] [WARN] [1756924120.908615187] [controller_server]: RegulatedPurePursuitController detected collision ahead!
[controller_server-2] [WARN] [1756924121.007973261] [controller_server]: RegulatedPurePursuitController detected collision ahead!
[controller_server-2] [WARN] [1756924121.107990710] [controller_server]: RegulatedPurePursuitController detected collision ahead!
[controller_server-2] [WARN] [1756924121.207980571] [controller_server]: RegulatedPurePursuitController detected collision ahead!
[controller_server-2] [WARN] [1756924121.307855376] [controller_server]: RegulatedPurePursuitController detected collision ahead!
[controller_server-2] [WARN] [1756924121.407981908] [controller_server]: RegulatedPurePursuitController detected collision ahead!
[controller_server-2] [INFO] [1756924121.507325180] [controller_server]: Passing new path to controller.
[controller_server-2] [INFO] [1756924122.507330533] [controller_server]: Passing new path to controller.
[controller_server-2] [INFO] [1756924123.507391021] [controller_server]: Passing new path to controller.
[controller_server-2] [INFO] [1756924124.607395530] [controller_server]: Passing new path to controller.
[controller_server-2] [INFO] [1756924125.607332445] [controller_server]: Passing new path to controller.
[controller_server-2] [INFO] [1756924126.607327353] [controller_server]: Passing new path to controller.
[controller_server-2] [INFO] [1756924127.707322470] [controller_server]: Passing new path to controller.
[controller_server-2] [INFO] [1756924128.707405518] [controller_server]: Passing new path to controller.
[controller_server-2] [INFO] [1756924129.707328842] [controller_server]: Passing new path to controller.
[controller_server-2] [INFO] [1756924130.707313668] [controller_server]: Passing new path to controller.
[controller_server-2] [INFO] [1756924131.807324194] [controller_server]: Passing new path to controller.
[controller_server-2] [INFO] [1756924132.807317493] [controller_server]: Passing new path to controller.
[rviz2-11] [INFO] [1756924132.879228168] [rviz2]: Trying to create a map of size 169 x 259 using 1 swatches
[controller_server-2] [INFO] [1756924132.910296475] [local_costmap.local_costmap]: StaticLayer: Resizing static layer to 169 X 259 at 0.040000 m/pix
[planner_server-4] [INFO] [1756924133.378238634] [global_costmap.global_costmap]: StaticLayer: Resizing costmap to 169 X 259 at 0.040000 m/pix
[rviz2-11] [INFO] [1756924133.391416699] [rviz2]: Trying to create a map of size 169 x 259 using 1 swatches
[bt_navigator-6] [INFO] [1756924133.536597255] [bt_navigator]: Received goal preemption request
[bt_navigator-6] [INFO] [1756924133.536856104] [bt_navigator]: Begin navigating from current location (0.13, -1.81) to (3.24, -0.86)
[controller_server-2] [INFO] [1756924133.807323293] [controller_server]: Passing new path to controller.
[controller_server-2] [INFO] [1756924134.907313103] [controller_server]: Passing new path to controller.
[controller_server-2] [INFO] [1756924135.907318052] [controller_server]: Passing new path to controller.
[controller_server-2] [INFO] [1756924136.907317429] [controller_server]: Passing new path to controller.
[controller_server-2] [INFO] [1756924138.007319989] [controller_server]: Passing new path to controller.
[controller_server-2] [INFO] [1756924139.007322005] [controller_server]: Passing new path to controller.
[controller_server-2] [INFO] [1756924140.007385806] [controller_server]: Passing new path to controller.
[explore-10] [WARN] [1756924140.244560926] [explore_node]: No frontiers found, stopping.
[explore-10] [INFO] [1756924140.366023045] [map_saver]: 
[explore-10] 	map_saver lifecycle node launched. 
[explore-10] 	Waiting on external lifecycle transitions to activate
[explore-10] 	See https://design.ros2.org/articles/node_lifecycle.html for more information.
[explore-10] [INFO] [1756924140.366083319] [map_saver]: Creating
[explore-10] [INFO] [1756924140.366123308] [map_saver]: Configuring
[explore-10] [INFO] [1756924140.366679884] [map_saver]: Saving map from 'map' topic to '/home/robot/Documents/map' file
[explore-10] [WARN] [1756924140.366690772] [map_saver]: Free threshold unspecified. Setting it to default value: 0.250000
[explore-10] [WARN] [1756924140.366697136] [map_saver]: Occupied threshold unspecified. Setting it to default value: 0.650000
[explore-10] [WARN] [1756924140.646821584] [map_io]: Image format unspecified. Setting it to: pgm
[explore-10] [INFO] [1756924140.646939760] [map_io]: Received a 169 X 259 map @ 0.04 m/pix
[explore-10] [INFO] [1756924140.716074886] [map_io]: Writing map occupancy data to /home/robot/Documents/map.pgm
[explore-10] [INFO] [1756924140.716758596] [map_io]: Writing map metadata to /home/robot/Documents/map.yaml
[explore-10] [INFO] [1756924140.716840993] [map_io]: Map saved
[explore-10] [INFO] [1756924140.716848499] [map_saver]: Map saved successfully
[explore-10] [INFO] [1756924140.719720986] [map_saver]: Destroying
[explore-10] [INFO] [1756924140.846191531] [explore_node]: Map saved successfully.
[explore-10] [INFO] [1756924140.846227706] [explore_node]: Exploration stopped.
[explore-10] [INFO] [1756924140.846284277] [explore_node]: Returning to initial pose.
[bt_navigator-6] [ERROR] [1756924140.867069487] [bt_navigator_navigate_to_pose_rclcpp_node]: Failed to get result for follow_path in node halt!
[bt_navigator-6] [INFO] [1756924140.867210228] [bt_navigator]: [navigate_to_pose] [ActionServer] Client requested to cancel the goal. Cancelling.
[bt_navigator-6] [INFO] [1756924140.867433686] [bt_navigator]: [navigate_to_pose] [ActionServer] Client requested to cancel the goal. Cancelling.
[bt_navigator-6] [INFO] [1756924140.867545228] [bt_navigator]: Goal canceled
[controller_server-2] [INFO] [1756924140.907317746] [controller_server]: Goal was canceled. Stopping the robot.
[controller_server-2] [INFO] [1756924140.907404705] [controller_server]: [follow_path] [ActionServer] Client requested to cancel the goal. Cancelling.
[explore-10] [WARN] [1756924140.930992434] [explore_node]: No frontiers found, stopping.
[explore-10] [INFO] [1756924141.029831329] [map_saver]: 
[explore-10] 	map_saver lifecycle node launched. 
[explore-10] 	Waiting on external lifecycle transitions to activate
[explore-10] 	See https://design.ros2.org/articles/node_lifecycle.html for more information.
[explore-10] [INFO] [1756924141.029891397] [map_saver]: Creating
[explore-10] [INFO] [1756924141.029919846] [map_saver]: Configuring
[explore-10] [INFO] [1756924141.030423574] [map_saver]: Saving map from 'map' topic to '/home/robot/Documents/map' file
[explore-10] [WARN] [1756924141.030434959] [map_saver]: Free threshold unspecified. Setting it to default value: 0.250000
[explore-10] [WARN] [1756924141.030439635] [map_saver]: Occupied threshold unspecified. Setting it to default value: 0.650000
[explore-10] [WARN] [1756924141.274696905] [map_io]: Image format unspecified. Setting it to: pgm
[explore-10] [INFO] [1756924141.274817872] [map_io]: Received a 169 X 259 map @ 0.04 m/pix
[explore-10] [INFO] [1756924141.368630677] [map_io]: Writing map occupancy data to /home/robot/Documents/map.pgm
[explore-10] [INFO] [1756924141.369015496] [map_io]: Writing map metadata to /home/robot/Documents/map.yaml
[explore-10] [INFO] [1756924141.369057240] [map_io]: Map saved
[explore-10] [INFO] [1756924141.369061669] [map_saver]: Map saved successfully
[explore-10] [INFO] [1756924141.369645860] [map_saver]: Destroying
[explore-10] [INFO] [1756924141.495708511] [explore_node]: Map saved successfully.
[explore-10] [INFO] [1756924141.495740134] [explore_node]: Exploration stopped.
[explore-10] [INFO] [1756924141.495771710] [explore_node]: Returning to initial pose.
[bt_navigator-6] [INFO] [1756924141.495941818] [bt_navigator]: Begin navigating from current location (0.84, -1.76) to (0.00, 0.00)
[controller_server-2] [INFO] [1756924141.516643802] [controller_server]: Received a goal, begin computing control effort.
[controller_server-2] [INFO] [1756924142.616832093] [controller_server]: Passing new path to controller.
[controller_server-2] [INFO] [1756924143.616894433] [controller_server]: Passing new path to controller.
[controller_server-2] [INFO] [1756924144.616844334] [controller_server]: Passing new path to controller.
[controller_server-2] [INFO] [1756924145.716846444] [controller_server]: Passing new path to controller.
[controller_server-2] [INFO] [1756924146.716837307] [controller_server]: Passing new path to controller.
[controller_server-2] [WARN] [1756924147.617565366] [controller_server]: RegulatedPurePursuitController detected collision ahead!
[controller_server-2] [INFO] [1756924147.716839190] [controller_server]: Passing new path to controller.
[controller_server-2] [WARN] [1756924147.717377844] [controller_server]: RegulatedPurePursuitController detected collision ahead!
[controller_server-2] [WARN] [1756924147.817532454] [controller_server]: RegulatedPurePursuitController detected collision ahead!
[controller_server-2] [WARN] [1756924147.917442916] [controller_server]: RegulatedPurePursuitController detected collision ahead!
[controller_server-2] [WARN] [1756924148.017447291] [controller_server]: RegulatedPurePursuitController detected collision ahead!
[controller_server-2] [WARN] [1756924148.117457876] [controller_server]: RegulatedPurePursuitController detected collision ahead!
[controller_server-2] [WARN] [1756924148.217244845] [controller_server]: RegulatedPurePursuitController detected collision ahead!
[controller_server-2] [WARN] [1756924148.317401366] [controller_server]: RegulatedPurePursuitController detected collision ahead!
[controller_server-2] [WARN] [1756924148.417375439] [controller_server]: RegulatedPurePursuitController detected collision ahead!
[controller_server-2] [WARN] [1756924148.517149626] [controller_server]: RegulatedPurePursuitController detected collision ahead!
[controller_server-2] [WARN] [1756924148.616935953] [controller_server]: RegulatedPurePursuitController detected collision ahead!
[controller_server-2] [WARN] [1756924148.717484995] [controller_server]: RegulatedPurePursuitController detected collision ahead!
[controller_server-2] [INFO] [1756924148.816848409] [controller_server]: Passing new path to controller.
[controller_server-2] [WARN] [1756924148.817693070] [controller_server]: RegulatedPurePursuitController detected collision ahead!
[controller_server-2] [WARN] [1756924148.917454289] [controller_server]: RegulatedPurePursuitController detected collision ahead!
[controller_server-2] [WARN] [1756924149.017188249] [controller_server]: RegulatedPurePursuitController detected collision ahead!
[controller_server-2] [WARN] [1756924149.117453575] [controller_server]: RegulatedPurePursuitController detected collision ahead!
[controller_server-2] [WARN] [1756924149.217502855] [controller_server]: RegulatedPurePursuitController detected collision ahead!
[controller_server-2] [WARN] [1756924149.317485839] [controller_server]: RegulatedPurePursuitController detected collision ahead!
[controller_server-2] [WARN] [1756924149.417502307] [controller_server]: RegulatedPurePursuitController detected collision ahead!
[controller_server-2] [WARN] [1756924149.517447899] [controller_server]: RegulatedPurePursuitController detected collision ahead!
[controller_server-2] [ERROR] [1756924149.517538938] [controller_server]: Controller patience exceeded
[controller_server-2] [WARN] [1756924149.517622134] [controller_server]: [follow_path] [ActionServer] Aborting handle.
[controller_server-2] [INFO] [1756924149.536327303] [local_costmap.local_costmap]: Received request to clear entirely the local_costmap
[controller_server-2] [INFO] [1756924149.537730892] [controller_server]: Received a goal, begin computing control effort.
[controller_server-2] [WARN] [1756924149.718515182] [controller_server]: RegulatedPurePursuitController detected collision ahead!
[controller_server-2] [WARN] [1756924149.718709375] [controller_server]: Control loop missed its desired rate of 10.0000Hz
[controller_server-2] [WARN] [1756924149.719215297] [controller_server]: RegulatedPurePursuitController detected collision ahead!
[controller_server-2] [WARN] [1756924149.738490899] [controller_server]: RegulatedPurePursuitController detected collision ahead!
[controller_server-2] [INFO] [1756924149.837905912] [controller_server]: Passing new path to controller.
[controller_server-2] [WARN] [1756924149.838712568] [controller_server]: RegulatedPurePursuitController detected collision ahead!
[controller_server-2] [WARN] [1756924149.938589615] [controller_server]: RegulatedPurePursuitController detected collision ahead!
[controller_server-2] [WARN] [1756924150.038277329] [controller_server]: RegulatedPurePursuitController detected collision ahead!
[controller_server-2] [WARN] [1756924150.138350304] [controller_server]: RegulatedPurePursuitController detected collision ahead!
[controller_server-2] [WARN] [1756924150.238504372] [controller_server]: RegulatedPurePursuitController detected collision ahead!
[controller_server-2] [WARN] [1756924150.338443766] [controller_server]: RegulatedPurePursuitController detected collision ahead!
[controller_server-2] [WARN] [1756924150.438524551] [controller_server]: RegulatedPurePursuitController detected collision ahead!
[controller_server-2] [WARN] [1756924150.538560016] [controller_server]: RegulatedPurePursuitController detected collision ahead!
[controller_server-2] [WARN] [1756924150.638512926] [controller_server]: RegulatedPurePursuitController detected collision ahead!
[controller_server-2] [WARN] [1756924150.738470429] [controller_server]: RegulatedPurePursuitController detected collision ahead!
[controller_server-2] [INFO] [1756924150.837907849] [controller_server]: Passing new path to controller.
[controller_server-2] [WARN] [1756924150.838873048] [controller_server]: RegulatedPurePursuitController detected collision ahead!
[controller_server-2] [WARN] [1756924150.938535157] [controller_server]: RegulatedPurePursuitController detected collision ahead!
[controller_server-2] [WARN] [1756924151.038306721] [controller_server]: RegulatedPurePursuitController detected collision ahead!
[controller_server-2] [WARN] [1756924151.138522550] [controller_server]: RegulatedPurePursuitController detected collision ahead!
[controller_server-2] [WARN] [1756924151.238516224] [controller_server]: RegulatedPurePursuitController detected collision ahead!
[controller_server-2] [WARN] [1756924151.338517621] [controller_server]: RegulatedPurePursuitController detected collision ahead!
[controller_server-2] [WARN] [1756924151.438006850] [controller_server]: RegulatedPurePursuitController detected collision ahead!
[controller_server-2] [WARN] [1756924151.538519333] [controller_server]: RegulatedPurePursuitController detected collision ahead!
[controller_server-2] [ERROR] [1756924151.538615949] [controller_server]: Controller patience exceeded
[controller_server-2] [WARN] [1756924151.538690235] [controller_server]: [follow_path] [ActionServer] Aborting handle.
[behavior_server-5] [INFO] [1756924151.556951042] [behavior_server]: Running spin
[behavior_server-5] [INFO] [1756924151.557117964] [behavior_server]: Turning 1.57 for spin behavior.
[behavior_server-5] [WARN] [1756924151.657465556] [behavior_server]: Collision Ahead - Exiting Spin
[behavior_server-5] [WARN] [1756924151.657530708] [behavior_server]: spin failed
[behavior_server-5] [WARN] [1756924151.657553703] [behavior_server]: [spin] [ActionServer] Aborting handle.
[behavior_server-5] [INFO] [1756924151.686628599] [behavior_server]: Running wait
[behavior_server-5] [INFO] [1756924156.686978781] [behavior_server]: wait completed successfully
[controller_server-2] [INFO] [1756924156.736415026] [controller_server]: Received a goal, begin computing control effort.
[controller_server-2] [WARN] [1756924156.736867703] [controller_server]: RegulatedPurePursuitController detected collision ahead!
[controller_server-2] [WARN] [1756924156.837233215] [controller_server]: RegulatedPurePursuitController detected collision ahead!
[controller_server-2] [WARN] [1756924156.937274469] [controller_server]: RegulatedPurePursuitController detected collision ahead!
[controller_server-2] [WARN] [1756924157.037271339] [controller_server]: RegulatedPurePursuitController detected collision ahead!
[controller_server-2] [WARN] [1756924157.137247283] [controller_server]: RegulatedPurePursuitController detected collision ahead!
[controller_server-2] [WARN] [1756924157.237310525] [controller_server]: RegulatedPurePursuitController detected collision ahead!
[controller_server-2] [WARN] [1756924157.337217027] [controller_server]: RegulatedPurePursuitController detected collision ahead!
[controller_server-2] [WARN] [1756924157.437220623] [controller_server]: RegulatedPurePursuitController detected collision ahead!
[controller_server-2] [WARN] [1756924157.537118023] [controller_server]: RegulatedPurePursuitController detected collision ahead!
[controller_server-2] [WARN] [1756924157.637231393] [controller_server]: RegulatedPurePursuitController detected collision ahead!
[controller_server-2] [WARN] [1756924157.737210236] [controller_server]: RegulatedPurePursuitController detected collision ahead!
[controller_server-2] [INFO] [1756924157.836618776] [controller_server]: Passing new path to controller.
[controller_server-2] [WARN] [1756924157.837451462] [controller_server]: RegulatedPurePursuitController detected collision ahead!
[controller_server-2] [WARN] [1756924157.937225006] [controller_server]: RegulatedPurePursuitController detected collision ahead!
[controller_server-2] [WARN] [1756924158.037302546] [controller_server]: RegulatedPurePursuitController detected collision ahead!
[controller_server-2] [WARN] [1756924158.137170390] [controller_server]: RegulatedPurePursuitController detected collision ahead!
[controller_server-2] [WARN] [1756924158.237414338] [controller_server]: RegulatedPurePursuitController detected collision ahead!
[controller_server-2] [WARN] [1756924158.337197724] [controller_server]: RegulatedPurePursuitController detected collision ahead!
[controller_server-2] [WARN] [1756924158.437223078] [controller_server]: RegulatedPurePursuitController detected collision ahead!
[controller_server-2] [WARN] [1756924158.537304154] [controller_server]: RegulatedPurePursuitController detected collision ahead!
[controller_server-2] [WARN] [1756924158.637196593] [controller_server]: RegulatedPurePursuitController detected collision ahead!
[controller_server-2] [WARN] [1756924158.737244391] [controller_server]: RegulatedPurePursuitController detected collision ahead!
[controller_server-2] [ERROR] [1756924158.737396348] [controller_server]: Controller patience exceeded
[controller_server-2] [WARN] [1756924158.737476133] [controller_server]: [follow_path] [ActionServer] Aborting handle.
[controller_server-2] [INFO] [1756924158.756575422] [local_costmap.local_costmap]: Received request to clear entirely the local_costmap
[controller_server-2] [INFO] [1756924158.758274851] [controller_server]: Received a goal, begin computing control effort.
[controller_server-2] [INFO] [1756924158.918465532] [controller_server]: Passing new path to controller.
[controller_server-2] [WARN] [1756924158.929565948] [controller_server]: RegulatedPurePursuitController detected collision ahead!
[controller_server-2] [WARN] [1756924158.929737522] [controller_server]: Control loop missed its desired rate of 10.0000Hz
[controller_server-2] [WARN] [1756924158.930444009] [controller_server]: RegulatedPurePursuitController detected collision ahead!
[controller_server-2] [WARN] [1756924158.959068104] [controller_server]: RegulatedPurePursuitController detected collision ahead!
[controller_server-2] [WARN] [1756924159.059091904] [controller_server]: RegulatedPurePursuitController detected collision ahead!
[controller_server-2] [WARN] [1756924159.159055847] [controller_server]: RegulatedPurePursuitController detected collision ahead!
[controller_server-2] [WARN] [1756924159.259014014] [controller_server]: RegulatedPurePursuitController detected collision ahead!
[controller_server-2] [WARN] [1756924159.358978935] [controller_server]: RegulatedPurePursuitController detected collision ahead!
[controller_server-2] [WARN] [1756924159.458606728] [controller_server]: RegulatedPurePursuitController detected collision ahead!
[controller_server-2] [WARN] [1756924159.559084204] [controller_server]: RegulatedPurePursuitController detected collision ahead!
[controller_server-2] [WARN] [1756924159.659084304] [controller_server]: RegulatedPurePursuitController detected collision ahead!
[controller_server-2] [WARN] [1756924159.759075519] [controller_server]: RegulatedPurePursuitController detected collision ahead!
[controller_server-2] [INFO] [1756924159.858470146] [controller_server]: Passing new path to controller.
[controller_server-2] [WARN] [1756924159.859314137] [controller_server]: RegulatedPurePursuitController detected collision ahead!
[controller_server-2] [WARN] [1756924159.958816117] [controller_server]: RegulatedPurePursuitController detected collision ahead!
[controller_server-2] [WARN] [1756924160.058927707] [controller_server]: RegulatedPurePursuitController detected collision ahead!
[controller_server-2] [WARN] [1756924160.159082831] [controller_server]: RegulatedPurePursuitController detected collision ahead!
[controller_server-2] [WARN] [1756924160.259117115] [controller_server]: RegulatedPurePursuitController detected collision ahead!
[controller_server-2] [WARN] [1756924160.359074944] [controller_server]: RegulatedPurePursuitController detected collision ahead!
[controller_server-2] [WARN] [1756924160.459087620] [controller_server]: RegulatedPurePursuitController detected collision ahead!
[controller_server-2] [WARN] [1756924160.559082528] [controller_server]: RegulatedPurePursuitController detected collision ahead!
[controller_server-2] [WARN] [1756924160.659123731] [controller_server]: RegulatedPurePursuitController detected collision ahead!
[controller_server-2] [WARN] [1756924160.758611641] [controller_server]: RegulatedPurePursuitController detected collision ahead!
[controller_server-2] [ERROR] [1756924160.758643366] [controller_server]: Controller patience exceeded
[controller_server-2] [WARN] [1756924160.758665587] [controller_server]: [follow_path] [ActionServer] Aborting handle.
[behavior_server-5] [INFO] [1756924160.776873889] [behavior_server]: Running backup
[behavior_server-5] [WARN] [1756924160.777227393] [behavior_server]: Collision Ahead - Exiting DriveOnHeading
[behavior_server-5] [WARN] [1756924160.777257785] [behavior_server]: backup failed
[behavior_server-5] [WARN] [1756924160.777281502] [behavior_server]: [backup] [ActionServer] Aborting handle.
[controller_server-2] [INFO] [1756924160.806323172] [local_costmap.local_costmap]: Received request to clear entirely the local_costmap
[planner_server-4] [INFO] [1756924160.807327332] [global_costmap.global_costmap]: Received request to clear entirely the global_costmap
[controller_server-2] [INFO] [1756924161.406414017] [controller_server]: Received a goal, begin computing control effort.
[controller_server-2] [WARN] [1756924161.406816570] [controller_server]: RegulatedPurePursuitController detected collision ahead!
[controller_server-2] [WARN] [1756924161.507197518] [controller_server]: RegulatedPurePursuitController detected collision ahead!
[controller_server-2] [WARN] [1756924161.607180623] [controller_server]: RegulatedPurePursuitController detected collision ahead!
[controller_server-2] [WARN] [1756924161.707197851] [controller_server]: RegulatedPurePursuitController detected collision ahead!
[controller_server-2] [WARN] [1756924161.807248143] [controller_server]: RegulatedPurePursuitController detected collision ahead!
[controller_server-2] [WARN] [1756924161.907172029] [controller_server]: RegulatedPurePursuitController detected collision ahead!
[controller_server-2] [WARN] [1756924162.007171758] [controller_server]: RegulatedPurePursuitController detected collision ahead!
[controller_server-2] [WARN] [1756924162.107162091] [controller_server]: RegulatedPurePursuitController detected collision ahead!
[controller_server-2] [WARN] [1756924162.207164790] [controller_server]: RegulatedPurePursuitController detected collision ahead!
[controller_server-2] [WARN] [1756924162.307167836] [controller_server]: RegulatedPurePursuitController detected collision ahead!
[controller_server-2] [ERROR] [1756924162.507795028] [controller_server]: Exception in transformPose: Lookup would require extrapolation into the future.  Requested time 1756924162.317088 but the latest data is at time 1756924162.298521, when looking up transform from frame [odom] to frame [map]
[controller_server-2] [WARN] [1756924162.507923728] [controller_server]: Unable to transform robot pose into global plan's frame
[controller_server-2] [WARN] [1756924162.508087264] [controller_server]: Control loop missed its desired rate of 10.0000Hz
[controller_server-2] [INFO] [1756924162.508114061] [controller_server]: Passing new path to controller.
[controller_server-2] [WARN] [1756924162.508777253] [controller_server]: RegulatedPurePursuitController detected collision ahead!
[controller_server-2] [WARN] [1756924162.607215222] [controller_server]: RegulatedPurePursuitController detected collision ahead!
[controller_server-2] [WARN] [1756924162.707182984] [controller_server]: RegulatedPurePursuitController detected collision ahead!
[controller_server-2] [WARN] [1756924162.807224749] [controller_server]: RegulatedPurePursuitController detected collision ahead!
[controller_server-2] [WARN] [1756924162.907257179] [controller_server]: RegulatedPurePursuitController detected collision ahead!
[controller_server-2] [WARN] [1756924163.007174561] [controller_server]: RegulatedPurePursuitController detected collision ahead!
[controller_server-2] [WARN] [1756924163.107274409] [controller_server]: RegulatedPurePursuitController detected collision ahead!
[controller_server-2] [WARN] [1756924163.207255474] [controller_server]: RegulatedPurePursuitController detected collision ahead!
[controller_server-2] [WARN] [1756924163.306875661] [controller_server]: RegulatedPurePursuitController detected collision ahead!
[controller_server-2] [WARN] [1756924163.406755960] [controller_server]: RegulatedPurePursuitController detected collision ahead!
[controller_server-2] [ERROR] [1756924163.406792118] [controller_server]: Controller patience exceeded
[controller_server-2] [WARN] [1756924163.406817462] [controller_server]: [follow_path] [ActionServer] Aborting handle.
[controller_server-2] [INFO] [1756924163.426441450] [local_costmap.local_costmap]: Received request to clear entirely the local_costmap
[controller_server-2] [INFO] [1756924163.427706964] [controller_server]: Received a goal, begin computing control effort.
[controller_server-2] [INFO] [1756924163.517916977] [controller_server]: Passing new path to controller.
[controller_server-2] [WARN] [1756924163.519247158] [controller_server]: RegulatedPurePursuitController detected collision ahead!
[controller_server-2] [WARN] [1756924163.528936023] [controller_server]: RegulatedPurePursuitController detected collision ahead!
[controller_server-2] [WARN] [1756924163.628941071] [controller_server]: RegulatedPurePursuitController detected collision ahead!
[controller_server-2] [WARN] [1756924163.728586641] [controller_server]: RegulatedPurePursuitController detected collision ahead!
[controller_server-2] [WARN] [1756924163.828416554] [controller_server]: RegulatedPurePursuitController detected collision ahead!
[controller_server-2] [WARN] [1756924163.928496296] [controller_server]: RegulatedPurePursuitController detected collision ahead!
[controller_server-2] [WARN] [1756924164.028452780] [controller_server]: RegulatedPurePursuitController detected collision ahead!
[controller_server-2] [WARN] [1756924164.128657182] [controller_server]: RegulatedPurePursuitController detected collision ahead!
[controller_server-2] [WARN] [1756924164.228419220] [controller_server]: RegulatedPurePursuitController detected collision ahead!
[controller_server-2] [WARN] [1756924164.328436954] [controller_server]: RegulatedPurePursuitController detected collision ahead!
[controller_server-2] [WARN] [1756924164.428461434] [controller_server]: RegulatedPurePursuitController detected collision ahead!
[controller_server-2] [INFO] [1756924164.527819445] [controller_server]: Passing new path to controller.
[controller_server-2] [WARN] [1756924164.528663567] [controller_server]: RegulatedPurePursuitController detected collision ahead!
[controller_server-2] [WARN] [1756924164.628471356] [controller_server]: RegulatedPurePursuitController detected collision ahead!
[controller_server-2] [WARN] [1756924164.728413234] [controller_server]: RegulatedPurePursuitController detected collision ahead!
[controller_server-2] [WARN] [1756924164.828667265] [controller_server]: RegulatedPurePursuitController detected collision ahead!
[controller_server-2] [WARN] [1756924164.928439557] [controller_server]: RegulatedPurePursuitController detected collision ahead!
[controller_server-2] [WARN] [1756924165.028524490] [controller_server]: RegulatedPurePursuitController detected collision ahead!
[controller_server-2] [WARN] [1756924165.128536128] [controller_server]: RegulatedPurePursuitController detected collision ahead!
[controller_server-2] [WARN] [1756924165.228571335] [controller_server]: RegulatedPurePursuitController detected collision ahead!
[controller_server-2] [WARN] [1756924165.368735360] [controller_server]: RegulatedPurePursuitController detected collision ahead!
[controller_server-2] [WARN] [1756924165.428411003] [controller_server]: RegulatedPurePursuitController detected collision ahead!
[controller_server-2] [ERROR] [1756924165.428512670] [controller_server]: Controller patience exceeded
[controller_server-2] [WARN] [1756924165.428594713] [controller_server]: [follow_path] [ActionServer] Aborting handle.
[behavior_server-5] [INFO] [1756924165.446646382] [behavior_server]: Running spin
[behavior_server-5] [INFO] [1756924165.446827525] [behavior_server]: Turning 1.57 for spin behavior.
[behavior_server-5] [WARN] [1756924165.547058196] [behavior_server]: Collision Ahead - Exiting Spin
[behavior_server-5] [WARN] [1756924165.547088589] [behavior_server]: spin failed
[behavior_server-5] [WARN] [1756924165.547096574] [behavior_server]: [spin] [ActionServer] Aborting handle.
[behavior_server-5] [INFO] [1756924165.576821040] [behavior_server]: Running wait
[behavior_server-5] [INFO] [1756924170.577066808] [behavior_server]: wait completed successfully
[controller_server-2] [INFO] [1756924170.627019864] [controller_server]: Received a goal, begin computing control effort.
[controller_server-2] [WARN] [1756924170.627947044] [controller_server]: RegulatedPurePursuitController detected collision ahead!
[controller_server-2] [WARN] [1756924170.727909354] [controller_server]: RegulatedPurePursuitController detected collision ahead!
[controller_server-2] [WARN] [1756924170.827961278] [controller_server]: RegulatedPurePursuitController detected collision ahead!
[controller_server-2] [WARN] [1756924170.927861448] [controller_server]: RegulatedPurePursuitController detected collision ahead!
[controller_server-2] [WARN] [1756924171.027848104] [controller_server]: RegulatedPurePursuitController detected collision ahead!
[controller_server-2] [WARN] [1756924171.127889566] [controller_server]: RegulatedPurePursuitController detected collision ahead!
[controller_server-2] [WARN] [1756924171.227868675] [controller_server]: RegulatedPurePursuitController detected collision ahead!
[controller_server-2] [WARN] [1756924171.327886313] [controller_server]: RegulatedPurePursuitController detected collision ahead!
[controller_server-2] [WARN] [1756924171.427834040] [controller_server]: RegulatedPurePursuitController detected collision ahead!
[controller_server-2] [WARN] [1756924171.527880514] [controller_server]: RegulatedPurePursuitController detected collision ahead!
[controller_server-2] [WARN] [1756924171.627836823] [controller_server]: RegulatedPurePursuitController detected collision ahead!
[controller_server-2] [INFO] [1756924171.727229311] [controller_server]: Passing new path to controller.
[controller_server-2] [WARN] [1756924171.728095845] [controller_server]: RegulatedPurePursuitController detected collision ahead!
[controller_server-2] [WARN] [1756924171.837978651] [controller_server]: RegulatedPurePursuitController detected collision ahead!
[controller_server-2] [WARN] [1756924171.927829184] [controller_server]: RegulatedPurePursuitController detected collision ahead!
[controller_server-2] [WARN] [1756924172.027650665] [controller_server]: RegulatedPurePursuitController detected collision ahead!
[controller_server-2] [WARN] [1756924172.127881133] [controller_server]: RegulatedPurePursuitController detected collision ahead!
[controller_server-2] [WARN] [1756924172.227863965] [controller_server]: RegulatedPurePursuitController detected collision ahead!
[controller_server-2] [WARN] [1756924172.327825430] [controller_server]: RegulatedPurePursuitController detected collision ahead!
[controller_server-2] [WARN] [1756924172.427844112] [controller_server]: RegulatedPurePursuitController detected collision ahead!
[controller_server-2] [WARN] [1756924172.527890828] [controller_server]: RegulatedPurePursuitController detected collision ahead!
[controller_server-2] [WARN] [1756924172.627834537] [controller_server]: RegulatedPurePursuitController detected collision ahead!
[controller_server-2] [ERROR] [1756924172.627926469] [controller_server]: Controller patience exceeded
[controller_server-2] [WARN] [1756924172.628005625] [controller_server]: [follow_path] [ActionServer] Aborting handle.
[controller_server-2] [INFO] [1756924172.646515474] [local_costmap.local_costmap]: Received request to clear entirely the local_costmap
[controller_server-2] [INFO] [1756924172.648058634] [controller_server]: Received a goal, begin computing control effort.
[controller_server-2] [INFO] [1756924172.718238382] [controller_server]: Passing new path to controller.
[controller_server-2] [WARN] [1756924172.719149839] [controller_server]: RegulatedPurePursuitController detected collision ahead!
[controller_server-2] [WARN] [1756924172.748876559] [controller_server]: RegulatedPurePursuitController detected collision ahead!
[controller_server-2] [WARN] [1756924172.848820661] [controller_server]: RegulatedPurePursuitController detected collision ahead!
[controller_server-2] [WARN] [1756924172.948355288] [controller_server]: RegulatedPurePursuitController detected collision ahead!
[controller_server-2] [WARN] [1756924173.048803678] [controller_server]: RegulatedPurePursuitController detected collision ahead!
[controller_server-2] [WARN] [1756924173.148625287] [controller_server]: RegulatedPurePursuitController detected collision ahead!
[controller_server-2] [WARN] [1756924173.248865491] [controller_server]: RegulatedPurePursuitController detected collision ahead!
[controller_server-2] [WARN] [1756924173.348913562] [controller_server]: RegulatedPurePursuitController detected collision ahead!
[controller_server-2] [WARN] [1756924173.448912420] [controller_server]: RegulatedPurePursuitController detected collision ahead!
[controller_server-2] [WARN] [1756924173.549013673] [controller_server]: RegulatedPurePursuitController detected collision ahead!
[controller_server-2] [WARN] [1756924173.649319621] [controller_server]: RegulatedPurePursuitController detected collision ahead!
[controller_server-2] [INFO] [1756924173.748248752] [controller_server]: Passing new path to controller.
[controller_server-2] [WARN] [1756924173.749190638] [controller_server]: RegulatedPurePursuitController detected collision ahead!
[controller_server-2] [WARN] [1756924173.848873652] [controller_server]: RegulatedPurePursuitController detected collision ahead!
[controller_server-2] [WARN] [1756924173.948865036] [controller_server]: RegulatedPurePursuitController detected collision ahead!
[controller_server-2] [WARN] [1756924174.048986328] [controller_server]: RegulatedPurePursuitController detected collision ahead!
[controller_server-2] [WARN] [1756924174.148871704] [controller_server]: RegulatedPurePursuitController detected collision ahead!
[controller_server-2] [WARN] [1756924174.248881735] [controller_server]: RegulatedPurePursuitController detected collision ahead!
[controller_server-2] [WARN] [1756924174.348892200] [controller_server]: RegulatedPurePursuitController detected collision ahead!
[controller_server-2] [WARN] [1756924174.448929073] [controller_server]: RegulatedPurePursuitController detected collision ahead!
[controller_server-2] [WARN] [1756924174.548862458] [controller_server]: RegulatedPurePursuitController detected collision ahead!
[controller_server-2] [WARN] [1756924174.648858586] [controller_server]: RegulatedPurePursuitController detected collision ahead!
[controller_server-2] [ERROR] [1756924174.648952222] [controller_server]: Controller patience exceeded
[controller_server-2] [WARN] [1756924174.649031173] [controller_server]: [follow_path] [ActionServer] Aborting handle.
[behavior_server-5] [INFO] [1756924174.666703037] [behavior_server]: Running backup
[behavior_server-5] [WARN] [1756924174.667088854] [behavior_server]: Collision Ahead - Exiting DriveOnHeading
[behavior_server-5] [WARN] [1756924174.667121317] [behavior_server]: backup failed
[behavior_server-5] [WARN] [1756924174.667148359] [behavior_server]: [backup] [ActionServer] Aborting handle.
[controller_server-2] [INFO] [1756924174.696262116] [local_costmap.local_costmap]: Received request to clear entirely the local_costmap
[planner_server-4] [INFO] [1756924174.697566897] [global_costmap.global_costmap]: Received request to clear entirely the global_costmap
[controller_server-2] [INFO] [1756924175.406605038] [controller_server]: Received a goal, begin computing control effort.
[controller_server-2] [WARN] [1756924175.407335300] [controller_server]: RegulatedPurePursuitController detected collision ahead!
[controller_server-2] [WARN] [1756924175.507399446] [controller_server]: RegulatedPurePursuitController detected collision ahead!
[controller_server-2] [WARN] [1756924175.607321424] [controller_server]: RegulatedPurePursuitController detected collision ahead!
[controller_server-2] [WARN] [1756924175.707240645] [controller_server]: RegulatedPurePursuitController detected collision ahead!
[controller_server-2] [WARN] [1756924175.807459513] [controller_server]: RegulatedPurePursuitController detected collision ahead!
[controller_server-2] [WARN] [1756924175.907482629] [controller_server]: RegulatedPurePursuitController detected collision ahead!
[controller_server-2] [WARN] [1756924176.007495615] [controller_server]: RegulatedPurePursuitController detected collision ahead!
[controller_server-2] [WARN] [1756924176.107430969] [controller_server]: RegulatedPurePursuitController detected collision ahead!
[controller_server-2] [WARN] [1756924176.207429438] [controller_server]: RegulatedPurePursuitController detected collision ahead!
[controller_server-2] [WARN] [1756924176.307421287] [controller_server]: RegulatedPurePursuitController detected collision ahead!
[controller_server-2] [WARN] [1756924176.407441902] [controller_server]: RegulatedPurePursuitController detected collision ahead!
[controller_server-2] [INFO] [1756924176.506820468] [controller_server]: Passing new path to controller.
[controller_server-2] [WARN] [1756924176.507758028] [controller_server]: RegulatedPurePursuitController detected collision ahead!
[controller_server-2] [WARN] [1756924176.607434999] [controller_server]: RegulatedPurePursuitController detected collision ahead!
[controller_server-2] [WARN] [1756924176.707444843] [controller_server]: RegulatedPurePursuitController detected collision ahead!
[controller_server-2] [WARN] [1756924176.807452433] [controller_server]: RegulatedPurePursuitController detected collision ahead!
[controller_server-2] [WARN] [1756924176.907563072] [controller_server]: RegulatedPurePursuitController detected collision ahead!
[controller_server-2] [WARN] [1756924177.007428907] [controller_server]: RegulatedPurePursuitController detected collision ahead!
[controller_server-2] [WARN] [1756924177.107165913] [controller_server]: RegulatedPurePursuitController detected collision ahead!
[controller_server-2] [WARN] [1756924177.207430293] [controller_server]: RegulatedPurePursuitController detected collision ahead!
[controller_server-2] [WARN] [1756924177.307433383] [controller_server]: RegulatedPurePursuitController detected collision ahead!
[controller_server-2] [WARN] [1756924177.407426857] [controller_server]: RegulatedPurePursuitController detected collision ahead!
[controller_server-2] [ERROR] [1756924177.407537891] [controller_server]: Controller patience exceeded
[controller_server-2] [WARN] [1756924177.407632493] [controller_server]: [follow_path] [ActionServer] Aborting handle.
[controller_server-2] [INFO] [1756924177.426385281] [local_costmap.local_costmap]: Received request to clear entirely the local_costmap
[controller_server-2] [INFO] [1756924177.427674544] [controller_server]: Received a goal, begin computing control effort.
[controller_server-2] [INFO] [1756924177.517870538] [controller_server]: Passing new path to controller.
[controller_server-2] [WARN] [1756924177.518807466] [controller_server]: RegulatedPurePursuitController detected collision ahead!
[controller_server-2] [WARN] [1756924177.528232012] [controller_server]: RegulatedPurePursuitController detected collision ahead!
[controller_server-2] [WARN] [1756924177.628607674] [controller_server]: RegulatedPurePursuitController detected collision ahead!
[controller_server-2] [WARN] [1756924177.728573923] [controller_server]: RegulatedPurePursuitController detected collision ahead!
[controller_server-2] [WARN] [1756924177.828497951] [controller_server]: RegulatedPurePursuitController detected collision ahead!
[controller_server-2] [WARN] [1756924177.928509901] [controller_server]: RegulatedPurePursuitController detected collision ahead!
[controller_server-2] [WARN] [1756924178.028516567] [controller_server]: RegulatedPurePursuitController detected collision ahead!
[controller_server-2] [WARN] [1756924178.128471994] [controller_server]: RegulatedPurePursuitController detected collision ahead!
[controller_server-2] [WARN] [1756924178.228644353] [controller_server]: RegulatedPurePursuitController detected collision ahead!
[controller_server-2] [WARN] [1756924178.328568547] [controller_server]: RegulatedPurePursuitController detected collision ahead!
[controller_server-2] [WARN] [1756924178.428524679] [controller_server]: RegulatedPurePursuitController detected collision ahead!
[controller_server-2] [INFO] [1756924178.527881260] [controller_server]: Passing new path to controller.
[controller_server-2] [WARN] [1756924178.528715800] [controller_server]: RegulatedPurePursuitController detected collision ahead!
[controller_server-2] [WARN] [1756924178.628528846] [controller_server]: RegulatedPurePursuitController detected collision ahead!
[controller_server-2] [WARN] [1756924178.728515517] [controller_server]: RegulatedPurePursuitController detected collision ahead!
[controller_server-2] [WARN] [1756924178.828647623] [controller_server]: RegulatedPurePursuitController detected collision ahead!
[controller_server-2] [WARN] [1756924178.928724147] [controller_server]: RegulatedPurePursuitController detected collision ahead!
[controller_server-2] [WARN] [1756924179.028569790] [controller_server]: RegulatedPurePursuitController detected collision ahead!
[controller_server-2] [WARN] [1756924179.128746972] [controller_server]: RegulatedPurePursuitController detected collision ahead!
[controller_server-2] [WARN] [1756924179.228556007] [controller_server]: RegulatedPurePursuitController detected collision ahead!
[controller_server-2] [WARN] [1756924179.328293240] [controller_server]: RegulatedPurePursuitController detected collision ahead!
[controller_server-2] [WARN] [1756924179.428562620] [controller_server]: RegulatedPurePursuitController detected collision ahead!
[controller_server-2] [ERROR] [1756924179.428656342] [controller_server]: Controller patience exceeded
[controller_server-2] [WARN] [1756924179.428773631] [controller_server]: [follow_path] [ActionServer] Aborting handle.
[behavior_server-5] [INFO] [1756924179.446734241] [behavior_server]: Running spin
[behavior_server-5] [INFO] [1756924179.446919776] [behavior_server]: Turning 1.57 for spin behavior.
[behavior_server-5] [WARN] [1756924179.547296224] [behavior_server]: Collision Ahead - Exiting Spin
[behavior_server-5] [WARN] [1756924179.547351780] [behavior_server]: spin failed
[behavior_server-5] [WARN] [1756924179.547370718] [behavior_server]: [spin] [ActionServer] Aborting handle.
[behavior_server-5] [INFO] [1756924179.576761214] [behavior_server]: Running wait
[behavior_server-5] [INFO] [1756924184.577036301] [behavior_server]: wait completed successfully
[controller_server-2] [INFO] [1756924184.626823715] [controller_server]: Received a goal, begin computing control effort.
[controller_server-2] [WARN] [1756924184.627584445] [controller_server]: RegulatedPurePursuitController detected collision ahead!
[controller_server-2] [WARN] [1756924184.727657626] [controller_server]: RegulatedPurePursuitController detected collision ahead!
[controller_server-2] [WARN] [1756924184.827613190] [controller_server]: RegulatedPurePursuitController detected collision ahead!
[controller_server-2] [WARN] [1756924184.927677020] [controller_server]: RegulatedPurePursuitController detected collision ahead!
[controller_server-2] [WARN] [1756924185.027343234] [controller_server]: RegulatedPurePursuitController detected collision ahead!
[controller_server-2] [WARN] [1756924185.127706051] [controller_server]: RegulatedPurePursuitController detected collision ahead!
[controller_server-2] [WARN] [1756924185.227648627] [controller_server]: RegulatedPurePursuitController detected collision ahead!
[controller_server-2] [WARN] [1756924185.327647646] [controller_server]: RegulatedPurePursuitController detected collision ahead!
[controller_server-2] [WARN] [1756924185.427628042] [controller_server]: RegulatedPurePursuitController detected collision ahead!
[controller_server-2] [WARN] [1756924185.527592207] [controller_server]: RegulatedPurePursuitController detected collision ahead!
[controller_server-2] [WARN] [1756924185.627452417] [controller_server]: RegulatedPurePursuitController detected collision ahead!
[controller_server-2] [INFO] [1756924185.727011336] [controller_server]: Passing new path to controller.
[controller_server-2] [WARN] [1756924185.727172649] [controller_server]: RegulatedPurePursuitController detected collision ahead!
[controller_server-2] [WARN] [1756924185.827620486] [controller_server]: RegulatedPurePursuitController detected collision ahead!
[controller_server-2] [WARN] [1756924185.927631800] [controller_server]: RegulatedPurePursuitController detected collision ahead!
[controller_server-2] [WARN] [1756924186.027630279] [controller_server]: RegulatedPurePursuitController detected collision ahead!
[controller_server-2] [WARN] [1756924186.127643188] [controller_server]: RegulatedPurePursuitController detected collision ahead!
[controller_server-2] [WARN] [1756924186.227642308] [controller_server]: RegulatedPurePursuitController detected collision ahead!
[controller_server-2] [WARN] [1756924186.327634855] [controller_server]: RegulatedPurePursuitController detected collision ahead!
[controller_server-2] [WARN] [1756924186.427539089] [controller_server]: RegulatedPurePursuitController detected collision ahead!
[controller_server-2] [WARN] [1756924186.527635882] [controller_server]: RegulatedPurePursuitController detected collision ahead!
[controller_server-2] [WARN] [1756924186.627619240] [controller_server]: RegulatedPurePursuitController detected collision ahead!
[controller_server-2] [ERROR] [1756924186.627710387] [controller_server]: Controller patience exceeded
[controller_server-2] [WARN] [1756924186.627790273] [controller_server]: [follow_path] [ActionServer] Aborting handle.
[controller_server-2] [INFO] [1756924186.646525625] [local_costmap.local_costmap]: Received request to clear entirely the local_costmap
[controller_server-2] [INFO] [1756924186.648168768] [controller_server]: Received a goal, begin computing control effort.
[controller_server-2] [INFO] [1756924186.718356996] [controller_server]: Passing new path to controller.
[controller_server-2] [WARN] [1756924186.719207442] [controller_server]: RegulatedPurePursuitController detected collision ahead!
[controller_server-2] [WARN] [1756924186.748742956] [controller_server]: RegulatedPurePursuitController detected collision ahead!
[controller_server-2] [WARN] [1756924186.848971751] [controller_server]: RegulatedPurePursuitController detected collision ahead!
[controller_server-2] [WARN] [1756924186.948975209] [controller_server]: RegulatedPurePursuitController detected collision ahead!
[controller_server-2] [WARN] [1756924187.048459376] [controller_server]: RegulatedPurePursuitController detected collision ahead!
[controller_server-2] [WARN] [1756924187.149068281] [controller_server]: RegulatedPurePursuitController detected collision ahead!
[controller_server-2] [WARN] [1756924187.249055150] [controller_server]: RegulatedPurePursuitController detected collision ahead!
[controller_server-2] [WARN] [1756924187.348982592] [controller_server]: RegulatedPurePursuitController detected collision ahead!
[controller_server-2] [WARN] [1756924187.448982129] [controller_server]: RegulatedPurePursuitController detected collision ahead!
[controller_server-2] [WARN] [1756924187.548868235] [controller_server]: RegulatedPurePursuitController detected collision ahead!
[controller_server-2] [WARN] [1756924187.648993333] [controller_server]: RegulatedPurePursuitController detected collision ahead!
[controller_server-2] [INFO] [1756924187.748358156] [controller_server]: Passing new path to controller.
[controller_server-2] [WARN] [1756924187.749205765] [controller_server]: RegulatedPurePursuitController detected collision ahead!
[controller_server-2] [WARN] [1756924187.848968147] [controller_server]: RegulatedPurePursuitController detected collision ahead!
[controller_server-2] [WARN] [1756924187.948979063] [controller_server]: RegulatedPurePursuitController detected collision ahead!
[controller_server-2] [WARN] [1756924188.048599407] [controller_server]: RegulatedPurePursuitController detected collision ahead!
[controller_server-2] [WARN] [1756924188.148456799] [controller_server]: RegulatedPurePursuitController detected collision ahead!
[controller_server-2] [WARN] [1756924188.248920226] [controller_server]: RegulatedPurePursuitController detected collision ahead!
[controller_server-2] [WARN] [1756924188.348976804] [controller_server]: RegulatedPurePursuitController detected collision ahead!
[controller_server-2] [WARN] [1756924188.448983868] [controller_server]: RegulatedPurePursuitController detected collision ahead!
[controller_server-2] [WARN] [1756924188.549063712] [controller_server]: RegulatedPurePursuitController detected collision ahead!
[controller_server-2] [WARN] [1756924188.648987050] [controller_server]: RegulatedPurePursuitController detected collision ahead!
[controller_server-2] [ERROR] [1756924188.649077593] [controller_server]: Controller patience exceeded
[controller_server-2] [WARN] [1756924188.649157917] [controller_server]: [follow_path] [ActionServer] Aborting handle.
[behavior_server-5] [INFO] [1756924188.666654546] [behavior_server]: Running backup
[behavior_server-5] [WARN] [1756924188.667041639] [behavior_server]: Collision Ahead - Exiting DriveOnHeading
[behavior_server-5] [WARN] [1756924188.667071587] [behavior_server]: backup failed
[behavior_server-5] [WARN] [1756924188.667089831] [behavior_server]: [backup] [ActionServer] Aborting handle.
[controller_server-2] [INFO] [1756924188.696319095] [local_costmap.local_costmap]: Received request to clear entirely the local_costmap
[planner_server-4] [INFO] [1756924188.697535687] [global_costmap.global_costmap]: Received request to clear entirely the global_costmap
[controller_server-2] [INFO] [1756924189.406647953] [controller_server]: Received a goal, begin computing control effort.
[controller_server-2] [WARN] [1756924189.407391560] [controller_server]: RegulatedPurePursuitController detected collision ahead!
[controller_server-2] [WARN] [1756924189.507484345] [controller_server]: RegulatedPurePursuitController detected collision ahead!
[controller_server-2] [WARN] [1756924189.607571390] [controller_server]: RegulatedPurePursuitController detected collision ahead!
[controller_server-2] [WARN] [1756924189.707499809] [controller_server]: RegulatedPurePursuitController detected collision ahead!
[controller_server-2] [WARN] [1756924189.807495489] [controller_server]: RegulatedPurePursuitController detected collision ahead!
[controller_server-2] [WARN] [1756924189.907505487] [controller_server]: RegulatedPurePursuitController detected collision ahead!
[controller_server-2] [WARN] [1756924190.007480981] [controller_server]: RegulatedPurePursuitController detected collision ahead!
[controller_server-2] [WARN] [1756924190.107433821] [controller_server]: RegulatedPurePursuitController detected collision ahead!
[controller_server-2] [WARN] [1756924190.207489194] [controller_server]: RegulatedPurePursuitController detected collision ahead!
[controller_server-2] [WARN] [1756924190.307492671] [controller_server]: RegulatedPurePursuitController detected collision ahead!
[controller_server-2] [WARN] [1756924190.407490148] [controller_server]: RegulatedPurePursuitController detected collision ahead!
[controller_server-2] [INFO] [1756924190.506965185] [controller_server]: Passing new path to controller.
[controller_server-2] [WARN] [1756924190.507828537] [controller_server]: RegulatedPurePursuitController detected collision ahead!
[controller_server-2] [WARN] [1756924190.607517438] [controller_server]: RegulatedPurePursuitController detected collision ahead!
[controller_server-2] [WARN] [1756924190.707490894] [controller_server]: RegulatedPurePursuitController detected collision ahead!
[controller_server-2] [WARN] [1756924190.807495920] [controller_server]: RegulatedPurePursuitController detected collision ahead!
[controller_server-2] [WARN] [1756924190.907424096] [controller_server]: RegulatedPurePursuitController detected collision ahead!
[controller_server-2] [WARN] [1756924191.006978859] [controller_server]: RegulatedPurePursuitController detected collision ahead!
[controller_server-2] [WARN] [1756924191.107329720] [controller_server]: RegulatedPurePursuitController detected collision ahead!
[controller_server-2] [WARN] [1756924191.207494717] [controller_server]: RegulatedPurePursuitController detected collision ahead!
[controller_server-2] [WARN] [1756924191.307569577] [controller_server]: RegulatedPurePursuitController detected collision ahead!
[controller_server-2] [WARN] [1756924191.407489719] [controller_server]: RegulatedPurePursuitController detected collision ahead!
[controller_server-2] [ERROR] [1756924191.407586450] [controller_server]: Controller patience exceeded
[controller_server-2] [WARN] [1756924191.407716445] [controller_server]: [follow_path] [ActionServer] Aborting handle.
[controller_server-2] [INFO] [1756924191.426230540] [local_costmap.local_costmap]: Received request to clear entirely the local_costmap
[controller_server-2] [INFO] [1756924191.427453714] [controller_server]: Received a goal, begin computing control effort.
[controller_server-2] [INFO] [1756924191.517595894] [controller_server]: Passing new path to controller.
[controller_server-2] [WARN] [1756924191.518455005] [controller_server]: RegulatedPurePursuitController detected collision ahead!
[controller_server-2] [WARN] [1756924191.528222951] [controller_server]: RegulatedPurePursuitController detected collision ahead!
[controller_server-2] [WARN] [1756924191.628321649] [controller_server]: RegulatedPurePursuitController detected collision ahead!
[controller_server-2] [WARN] [1756924191.728528067] [controller_server]: RegulatedPurePursuitController detected collision ahead!
[controller_server-2] [WARN] [1756924191.828304789] [controller_server]: RegulatedPurePursuitController detected collision ahead!
[controller_server-2] [WARN] [1756924191.928306889] [controller_server]: RegulatedPurePursuitController detected collision ahead!
[controller_server-2] [WARN] [1756924192.028042769] [controller_server]: RegulatedPurePursuitController detected collision ahead!
[controller_server-2] [WARN] [1756924192.128298187] [controller_server]: RegulatedPurePursuitController detected collision ahead!
[controller_server-2] [WARN] [1756924192.228306945] [controller_server]: RegulatedPurePursuitController detected collision ahead!
[controller_server-2] [WARN] [1756924192.327742880] [controller_server]: RegulatedPurePursuitController detected collision ahead!
[controller_server-2] [WARN] [1756924192.427874600] [controller_server]: RegulatedPurePursuitController detected collision ahead!
[controller_server-2] [INFO] [1756924192.527600188] [controller_server]: Passing new path to controller.
[controller_server-2] [WARN] [1756924192.528462145] [controller_server]: RegulatedPurePursuitController detected collision ahead!
[controller_server-2] [WARN] [1756924192.628238320] [controller_server]: RegulatedPurePursuitController detected collision ahead!
[controller_server-2] [WARN] [1756924192.728142877] [controller_server]: RegulatedPurePursuitController detected collision ahead!
[controller_server-2] [WARN] [1756924192.828180040] [controller_server]: RegulatedPurePursuitController detected collision ahead!
[controller_server-2] [WARN] [1756924192.928269502] [controller_server]: RegulatedPurePursuitController detected collision ahead!
[controller_server-2] [WARN] [1756924193.028224998] [controller_server]: RegulatedPurePursuitController detected collision ahead!
[controller_server-2] [WARN] [1756924193.128237892] [controller_server]: RegulatedPurePursuitController detected collision ahead!
[controller_server-2] [WARN] [1756924193.228255616] [controller_server]: RegulatedPurePursuitController detected collision ahead!
[controller_server-2] [WARN] [1756924193.328243693] [controller_server]: RegulatedPurePursuitController detected collision ahead!
[controller_server-2] [WARN] [1756924193.428232069] [controller_server]: RegulatedPurePursuitController detected collision ahead!
[c