[INFO] [launch]: All log files can be found below /home/robot/.ros/log/2025-09-05-18-09-56-713863-robot-pc04-29008
[INFO] [launch]: Default logging verbosity is set to INFO
[INFO] [async_slam_toolbox_node-1]: process started with pid [29021]
[INFO] [controller_server-2]: process started with pid [29023]
[INFO] [smoother_server-3]: process started with pid [29025]
[INFO] [planner_server-4]: process started with pid [29027]
[INFO] [behavior_server-5]: process started with pid [29029]
[INFO] [bt_navigator-6]: process started with pid [29031]
[INFO] [waypoint_follower-7]: process started with pid [29033]
[INFO] [velocity_smoother-8]: process started with pid [29035]
[INFO] [lifecycle_manager-9]: process started with pid [29037]
[INFO] [explore-10]: process started with pid [29039]
[INFO] [rviz2-11]: process started with pid [29041]
[async_slam_toolbox_node-1] [INFO] [1757088596.818654112] [slam]: Node using stack size 40000000
[waypoint_follower-7] [INFO] [1757088596.821064371] [waypoint_follower]: 
[waypoint_follower-7] 	waypoint_follower lifecycle node launched. 
[waypoint_follower-7] 	Waiting on external lifecycle transitions to activate
[waypoint_follower-7] 	See https://design.ros2.org/articles/node_lifecycle.html for more information.
[planner_server-4] [INFO] [1757088596.821169448] [planner_server]: 
[planner_server-4] 	planner_server lifecycle node launched. 
[planner_server-4] 	Waiting on external lifecycle transitions to activate
[planner_server-4] 	See https://design.ros2.org/articles/node_lifecycle.html for more information.
[waypoint_follower-7] [INFO] [1757088596.821383590] [waypoint_follower]: Creating
[controller_server-2] [INFO] [1757088596.822494907] [controller_server]: 
[controller_server-2] 	controller_server lifecycle node launched. 
[controller_server-2] 	Waiting on external lifecycle transitions to activate
[controller_server-2] 	See https://design.ros2.org/articles/node_lifecycle.html for more information.
[planner_server-4] [INFO] [1757088596.822565935] [planner_server]: Creating
[velocity_smoother-8] [INFO] [1757088596.822868444] [velocity_smoother]: 
[velocity_smoother-8] 	velocity_smoother lifecycle node launched. 
[velocity_smoother-8] 	Waiting on external lifecycle transitions to activate
[velocity_smoother-8] 	See https://design.ros2.org/articles/node_lifecycle.html for more information.
[smoother_server-3] [INFO] [1757088596.823398390] [smoother_server]: 
[smoother_server-3] 	smoother_server lifecycle node launched. 
[smoother_server-3] 	Waiting on external lifecycle transitions to activate
[smoother_server-3] 	See https://design.ros2.org/articles/node_lifecycle.html for more information.
[lifecycle_manager-9] [INFO] [1757088596.824141190] [lifecycle_manager_navigation]: Creating
[smoother_server-3] [INFO] [1757088596.824221069] [smoother_server]: Creating smoother server
[controller_server-2] [INFO] [1757088596.824551072] [controller_server]: Creating controller server
[lifecycle_manager-9] [INFO] [1757088596.824976005] [lifecycle_manager_navigation]: [34m[1mCreating and initializing lifecycle service clients[0m[0m
[behavior_server-5] [INFO] [1757088596.825322213] [behavior_server]: 
[behavior_server-5] 	behavior_server lifecycle node launched. 
[behavior_server-5] 	Waiting on external lifecycle transitions to activate
[behavior_server-5] 	See https://design.ros2.org/articles/node_lifecycle.html for more information.
[bt_navigator-6] [INFO] [1757088596.829303798] [bt_navigator]: 
[bt_navigator-6] 	bt_navigator lifecycle node launched. 
[bt_navigator-6] 	Waiting on external lifecycle transitions to activate
[bt_navigator-6] 	See https://design.ros2.org/articles/node_lifecycle.html for more information.
[bt_navigator-6] [INFO] [1757088596.829406905] [bt_navigator]: Creating
[planner_server-4] [INFO] [1757088596.832242053] [global_costmap.global_costmap]: 
[planner_server-4] 	global_costmap lifecycle node launched. 
[planner_server-4] 	Waiting on external lifecycle transitions to activate
[planner_server-4] 	See https://design.ros2.org/articles/node_lifecycle.html for more information.
[planner_server-4] [INFO] [1757088596.832459438] [global_costmap.global_costmap]: Creating Costmap
[controller_server-2] [INFO] [1757088596.832799069] [local_costmap.local_costmap]: 
[controller_server-2] 	local_costmap lifecycle node launched. 
[controller_server-2] 	Waiting on external lifecycle transitions to activate
[controller_server-2] 	See https://design.ros2.org/articles/node_lifecycle.html for more information.
[controller_server-2] [INFO] [1757088596.833153892] [local_costmap.local_costmap]: Creating Costmap
[explore-10] [INFO] [1757088596.834474095] [explore_node]: Waiting for costmap to become available, topic: map
[async_slam_toolbox_node-1] [INFO] [1757088596.838278050] [slam]: Using solver plugin solver_plugins::CeresSolver
[async_slam_toolbox_node-1] [INFO] [1757088596.838373120] [slam]: CeresSolver: Using SCHUR_JACOBI preconditioner.
[lifecycle_manager-9] [INFO] [1757088596.872923465] [lifecycle_manager_navigation]: [34m[1mStarting managed nodes bringup...[0m[0m
[lifecycle_manager-9] [INFO] [1757088596.872970722] [lifecycle_manager_navigation]: [34m[1mConfiguring controller_server[0m[0m
[controller_server-2] [INFO] [1757088596.873180436] [controller_server]: Configuring controller interface
[controller_server-2] [INFO] [1757088596.873349593] [controller_server]: getting goal checker plugins..
[controller_server-2] [INFO] [1757088596.873516122] [controller_server]: Controller frequency set to 10.0000Hz
[controller_server-2] [INFO] [1757088596.873561533] [local_costmap.local_costmap]: Configuring
[controller_server-2] [INFO] [1757088596.877174557] [local_costmap.local_costmap]: Using plugin "static_layer"
[controller_server-2] [INFO] [1757088596.878946868] [local_costmap.local_costmap]: Subscribing to the map topic (/map) with transient local durability
[controller_server-2] [INFO] [1757088596.879743231] [local_costmap.local_costmap]: Initialized plugin "static_layer"
[controller_server-2] [INFO] [1757088596.879760402] [local_costmap.local_costmap]: Using plugin "obstacle_layer"
[controller_server-2] [INFO] [1757088596.879975919] [local_costmap.local_costmap]: Subscribed to Topics: scan
[controller_server-2] [INFO] [1757088596.881440259] [local_costmap.local_costmap]: Initialized plugin "obstacle_layer"
[controller_server-2] [INFO] [1757088596.881458066] [local_costmap.local_costmap]: Using plugin "inflation_layer"
[controller_server-2] [INFO] [1757088596.882080276] [local_costmap.local_costmap]: Initialized plugin "inflation_layer"
[controller_server-2] [INFO] [1757088596.886684627] [controller_server]: Created progress_checker : progress_checker of type nav2_controller::SimpleProgressChecker
[controller_server-2] [INFO] [1757088596.887046880] [controller_server]: Created goal checker : goal_checker of type nav2_controller::SimpleGoalChecker
[controller_server-2] [INFO] [1757088596.887188547] [controller_server]: Controller Server has goal_checker  goal checkers available.
[controller_server-2] [INFO] [1757088596.887557065] [controller_server]: Created controller : FollowPath of type nav2_regulated_pure_pursuit_controller::RegulatedPurePursuitController
[controller_server-2] [INFO] [1757088596.889319387] [controller_server]: Controller Server has FollowPath  controllers available.
[lifecycle_manager-9] [INFO] [1757088596.892844160] [lifecycle_manager_navigation]: [34m[1mConfiguring smoother_server[0m[0m
[smoother_server-3] [INFO] [1757088596.892950582] [smoother_server]: Configuring smoother server
[smoother_server-3] [INFO] [1757088596.895833867] [smoother_server]: Created smoother : simple_smoother of type nav2_smoother::SimpleSmoother
[smoother_server-3] [INFO] [1757088596.895941267] [smoother_server]: Smoother Server has simple_smoother  smoothers available.
[lifecycle_manager-9] [INFO] [1757088596.897434348] [lifecycle_manager_navigation]: [34m[1mConfiguring planner_server[0m[0m
[planner_server-4] [INFO] [1757088596.897525043] [planner_server]: Configuring
[planner_server-4] [INFO] [1757088596.897545411] [global_costmap.global_costmap]: Configuring
[planner_server-4] [INFO] [1757088596.899362763] [global_costmap.global_costmap]: Using plugin "static_layer"
[planner_server-4] [INFO] [1757088596.900801968] [global_costmap.global_costmap]: Subscribing to the map topic (/map) with transient local durability
[planner_server-4] [INFO] [1757088596.901753067] [global_costmap.global_costmap]: Initialized plugin "static_layer"
[planner_server-4] [INFO] [1757088596.901764551] [global_costmap.global_costmap]: Using plugin "obstacle_layer"
[planner_server-4] [INFO] [1757088596.901966591] [global_costmap.global_costmap]: Subscribed to Topics: scan
[planner_server-4] [INFO] [1757088596.903106820] [global_costmap.global_costmap]: Initialized plugin "obstacle_layer"
[planner_server-4] [INFO] [1757088596.903118740] [global_costmap.global_costmap]: Using plugin "inflation_layer"
[planner_server-4] [INFO] [1757088596.903398345] [global_costmap.global_costmap]: Initialized plugin "inflation_layer"
[planner_server-4] [INFO] [1757088596.906390501] [planner_server]: Created global planner plugin GridBased of type nav2_navfn_planner/NavfnPlanner
[planner_server-4] [INFO] [1757088596.906414260] [planner_server]: Configuring plugin GridBased of type NavfnPlanner
[planner_server-4] [INFO] [1757088596.906611307] [planner_server]: Planner Server has GridBased  planners available.
[lifecycle_manager-9] [INFO] [1757088596.909243979] [lifecycle_manager_navigation]: [34m[1mConfiguring behavior_server[0m[0m
[behavior_server-5] [INFO] [1757088596.909405274] [behavior_server]: Configuring
[behavior_server-5] [INFO] [1757088596.912391180] [behavior_server]: Creating behavior plugin spin of type nav2_behaviors/Spin
[behavior_server-5] [INFO] [1757088596.912777700] [behavior_server]: Configuring spin
[behavior_server-5] [INFO] [1757088596.914319854] [behavior_server]: Creating behavior plugin backup of type nav2_behaviors/BackUp
[behavior_server-5] [INFO] [1757088596.914743752] [behavior_server]: Configuring backup
[behavior_server-5] [INFO] [1757088596.915833684] [behavior_server]: Creating behavior plugin drive_on_heading of type nav2_behaviors/DriveOnHeading
[behavior_server-5] [INFO] [1757088596.916268947] [behavior_server]: Configuring drive_on_heading
[behavior_server-5] [INFO] [1757088596.917370953] [behavior_server]: Creating behavior plugin wait of type nav2_behaviors/Wait
[behavior_server-5] [INFO] [1757088596.917739654] [behavior_server]: Configuring wait
[behavior_server-5] [INFO] [1757088596.918849058] [behavior_server]: Creating behavior plugin assisted_teleop of type nav2_behaviors/AssistedTeleop
[behavior_server-5] [INFO] [1757088596.919649648] [behavior_server]: Configuring assisted_teleop
[lifecycle_manager-9] [INFO] [1757088596.921294052] [lifecycle_manager_navigation]: [34m[1mConfiguring bt_navigator[0m[0m
[bt_navigator-6] [INFO] [1757088596.921390437] [bt_navigator]: Configuring
[lifecycle_manager-9] [INFO] [1757088596.939870941] [lifecycle_manager_navigation]: [34m[1mConfiguring waypoint_follower[0m[0m
[waypoint_follower-7] [INFO] [1757088596.939972493] [waypoint_follower]: Configuring
[waypoint_follower-7] [INFO] [1757088596.943048907] [waypoint_follower]: Created waypoint_task_executor : wait_at_waypoint of type nav2_waypoint_follower::WaitAtWaypoint
[lifecycle_manager-9] [INFO] [1757088596.943272969] [lifecycle_manager_navigation]: [34m[1mConfiguring velocity_smoother[0m[0m
[velocity_smoother-8] [INFO] [1757088596.943388267] [velocity_smoother]: Configuring velocity smoother
[lifecycle_manager-9] [INFO] [1757088596.945298421] [lifecycle_manager_navigation]: [34m[1mActivating controller_server[0m[0m
[controller_server-2] [INFO] [1757088596.945353026] [controller_server]: Activating
[controller_server-2] [INFO] [1757088596.945374727] [local_costmap.local_costmap]: Activating
[controller_server-2] [INFO] [1757088596.945380004] [local_costmap.local_costmap]: Checking transform
[controller_server-2] [INFO] [1757088596.945391095] [local_costmap.local_costmap]: Timed out waiting for transform from base_link to odom to become available, tf error: Invalid frame ID "odom" passed to canTransform argument target_frame - frame does not exist
[rviz2-11] [INFO] [1757088597.118555471] [rviz2]: Stereo is NOT SUPPORTED
[rviz2-11] [INFO] [1757088597.118605404] [rviz2]: OpenGl version: 4.6 (GLSL 4.6)
[rviz2-11] [INFO] [1757088597.221734988] [rviz2]: Stereo is NOT SUPPORTED
[controller_server-2] [INFO] [1757088597.445445204] [local_costmap.local_costmap]: Timed out waiting for transform from base_link to odom to become available, tf error: Invalid frame ID "odom" passed to canTransform argument target_frame - frame does not exist
[controller_server-2] [INFO] [1757088597.945477483] [local_costmap.local_costmap]: Timed out waiting for transform from base_link to odom to become available, tf error: Invalid frame ID "odom" passed to canTransform argument target_frame - frame does not exist
[controller_server-2] [INFO] [1757088598.445475371] [local_costmap.local_costmap]: Timed out waiting for transform from base_link to odom to become available, tf error: Invalid frame ID "odom" passed to canTransform argument target_frame - frame does not exist
[controller_server-2] [INFO] [1757088598.945463099] [local_costmap.local_costmap]: Timed out waiting for transform from base_link to odom to become available, tf error: Invalid frame ID "odom" passed to canTransform argument target_frame - frame does not exist
[controller_server-2] [INFO] [1757088599.445497638] [local_costmap.local_costmap]: Timed out waiting for transform from base_link to odom to become available, tf error: Invalid frame ID "odom" passed to canTransform argument target_frame - frame does not exist
[controller_server-2] [INFO] [1757088599.945469351] [local_costmap.local_costmap]: Timed out waiting for transform from base_link to odom to become available, tf error: Invalid frame ID "odom" passed to canTransform argument target_frame - frame does not exist
[controller_server-2] [INFO] [1757088600.445602335] [local_costmap.local_costmap]: start
[controller_server-2] [INFO] [1757088600.647192043] [controller_server]: Activating controller: FollowPath of type regulated_pure_pursuit_controller::RegulatedPurePursuitController
[controller_server-2] [INFO] [1757088600.647282624] [controller_server]: Creating bond (controller_server) to lifecycle manager.
[lifecycle_manager-9] [INFO] [1757088600.755148861] [lifecycle_manager_navigation]: Server controller_server connected with bond.
[lifecycle_manager-9] [INFO] [1757088600.755262265] [lifecycle_manager_navigation]: [34m[1mActivating smoother_server[0m[0m
[smoother_server-3] [INFO] [1757088600.755858919] [smoother_server]: Activating
[smoother_server-3] [INFO] [1757088600.755937942] [smoother_server]: Creating bond (smoother_server) to lifecycle manager.
[lifecycle_manager-9] [INFO] [1757088600.863083247] [lifecycle_manager_navigation]: Server smoother_server connected with bond.
[lifecycle_manager-9] [INFO] [1757088600.863169724] [lifecycle_manager_navigation]: [34m[1mActivating planner_server[0m[0m
[planner_server-4] [INFO] [1757088600.863730200] [planner_server]: Activating
[planner_server-4] [INFO] [1757088600.863861574] [global_costmap.global_costmap]: Activating
[planner_server-4] [INFO] [1757088600.863909829] [global_costmap.global_costmap]: Checking transform
[planner_server-4] [INFO] [1757088600.863985095] [global_costmap.global_costmap]: Timed out waiting for transform from base_link to map to become available, tf error: Invalid frame ID "map" passed to canTransform argument target_frame - frame does not exist
[planner_server-4] [INFO] [1757088601.364050335] [global_costmap.global_costmap]: Timed out waiting for transform from base_link to map to become available, tf error: Invalid frame ID "map" passed to canTransform argument target_frame - frame does not exist
[planner_server-4] [INFO] [1757088601.864137625] [global_costmap.global_costmap]: Timed out waiting for transform from base_link to map to become available, tf error: Invalid frame ID "map" passed to canTransform argument target_frame - frame does not exist
[planner_server-4] [INFO] [1757088602.364100990] [global_costmap.global_costmap]: Timed out waiting for transform from base_link to map to become available, tf error: Invalid frame ID "map" passed to canTransform argument target_frame - frame does not exist
[controller_server-2] [WARN] [1757088602.445826080] [local_costmap.local_costmap]: Can't update static costmap layer, no map received
[planner_server-4] [INFO] [1757088602.864044708] [global_costmap.global_costmap]: Timed out waiting for transform from base_link to map to become available, tf error: Invalid frame ID "map" passed to canTransform argument target_frame - frame does not exist
[planner_server-4] [INFO] [1757088603.364023309] [global_costmap.global_costmap]: Timed out waiting for transform from base_link to map to become available, tf error: Invalid frame ID "map" passed to canTransform argument target_frame - frame does not exist
[planner_server-4] [INFO] [1757088603.864101091] [global_costmap.global_costmap]: Timed out waiting for transform from base_link to map to become available, tf error: Invalid frame ID "map" passed to canTransform argument target_frame - frame does not exist
[async_slam_toolbox_node-1] [WARN] [1757088603.971888845] [slam]: minimum laser range setting (0.0 m) exceeds the capabilities of the used Lidar (0.1 m)
[planner_server-4] [INFO] [1757088604.364162885] [global_costmap.global_costmap]: start
[controller_server-2] [WARN] [1757088604.445841776] [local_costmap.local_costmap]: Can't update static costmap layer, no map received
[planner_server-4] [INFO] [1757088604.842035662] [global_costmap.global_costmap]: StaticLayer: Resizing costmap to 33 X 62 at 0.040000 m/pix
[controller_server-2] [INFO] [1757088604.842141788] [local_costmap.local_costmap]: StaticLayer: Resizing static layer to 33 X 62 at 0.040000 m/pix
[rviz2-11] [INFO] [1757088604.864144330] [rviz2]: Trying to create a map of size 33 x 62 using 1 swatches
[planner_server-4] [INFO] [1757088605.365623410] [planner_server]: Activating plugin GridBased of type NavfnPlanner
[planner_server-4] [INFO] [1757088605.367354916] [planner_server]: Creating bond (planner_server) to lifecycle manager.
[rviz2-11] [INFO] [1757088605.375954948] [rviz2]: Trying to create a map of size 33 x 62 using 1 swatches
[lifecycle_manager-9] [INFO] [1757088605.473902009] [lifecycle_manager_navigation]: Server planner_server connected with bond.
[lifecycle_manager-9] [INFO] [1757088605.474040271] [lifecycle_manager_navigation]: [34m[1mActivating behavior_server[0m[0m
[behavior_server-5] [INFO] [1757088605.474798128] [behavior_server]: Activating
[behavior_server-5] [INFO] [1757088605.474881639] [behavior_server]: Activating spin
[behavior_server-5] [INFO] [1757088605.474925157] [behavior_server]: Activating backup
[behavior_server-5] [INFO] [1757088605.474961196] [behavior_server]: Activating drive_on_heading
[behavior_server-5] [INFO] [1757088605.474995518] [behavior_server]: Activating wait
[behavior_server-5] [INFO] [1757088605.475028521] [behavior_server]: Activating assisted_teleop
[behavior_server-5] [INFO] [1757088605.475071266] [behavior_server]: Creating bond (behavior_server) to lifecycle manager.
[lifecycle_manager-9] [INFO] [1757088605.583106466] [lifecycle_manager_navigation]: Server behavior_server connected with bond.
[lifecycle_manager-9] [INFO] [1757088605.583192590] [lifecycle_manager_navigation]: [34m[1mActivating bt_navigator[0m[0m
[bt_navigator-6] [INFO] [1757088605.583686085] [bt_navigator]: Activating
[bt_navigator-6] [INFO] [1757088605.604683531] [bt_navigator]: Creating bond (bt_navigator) to lifecycle manager.
[lifecycle_manager-9] [INFO] [1757088605.706285932] [lifecycle_manager_navigation]: Server bt_navigator connected with bond.
[lifecycle_manager-9] [INFO] [1757088605.706376246] [lifecycle_manager_navigation]: [34m[1mActivating waypoint_follower[0m[0m
[waypoint_follower-7] [INFO] [1757088605.706936592] [waypoint_follower]: Activating
[waypoint_follower-7] [INFO] [1757088605.707020341] [waypoint_follower]: Creating bond (waypoint_follower) to lifecycle manager.
[lifecycle_manager-9] [INFO] [1757088605.814516800] [lifecycle_manager_navigation]: Server waypoint_follower connected with bond.
[lifecycle_manager-9] [INFO] [1757088605.814604542] [lifecycle_manager_navigation]: [34m[1mActivating velocity_smoother[0m[0m
[velocity_smoother-8] [INFO] [1757088605.815220823] [velocity_smoother]: Activating
[velocity_smoother-8] [INFO] [1757088605.815392088] [velocity_smoother]: Creating bond (velocity_smoother) to lifecycle manager.
[lifecycle_manager-9] [INFO] [1757088605.925336065] [lifecycle_manager_navigation]: Server velocity_smoother connected with bond.
[lifecycle_manager-9] [INFO] [1757088605.925424214] [lifecycle_manager_navigation]: [34m[1mManaged nodes are active[0m[0m
[lifecycle_manager-9] [INFO] [1757088605.925447876] [lifecycle_manager_navigation]: [34m[1mCreating bond timer...[0m[0m
[explore-10] [INFO] [1757088606.859053479] [explore_node]: Waiting to connect to move_base nav2 server
[explore-10] [INFO] [1757088606.859288635] [explore_node]: Connected to move_base nav2 server
[explore-10] [INFO] [1757088606.859296187] [explore_node]: Getting initial pose of the robot
[explore-10] [ERROR] [1757088607.162603442] [explore_node]: Extrapolation Error looking up robot pose: Lookup would require extrapolation into the future.  Requested time 1757088606.859346 but the latest data is at time 1757088606.701498, when looking up transform from frame [base_link] to frame [map]
[explore-10] 
[explore-10] [INFO] [1757088607.166505793] [explore_node]: [NAV] Remembered last goal (0.35, 1.16, yaw from quat).
[bt_navigator-6] [INFO] [1757088607.167940309] [bt_navigator]: Begin navigating from current location (0.48, -0.13) to (0.35, 1.16)
[controller_server-2] [INFO] [1757088607.189237800] [controller_server]: Received a goal, begin computing control effort.
[controller_server-2] [WARN] [1757088607.189346240] [controller_server]: No goal checker was specified in parameter 'current_goal_checker'. Server will use only plugin loaded goal_checker . This warning will appear once.
[controller_server-2] [ERROR] [1757088607.590675064] [controller_server]: Exception in transformPose: Lookup would require extrapolation into the future.  Requested time 1757088607.051492 but the latest data is at time 1757088606.977472, when looking up transform from frame [odom] to frame [map]
[controller_server-2] [WARN] [1757088607.590801105] [controller_server]: Unable to transform robot pose into global plan's frame
[controller_server-2] [WARN] [1757088607.590984419] [controller_server]: Control loop missed its desired rate of 10.0000Hz
[rviz2-11] [INFO] [1757088608.141371717] [rviz2]: Trying to create a map of size 100 x 100 using 1 swatches
[controller_server-2] [INFO] [1757088608.289504669] [controller_server]: Passing new path to controller.
[controller_server-2] [ERROR] [1757088608.990622439] [controller_server]: Exception in transformPose: Lookup would require extrapolation into the future.  Requested time 1757088608.801544 but the latest data is at time 1757088608.771395, when looking up transform from frame [odom] to frame [map]
[controller_server-2] [WARN] [1757088608.990747965] [controller_server]: Unable to transform robot pose into global plan's frame
[controller_server-2] [WARN] [1757088608.990935423] [controller_server]: Control loop missed its desired rate of 10.0000Hz
[controller_server-2] [ERROR] [1757088609.092082671] [controller_server]: Exception in transformPose: Lookup would require extrapolation into the future.  Requested time 1757088608.901536 but the latest data is at time 1757088608.771395, when looking up transform from frame [odom] to frame [map]
[controller_server-2] [WARN] [1757088609.092212100] [controller_server]: Unable to transform robot pose into global plan's frame
[controller_server-2] [WARN] [1757088609.092391194] [controller_server]: Control loop missed its desired rate of 10.0000Hz
[controller_server-2] [ERROR] [1757088609.196208731] [controller_server]: Exception in transformPose: Lookup would require extrapolation into the future.  Requested time 1757088609.001490 but the latest data is at time 1757088608.771395, when looking up transform from frame [odom] to frame [map]
[controller_server-2] [WARN] [1757088609.196312470] [controller_server]: Unable to transform robot pose into global plan's frame
[controller_server-2] [WARN] [1757088609.196467620] [controller_server]: Control loop missed its desired rate of 10.0000Hz
[controller_server-2] [ERROR] [1757088609.297651663] [controller_server]: Exception in transformPose: Lookup would require extrapolation into the future.  Requested time 1757088609.101504 but the latest data is at time 1757088608.771395, when looking up transform from frame [odom] to frame [map]
[controller_server-2] [WARN] [1757088609.297767394] [controller_server]: Unable to transform robot pose into global plan's frame
[controller_server-2] [WARN] [1757088609.297948240] [controller_server]: Control loop missed its desired rate of 10.0000Hz
[controller_server-2] [INFO] [1757088609.297974575] [controller_server]: Passing new path to controller.
[controller_server-2] [ERROR] [1757088609.401317843] [controller_server]: Exception in transformPose: Lookup would require extrapolation into the future.  Requested time 1757088609.201496 but the latest data is at time 1757088608.771395, when looking up transform from frame [odom] to frame [map]
[controller_server-2] [WARN] [1757088609.401473083] [controller_server]: Unable to transform robot pose into global plan's frame
[controller_server-2] [WARN] [1757088609.401645423] [controller_server]: Control loop missed its desired rate of 10.0000Hz
[controller_server-2] [ERROR] [1757088609.502668929] [controller_server]: Exception in transformPose: Lookup would require extrapolation into the future.  Requested time 1757088609.351536 but the latest data is at time 1757088608.771395, when looking up transform from frame [odom] to frame [map]
[controller_server-2] [WARN] [1757088609.502794235] [controller_server]: Unable to transform robot pose into global plan's frame
[controller_server-2] [WARN] [1757088609.502981535] [controller_server]: Control loop missed its desired rate of 10.0000Hz
[controller_server-2] [ERROR] [1757088609.606356746] [controller_server]: Exception in transformPose: Lookup would require extrapolation into the future.  Requested time 1757088609.412745 but the latest data is at time 1757088608.771395, when looking up transform from frame [odom] to frame [map]
[controller_server-2] [WARN] [1757088609.606504375] [controller_server]: Unable to transform robot pose into global plan's frame
[controller_server-2] [WARN] [1757088609.606744915] [controller_server]: Control loop missed its desired rate of 10.0000Hz
[controller_server-2] [ERROR] [1757088609.707857331] [controller_server]: Exception in transformPose: Lookup would require extrapolation into the future.  Requested time 1757088609.523719 but the latest data is at time 1757088608.771395, when looking up transform from frame [odom] to frame [map]
[controller_server-2] [WARN] [1757088609.707981102] [controller_server]: Unable to transform robot pose into global plan's frame
[controller_server-2] [WARN] [1757088609.708175194] [controller_server]: Control loop missed its desired rate of 10.0000Hz
[controller_server-2] [ERROR] [1757088609.811643134] [controller_server]: Exception in transformPose: Lookup would require extrapolation into the future.  Requested time 1757088609.652263 but the latest data is at time 1757088608.771395, when looking up transform from frame [odom] to frame [map]
[controller_server-2] [WARN] [1757088609.811794696] [controller_server]: Unable to transform robot pose into global plan's frame
[controller_server-2] [WARN] [1757088609.812047352] [controller_server]: Control loop missed its desired rate of 10.0000Hz
[controller_server-2] [ERROR] [1757088609.913219983] [controller_server]: Exception in transformPose: Lookup would require extrapolation into the future.  Requested time 1757088609.701679 but the latest data is at time 1757088608.771395, when looking up transform from frame [odom] to frame [map]
[controller_server-2] [WARN] [1757088609.913342217] [controller_server]: Unable to transform robot pose into global plan's frame
[controller_server-2] [WARN] [1757088609.913534862] [controller_server]: Control loop missed its desired rate of 10.0000Hz
[controller_server-2] [INFO] [1757088610.289495520] [controller_server]: Passing new path to controller.
[rviz2-11] [INFO] [1757088610.849896601] [rviz2]: Trying to create a map of size 59 x 92 using 1 swatches
[controller_server-2] [ERROR] [1757088610.890616033] [controller_server]: Exception in transformPose: Lookup would require extrapolation into the future.  Requested time 1757088610.701536 but the latest data is at time 1757088610.643829, when looking up transform from frame [odom] to frame [map]
[controller_server-2] [WARN] [1757088610.890726717] [controller_server]: Unable to transform robot pose into global plan's frame
[controller_server-2] [INFO] [1757088610.890750937] [local_costmap.local_costmap]: StaticLayer: Resizing static layer to 59 X 92 at 0.040000 m/pix
[controller_server-2] [WARN] [1757088610.890895977] [controller_server]: Control loop missed its desired rate of 10.0000Hz
[controller_server-2] [ERROR] [1757088610.994101781] [controller_server]: Exception in transformPose: Lookup would require extrapolation into the future.  Requested time 1757088610.801508 but the latest data is at time 1757088610.643829, when looking up transform from frame [odom] to frame [map]
[controller_server-2] [WARN] [1757088610.994225284] [controller_server]: Unable to transform robot pose into global plan's frame
[controller_server-2] [WARN] [1757088610.994445053] [controller_server]: Control loop missed its desired rate of 10.0000Hz
[controller_server-2] [ERROR] [1757088611.095465296] [controller_server]: Exception in transformPose: Lookup would require extrapolation into the future.  Requested time 1757088610.901603 but the latest data is at time 1757088610.643829, when looking up transform from frame [odom] to frame [map]
[controller_server-2] [WARN] [1757088611.095627086] [controller_server]: Unable to transform robot pose into global plan's frame
[controller_server-2] [WARN] [1757088611.095806828] [controller_server]: Control loop missed its desired rate of 10.0000Hz
[controller_server-2] [ERROR] [1757088611.198864555] [controller_server]: Exception in transformPose: Lookup would require extrapolation into the future.  Requested time 1757088610.901603 but the latest data is at time 1757088610.643829, when looking up transform from frame [odom] to frame [map]
[controller_server-2] [WARN] [1757088611.198985763] [controller_server]: Unable to transform robot pose into global plan's frame
[controller_server-2] [WARN] [1757088611.199169669] [controller_server]: Control loop missed its desired rate of 10.0000Hz
[controller_server-2] [ERROR] [1757088611.300233005] [controller_server]: Exception in transformPose: Lookup would require extrapolation into the future.  Requested time 1757088610.901603 but the latest data is at time 1757088610.643829, when looking up transform from frame [odom] to frame [map]
[controller_server-2] [WARN] [1757088611.300350160] [controller_server]: Unable to transform robot pose into global plan's frame
[controller_server-2] [WARN] [1757088611.300526135] [controller_server]: Control loop missed its desired rate of 10.0000Hz
[planner_server-4] [INFO] [1757088611.364411158] [global_costmap.global_costmap]: StaticLayer: Resizing costmap to 59 X 92 at 0.040000 m/pix
[rviz2-11] [INFO] [1757088611.393123363] [rviz2]: Trying to create a map of size 59 x 92 using 1 swatches
[controller_server-2] [ERROR] [1757088611.404109378] [controller_server]: Exception in transformPose: Lookup would require extrapolation into the future.  Requested time 1757088610.901603 but the latest data is at time 1757088610.643829, when looking up transform from frame [odom] to frame [map]
[controller_server-2] [WARN] [1757088611.404221913] [controller_server]: Unable to transform robot pose into global plan's frame
[controller_server-2] [WARN] [1757088611.404404270] [controller_server]: Control loop missed its desired rate of 10.0000Hz
[controller_server-2] [INFO] [1757088611.404431838] [controller_server]: Passing new path to controller.
[controller_server-2] [ERROR] [1757088611.505676203] [controller_server]: Exception in transformPose: Lookup would require extrapolation into the future.  Requested time 1757088610.901603 but the latest data is at time 1757088610.643829, when looking up transform from frame [odom] to frame [map]
[controller_server-2] [WARN] [1757088611.505753314] [controller_server]: Unable to transform robot pose into global plan's frame
[controller_server-2] [WARN] [1757088611.505861238] [controller_server]: Control loop missed its desired rate of 10.0000Hz
[controller_server-2] [ERROR] [1757088611.608835084] [controller_server]: Exception in transformPose: Lookup would require extrapolation into the future.  Requested time 1757088610.901603 but the latest data is at time 1757088610.643829, when looking up transform from frame [odom] to frame [map]
[controller_server-2] [WARN] [1757088611.608953827] [controller_server]: Unable to transform robot pose into global plan's frame
[controller_server-2] [WARN] [1757088611.609140565] [controller_server]: Control loop missed its desired rate of 10.0000Hz
[controller_server-2] [ERROR] [1757088611.710261580] [controller_server]: Exception in transformPose: Lookup would require extrapolation into the future.  Requested time 1757088610.901603 but the latest data is at time 1757088610.643829, when looking up transform from frame [odom] to frame [map]
[controller_server-2] [WARN] [1757088611.710378255] [controller_server]: Unable to transform robot pose into global plan's frame
[controller_server-2] [WARN] [1757088611.710561741] [controller_server]: Control loop missed its desired rate of 10.0000Hz
[controller_server-2] [ERROR] [1757088611.814077895] [controller_server]: Exception in transformPose: Lookup would require extrapolation into the future.  Requested time 1757088610.901603 but the latest data is at time 1757088610.643829, when looking up transform from frame [odom] to frame [map]
[controller_server-2] [WARN] [1757088611.814167251] [controller_server]: Unable to transform robot pose into global plan's frame
[controller_server-2] [WARN] [1757088611.814298246] [controller_server]: Control loop missed its desired rate of 10.0000Hz
[controller_server-2] [ERROR] [1757088611.915362480] [controller_server]: Exception in transformPose: Lookup would require extrapolation into the future.  Requested time 1757088611.770686 but the latest data is at time 1757088611.191014, when looking up transform from frame [odom] to frame [map]
[controller_server-2] [WARN] [1757088611.915489593] [controller_server]: Unable to transform robot pose into global plan's frame
[controller_server-2] [WARN] [1757088611.915731630] [controller_server]: Control loop missed its desired rate of 10.0000Hz
[controller_server-2] [ERROR] [1757088612.019141817] [controller_server]: Exception in transformPose: Lookup would require extrapolation into the future.  Requested time 1757088611.852226 but the latest data is at time 1757088611.191014, when looking up transform from frame [odom] to frame [map]
[controller_server-2] [WARN] [1757088612.019267509] [controller_server]: Unable to transform robot pose into global plan's frame
[controller_server-2] [WARN] [1757088612.019451146] [controller_server]: Control loop missed its desired rate of 10.0000Hz
[controller_server-2] [ERROR] [1757088612.120449379] [controller_server]: Exception in transformPose: Lookup would require extrapolation into the future.  Requested time 1757088611.902336 but the latest data is at time 1757088611.191014, when looking up transform from frame [odom] to frame [map]
[controller_server-2] [WARN] [1757088612.120568079] [controller_server]: Unable to transform robot pose into global plan's frame
[controller_server-2] [WARN] [1757088612.120748246] [controller_server]: Control loop missed its desired rate of 10.0000Hz
[controller_server-2] [ERROR] [1757088612.224290044] [controller_server]: Exception in transformPose: Lookup would require extrapolation into the future.  Requested time 1757088611.902336 but the latest data is at time 1757088611.191014, when looking up transform from frame [odom] to frame [map]
[controller_server-2] [WARN] [1757088612.224438152] [controller_server]: Unable to transform robot pose into global plan's frame
[controller_server-2] [WARN] [1757088612.224790666] [controller_server]: Control loop missed its desired rate of 10.0000Hz
[controller_server-2] [ERROR] [1757088612.326315567] [controller_server]: Exception in transformPose: Lookup would require extrapolation into the future.  Requested time 1757088611.902336 but the latest data is at time 1757088611.191014, when looking up transform from frame [odom] to frame [map]
[controller_server-2] [WARN] [1757088612.326465413] [controller_server]: Unable to transform robot pose into global plan's frame
[controller_server-2] [WARN] [1757088612.326757388] [controller_server]: Control loop missed its desired rate of 10.0000Hz
[controller_server-2] [ERROR] [1757088612.430482178] [controller_server]: Exception in transformPose: Lookup would require extrapolation into the future.  Requested time 1757088611.902336 but the latest data is at time 1757088611.191014, when looking up transform from frame [odom] to frame [map]
[controller_server-2] [WARN] [1757088612.430629966] [controller_server]: Unable to transform robot pose into global plan's frame
[controller_server-2] [WARN] [1757088612.430929103] [controller_server]: Control loop missed its desired rate of 10.0000Hz
[controller_server-2] [INFO] [1757088612.430986389] [controller_server]: Passing new path to controller.
[controller_server-2] [ERROR] [1757088612.532680113] [controller_server]: Exception in transformPose: Lookup would require extrapolation into the future.  Requested time 1757088611.902336 but the latest data is at time 1757088611.191014, when looking up transform from frame [odom] to frame [map]
[controller_server-2] [WARN] [1757088612.532814850] [controller_server]: Unable to transform robot pose into global plan's frame
[controller_server-2] [WARN] [1757088612.533031638] [controller_server]: Control loop missed its desired rate of 10.0000Hz
[controller_server-2] [ERROR] [1757088612.636233433] [controller_server]: Exception in transformPose: Lookup would require extrapolation into the future.  Requested time 1757088611.902336 but the latest data is at time 1757088611.191014, when looking up transform from frame [odom] to frame [map]
[controller_server-2] [WARN] [1757088612.636353204] [controller_server]: Unable to transform robot pose into global plan's frame
[controller_server-2] [WARN] [1757088612.636540638] [controller_server]: Control loop missed its desired rate of 10.0000Hz
[controller_server-2] [ERROR] [1757088612.737576144] [controller_server]: Exception in transformPose: Lookup would require extrapolation into the future.  Requested time 1757088611.951684 but the latest data is at time 1757088611.191014, when looking up transform from frame [odom] to frame [map]
[controller_server-2] [WARN] [1757088612.737650564] [controller_server]: Unable to transform robot pose into global plan's frame
[controller_server-2] [ERROR] [1757088612.737688763] [controller_server]: Controller patience exceeded
[controller_server-2] [WARN] [1757088612.737771921] [controller_server]: [follow_path] [ActionServer] Aborting handle.
[controller_server-2] [INFO] [1757088612.748457238] [local_costmap.local_costmap]: Received request to clear entirely the local_costmap
[controller_server-2] [INFO] [1757088612.751565431] [controller_server]: Received a goal, begin computing control effort.
[controller_server-2] [ERROR] [1757088612.952890057] [controller_server]: Exception in transformPose: Lookup would require extrapolation into the future.  Requested time 1757088612.750644 but the latest data is at time 1757088611.191014, when looking up transform from frame [odom] to frame [map]
[controller_server-2] [WARN] [1757088612.953034014] [controller_server]: Unable to transform robot pose into global plan's frame
[controller_server-2] [WARN] [1757088612.953256150] [controller_server]: Control loop missed its desired rate of 10.0000Hz
[controller_server-2] [ERROR] [1757088613.054381292] [controller_server]: Exception in transformPose: Lookup would require extrapolation into the future.  Requested time 1757088612.842970 but the latest data is at time 1757088611.191014, when looking up transform from frame [odom] to frame [map]
[controller_server-2] [WARN] [1757088613.054516566] [controller_server]: Unable to transform robot pose into global plan's frame
[controller_server-2] [ERROR] [1757088613.254577935] [controller_server]: Exception in transformPose: Lookup would require extrapolation into the future.  Requested time 1757088613.101545 but the latest data is at time 1757088611.191014, when looking up transform from frame [odom] to frame [map]
[controller_server-2] [WARN] [1757088613.254729186] [controller_server]: Unable to transform robot pose into global plan's frame
[controller_server-2] [WARN] [1757088613.255018107] [controller_server]: Control loop missed its desired rate of 10.0000Hz
[controller_server-2] [ERROR] [1757088613.358173333] [controller_server]: Exception in transformPose: Lookup would require extrapolation into the future.  Requested time 1757088613.201498 but the latest data is at time 1757088611.191014, when looking up transform from frame [odom] to frame [map]
[controller_server-2] [WARN] [1757088613.358315764] [controller_server]: Unable to transform robot pose into global plan's frame
[controller_server-2] [WARN] [1757088613.358828816] [controller_server]: Control loop missed its desired rate of 10.0000Hz
[controller_server-2] [ERROR] [1757088613.460236846] [controller_server]: Exception in transformPose: Lookup would require extrapolation into the future.  Requested time 1757088613.301802 but the latest data is at time 1757088611.191014, when looking up transform from frame [odom] to frame [map]
[controller_server-2] [WARN] [1757088613.460377983] [controller_server]: Unable to transform robot pose into global plan's frame
[controller_server-2] [WARN] [1757088613.460657481] [controller_server]: Control loop missed its desired rate of 10.0000Hz
[controller_server-2] [INFO] [1757088613.460712680] [controller_server]: Passing new path to controller.
[controller_server-2] [ERROR] [1757088613.564121587] [controller_server]: Exception in transformPose: Lookup would require extrapolation into the future.  Requested time 1757088613.401661 but the latest data is at time 1757088611.191014, when looking up transform from frame [odom] to frame [map]
[controller_server-2] [WARN] [1757088613.564242750] [controller_server]: Unable to transform robot pose into global plan's frame
[controller_server-2] [WARN] [1757088613.564445502] [controller_server]: Control loop missed its desired rate of 10.0000Hz
[explore-10] [INFO] [1757088613.663814881] [explore_node]: [NAV] Remembered last goal (-0.17, 1.23, yaw from quat).
[bt_navigator-6] [INFO] [1757088613.668204027] [bt_navigator]: Received goal preemption request
[bt_navigator-6] [INFO] [1757088613.668781548] [bt_navigator]: Begin navigating from current location (0.71, 0.48) to (-0.17, 1.23)
[controller_server-2] [INFO] [1757088614.453328705] [controller_server]: Passing new path to controller.
[controller_server-2] [ERROR] [1757088615.054203793] [controller_server]: Exception in transformPose: Lookup would require extrapolation into the future.  Requested time 1757088614.927962 but the latest data is at time 1757088614.310167, when looking up transform from frame [odom] to frame [map]
[controller_server-2] [WARN] [1757088615.054331959] [controller_server]: Unable to transform robot pose into global plan's frame
[controller_server-2] [WARN] [1757088615.054541641] [controller_server]: Control loop missed its desired rate of 10.0000Hz
[controller_server-2] [ERROR] [1757088615.157385413] [controller_server]: Exception in transformPose: Lookup would require extrapolation into the future.  Requested time 1757088615.001594 but the latest data is at time 1757088614.390004, when looking up transform from frame [odom] to frame [map]
[controller_server-2] [WARN] [1757088615.157496088] [controller_server]: Unable to transform robot pose into global plan's frame
[controller_server-2] [WARN] [1757088615.157731568] [controller_server]: Control loop missed its desired rate of 10.0000Hz
[controller_server-2] [INFO] [1757088615.453338475] [controller_server]: Passing new path to controller.
[controller_server-2] [ERROR] [1757088615.754898478] [controller_server]: Exception in transformPose: Lookup would require extrapolation into the future.  Requested time 1757088615.601548 but the latest data is at time 1757088615.529080, when looking up transform from frame [odom] to frame [map]
[controller_server-2] [WARN] [1757088615.755044508] [controller_server]: Unable to transform robot pose into global plan's frame
[controller_server-2] [WARN] [1757088615.755327335] [controller_server]: Control loop missed its desired rate of 10.0000Hz
[controller_server-2] [ERROR] [1757088615.857059943] [controller_server]: Exception in transformPose: Lookup would require extrapolation into the future.  Requested time 1757088615.702027 but the latest data is at time 1757088615.529080, when looking up transform from frame [odom] to frame [map]
[controller_server-2] [WARN] [1757088615.857235104] [controller_server]: Unable to transform robot pose into global plan's frame
[controller_server-2] [WARN] [1757088615.857526321] [controller_server]: Control loop missed its desired rate of 10.0000Hz
[controller_server-2] [ERROR] [1757088615.960798288] [controller_server]: Exception in transformPose: Lookup would require extrapolation into the future.  Requested time 1757088615.801978 but the latest data is at time 1757088615.529080, when looking up transform from frame [odom] to frame [map]
[controller_server-2] [WARN] [1757088615.960919042] [controller_server]: Unable to transform robot pose into global plan's frame
[controller_server-2] [WARN] [1757088615.961106511] [controller_server]: Control loop missed its desired rate of 10.0000Hz
[controller_server-2] [ERROR] [1757088616.062326267] [controller_server]: Exception in transformPose: Lookup would require extrapolation into the future.  Requested time 1757088615.901520 but the latest data is at time 1757088615.529080, when looking up transform from frame [odom] to frame [map]
[controller_server-2] [WARN] [1757088616.062451435] [controller_server]: Unable to transform robot pose into global plan's frame
[controller_server-2] [WARN] [1757088616.062633269] [controller_server]: Control loop missed its desired rate of 10.0000Hz
[controller_server-2] [ERROR] [1757088616.165717032] [controller_server]: Exception in transformPose: Lookup would require extrapolation into the future.  Requested time 1757088616.001551 but the latest data is at time 1757088615.529080, when looking up transform from frame [odom] to frame [map]
[controller_server-2] [WARN] [1757088616.165834140] [controller_server]: Unable to transform robot pose into global plan's frame
[controller_server-2] [WARN] [1757088616.166114581] [controller_server]: Control loop missed its desired rate of 10.0000Hz
[controller_server-2] [ERROR] [1757088616.267259267] [controller_server]: Exception in transformPose: Lookup would require extrapolation into the future.  Requested time 1757088616.101568 but the latest data is at time 1757088615.529080, when looking up transform from frame [odom] to frame [map]
[controller_server-2] [WARN] [1757088616.267350852] [controller_server]: Unable to transform robot pose into global plan's frame
[controller_server-2] [WARN] [1757088616.267484466] [controller_server]: Control loop missed its desired rate of 10.0000Hz
[controller_server-2] [ERROR] [1757088616.370001937] [controller_server]: Exception in transformPose: Lookup would require extrapolation into the future.  Requested time 1757088616.201523 but the latest data is at time 1757088615.529080, when looking up transform from frame [odom] to frame [map]
[controller_server-2] [WARN] [1757088616.370114827] [controller_server]: Unable to transform robot pose into global plan's frame
[controller_server-2] [WARN] [1757088616.370315317] [controller_server]: Control loop missed its desired rate of 10.0000Hz
[controller_server-2] [ERROR] [1757088616.471665144] [controller_server]: Exception in transformPose: Lookup would require extrapolation into the future.  Requested time 1757088616.201523 but the latest data is at time 1757088615.529080, when looking up transform from frame [odom] to frame [map]
[controller_server-2] [WARN] [1757088616.471782194] [controller_server]: Unable to transform robot pose into global plan's frame
[controller_server-2] [WARN] [1757088616.471968138] [controller_server]: Control loop missed its desired rate of 10.0000Hz
[controller_server-2] [INFO] [1757088616.472040129] [controller_server]: Passing new path to controller.
[controller_server-2] [ERROR] [1757088616.575915204] [controller_server]: Exception in transformPose: Lookup would require extrapolation into the future.  Requested time 1757088616.201523 but the latest data is at time 1757088615.529080, when looking up transform from frame [odom] to frame [map]
[controller_server-2] [WARN] [1757088616.576063669] [controller_server]: Unable to transform robot pose into global plan's frame
[controller_server-2] [WARN] [1757088616.576350775] [controller_server]: Control loop missed its desired rate of 10.0000Hz
[controller_server-2] [ERROR] [1757088616.677639685] [controller_server]: Exception in transformPose: Lookup would require extrapolation into the future.  Requested time 1757088616.201523 but the latest data is at time 1757088615.529080, when looking up transform from frame [odom] to frame [map]
[controller_server-2] [WARN] [1757088616.677745820] [controller_server]: Unable to transform robot pose into global plan's frame
[controller_server-2] [WARN] [1757088616.677897551] [controller_server]: Control loop missed its desired rate of 10.0000Hz
[controller_server-2] [ERROR] [1757088616.780817412] [controller_server]: Exception in transformPose: Lookup would require extrapolation into the future.  Requested time 1757088616.201523 but the latest data is at time 1757088615.529080, when looking up transform from frame [odom] to frame [map]
[controller_server-2] [WARN] [1757088616.780934179] [controller_server]: Unable to transform robot pose into global plan's frame
[controller_server-2] [WARN] [1757088616.781131853] [controller_server]: Control loop missed its desired rate of 10.0000Hz
[rviz2-11] [INFO] [1757088616.865846087] [rviz2]: Trying to create a map of size 100 x 93 using 1 swatches
[controller_server-2] [ERROR] [1757088616.882557594] [controller_server]: Exception in transformPose: Lookup would require extrapolation into the future.  Requested time 1757088616.201523 but the latest data is at time 1757088615.529080, when looking up transform from frame [odom] to frame [map]
[controller_server-2] [WARN] [1757088616.882709516] [controller_server]: Unable to transform robot pose into global plan's frame
[controller_server-2] [INFO] [1757088616.882734817] [local_costmap.local_costmap]: StaticLayer: Resizing static layer to 100 X 93 at 0.040000 m/pix
[controller_server-2] [WARN] [1757088616.883014850] [controller_server]: Control loop missed its desired rate of 10.0000Hz
[controller_server-2] [ERROR] [1757088616.987532947] [controller_server]: Exception in transformPose: Lookup would require extrapolation into the future.  Requested time 1757088616.201523 but the latest data is at time 1757088615.529080, when looking up transform from frame [odom] to frame [map]
[controller_server-2] [WARN] [1757088616.987655560] [controller_server]: Unable to transform robot pose into global plan's frame
[controller_server-2] [WARN] [1757088616.987844769] [controller_server]: Control loop missed its desired rate of 10.0000Hz
[controller_server-2] [ERROR] [1757088617.089051027] [controller_server]: Exception in transformPose: Lookup would require extrapolation into the future.  Requested time 1757088616.851484 but the latest data is at time 1757088615.529080, when looking up transform from frame [odom] to frame [map]
[controller_server-2] [WARN] [1757088617.089181211] [controller_server]: Unable to transform robot pose into global plan's frame
[controller_server-2] [WARN] [1757088617.089370772] [controller_server]: Control loop missed its desired rate of 10.0000Hz
[controller_server-2] [ERROR] [1757088617.192921539] [controller_server]: Exception in transformPose: Lookup would require extrapolation into the future.  Requested time 1757088617.001553 but the latest data is at time 1757088615.529080, when looking up transform from frame [odom] to frame [map]
[controller_server-2] [WARN] [1757088617.193079201] [controller_server]: Unable to transform robot pose into global plan's frame
[controller_server-2] [WARN] [1757088617.193371044] [controller_server]: Control loop missed its desired rate of 10.0000Hz
[controller_server-2] [ERROR] [1757088617.294858728] [controller_server]: Exception in transformPose: Lookup would require extrapolation into the future.  Requested time 1757088617.101532 but the latest data is at time 1757088615.529080, when looking up transform from frame [odom] to frame [map]
[controller_server-2] [WARN] [1757088617.295006695] [controller_server]: Unable to transform robot pose into global plan's frame
[controller_server-2] [WARN] [1757088617.295286914] [controller_server]: Control loop missed its desired rate of 10.0000Hz
[planner_server-4] [INFO] [1757088617.364407030] [global_costmap.global_costmap]: StaticLayer: Resizing costmap to 100 X 93 at 0.040000 m/pix
[rviz2-11] [INFO] [1757088617.376890035] [rviz2]: Trying to create a map of size 100 x 93 using 1 swatches
[controller_server-2] [ERROR] [1757088617.398653628] [controller_server]: Exception in transformPose: Lookup would require extrapolation into the future.  Requested time 1757088617.201507 but the latest data is at time 1757088615.529080, when looking up transform from frame [odom] to frame [map]
[controller_server-2] [WARN] [1757088617.398876454] [controller_server]: Unable to transform robot pose into global plan's frame
[controller_server-2] [WARN] [1757088617.399251602] [controller_server]: Control loop missed its desired rate of 10.0000Hz
[controller_server-2] [ERROR] [1757088617.500415923] [controller_server]: Exception in transformPose: Lookup would require extrapolation into the future.  Requested time 1757088617.251489 but the latest data is at time 1757088615.529080, when looking up transform from frame [odom] to frame [map]
[controller_server-2] [WARN] [1757088617.500544062] [controller_server]: Unable to transform robot pose into global plan's frame
[controller_server-2] [WARN] [1757088617.500735654] [controller_server]: Control loop missed its desired rate of 10.0000Hz
[controller_server-2] [INFO] [1757088617.500764392] [controller_server]: Passing new path to controller.
[controller_server-2] [ERROR] [1757088617.603902548] [controller_server]: Exception in transformPose: Lookup would require extrapolation into the future.  Requested time 1757088617.251489 but the latest data is at time 1757088615.529080, when looking up transform from frame [odom] to frame [map]
[controller_server-2] [WARN] [1757088617.604050129] [controller_server]: Unable to transform robot pose into global plan's frame
[controller_server-2] [ERROR] [1757088617.604122661] [controller_server]: Controller patience exceeded
[controller_server-2] [WARN] [1757088617.604244604] [controller_server]: [follow_path] [ActionServer] Aborting handle.
[controller_server-2] [INFO] [1757088617.618411971] [local_costmap.local_costmap]: Received request to clear entirely the local_costmap
[planner_server-4] [INFO] [1757088617.619457527] [global_costmap.global_costmap]: Received request to clear entirely the global_costmap
[controller_server-2] [INFO] [1757088618.388830697] [controller_server]: Received a goal, begin computing control effort.
[controller_server-2] [ERROR] [1757088618.490219776] [controller_server]: Exception in transformPose: Lookup would require extrapolation into the future.  Requested time 1757088618.301494 but the latest data is at time 1757088615.529080, when looking up transform from frame [odom] to frame [map]
[controller_server-2] [WARN] [1757088618.490404187] [controller_server]: Unable to transform robot pose into global plan's frame
[controller_server-2] [WARN] [1757088618.490671074] [controller_server]: Control loop missed its desired rate of 10.0000Hz
[controller_server-2] [ERROR] [1757088618.593954219] [controller_server]: Exception in transformPose: Lookup would require extrapolation into the future.  Requested time 1757088618.401515 but the latest data is at time 1757088615.529080, when looking up transform from frame [odom] to frame [map]
[controller_server-2] [WARN] [1757088618.594087995] [controller_server]: Unable to transform robot pose into global plan's frame
[controller_server-2] [WARN] [1757088618.594287028] [controller_server]: Control loop missed its desired rate of 10.0000Hz
[controller_server-2] [ERROR] [1757088618.695422365] [controller_server]: Exception in transformPose: Lookup would require extrapolation into the future.  Requested time 1757088618.551471 but the latest data is at time 1757088615.529080, when looking up transform from frame [odom] to frame [map]
[controller_server-2] [WARN] [1757088618.695545431] [controller_server]: Unable to transform robot pose into global plan's frame
[controller_server-2] [WARN] [1757088618.695733390] [controller_server]: Control loop missed its desired rate of 10.0000Hz
[controller_server-2] [ERROR] [1757088618.798774309] [controller_server]: Exception in transformPose: Lookup would require extrapolation into the future.  Requested time 1757088618.611698 but the latest data is at time 1757088615.529080, when looking up transform from frame [odom] to frame [map]
[controller_server-2] [WARN] [1757088618.798889072] [controller_server]: Unable to transform robot pose into global plan's frame
[controller_server-2] [WARN] [1757088618.799097749] [controller_server]: Control loop missed its desired rate of 10.0000Hz
[controller_server-2] [ERROR] [1757088618.900224284] [controller_server]: Exception in transformPose: Lookup would require extrapolation into the future.  Requested time 1757088618.751534 but the latest data is at time 1757088615.529080, when looking up transform from frame [odom] to frame [map]
[controller_server-2] [WARN] [1757088618.900346465] [controller_server]: Unable to transform robot pose into global plan's frame
[controller_server-2] [WARN] [1757088618.900684927] [controller_server]: Control loop missed its desired rate of 10.0000Hz
[controller_server-2] [ERROR] [1757088619.003838153] [controller_server]: Exception in transformPose: Lookup would require extrapolation into the future.  Requested time 1757088618.851549 but the latest data is at time 1757088615.529080, when looking up transform from frame [odom] to frame [map]
[controller_server-2] [WARN] [1757088619.003977626] [controller_server]: Unable to transform robot pose into global plan's frame
[controller_server-2] [WARN] [1757088619.004214526] [controller_server]: Control loop missed its desired rate of 10.0000Hz
[controller_server-2] [ERROR] [1757088619.105752327] [controller_server]: Exception in transformPose: Lookup would require extrapolation into the future.  Requested time 1757088618.951545 but the latest data is at time 1757088615.529080, when looking up transform from frame [odom] to frame [map]
[controller_server-2] [WARN] [1757088619.105866489] [controller_server]: Unable to transform robot pose into global plan's frame
[controller_server-2] [WARN] [1757088619.106149222] [controller_server]: Control loop missed its desired rate of 10.0000Hz
[controller_server-2] [ERROR] [1757088619.209158134] [controller_server]: Exception in transformPose: Lookup would require extrapolation into the future.  Requested time 1757088619.052305 but the latest data is at time 1757088615.529080, when looking up transform from frame [odom] to frame [map]
[controller_server-2] [WARN] [1757088619.209249690] [controller_server]: Unable to transform robot pose into global plan's frame
[controller_server-2] [WARN] [1757088619.209391299] [controller_server]: Control loop missed its desired rate of 10.0000Hz
[controller_server-2] [ERROR] [1757088619.310376570] [controller_server]: Exception in transformPose: Lookup would require extrapolation into the future.  Requested time 1757088619.101543 but the latest data is at time 1757088615.529080, when looking up transform from frame [odom] to frame [map]
[controller_server-2] [WARN] [1757088619.310497304] [controller_server]: Unable to transform robot pose into global plan's frame
[controller_server-2] [WARN] [1757088619.310684383] [controller_server]: Control loop missed its desired rate of 10.0000Hz
[controller_server-2] [ERROR] [1757088619.413852353] [controller_server]: Exception in transformPose: Lookup would require extrapolation into the future.  Requested time 1757088619.251548 but the latest data is at time 1757088615.529080, when looking up transform from frame [odom] to frame [map]
[controller_server-2] [WARN] [1757088619.414067502] [controller_server]: Unable to transform robot pose into global plan's frame
[controller_server-2] [WARN] [1757088619.414338350] [controller_server]: Control loop missed its desired rate of 10.0000Hz
[controller_server-2] [ERROR] [1757088619.515403710] [controller_server]: Exception in transformPose: Lookup would require extrapolation into the future.  Requested time 1757088619.351548 but the latest data is at time 1757088615.529080, when looking up transform from frame [odom] to frame [map]
[controller_server-2] [WARN] [1757088619.515523945] [controller_server]: Unable to transform robot pose into global plan's frame
[controller_server-2] [WARN] [1757088619.515706746] [controller_server]: Control loop missed its desired rate of 10.0000Hz
[controller_server-2] [INFO] [1757088619.515733835] [controller_server]: Passing new path to controller.
[controller_server-2] [ERROR] [1757088619.618820743] [controller_server]: Exception in transformPose: Lookup would require extrapolation into the future.  Requested time 1757088619.451522 but the latest data is at time 1757088615.529080, when looking up transform from frame [odom] to frame [map]
[controller_server-2] [WARN] [1757088619.618938218] [controller_server]: Unable to transform robot pose into global plan's frame
[controller_server-2] [WARN] [1757088619.619111705] [controller_server]: Control loop missed its desired rate of 10.0000Hz
[controller_server-2] [ERROR] [1757088619.720160288] [controller_server]: Exception in transformPose: Lookup would require extrapolation into the future.  Requested time 1757088619.551870 but the latest data is at time 1757088615.529080, when looking up transform from frame [odom] to frame [map]
[controller_server-2] [WARN] [1757088619.720276180] [controller_server]: Unable to transform robot pose into global plan's frame
[controller_server-2] [WARN] [1757088619.720447098] [controller_server]: Control loop missed its desired rate of 10.0000Hz
[controller_server-2] [ERROR] [1757088619.823565420] [controller_server]: Exception in transformPose: Lookup would require extrapolation into the future.  Requested time 1757088619.651533 but the latest data is at time 1757088615.529080, when looking up transform from frame [odom] to frame [map]
[controller_server-2] [WARN] [1757088619.823737584] [controller_server]: Unable to transform robot pose into global plan's frame
[controller_server-2] [WARN] [1757088619.823933216] [controller_server]: Control loop missed its desired rate of 10.0000Hz
[controller_server-2] [ERROR] [1757088619.924947399] [controller_server]: Exception in transformPose: Lookup would require extrapolation into the future.  Requested time 1757088619.751518 but the latest data is at time 1757088615.529080, when looking up transform from frame [odom] to frame [map]
[controller_server-2] [WARN] [1757088619.925063309] [controller_server]: Unable to transform robot pose into global plan's frame
[controller_server-2] [WARN] [1757088619.925238314] [controller_server]: Control loop missed its desired rate of 10.0000Hz
[controller_server-2] [ERROR] [1757088620.028458216] [controller_server]: Exception in transformPose: Lookup would require extrapolation into the future.  Requested time 1757088619.751518 but the latest data is at time 1757088615.529080, when looking up transform from frame [odom] to frame [map]
[controller_server-2] [WARN] [1757088620.028579666] [controller_server]: Unable to transform robot pose into global plan's frame
[controller_server-2] [WARN] [1757088620.028762855] [controller_server]: Control loop missed its desired rate of 10.0000Hz
[controller_server-2] [ERROR] [1757088620.130032794] [controller_server]: Exception in transformPose: Lookup would require extrapolation into the future.  Requested time 1757088619.751518 but the latest data is at time 1757088615.529080, when looking up transform from frame [odom] to frame [map]
[controller_server-2] [WARN] [1757088620.130162006] [controller_server]: Unable to transform robot pose into global plan's frame
[controller_server-2] [WARN] [1757088620.130376309] [controller_server]: Control loop missed its desired rate of 10.0000Hz
[controller_server-2] [ERROR] [1757088620.233624107] [controller_server]: Exception in transformPose: Lookup would require extrapolation into the future.  Requested time 1757088619.751518 but the latest data is at time 1757088615.529080, when looking up transform from frame [odom] to frame [map]
[controller_server-2] [WARN] [1757088620.233741583] [controller_server]: Unable to transform robot pose into global plan's frame
[controller_server-2] [WARN] [1757088620.233930836] [controller_server]: Control loop missed its desired rate of 10.0000Hz
[controller_server-2] [ERROR] [1757088620.335289081] [controller_server]: Exception in transformPose: Lookup would require extrapolation into the future.  Requested time 1757088619.751518 but the latest data is at time 1757088615.529080, when looking up transform from frame [odom] to frame [map]
[controller_server-2] [WARN] [1757088620.335415926] [controller_server]: Unable to transform robot pose into global plan's frame
[controller_server-2] [WARN] [1757088620.335596077] [controller_server]: Control loop missed its desired rate of 10.0000Hz
[controller_server-2] [ERROR] [1757088620.439021252] [controller_server]: Exception in transformPose: Lookup would require extrapolation into the future.  Requested time 1757088619.751518 but the latest data is at time 1757088615.529080, when looking up transform from frame [odom] to frame [map]
[controller_server-2] [WARN] [1757088620.439124852] [controller_server]: Unable to transform robot pose into global plan's frame
[controller_server-2] [ERROR] [1757088620.439161234] [controller_server]: Controller patience exceeded
[controller_server-2] [WARN] [1757088620.439220859] [controller_server]: [follow_path] [ActionServer] Aborting handle.
[controller_server-2] [INFO] [1757088620.448797478] [controller_server]: Received a goal, begin computing control effort.
[explore-10] [ERROR] [1757088620.495676277] [explore_node]: Extrapolation Error looking up robot pose: Lookup would require extrapolation into the future.  Requested time 1757088620.191749 but the latest data is at time 1757088615.529080, when looking up transform from frame [base_link] to frame [map]
[explore-10] 
[explore-10] [INFO] [1757088620.506104625] [explore_node]: [NAV] Remembered last goal (-2.02, 2.34, yaw from quat).
[bt_navigator-6] [INFO] [1757088620.508231702] [bt_navigator]: Received goal preemption request
[bt_navigator-6] [INFO] [1757088620.508528077] [bt_navigator]: Begin navigating from current location (0.64, 0.80) to (-2.02, 2.34)
[controller_server-2] [ERROR] [1757088620.550262100] [controller_server]: Exception in transformPose: Lookup would require extrapolation into the future.  Requested time 1757088620.402344 but the latest data is at time 1757088615.529080, when looking up transform from frame [odom] to frame [map]
[controller_server-2] [WARN] [1757088620.550402919] [controller_server]: Unable to transform robot pose into global plan's frame
[controller_server-2] [WARN] [1757088620.550619069] [controller_server]: Control loop missed its desired rate of 10.0000Hz
[controller_server-2] [ERROR] [1757088620.651650319] [controller_server]: Exception in transformPose: Lookup would require extrapolation into the future.  Requested time 1757088620.501914 but the latest data is at time 1757088615.529080, when looking up transform from frame [odom] to frame [map]
[controller_server-2] [WARN] [1757088620.651856927] [controller_server]: Unable to transform robot pose into global plan's frame
[controller_server-2] [WARN] [1757088620.652080043] [controller_server]: Control loop missed its desired rate of 10.0000Hz
[controller_server-2] [ERROR] [1757088620.755219697] [controller_server]: Exception in transformPose: Lookup would require extrapolation into the future.  Requested time 1757088620.602174 but the latest data is at time 1757088615.529080, when looking up transform from frame [odom] to frame [map]
[controller_server-2] [WARN] [1757088620.755361917] [controller_server]: Unable to transform robot pose into global plan's frame
[controller_server-2] [WARN] [1757088620.755584773] [controller_server]: Control loop missed its desired rate of 10.0000Hz
[controller_server-2] [ERROR] [1757088620.856630018] [controller_server]: Exception in transformPose: Lookup would require extrapolation into the future.  Requested time 1757088620.701497 but the latest data is at time 1757088615.529080, when looking up transform from frame [odom] to frame [map]
[controller_server-2] [WARN] [1757088620.856743667] [controller_server]: Unable to transform robot pose into global plan's frame
[controller_server-2] [WARN] [1757088620.856925287] [controller_server]: Control loop missed its desired rate of 10.0000Hz
[controller_server-2] [ERROR] [1757088620.960118282] [controller_server]: Exception in transformPose: Lookup would require extrapolation into the future.  Requested time 1757088620.801866 but the latest data is at time 1757088615.529080, when looking up transform from frame [odom] to frame [map]
[controller_server-2] [WARN] [1757088620.960231230] [controller_server]: Unable to transform robot pose into global plan's frame
[controller_server-2] [WARN] [1757088620.960416048] [controller_server]: Control loop missed its desired rate of 10.0000Hz
[controller_server-2] [ERROR] [1757088621.061536932] [controller_server]: Exception in transformPose: Lookup would require extrapolation into the future.  Requested time 1757088620.912668 but the latest data is at time 1757088615.529080, when looking up transform from frame [odom] to frame [map]
[controller_server-2] [WARN] [1757088621.061660909] [controller_server]: Unable to transform robot pose into global plan's frame
[controller_server-2] [WARN] [1757088621.061871217] [controller_server]: Control loop missed its desired rate of 10.0000Hz
[controller_server-2] [ERROR] [1757088621.164958934] [controller_server]: Exception in transformPose: Lookup would require extrapolation into the future.  Requested time 1757088621.012738 but the latest data is at time 1757088615.529080, when looking up transform from frame [odom] to frame [map]
[controller_server-2] [WARN] [1757088621.165082258] [controller_server]: Unable to transform robot pose into global plan's frame
[controller_server-2] [WARN] [1757088621.165298013] [controller_server]: Control loop missed its desired rate of 10.0000Hz
[controller_server-2] [ERROR] [1757088621.266343626] [controller_server]: Exception in transformPose: Lookup would require extrapolation into the future.  Requested time 1757088621.051536 but the latest data is at time 1757088615.529080, when looking up transform from frame [odom] to frame [map]
[controller_server-2] [WARN] [1757088621.266461062] [controller_server]: Unable to transform robot pose into global plan's frame
[controller_server-2] [WARN] [1757088621.266647699] [controller_server]: Control loop missed its desired rate of 10.0000Hz
[controller_server-2] [ERROR] [1757088621.369682827] [controller_server]: Exception in transformPose: Lookup would require extrapolation into the future.  Requested time 1757088621.201815 but the latest data is at time 1757088615.529080, when looking up transform from frame [odom] to frame [map]
[controller_server-2] [WARN] [1757088621.369804423] [controller_server]: Unable to transform robot pose into global plan's frame
[controller_server-2] [WARN] [1757088621.370005175] [controller_server]: Control loop missed its desired rate of 10.0000Hz
[controller_server-2] [ERROR] [1757088621.471367396] [controller_server]: Exception in transformPose: Lookup would require extrapolation into the future.  Requested time 1757088621.301621 but the latest data is at time 1757088615.529080, when looking up transform from frame [odom] to frame [map]
[controller_server-2] [WARN] [1757088621.471501304] [controller_server]: Unable to transform robot pose into global plan's frame
[controller_server-2] [WARN] [1757088621.471757575] [controller_server]: Control loop missed its desired rate of 10.0000Hz
[controller_server-2] [ERROR] [1757088621.574737699] [controller_server]: Exception in transformPose: Lookup would require extrapolation into the future.  Requested time 1757088621.401871 but the latest data is at time 1757088615.529080, when looking up transform from frame [odom] to frame [map]
[controller_server-2] [WARN] [1757088621.574836879] [controller_server]: Unable to transform robot pose into global plan's frame
[controller_server-2] [WARN] [1757088621.574993281] [controller_server]: Control loop missed its desired rate of 10.0000Hz
[controller_server-2] [INFO] [1757088621.575014367] [controller_server]: Passing new path to controller.
[controller_server-2] [ERROR] [1757088621.676300733] [controller_server]: Exception in transformPose: Lookup would require extrapolation into the future.  Requested time 1757088621.501764 but the latest data is at time 1757088615.529080, when looking up transform from frame [odom] to frame [map]
[controller_server-2] [WARN] [1757088621.676425006] [controller_server]: Unable to transform robot pose into global plan's frame
[controller_server-2] [WARN] [1757088621.676640019] [controller_server]: Control loop missed its desired rate of 10.0000Hz
[controller_server-2] [ERROR] [1757088621.779538766] [controller_server]: Exception in transformPose: Lookup would require extrapolation into the future.  Requested time 1757088621.601546 but the latest data is at time 1757088615.529080, when looking up transform from frame [odom] to frame [map]
[controller_server-2] [WARN] [1757088621.779653170] [controller_server]: Unable to transform robot pose into global plan's frame
[controller_server-2] [WARN] [1757088621.779840919] [controller_server]: Control loop missed its desired rate of 10.0000Hz
[controller_server-2] [ERROR] [1757088621.880919751] [controller_server]: Exception in transformPose: Lookup would require extrapolation into the future.  Requested time 1757088621.701488 but the latest data is at time 1757088615.529080, when looking up transform from frame [odom] to frame [map]
[controller_server-2] [WARN] [1757088621.881040798] [controller_server]: Unable to transform robot pose into global plan's frame
[controller_server-2] [WARN] [1757088621.881232364] [controller_server]: Control loop missed its desired rate of 10.0000Hz
[controller_server-2] [ERROR] [1757088621.984395027] [controller_server]: Exception in transformPose: Lookup would require extrapolation into the future.  Requested time 1757088621.801600 but the latest data is at time 1757088615.529080, when looking up transform from frame [odom] to frame [map]
[controller_server-2] [WARN] [1757088621.984522720] [controller_server]: Unable to transform robot pose into global plan's frame
[controller_server-2] [WARN] [1757088621.984726191] [controller_server]: Control loop missed its desired rate of 10.0000Hz
[controller_server-2] [ERROR] [1757088622.085729051] [controller_server]: Exception in transformPose: Lookup would require extrapolation into the future.  Requested time 1757088621.901510 but the latest data is at time 1757088615.529080, when looking up transform from frame [odom] to frame [map]
[controller_server-2] [WARN] [1757088622.085849590] [controller_server]: Unable to transform robot pose into global plan's frame
[controller_server-2] [WARN] [1757088622.086057637] [controller_server]: Control loop missed its desired rate of 10.0000Hz
[controller_server-2] [ERROR] [1757088622.188966480] [controller_server]: Exception in transformPose: Lookup would require extrapolation into the future.  Requested time 1757088622.002149 but the latest data is at time 1757088615.529080, when looking up transform from frame [odom] to frame [map]
[controller_server-2] [WARN] [1757088622.189083477] [controller_server]: Unable to transform robot pose into global plan's frame
[controller_server-2] [WARN] [1757088622.189273702] [controller_server]: Control loop missed its desired rate of 10.0000Hz
[controller_server-2] [ERROR] [1757088622.290402499] [controller_server]: Exception in transformPose: Lookup would require extrapolation into the future.  Requested time 1757088622.101679 but the latest data is at time 1757088615.529080, when looking up transform from frame [odom] to frame [map]
[controller_server-2] [WARN] [1757088622.290511713] [controller_server]: Unable to transform robot pose into global plan's frame
[controller_server-2] [WARN] [1757088622.290682224] [controller_server]: Control loop missed its desired rate of 10.0000Hz
[controller_server-2] [ERROR] [1757088622.393247457] [controller_server]: Exception in transformPose: Lookup would require extrapolation into the future.  Requested time 1757088622.201547 but the latest data is at time 1757088615.529080, when looking up transform from frame [odom] to frame [map]
[controller_server-2] [WARN] [1757088622.393397238] [controller_server]: Unable to transform robot pose into global plan's frame
[controller_server-2] [WARN] [1757088622.393607725] [controller_server]: Control loop missed its desired rate of 10.0000Hz
[controller_server-2] [ERROR] [1757088622.494834810] [controller_server]: Exception in transformPose: Lookup would require extrapolation into the future.  Requested time 1757088622.301558 but the latest data is at time 1757088615.529080, when looking up transform from frame [odom] to frame [map]
[controller_server-2] [WARN] [1757088622.494958654] [controller_server]: Unable to transform robot pose into global plan's frame
[controller_server-2] [ERROR] [1757088622.495006003] [controller_server]: Controller patience exceeded
[controller_server-2] [WARN] [1757088622.495080083] [controller_server]: [follow_path] [ActionServer] Aborting handle.
[controller_server-2] [INFO] [1757088622.508362507] [local_costmap.local_costmap]: Received request to clear entirely the local_costmap
[controller_server-2] [INFO] [1757088622.509114096] [controller_server]: Received a goal, begin computing control effort.
[controller_server-2] [INFO] [1757088622.649256228] [controller_server]: Passing new path to controller.
[controller_server-2] [ERROR] [1757088622.750608050] [controller_server]: Exception in transformPose: Lookup would require extrapolation into the future.  Requested time 1757088622.602755 but the latest data is at time 1757088615.529080, when looking up transform from frame [odom] to frame [map]
[controller_server-2] [WARN] [1757088622.750744476] [controller_server]: Unable to transform robot pose into global plan's frame
[controller_server-2] [WARN] [1757088622.750934196] [controller_server]: Control loop missed its desired rate of 10.0000Hz
[controller_server-2] [ERROR] [1757088622.852018625] [controller_server]: Exception in transformPose: Lookup would require extrapolation into the future.  Requested time 1757088622.701552 but the latest data is at time 1757088615.529080, when looking up transform from frame [odom] to frame [map]
[controller_server-2] [WARN] [1757088622.852139803] [controller_server]: Unable to transform robot pose into global plan's frame
[controller_server-2] [ERROR] [1757088623.052367640] [controller_server]: Exception in transformPose: Lookup would require extrapolation into the future.  Requested time 1757088622.902122 but the latest data is at time 1757088615.529080, when looking up transform from frame [odom] to frame [map]
[controller_server-2] [WARN] [1757088623.052485972] [controller_server]: Unable to transform robot pose into global plan's frame
[controller_server-2] [WARN] [1757088623.052671817] [controller_server]: Control loop missed its desired rate of 10.0000Hz
[controller_server-2] [ERROR] [1757088623.155843709] [controller_server]: Exception in transformPose: Lookup would require extrapolation into the future.  Requested time 1757088623.001510 but the latest data is at time 1757088615.529080, when looking up transform from frame [odom] to frame [map]
[controller_server-2] [WARN] [1757088623.155965520] [controller_server]: Unable to transform robot pose into global plan's frame
[controller_server-2] [WARN] [1757088623.156194489] [controller_server]: Control loop missed its desired rate of 10.0000Hz
[controller_server-2] [ERROR] [1757088623.257429902] [controller_server]: Exception in transformPose: Lookup would require extrapolation into the future.  Requested time 1757088623.101522 but the latest data is at time 1757088615.529080, when looking up transform from frame [odom] to frame [map]
[controller_server-2] [WARN] [1757088623.257568974] [controller_server]: Unable to transform robot pose into global plan's frame
[controller_server-2] [WARN] [1757088623.257850070] [controller_server]: Control loop missed its desired rate of 10.0000Hz
[controller_server-2] [ERROR] [1757088623.361320272] [controller_server]: Exception in transformPose: Lookup would require extrapolation into the future.  Requested time 1757088623.151513 but the latest data is at time 1757088615.529080, when looking up transform from frame [odom] to frame [map]
[controller_server-2] [WARN] [1757088623.361439786] [controller_server]: Unable to transform robot pose into global plan's frame
[controller_server-2] [WARN] [1757088623.361626823] [controller_server]: Control loop missed its desired rate of 10.0000Hz
[controller_server-2] [ERROR] [1757088623.463106099] [controller_server]: Exception in transformPose: Lookup would require extrapolation into the future.  Requested time 1757088623.251498 but the latest data is at time 1757088615.529080, when looking up transform from frame [odom] to frame [map]
[controller_server-2] [WARN] [1757088623.463230792] [controller_server]: Unable to transform robot pose into global plan's frame
[controller_server-2] [WARN] [1757088623.463464893] [controller_server]: Control loop missed its desired rate of 10.0000Hz
[controller_server-2] [ERROR] [1757088623.565791982] [controller_server]: Exception in transformPose: Lookup would require extrapolation into the future.  Requested time 1757088623.412711 but the latest data is at time 1757088615.529080, when looking up transform from frame [odom] to frame [map]
[controller_server-2] [WARN] [1757088623.565960305] [controller_server]: Unable to transform robot pose into global plan's frame
[controller_server-2] [WARN] [1757088623.566268108] [controller_server]: Control loop missed its desired rate of 10.0000Hz
[controller_server-2] [INFO] [1757088623.566327463] [controller_server]: Passing new path to controller.
[controller_server-2] [ERROR] [1757088623.667983420] [controller_server]: Exception in transformPose: Lookup would require extrapolation into the future.  Requested time 1757088623.478281 but the latest data is at time 1757088615.529080, when looking up transform from frame [odom] to frame [map]
[controller_server-2] [WARN] [1757088623.668146198] [controller_server]: Unable to transform robot pose into global plan's frame
[controller_server-2] [WARN] [1757088623.668502239] [controller_server]: Control loop missed its desired rate of 10.0000Hz
[controller_server-2] [ERROR] [1757088623.771998325] [controller_server]: Exception in transformPose: Lookup would require extrapolation into the future.  Requested time 1757088623.613526 but the latest data is at time 1757088615.529080, when looking up transform from frame [odom] to frame [map]
[controller_server-2] [WARN] [1757088623.772129019] [controller_server]: Unable to transform robot pose into global plan's frame
[controller_server-2] [WARN] [1757088623.772324830] [controller_server]: Control loop missed its desired rate of 10.0000Hz
[controller_server-2] [ERROR] [1757088623.873426858] [controller_server]: Exception in transformPose: Lookup would require extrapolation into the future.  Requested time 1757088623.701514 but the latest data is at time 1757088615.529080, when looking up transform from frame [odom] to frame [map]
[controller_server-2] [WARN] [1757088623.873570843] [controller_server]: Unable to transform robot pose into global plan's frame
[controller_server-2] [WARN] [1757088623.873819545] [controller_server]: Control loop missed its desired rate of 10.0000Hz
[controller_server-2] [ERROR] [1757088623.977038407] [controller_server]: Exception in transformPose: Lookup would require extrapolation into the future.  Requested time 1757088623.801606 but the latest data is at time 1757088615.529080, when looking up transform from frame [odom] to frame [map]
[controller_server-2] [WARN] [1757088623.977160961] [controller_server]: Unable to transform robot pose into global plan's frame
[controller_server-2] [WARN] [1757088623.977369412] [controller_server]: Control loop missed its desired rate of 10.0000Hz
[controller_server-2] [ERROR] [1757088624.078488556] [controller_server]: Exception in transformPose: Lookup would require extrapolation into the future.  Requested time 1757088623.901742 but the latest data is at time 1757088615.529080, when looking up transform from frame [odom] to frame [map]
[controller_server-2] [WARN] [1757088624.078610136] [controller_server]: Unable to transform robot pose into global plan's frame
[controller_server-2] [WARN] [1757088624.078798002] [controller_server]: Control loop missed its desired rate of 10.0000Hz
[controller_server-2] [ERROR] [1757088624.181919714] [controller_server]: Exception in transformPose: Lookup would require extrapolation into the future.  Requested time 1757088624.001570 but the latest data is at time 1757088615.529080, when looking up transform from frame [odom] to frame [map]
[controller_server-2] [WARN] [1757088624.182049246] [controller_server]: Unable to transform robot pose into global plan's frame
[controller_server-2] [WARN] [1757088624.182266502] [controller_server]: Control loop missed its desired rate of 10.0000Hz
[controller_server-2] [ERROR] [1757088624.283466445] [controller_server]: Exception in transformPose: Lookup would require extrapolation into the future.  Requested time 1757088624.101534 but the latest data is at time 1757088615.529080, when looking up transform from frame [odom] to frame [map]
[controller_server-2] [WARN] [1757088624.283661516] [controller_server]: Unable to transform robot pose into global plan's frame
[controller_server-2] [WARN] [1757088624.283946642] [controller_server]: Control loop missed its desired rate of 10.0000Hz
[controller_server-2] [ERROR] [1757088624.387542503] [controller_server]: Exception in transformPose: Lookup would require extrapolation into the future.  Requested time 1757088624.201522 but the latest data is at time 1757088615.529080, when looking up transform from frame [odom] to frame [map]
[controller_server-2] [WARN] [1757088624.387632873] [controller_server]: Unable to transform robot pose into global plan's frame
[controller_server-2] [WARN] [1757088624.387770572] [controller_server]: Control loop missed its desired rate of 10.0000Hz
[controller_server-2] [ERROR] [1757088624.488678684] [controller_server]: Exception in transformPose: Lookup would require extrapolation into the future.  Requested time 1757088624.301530 but the latest data is at time 1757088615.529080, when looking up transform from frame [odom] to frame [map]
[controller_server-2] [WARN] [1757088624.488788816] [controller_server]: Unable to transform robot pose into global plan's frame
[controller_server-2] [WARN] [1757088624.488968495] [controller_server]: Control loop missed its desired rate of 10.0000Hz
[controller_server-2] [ERROR] [1757088624.591784087] [controller_server]: Exception in transformPose: Lookup would require extrapolation into the future.  Requested time 1757088624.401706 but the latest data is at time 1757088615.529080, when looking up transform from frame [odom] to frame [map]
[controller_server-2] [WARN] [1757088624.591934061] [controller_server]: Unable to transform robot pose into global plan's frame
[controller_server-2] [ERROR] [1757088624.592009704] [controller_server]: Controller patience exceeded
[controller_server-2] [WARN] [1757088624.592129044] [controller_server]: [follow_path] [ActionServer] Aborting handle.
[controller_server-2] [INFO] [1757088624.592327484] [controller_server]: Received a goal, begin computing control effort.
[controller_server-2] [ERROR] [1757088624.693941498] [controller_server]: Exception in transformPose: Lookup would require extrapolation into the future.  Requested time 1757088624.401706 but the latest data is at time 1757088615.529080, when looking up transform from frame [odom] to frame [map]
[controller_server-2] [WARN] [1757088624.694102585] [controller_server]: Unable to transform robot pose into global plan's frame
[controller_server-2] [WARN] [1757088624.694393860] [controller_server]: Control loop missed its desired rate of 10.0000Hz
[controller_server-2] [ERROR] [1757088624.797437035] [controller_server]: Exception in transformPose: Lookup would require extrapolation into the future.  Requested time 1757088624.401706 but the latest data is at time 1757088615.529080, when looking up transform from frame [odom] to frame [map]
[controller_server-2] [WARN] [1757088624.797577432] [controller_server]: Unable to transform robot pose into global plan's frame
[controller_server-2] [WARN] [1757088624.797885794] [controller_server]: Control loop missed its desired rate of 10.0000Hz
[controller_server-2] [ERROR] [1757088624.899251055] [controller_server]: Exception in transformPose: Lookup would require extrapolation into the future.  Requested time 1757088624.401706 but the latest data is at time 1757088615.529080, when looking up transform from frame [odom] to frame [map]
[controller_server-2] [WARN] [1757088624.899349525] [controller_server]: Unable to transform robot pose into global plan's frame
[controller_server-2] [WARN] [1757088624.899493049] [controller_server]: Control loop missed its desired rate of 10.0000Hz
[controller_server-2] [ERROR] [1757088625.002191077] [controller_server]: Exception in transformPose: Lookup would require extrapolation into the future.  Requested time 1757088624.401706 but the latest data is at time 1757088615.529080, when looking up transform from frame [odom] to frame [map]
[controller_server-2] [WARN] [1757088625.002349609] [controller_server]: Unable to transform robot pose into global plan's frame
[controller_server-2] [WARN] [1757088625.002537647] [controller_server]: Control loop missed its desired rate of 10.0000Hz
[controller_server-2] [ERROR] [1757088625.103707853] [controller_server]: Exception in transformPose: Lookup would require extrapolation into the future.  Requested time 1757088624.401706 but the latest data is at time 1757088615.529080, when looking up transform from frame [odom] to frame [map]
[controller_server-2] [WARN] [1757088625.103877457] [controller_server]: Unable to transform robot pose into global plan's frame
[controller_server-2] [WARN] [1757088625.104074934] [controller_server]: Control loop missed its desired rate of 10.0000Hz
[controller_server-2] [ERROR] [1757088625.207306858] [controller_server]: Exception in transformPose: Lookup would require extrapolation into the future.  Requested time 1757088624.401706 but the latest data is at time 1757088615.529080, when looking up transform from frame [odom] to frame [map]
[controller_server-2] [WARN] [1757088625.207435337] [controller_server]: Unable to transform robot pose into global plan's frame
[controller_server-2] [WARN] [1757088625.207637072] [controller_server]: Control loop missed its desired rate of 10.0000Hz
[controller_server-2] [ERROR] [1757088625.308734538] [controller_server]: Exception in transformPose: Lookup would require extrapolation into the future.  Requested time 1757088625.163790 but the latest data is at time 1757088615.529080, when looking up transform from frame [odom] to frame [map]
[controller_server-2] [WARN] [1757088625.308856823] [controller_server]: Unable to transform robot pose into global plan's frame
[controller_server-2] [WARN] [1757088625.309037795] [controller_server]: Control loop missed its desired rate of 10.0000Hz
[controller_server-2] [ERROR] [1757088625.412696861] [controller_server]: Exception in transformPose: Lookup would require extrapolation into the future.  Requested time 1757088625.201623 but the latest data is at time 1757088615.529080, when looking up transform from frame [odom] to frame [map]
[controller_server-2] [WARN] [1757088625.412745264] [controller_server]: Unable to transform robot pose into global plan's frame
[controller_server-2] [WARN] [1757088625.412823381] [controller_server]: Control loop missed its desired rate of 10.0000Hz
[controller_server-2] [ERROR] [1757088625.513975584] [controller_server]: Exception in transformPose: Lookup would require extrapolation into the future.  Requested time 1757088625.301554 but the latest data is at time 1757088615.529080, when looking up transform from frame [odom] to frame [map]
[controller_server-2] [WARN] [1757088625.514127139] [controller_server]: Unable to transform robot pose into global plan's frame
[controller_server-2] [WARN] [1757088625.514557777] [controller_server]: Control loop missed its desired rate of 10.0000Hz
[controller_server-2] [ERROR] [1757088625.617731483] [controller_server]: Exception in transformPose: Lookup would require extrapolation into the future.  Requested time 1757088625.451691 but the latest data is at time 1757088615.529080, when looking up transform from frame [odom] to frame [map]
[controller_server-2] [WARN] [1757088625.617853047] [controller_server]: Unable to transform robot pose into global plan's frame
[controller_server-2] [WARN] [1757088625.618057125] [controller_server]: Control loop missed its desired rate of 10.0000Hz
[controller_server-2] [INFO] [1757088625.618085455] [controller_server]: Passing new path to controller.
[controller_server-2] [ERROR] [1757088625.719239662] [controller_server]: Exception in transformPose: Lookup would require extrapolation into the future.  Requested time 1757088625.551518 but the latest data is at time 1757088615.529080, when looking up transform from frame [odom] to frame [map]
[controller_server-2] [WARN] [1757088625.719360033] [controller_server]: Unable to transform robot pose into global plan's frame
[controller_server-2] [WARN] [1757088625.719550775] [controller_server]: Control loop missed its desired rate of 10.0000Hz
[bt_navigator-6] [ERROR] [1757088625.719816410] [transformPoseInTargetFrame]: Extrapolation Error looking up target frame: Lookup would require extrapolation into the past.  Requested time 1757088615.529080 but the earliest data is at time 1757088615.651526, when looking up transform from frame [base_link] to frame [map]
[bt_navigator-6] 
[bt_navigator-6] [WARN] [1757088625.720103007] [BehaviorTreeEngine]: Behavior Tree tick rate 100.00 was exceeded!
[bt_navigator-6] [ERROR] [1757088625.821679938] [transformPoseInTargetFrame]: Extrapolation Error looking up target frame: Lookup would require extrapolation into the past.  Requested time 1757088615.529080 but the earliest data is at time 1757088615.754679, when looking up transform from frame [base_link] to frame [map]
[bt_navigator-6] 
[bt_navigator-6] [WARN] [1757088625.821894310] [BehaviorTreeEngine]: Behavior Tree tick rate 100.00 was exceeded!
[controller_server-2] [ERROR] [1757088625.822883135] [controller_server]: Exception in transformPose: Lookup would require extrapolation into the future.  Requested time 1757088625.651481 but the latest data is at time 1757088615.529080, when looking up transform from frame [odom] to frame [map]
[controller_server-2] [WARN] [1757088625.823022148] [controller_server]: Unable to transform robot pose into global plan's frame
[controller_server-2] [WARN] [1757088625.823324901] [controller_server]: Control loop missed its desired rate of 10.0000Hz
[bt_navigator-6] [ERROR] [1757088625.923220492] [transformPoseInTargetFrame]: Extrapolation Error looking up target frame: Lookup would require extrapolation into the past.  Requested time 1757088615.529080 but the earliest data is at time 1757088615.754679, when looking up transform from frame [base_link] to frame [map]
[bt_navigator-6] 
[bt_navigator-6] [WARN] [1757088625.923349483] [BehaviorTreeEngine]: Behavior Tree tick rate 100.00 was exceeded!
[controller_server-2] [ERROR] [1757088625.924793185] [controller_server]: Exception in transformPose: Lookup would require extrapolation into the future.  Requested time 1757088625.751579 but the latest data is at time 1757088615.529080, when looking up transform from frame [odom] to frame [map]
[controller_server-2] [WARN] [1757088625.924871816] [controller_server]: Unable to transform robot pose into global plan's frame
[controller_server-2] [WARN] [1757088625.925072355] [controller_server]: Control loop missed its desired rate of 10.0000Hz
[bt_navigator-6] [ERROR] [1757088626.024854432] [transformPoseInTargetFrame]: Extrapolation Error looking up target frame: Lookup would require extrapolation into the past.  Requested time 1757088615.529080 but the earliest data is at time 1757088615.754679, when looking up transform from frame [base_link] to frame [map]
[bt_navigator-6] 
[bt_navigator-6] [WARN] [1757088626.025115368] [BehaviorTreeEngine]: Behavior Tree tick rate 100.00 was exceeded!
[controller_server-2] [ERROR] [1757088626.027373436] [controller_server]: Exception in transformPose: Lookup would require extrapolation into the future.  Requested time 1757088625.832471 but the latest data is at time 1757088615.529080, when looking up transform from frame [odom] to frame [map]
[controller_server-2] [WARN] [1757088626.027523039] [controller_server]: Unable to transform robot pose into global plan's frame
[controller_server-2] [WARN] [1757088626.027862925] [controller_server]: Control loop missed its desired rate of 10.0000Hz
[bt_navigator-6] [ERROR] [1757088626.126867856] [transformPoseInTargetFrame]: Extrapolation Error looking up target frame: Lookup would require extrapolation into the past.  Requested time 1757088615.529080 but the earliest data is at time 1757088615.754679, when looking up transform from frame [base_link] to frame [map]
[bt_navigator-6] 
[bt_navigator-6] [WARN] [1757088626.127113423] [BehaviorTreeEngine]: Behavior Tree tick rate 100.00 was exceeded!
[controller_server-2] [ERROR] [1757088626.129297300] [controller_server]: Exception in transformPose: Lookup would require extrapolation into the future.  Requested time 1757088625.832471 but the latest data is at time 1757088615.529080, when looking up transform from frame [odom] to frame [map]
[controller_server-2] [WARN] [1757088626.129426914] [controller_server]: Unable to transform robot pose into global plan's frame
[controller_server-2] [WARN] [1757088626.129704474] [controller_server]: Control loop missed its desired rate of 10.0000Hz
[bt_navigator-6] [ERROR] [1757088626.228859324] [transformPoseInTargetFrame]: Extrapolation Error looking up target frame: Lookup would require extrapolation into the past.  Requested time 1757088615.529080 but the earliest data is at time 1757088615.754679, when looking up transform from frame [base_link] to frame [map]
[bt_navigator-6] 
[bt_navigator-6] [WARN] [1757088626.229079544] [BehaviorTreeEngine]: Behavior Tree tick rate 100.00 was exceeded!
[controller_server-2] [ERROR] [1757088626.233204347] [controller_server]: Exception in transformPose: Lookup would require extrapolation into the future.  Requested time 1757088625.832471 but the latest data is at time 1757088615.529080, when looking up transform from frame [odom] to frame [map]
[controller_server-2] [WARN] [1757088626.233344286] [controller_server]: Unable to transform robot pose into global plan's frame
[controller_server-2] [WARN] [1757088626.233649714] [controller_server]: Control loop missed its desired rate of 10.0000Hz
[bt_navigator-6] [ERROR] [1757088626.330200150] [transformPoseInTargetFrame]: Extrapolation Error looking up target frame: Lookup would require extrapolation into the past.  Requested time 1757088615.529080 but the earliest data is at time 1757088615.754679, when looking up transform from frame [base_link] to frame [map]
[bt_navigator-6] 
[bt_navigator-6] [WARN] [1757088626.330392002] [BehaviorTreeEngine]: Behavior Tree tick rate 100.00 was exceeded!
[controller_server-2] [ERROR] [1757088626.335032185] [controller_server]: Exception in transformPose: Lookup would require extrapolation into the future.  Requested time 1757088625.832471 but the latest data is at time 1757088615.529080, when looking up transform from frame [odom] to frame [map]
[controller_server-2] [WARN] [1757088626.335171218] [controller_server]: Unable to transform robot pose into global plan's frame
[controller_server-2] [WARN] [1757088626.335453792] [controller_server]: Control loop missed its desired rate of 10.0000Hz
[bt_navigator-6] [ERROR] [1757088626.431618324] [transformPoseInTargetFrame]: Extrapolation Error looking up target frame: Lookup would require extrapolation into the past.  Requested time 1757088615.529080 but the earliest data is at time 1757088615.754679, when looking up transform from frame [base_link] to frame [map]
[bt_navigator-6] 
[bt_navigator-6] [WARN] [1757088626.431883403] [BehaviorTreeEngine]: Behavior Tree tick rate 100.00 was exceeded!
[controller_server-2] [ERROR] [1757088626.438624300] [controller_server]: Exception in transformPose: Lookup would require extrapolation into the future.  Requested time 1757088625.832471 but the latest data is at time 1757088615.529080, when looking up transform from frame [odom] to frame [map]
[controller_server-2] [WARN] [1757088626.438769718] [controller_server]: Unable to transform robot pose into global plan's frame
[controller_server-2] [WARN] [1757088626.439078728] [controller_server]: Control loop missed its desired rate of 10.0000Hz
[bt_navigator-6] [ERROR] [1757088626.533003026] [transformPoseInTargetFrame]: Extrapolation Error looking up target frame: Lookup would require extrapolation into the past.  Requested time 1757088615.529080 but the earliest data is at time 1757088615.851506, when looking up transform from frame [base_link] to frame [map]
[bt_navigator-6] 
[bt_navigator-6] [WARN] [1757088626.533200709] [BehaviorTreeEngine]: Behavior Tree tick rate 100.00 was exceeded!
[controller_server-2] [ERROR] [1757088626.540589179] [controller_server]: Exception in transformPose: Lookup would require extrapolation into the future.  Requested time 1757088625.832471 but the latest data is at time 1757088615.529080, when looking up transform from frame [odom] to frame [map]
[controller_server-2] [WARN] [1757088626.540745349] [controller_server]: Unable to transform robot pose into global plan's frame
[controller_server-2] [WARN] [1757088626.541046375] [controller_server]: Control loop missed its desired rate of 10.0000Hz
[bt_navigator-6] [ERROR] [1757088626.634260152] [transformPoseInTargetFrame]: Extrapolation Error looking up target frame: Lookup would require extrapolation into the past.  Requested time 1757088615.529080 but the earliest data is at time 1757088616.552107, when looking up transform from frame [base_link] to frame [map]
[bt_navigator-6] 
[bt_navigator-6] [WARN] [1757088626.634433191] [BehaviorTreeEngine]: Behavior Tree tick rate 100.00 was exceeded!
[controller_server-2] [ERROR] [1757088626.644467574] [controller_server]: Exception in transformPose: Lookup would require extrapolation into the future.  Requested time 1757088626.202686 but the latest data is at time 1757088615.529080, when looking up transform from frame [odom] to frame [map]
[controller_server-2] [WARN] [1757088626.644612076] [controller_server]: Unable to transform robot pose into global plan's frame
[controller_server-2] [ERROR] [1757088626.644682978] [controller_server]: Controller patience exceeded
[controller_server-2] [WARN] [1757088626.644801390] [controller_server]: [follow_path] [ActionServer] Aborting handle.
[planner_server-4] [ERROR] [1757088626.667403458] [transformPoseInTargetFrame]: Extrapolation Error looking up target frame: Lookup would require extrapolation into the past.  Requested time 1757088615.529080 but the earliest data is at time 1757088616.552107, when looking up transform from frame [base_link] to frame [map]
[planner_server-4] 
[bt_navigator-6] [ERROR] [1757088626.736307754] [transformPoseInTargetFrame]: Extrapolation Error looking up target frame: Lookup would require extrapolation into the past.  Requested time 1757088615.529080 but the earliest data is at time 1757088616.601941, when looking up transform from frame [base_link] to frame [map]
[bt_navigator-6] 
[bt_navigator-6] [WARN] [1757088626.736583042] [BehaviorTreeEngine]: Behavior Tree tick rate 100.00 was exceeded!
[bt_navigator-6] [ERROR] [1757088626.838028555] [transformPoseInTargetFrame]: Extrapolation Error looking up target frame: Lookup would require extrapolation into the past.  Requested time 1757088615.529080 but the earliest data is at time 1757088616.601941, when looking up transform from frame [base_link] to frame [map]
[bt_navigator-6] 
[bt_navigator-6] [WARN] [1757088626.838274124] [BehaviorTreeEngine]: Behavior Tree tick rate 100.00 was exceeded!
[planner_server-4] [ERROR] [1757088626.938401091] [transformPoseInTargetFrame]: Extrapolation Error looking up target frame: Lookup would require extrapolation into the past.  Requested time 1757088615.529080 but the earliest data is at time 1757088616.851484, when looking up transform from frame [base_link] to frame [map]
[planner_server-4] 
[planner_server-4] [WARN] [1757088626.938441401] [planner_server]: [compute_path_to_pose] [ActionServer] Aborting handle.
[bt_navigator-6] [ERROR] [1757088626.939728467] [transformPoseInTargetFrame]: Extrapolation Error looking up target frame: Lookup would require extrapolation into the past.  Requested time 1757088615.529080 but the earliest data is at time 1757088616.601941, when looking up transform from frame [base_link] to frame [map]
[bt_navigator-6] 
[bt_navigator-6] [WARN] [1757088626.939849804] [BehaviorTreeEngine]: Behavior Tree tick rate 100.00 was exceeded!
[behavior_server-5] [INFO] [1757088626.940368429] [behavior_server]: Running spin
[bt_navigator-6] [ERROR] [1757088627.041520239] [transformPoseInTargetFrame]: Extrapolation Error looking up target frame: Lookup would require extrapolation into the past.  Requested time 1757088615.529080 but the earliest data is at time 1757088616.963075, when looking up transform from frame [base_link] to frame [map]
[bt_navigator-6] 
[bt_navigator-6] [WARN] [1757088627.041757902] [BehaviorTreeEngine]: Behavior Tree tick rate 100.00 was exceeded!
[behavior_server-5] [ERROR] [1757088627.041619794] [transformPoseInTargetFrame]: Extrapolation Error looking up target frame: Lookup would require extrapolation into the past.  Requested time 1757088615.529080 but the earliest data is at time 1757088616.963075, when looking up transform from frame [base_link] to frame [map]
[behavior_server-5] 
[behavior_server-5] [ERROR] [1757088627.041699313] [behavior_server]: Current robot pose is not available.
[behavior_server-5] [INFO] [1757088627.041749389] [behavior_server]: Initial checks failed for spin
[behavior_server-5] [WARN] [1757088627.041787499] [behavior_server]: [spin] [ActionServer] Aborting handle.
[bt_navigator-6] [ERROR] [1757088627.143294429] [transformPoseInTargetFrame]: Extrapolation Error looking up target frame: Lookup would require extrapolation into the past.  Requested time 1757088615.529080 but the earliest data is at time 1757088617.001553, when looking up transform from frame [base_link] to frame [map]
[bt_navigator-6] 
[bt_navigator-6] [WARN] [1757088627.143538450] [BehaviorTreeEngine]: Behavior Tree tick rate 100.00 was exceeded!
[explore-10] [ERROR] [1757088627.161824718] [explore_node]: Extrapolation Error looking up robot pose: Lookup would require extrapolation into the future.  Requested time 1757088626.857834 but the latest data is at time 1757088615.529080, when looking up transform from frame [base_link] to frame [map]
[explore-10] 
[bt_navigator-6] [ERROR] [1757088627.245033180] [transformPoseInTargetFrame]: Extrapolation Error looking up target frame: Lookup would require extrapolation into the past.  Requested time 1757088615.529080 but the earliest data is at time 1757088617.151501, when looking up transform from frame [base_link] to frame [map]
[bt_navigator-6] 
[bt_navigator-6] [WARN] [1757088627.245275342] [BehaviorTreeEngine]: Behavior Tree tick rate 100.00 was exceeded!
[behavior_server-5] [INFO] [1757088627.246056340] [behavior_server]: Running wait
[bt_navigator-6] [ERROR] [1757088627.347259241] [transformPoseInTargetFrame]: Extrapolation Error looking up target frame: Lookup would require extrapolation into the past.  Requested time 1757088615.529080 but the earliest data is at time 1757088617.251489, when looking up transform from frame [base_link] to frame [map]
[bt_navigator-6] 
[bt_navigator-6] [WARN] [1757088627.347456672] [BehaviorTreeEngine]: Behavior Tree tick rate 100.00 was exceeded!
[bt_navigator-6] [ERROR] [1757088627.448625757] [transformPoseInTargetFrame]: Extrapolation Error looking up target frame: Lookup would require extrapolation into the past.  Requested time 1757088615.529080 but the earliest data is at time 1757088617.351529, when looking up transform from frame [base_link] to frame [map]
[bt_navigator-6] 
[bt_navigator-6] [WARN] [1757088627.448808092] [BehaviorTreeEngine]: Behavior Tree tick rate 100.00 was exceeded!
[bt_navigator-6] [ERROR] [1757088627.550076881] [transformPoseInTargetFrame]: Extrapolation Error looking up target frame: Lookup would require extrapolation into the past.  Requested time 1757088615.529080 but the earliest data is at time 1757088617.501576, when looking up transform from frame [base_link] to frame [map]
[bt_navigator-6] 
[bt_navigator-6] [WARN] [1757088627.550250113] [BehaviorTreeEngine]: Behavior Tree tick rate 100.00 was exceeded!
[bt_navigator-6] [ERROR] [1757088627.651504176] [transformPoseInTargetFrame]: Extrapolation Error looking up target frame: Lookup would require extrapolation into the past.  Requested time 1757088615.529080 but the earliest data is at time 1757088617.601673, when looking up transform from frame [base_link] to frame [map]
[bt_navigator-6] 
[bt_navigator-6] [WARN] [1757088627.651602249] [BehaviorTreeEngine]: Behavior Tree tick rate 100.00 was exceeded!
[planner_server-4] [ERROR] [1757088627.667327319] [transformPoseInTargetFrame]: Extrapolation Error looking up target frame: Lookup would require extrapolation into the past.  Requested time 1757088615.529080 but the earliest data is at time 1757088617.601673, when looking up transform from frame [base_link] to frame [map]
[planner_server-4] 
[bt_navigator-6] [ERROR] [1757088627.752758800] [transformPoseInTargetFrame]: Extrapolation Error looking up target frame: Lookup would require extrapolation into the past.  Requested time 1757088615.529080 but the earliest data is at time 1757088617.701514, when looking up transform from frame [base_link] to frame [map]
[bt_navigator-6] 
[bt_navigator-6] [WARN] [1757088627.752937324] [BehaviorTreeEngine]: Behavior Tree tick rate 100.00 was exceeded!
[bt_navigator-6] [ERROR] [1757088627.854328284] [transformPoseInTargetFrame]: Extrapolation Error looking up target frame: Lookup would require extrapolation into the past.  Requested time 1757088615.529080 but the earliest data is at time 1757088617.801553, when looking up transform from frame [base_link] to frame [map]
[bt_navigator-6] 
[bt_navigator-6] [WARN] [1757088627.854492678] [BehaviorTreeEngine]: Behavior Tree tick rate 100.00 was exceeded!
[bt_navigator-6] [ERROR] [1757088627.955567944] [transformPoseInTargetFrame]: Extrapolation Error looking up target frame: Lookup would require extrapolation into the past.  Requested time 1757088615.529080 but the earliest data is at time 1757088618.031193, when looking up transform from frame [base_link] to frame [map]
[bt_navigator-6] 
[bt_navigator-6] [WARN] [1757088627.955730670] [BehaviorTreeEngine]: Behavior Tree tick rate 100.00 was exceeded!
[bt_navigator-6] [ERROR] [1757088628.056970208] [transformPoseInTargetFrame]: Extrapolation Error looking up target frame: Lookup would require extrapolation into the past.  Requested time 1757088615.529080 but the earliest data is at time 1757088618.031193, when looking up transform from frame [base_link] to frame [map]
[bt_navigator-6] 
[bt_navigator-6] [WARN] [1757088628.057185178] [BehaviorTreeEngine]: Behavior Tree tick rate 100.00 was exceeded!
[bt_navigator-6] [ERROR] [1757088628.158594401] [transformPoseInTargetFrame]: Extrapolation Error looking up target frame: Lookup would require extrapolation into the past.  Requested time 1757088615.529080 but the earliest data is at time 1757088618.031193, when looking up transform from frame [base_link] to frame [map]
[bt_navigator-6] 
[bt_navigator-6] [WARN] [1757088628.158794691] [BehaviorTreeEngine]: Behavior Tree tick rate 100.00 was exceeded!
[bt_navigator-6] [ERROR] [1757088628.260134375] [transformPoseInTargetFrame]: Extrapolation Error looking up target frame: Lookup would require extrapolation into the past.  Requested time 1757088615.529080 but the earliest data is at time 1757088618.201536, when looking up transform from frame [base_link] to frame [map]
[bt_navigator-6] 
[bt_navigator-6] [WARN] [1757088628.260312874] [BehaviorTreeEngine]: Behavior Tree tick rate 100.00 was exceeded!
[bt_navigator-6] [ERROR] [1757088628.361592534] [transformPoseInTargetFrame]: Extrapolation Error looking up target frame: Lookup would require extrapolation into the past.  Requested time 1757088615.529080 but the earliest data is at time 1757088618.301494, when looking up transform from frame [base_link] to frame [map]
[bt_navigator-6] 
[bt_navigator-6] [WARN] [1757088628.361820951] [BehaviorTreeEngine]: Behavior Tree tick rate 100.00 was exceeded!
[bt_navigator-6] [ERROR] [1757088628.463481291] [transformPoseInTargetFrame]: Extrapolation Error looking up target frame: Lookup would require extrapolation into the past.  Requested time 1757088615.529080 but the earliest data is at time 1757088618.401515, when looking up transform from frame [base_link] to frame [map]
[bt_navigator-6] 
[bt_navigator-6] [WARN] [1757088628.463635690] [BehaviorTreeEngine]: Behavior Tree tick rate 100.00 was exceeded!
[bt_navigator-6] [ERROR] [1757088628.565175046] [transformPoseInTargetFrame]: Extrapolation Error looking up target frame: Lookup would require extrapolation into the past.  Requested time 1757088615.529080 but the earliest data is at time 1757088618.501507, when looking up transform from frame [base_link] to frame [map]
[bt_navigator-6] 
[bt_navigator-6] [WARN] [1757088628.565400071] [BehaviorTreeEngine]: Behavior Tree tick rate 100.00 was exceeded!
[bt_navigator-6] [ERROR] [1757088628.666931599] [transformPoseInTargetFrame]: Extrapolation Error looking up target frame: Lookup would require extrapolation into the past.  Requested time 1757088615.529080 but the earliest data is at time 1757088618.611698, when looking up transform from frame [base_link] to frame [map]
[bt_navigator-6] 
[bt_navigator-6] [WARN] [1757088628.667165184] [BehaviorTreeEngine]: Behavior Tree tick rate 100.00 was exceeded!
[planner_server-4] [ERROR] [1757088628.668485240] [transformPoseInTargetFrame]: Extrapolation Error looking up target frame: Lookup would require extrapolation into the past.  Requested time 1757088615.529080 but the earliest data is at time 1757088618.611698, when looking up transform from frame [base_link] to frame [map]
[planner_server-4] 
[bt_navigator-6] [ERROR] [1757088628.769007334] [transformPoseInTargetFrame]: Extrapolation Error looking up target frame: Lookup would require extrapolation into the past.  Requested time 1757088615.529080 but the earliest data is at time 1757088618.701532, when looking up transform from frame [base_link] to frame [map]
[bt_navigator-6] 
[bt_navigator-6] [WARN] [1757088628.769229900] [BehaviorTreeEngine]: Behavior Tree tick rate 100.00 was exceeded!
[bt_navigator-6] [ERROR] [1757088628.870606258] [transformPoseInTargetFrame]: Extrapolation Error looking up target frame: Lookup would require extrapolation into the past.  Requested time 1757088615.529080 but the earliest data is at time 1757088618.751534, when looking up transform from frame [base_link] to frame [map]
[bt_navigator-6] 
[bt_navigator-6] [WARN] [1757088628.870771464] [BehaviorTreeEngine]: Behavior Tree tick rate 100.00 was exceeded!
[bt_navigator-6] [ERROR] [1757088628.971902156] [transformPoseInTargetFrame]: Extrapolation Error looking up target frame: Lookup would require extrapolation into the past.  Requested time 1757088615.529080 but the earliest data is at time 1757088618.851549, when looking up transform from frame [base_link] to frame [map]
[bt_navigator-6] 
[bt_navigator-6] [WARN] [1757088628.972052032] [BehaviorTreeEngine]: Behavior Tree tick rate 100.00 was exceeded!
[bt_navigator-6] [ERROR] [1757088629.073261586] [transformPoseInTargetFrame]: Extrapolation Error looking up target frame: Lookup would require extrapolation into the past.  Requested time 1757088615.529080 but the earliest data is at time 1757088619.001540, when looking up transform from frame [base_link] to frame [map]
[bt_navigator-6] 
[bt_navigator-6] [WARN] [1757088629.073452846] [BehaviorTreeEngine]: Behavior Tree tick rate 100.00 was exceeded!
[bt_navigator-6] [ERROR] [1757088629.174830293] [transformPoseInTargetFrame]: Extrapolation Error looking up target frame: Lookup would require extrapolation into the past.  Requested time 1757088615.529080 but the earliest data is at time 1757088619.052305, when looking up transform from frame [base_link] to frame [map]
[bt_navigator-6] 
[bt_navigator-6] [WARN] [1757088629.175043638] [BehaviorTreeEngine]: Behavior Tree tick rate 100.00 was exceeded!
[bt_navigator-6] [ERROR] [1757088629.276308461] [transformPoseInTargetFrame]: Extrapolation Error looking up target frame: Lookup would require extrapolation into the past.  Requested time 1757088615.529080 but the earliest data is at time 1757088619.151541, when looking up transform from frame [base_link] to frame [map]
[bt_navigator-6] 
[bt_navigator-6] [WARN] [1757088629.276501750] [BehaviorTreeEngine]: Behavior Tree tick rate 100.00 was exceeded!
[bt_navigator-6] [ERROR] [1757088629.377664482] [transformPoseInTargetFrame]: Extrapolation Error looking up target frame: Lookup would require extrapolation into the past.  Requested time 1757088615.529080 but the earliest data is at time 1757088619.201928, when looking up transform from frame [base_link] to frame [map]
[bt_navigator-6] 
[bt_navigator-6] [WARN] [1757088629.377855751] [BehaviorTreeEngine]: Behavior Tree tick rate 100.00 was exceeded!
[bt_navigator-6] [ERROR] [1757088629.479032367] [transformPoseInTargetFrame]: Extrapolation Error looking up target frame: Lookup would require extrapolation into the past.  Requested time 1757088615.529080 but the earliest data is at time 1757088619.201928, when looking up transform from frame [base_link] to frame [map]
[bt_navigator-6] 
[bt_navigator-6] [WARN] [1757088629.479205298] [BehaviorTreeEngine]: Behavior Tree tick rate 100.00 was exceeded!
[bt_navigator-6] [ERROR] [1757088629.580414429] [transformPoseInTargetFrame]: Extrapolation Error looking up target frame: Lookup would require extrapolation into the past.  Requested time 1757088615.529080 but the earliest data is at time 1757088619.201928, when looking up transform from frame [base_link] to frame [map]
[bt_navigator-6] 
[bt_navigator-6] [WARN] [1757088629.580649776] [BehaviorTreeEngine]: Behavior Tree tick rate 100.00 was exceeded!
[planner_server-4] [ERROR] [1757088629.668204538] [transformPoseInTargetFrame]: Extrapolation Error looking up target frame: Lookup would require extrapolation into the past.  Requested time 1757088615.529080 but the earliest data is at time 1757088619.151541, when looking up transform from frame [base_link] to frame [map]
[planner_server-4] 
[bt_navigator-6] [ERROR] [1757088629.682124787] [transformPoseInTargetFrame]: Extrapolation Error looking up target frame: Lookup would require extrapolation into the past.  Requested time 1757088615.529080 but the earliest data is at time 1757088619.201928, when looking up transform from frame [base_link] to frame [map]
[bt_navigator-6] 
[bt_navigator-6] [WARN] [1757088629.682327574] [BehaviorTreeEngine]: Behavior Tree tick rate 100.00 was exceeded!
[bt_navigator-6] [ERROR] [1757088629.783832698] [transformPoseInTargetFrame]: Extrapolation Error looking up target frame: Lookup would require extrapolation into the past.  Requested time 1757088615.529080 but the earliest data is at time 1757088619.201928, when looking up transform from frame [base_link] to frame [map]
[bt_navigator-6] 
[bt_navigator-6] [WARN] [1757088629.784027531] [BehaviorTreeEngine]: Behavior Tree tick rate 100.00 was exceeded!
[bt_navigator-6] [ERROR] [1757088629.885305816] [transformPoseInTargetFrame]: Extrapolation Error looking up target frame: Lookup would require extrapolation into the past.  Requested time 1757088615.529080 but the earliest data is at time 1757088619.201928, when looking up transform from frame [base_link] to frame [map]
[bt_navigator-6] 
[bt_navigator-6] [WARN] [1757088629.885478572] [BehaviorTreeEngine]: Behavior Tree tick rate 100.00 was exceeded!
[bt_navigator-6] [ERROR] [1757088629.986857012] [transformPoseInTargetFrame]: Extrapolation Error looking up target frame: Lookup would require extrapolation into the past.  Requested time 1757088615.529080 but the earliest data is at time 1757088619.201928, when looking up transform from frame [base_link] to frame [map]
[bt_navigator-6] 
[bt_navigator-6] [WARN] [1757088629.987039833] [BehaviorTreeEngine]: Behavior Tree tick rate 100.00 was exceeded!
[bt_navigator-6] [ERROR] [1757088630.088459628] [transformPoseInTargetFrame]: Extrapolation Error looking up target frame: Lookup would require extrapolation into the past.  Requested time 1757088615.529080 but the earliest data is at time 1757088619.702237, when looking up transform from frame [base_link] to frame [map]
[bt_navigator-6] 
[bt_navigator-6] [WARN] [1757088630.088624080] [BehaviorTreeEngine]: Behavior Tree tick rate 100.00 was exceeded!
[bt_navigator-6] [ERROR] [1757088630.189896812] [transformPoseInTargetFrame]: Extrapolation Error looking up target frame: Lookup would require extrapolation into the past.  Requested time 1757088615.529080 but the earliest data is at time 1757088620.101570, when looking up transform from frame [base_link] to frame [map]
[bt_navigator-6] 
[bt_navigator-6] [WARN] [1757088630.189986855] [BehaviorTreeEngine]: Behavior Tree tick rate 100.00 was exceeded!
[bt_navigator-6] [ERROR] [1757088630.291010475] [transformPoseInTargetFrame]: Extrapolation Error looking up target frame: Lookup would require extrapolation into the past.  Requested time 1757088615.529080 but the earliest data is at time 1757088620.201541, when looking up transform from frame [base_link] to frame [map]
[bt_navigator-6] 
[bt_navigator-6] [WARN] [1757088630.291127078] [BehaviorTreeEngine]: Behavior Tree tick rate 100.00 was exceeded!
[bt_navigator-6] [ERROR] [1757088630.392722241] [transformPoseInTargetFrame]: Extrapolation Error looking up target frame: Lookup would require extrapolation into the past.  Requested time 1757088615.529080 but the earliest data is at time 1757088620.251535, when looking up transform from frame [base_link] to frame [map]
[bt_navigator-6] 
[bt_navigator-6] [WARN] [1757088630.392954530] [BehaviorTreeEngine]: Behavior Tree tick rate 100.00 was exceeded!
[bt_navigator-6] [ERROR] [1757088630.494567258] [transformPoseInTargetFrame]: Extrapolation Error looking up target frame: Lookup would require extrapolation into the past.  Requested time 1757088615.529080 but the earliest data is at time 1757088620.402344, when looking up transform from frame [base_link] to frame [map]
[bt_navigator-6] 
[bt_navigator-6] [WARN] [1757088630.494884457] [BehaviorTreeEngine]: Behavior Tree tick rate 100.00 was exceeded!
[bt_navigator-6] [ERROR] [1757088630.596505798] [transformPoseInTargetFrame]: Extrapolation Error looking up target frame: Lookup would require extrapolation into the past.  Requested time 1757088615.529080 but the earliest data is at time 1757088620.501914, when looking up transform from frame [base_link] to frame [map]
[bt_navigator-6] 
[bt_navigator-6] [WARN] [1757088630.597037745] [BehaviorTreeEngine]: Behavior Tree tick rate 100.00 was exceeded!
[planner_server-4] [ERROR] [1757088630.667660208] [transformPoseInTargetFrame]: Extrapolation Error looking up target frame: Lookup would require extrapolation into the past.  Requested time 1757088615.529080 but the earliest data is at time 1757088620.501914, when looking up transform from frame [base_link] to frame [map]
[planner_server-4] 
[bt_navigator-6] [ERROR] [1757088630.698162388] [transformPoseInTargetFrame]: Extrapolation Error looking up target frame: Lookup would require extrapolation into the past.  Requested time 1757088615.529080 but the earliest data is at time 1757088620.602174, when looking up transform from frame [base_link] to frame [map]
[bt_navigator-6] 
[bt_navigator-6] [WARN] [1757088630.698288543] [BehaviorTreeEngine]: Behavior Tree tick rate 100.00 was exceeded!
[bt_navigator-6] [ERROR] [1757088630.799431228] [transformPoseInTargetFrame]: Extrapolation Error looking up target frame: Lookup would require extrapolation into the past.  Requested time 1757088615.529080 but the earliest data is at time 1757088620.701497, when looking up transform from frame [base_link] to frame [map]
[bt_navigator-6] 
[bt_navigator-6] [WARN] [1757088630.799629016] [BehaviorTreeEngine]: Behavior Tree tick rate 100.00 was exceeded!
[bt_navigator-6] [ERROR] [1757088630.900820479] [transformPoseInTargetFrame]: Extrapolation Error looking up target frame: Lookup would require extrapolation into the past.  Requested time 1757088615.529080 but the earliest data is at time 1757088620.801866, when looking up transform from frame [base_link] to frame [map]
[bt_navigator-6] 
[bt_navigator-6] [WARN] [1757088630.901001860] [BehaviorTreeEngine]: Behavior Tree tick rate 100.00 was exceeded!
[bt_navigator-6] [ERROR] [1757088631.002532647] [transformPoseInTargetFrame]: Extrapolation Error looking up target frame: Lookup would require extrapolation into the past.  Requested time 1757088615.529080 but the earliest data is at time 1757088620.851827, when looking up transform from frame [base_link] to frame [map]
[bt_navigator-6] 
[bt_navigator-6] [WARN] [1757088631.002777547] [BehaviorTreeEngine]: Behavior Tree tick rate 100.00 was exceeded!
[bt_navigator-6] [WARN] [1757088631.043526106] [BehaviorTreeEngine]: Behavior Tree tick rate 100.00 was exceeded!
[bt_navigator-6] [WARN] [1757088631.165567007] [BehaviorTreeEngine]: Behavior Tree tick rate 100.00 was exceeded!
[behavior_server-5] [INFO] [1757088632.246324376] [behavior_server]: wait completed successfully
[controller_server-2] [INFO] [1757088632.296042473] [controller_server]: Received a goal, begin computing control effort.
[controller_server-2] [ERROR] [1757088632.397449712] [controller_server]: Exception in transformPose: Lookup would require extrapolation into the future.  Requested time 1757088632.101657 but the latest data is at time 1757088631.321414, when looking up transform from frame [odom] to frame [map]
[controller_server-2] [WARN] [1757088632.397581962] [controller_server]: Unable to transform robot pose into global plan's frame
[controller_server-2] [WARN] [1757088632.397824852] [controller_server]: Control loop missed its desired rate of 10.0000Hz
[controller_server-2] [ERROR] [1757088632.498892321] [controller_server]: Exception in transformPose: Lookup would require extrapolation into the future.  Requested time 1757088632.101657 but the latest data is at time 1757088631.321414, when looking up transform from frame [odom] to frame [map]
[controller_server-2] [WARN] [1757088632.499012679] [controller_server]: Unable to transform robot pose into global plan's frame
[controller_server-2] [WARN] [1757088632.499195610] [controller_server]: Control loop missed its desired rate of 10.0000Hz
[controller_server-2] [ERROR] [1757088632.602332287] [controller_server]: Exception in transformPose: Lookup would require extrapolation into the future.  Requested time 1757088632.101657 but the latest data is at time 1757088631.321414, when looking up transform from frame [odom] to frame [map]
[controller_server-2] [WARN] [1757088632.602457297] [controller_server]: Unable to transform robot pose into global plan's frame
[controller_server-2] [WARN] [1757088632.602673897] [controller_server]: Control loop missed its desired rate of 10.0000Hz
[controller_server-2] [ERROR] [1757088632.704074799] [controller_server]: Exception in transformPose: Lookup would require extrapolation into the future.  Requested time 1757088632.101657 but the latest data is at time 1757088631.321414, when looking up transform from frame [odom] to frame [map]
[controller_server-2] [WARN] [1757088632.704233285] [controller_server]: Unable to transform robot pose into global plan's frame
[controller_server-2] [WARN] [1757088632.704534316] [controller_server]: Control loop missed its desired rate of 10.0000Hz
[controller_server-2] [ERROR] [1757088632.808011031] [controller_server]: Exception in transformPose: Lookup would require extrapolation into the future.  Requested time 1757088632.101657 but the latest data is at time 1757088631.321414, when looking up transform from frame [odom] to frame [map]
[controller_server-2] [WARN] [1757088632.808104327] [controller_server]: Unable to transform robot pose into global plan's frame
[controller_server-2] [WARN] [1757088632.808263585] [controller_server]: Control loop missed its desired rate of 10.0000Hz
[controller_server-2] [ERROR] [1757088632.909296360] [controller_server]: Exception in transformPose: Lookup would require extrapolation into the future.  Requested time 1757088632.101657 but the latest data is at time 1757088631.321414, when looking up transform from frame [odom] to frame [map]
[controller_server-2] [WARN] [1757088632.909404621] [controller_server]: Unable to transform robot pose into global plan's frame
[controller_server-2] [WARN] [1757088632.909575094] [controller_server]: Control loop missed its desired rate of 10.0000Hz
[controller_server-2] [ERROR] [1757088633.012766225] [controller_server]: Exception in transformPose: Lookup would require extrapolation into the future.  Requested time 1757088632.101657 but the latest data is at time 1757088631.321414, when looking up transform from frame [odom] to frame [map]
[controller_server-2] [WARN] [1757088633.012917958] [controller_server]: Unable to transform robot pose into global plan's frame
[controller_server-2] [WARN] [1757088633.013225573] [controller_server]: Control loop missed its desired rate of 10.0000Hz
[controller_server-2] [ERROR] [1757088633.114574741] [controller_server]: Exception in transformPose: Lookup would require extrapolation into the future.  Requested time 1757088632.965567 but the latest data is at time 1757088631.321414, when looking up transform from frame [odom] to frame [map]
[controller_server-2] [WARN] [1757088633.114723472] [controller_server]: Unable to transform robot pose into global plan's frame
[controller_server-2] [WARN] [1757088633.115017490] [controller_server]: Control loop missed its desired rate of 10.0000Hz
[controller_server-2] [ERROR] [1757088633.218173507] [controller_server]: Exception in transformPose: Lookup would require extrapolation into the future.  Requested time 1757088633.075231 but the latest data is at time 1757088631.321414, when looking up transform from frame [odom] to frame [map]
[controller_server-2] [WARN] [1757088633.218314568] [controller_server]: Unable to transform robot pose into global plan's frame
[controller_server-2] [WARN] [1757088633.218657516] [controller_server]: Control loop missed its desired rate of 10.0000Hz
[controller_server-2] [ERROR] [1757088633.320118957] [controller_server]: Exception in transformPose: Lookup would require extrapolation into the future.  Requested time 1757088633.151452 but the latest data is at time 1757088631.321414, when looking up transform from frame [odom] to frame [map]
[controller_server-2] [WARN] [1757088633.320228341] [controller_server]: Unable to transform robot pose into global plan's frame
[controller_server-2] [WARN] [1757088633.320323788] [controller_server]: Control loop missed its desired rate of 10.0000Hz
[controller_server-2] [ERROR] [1757088633.422782577] [controller_server]: Exception in transformPose: Lookup would require extrapolation into the future.  Requested time 1757088633.251449 but the latest data is at time 1757088631.321414, when looking up transform from frame [odom] to frame [map]
[controller_server-2] [WARN] [1757088633.422973353] [controller_server]: Unable to transform robot pose into global plan's frame
[controller_server-2] [WARN] [1757088633.423398110] [controller_server]: Control loop missed its desired rate of 10.0000Hz
[controller_server-2] [INFO] [1757088633.423472771] [controller_server]: Passing new path to controller.
[controller_server-2] [ERROR] [1757088633.525145977] [controller_server]: Exception in transformPose: Lookup would require extrapolation into the future.  Requested time 1757088633.351538 but the latest data is at time 1757088631.321414, when looking up transform from frame [odom] to frame [map]
[controller_server-2] [WARN] [1757088633.525268134] [controller_server]: Unable to transform robot pose into global plan's frame
[controller_server-2] [WARN] [1757088633.525458334] [controller_server]: Control loop missed its desired rate of 10.0000Hz
[controller_server-2] [ERROR] [1757088633.628537998] [controller_server]: Exception in transformPose: Lookup would require extrapolation into the future.  Requested time 1757088633.451529 but the latest data is at time 1757088631.321414, when looking up transform from frame [odom] to frame [map]
[controller_server-2] [WARN] [1757088633.628653123] [controller_server]: Unable to transform robot pose into global plan's frame
[controller_server-2] [WARN] [1757088633.628841707] [controller_server]: Control loop missed its desired rate of 10.0000Hz
[controller_server-2] [ERROR] [1757088633.729737680] [controller_server]: Exception in transformPose: Lookup would require extrapolation into the future.  Requested time 1757088633.451529 but the latest data is at time 1757088631.321414, when looking up transform from frame [odom] to frame [map]
[controller_server-2] [WARN] [1757088633.729846705] [controller_server]: Unable to transform robot pose into global plan's frame
[controller_server-2] [WARN] [1757088633.730030168] [controller_server]: Control loop missed its desired rate of 10.0000Hz
[explore-10] [ERROR] [1757088633.827627004] [explore_node]: Extrapolation Error looking up robot pose: Lookup would require extrapolation into the future.  Requested time 1757088633.523917 but the latest data is at time 1757088633.451529, when looking up transform from frame [base_link] to frame [map]
[explore-10] 
[controller_server-2] [ERROR] [1757088633.832963446] [controller_server]: Exception in transformPose: Lookup would require extrapolation into the future.  Requested time 1757088633.451529 but the latest data is at time 1757088631.321414, when looking up transform from frame [odom] to frame [map]
[controller_server-2] [WARN] [1757088633.833041475] [controller_server]: Unable to transform robot pose into global plan's frame
[controller_server-2] [WARN] [1757088633.833166709] [controller_server]: Control loop missed its desired rate of 10.0000Hz
[controller_server-2] [ERROR] [1757088633.934237578] [controller_server]: Exception in transformPose: Lookup would require extrapolation into the future.  Requested time 1757088633.451529 but the latest data is at time 1757088631.321414, when looking up transform from frame [odom] to frame [map]
[controller_server-2] [WARN] [1757088633.934353716] [controller_server]: Unable to transform robot pose into global plan's frame
[controller_server-2] [WARN] [1757088633.934529819] [controller_server]: Control loop missed its desired rate of 10.0000Hz
[controller_server-2] [ERROR] [1757088634.037340834] [controller_server]: Exception in transformPose: Lookup would require extrapolation into the future.  Requested time 1757088633.451529 but the latest data is at time 1757088631.321414, when looking up transform from frame [odom] to frame [map]
[controller_server-2] [WARN] [1757088634.037462013] [controller_server]: Unable to transform robot pose into global plan's frame
[controller_server-2] [WARN] [1757088634.037649988] [controller_server]: Control loop missed its desired rate of 10.0000Hz
[controller_server-2] [ERROR] [1757088634.138892734] [controller_server]: Exception in transformPose: Lookup would require extrapolation into the future.  Requested time 1757088633.451529 but the latest data is at time 1757088631.321414, when looking up transform from frame [odom] to frame [map]
[controller_server-2] [WARN] [1757088634.139410324] [controller_server]: Unable to transform robot pose into global plan's frame
[controller_server-2] [WARN] [1757088634.139619986] [controller_server]: Control loop missed its desired rate of 10.0000Hz
[controller_server-2] [ERROR] [1757088634.243417592] [controller_server]: Exception in transformPose: Lookup would require extrapolation into the future.  Requested time 1757088633.451529 but the latest data is at time 1757088631.321414, when looking up transform from frame [odom] to frame [map]
[controller_server-2] [WARN] [1757088634.243492510] [controller_server]: Unable to transform robot pose into global plan's frame
[controller_server-2] [WARN] [1757088634.243603630] [controller_server]: Control loop missed its desired rate of 10.0000Hz
[controller_server-2] [ERROR] [1757088634.344733781] [controller_server]: Exception in transformPose: Lookup would require extrapolation into the future.  Requested time 1757088634.101609 but the latest data is at time 1757088631.321414, when looking up transform from frame [odom] to frame [map]
[controller_server-2] [WARN] [1757088634.344849625] [controller_server]: Unable to transform robot pose into global plan's frame
[controller_server-2] [ERROR] [1757088634.344891517] [controller_server]: Controller patience exceeded
[controller_server-2] [WARN] [1757088634.344960315] [controller_server]: [follow_path] [ActionServer] Aborting handle.
[controller_server-2] [INFO] [1757088634.356216014] [local_costmap.local_costmap]: Received request to clear entirely the local_costmap
[controller_server-2] [INFO] [1757088634.357763804] [controller_server]: Received a goal, begin computing control effort.
[controller_server-2] [INFO] [1757088634.457933354] [controller_server]: Passing new path to controller.
[controller_server-2] [ERROR] [1757088634.559432133] [controller_server]: Exception in transformPose: Lookup would require extrapolation into the future.  Requested time 1757088634.351808 but the latest data is at time 1757088631.321414, when looking up transform from frame [odom] to frame [map]
[controller_server-2] [WARN] [1757088634.559569010] [controller_server]: Unable to transform robot pose into global plan's frame
[controller_server-2] [WARN] [1757088634.559768210] [controller_server]: Control loop missed its desired rate of 10.0000Hz
[controller_server-2] [ERROR] [1757088634.660940510] [controller_server]: Exception in transformPose: Lookup would require extrapolation into the future.  Requested time 1757088634.501548 but the latest data is at time 1757088631.321414, when looking up transform from frame [odom] to frame [map]
[controller_server-2] [WARN] [1757088634.661118395] [controller_server]: Unable to transform robot pose into global plan's frame
[controller_server-2] [ERROR] [1757088634.861385751] [controller_server]: Exception in transformPose: Lookup would require extrapolation into the future.  Requested time 1757088634.551640 but the latest data is at time 1757088631.321414, when looking up transform from frame [odom] to frame [map]
[controller_server-2] [WARN] [1757088634.861538377] [controller_server]: Unable to transform robot pose into global plan's frame
[controller_server-2] [WARN] [1757088634.861843128] [controller_server]: Control loop missed its desired rate of 10.0000Hz
[controller_server-2] [ERROR] [1757088634.965418018] [controller_server]: Exception in transformPose: Lookup would require extrapolation into the future.  Requested time 1757088634.551640 but the latest data is at time 1757088631.321414, when looking up transform from frame [odom] to frame [map]
[controller_server-2] [WARN] [1757088634.965569276] [controller_server]: Unable to transform robot pose into global plan's frame
[controller_server-2] [WARN] [1757088634.965932298] [controller_server]: Control loop missed its desired rate of 10.0000Hz
[controller_server-2] [ERROR] [1757088635.067440493] [controller_server]: Exception in transformPose: Lookup would require extrapolation into the future.  Requested time 1757088634.551640 but the latest data is at time 1757088631.321414, when looking up transform from frame [odom] to frame [map]
[controller_server-2] [WARN] [1757088635.067527725] [controller_server]: Unable to transform robot pose into global plan's frame
[controller_server-2] [WARN] [1757088635.067686699] [controller_server]: Control loop missed its desired rate of 10.0000Hz
[controller_server-2] [ERROR] [1757088635.169608190] [controller_server]: Exception in transformPose: Lookup would require extrapolation into the future.  Requested time 1757088634.551640 but the latest data is at time 1757088631.321414, when looking up transform from frame [odom] to frame [map]
[controller_server-2] [WARN] [1757088635.169808636] [controller_server]: Unable to transform robot pose into global plan's frame
[controller_server-2] [WARN] [1757088635.170176368] [controller_server]: Control loop missed its desired rate of 10.0000Hz
[controller_server-2] [ERROR] [1757088635.271558993] [controller_server]: Exception in transformPose: Lookup would require extrapolation into the future.  Requested time 1757088634.551640 but the latest data is at time 1757088631.321414, when looking up transform from frame [odom] to frame [map]
[controller_server-2] [WARN] [1757088635.271662132] [controller_server]: Unable to transform robot pose into global plan's frame
[controller_server-2] [WARN] [1757088635.271892629] [controller_server]: Control loop missed its desired rate of 10.0000Hz
[controller_server-2] [INFO] [1757088635.459853667] [controller_server]: Passing new path to controller.
[controller_server-2] [INFO] [1757088636.459833274] [controller_server]: Passing new path to controller.
[controller_server-2] [ERROR] [1757088636.861036235] [controller_server]: Exception in transformPose: Lookup would require extrapolation into the future.  Requested time 1757088636.451487 but the latest data is at time 1757088635.994423, when looking up transform from frame [odom] to frame [map]
[controller_server-2] [WARN] [1757088636.861156973] [controller_server]: Unable to transform robot pose into global plan's frame
[controller_server-2] [WARN] [1757088636.861339190] [controller_server]: Control loop missed its desired rate of 10.0000Hz
[controller_server-2] [ERROR] [1757088636.964749506] [controller_server]: Exception in transformPose: Lookup would require extrapolation into the future.  Requested time 1757088636.758456 but the latest data is at time 1757088635.994423, when looking up transform from frame [odom] to frame [map]
[controller_server-2] [WARN] [1757088636.964837509] [controller_server]: Unable to transform robot pose into global plan's frame
[controller_server-2] [WARN] [1757088636.964979490] [controller_server]: Control loop missed its desired rate of 10.0000Hz
[controller_server-2] [ERROR] [1757088637.065986524] [controller_server]: Exception in transformPose: Lookup would require extrapolation into the future.  Requested time 1757088636.758456 but the latest data is at time 1757088635.994423, when looking up transform from frame [odom] to frame [map]
[controller_server-2] [WARN] [1757088637.066171138] [controller_server]: Unable to transform robot pose into global plan's frame
[controller_server-2] [WARN] [1757088637.066417205] [controller_server]: Control loop missed its desired rate of 10.0000Hz
[controller_server-2] [ERROR] [1757088637.169252022] [controller_server]: Exception in transformPose: Lookup would require extrapolation into the future.  Requested time 1757088636.758456 but the latest data is at time 1757088635.994423, when looking up transform from frame [odom] to frame [map]
[controller_server-2] [WARN] [1757088637.169368551] [controller_server]: Unable to transform robot pose into global plan's frame
[controller_server-2] [WARN] [1757088637.169548880] [controller_server]: Control loop missed its desired rate of 10.0000Hz
[controller_server-2] [ERROR] [1757088637.270809674] [controller_server]: Exception in transformPose: Lookup would require extrapolation into the future.  Requested time 1757088636.758456 but the latest data is at time 1757088635.994423, when looking up transform from frame [odom] to frame [map]
[controller_server-2] [WARN] [1757088637.270919547] [controller_server]: Unable to transform robot pose into global plan's frame
[controller_server-2] [WARN] [1757088637.271131911] [controller_server]: Control loop missed its desired rate of 10.0000Hz
[controller_server-2] [ERROR] [1757088637.373798340] [controller_server]: Exception in transformPose: Lookup would require extrapolation into the future.  Requested time 1757088636.758456 but the latest data is at time 1757088635.994423, when looking up transform from frame [odom] to frame [map]
[controller_server-2] [WARN] [1757088637.373962239] [controller_server]: Unable to transform robot pose into global plan's frame
[controller_server-2] [WARN] [1757088637.374208851] [controller_server]: Control loop missed its desired rate of 10.0000Hz
[controller_server-2] [ERROR] [1757088637.475348123] [controller_server]: Exception in transformPose: Lookup would require extrapolation into the future.  Requested time 1757088636.758456 but the latest data is at time 1757088635.994423, when looking up transform from frame [odom] to frame [map]
[controller_server-2] [WARN] [1757088637.475502771] [controller_server]: Unable to transform robot pose into global plan's frame
[controller_server-2] [WARN] [1757088637.475662195] [controller_server]: Control loop missed its desired rate of 10.0000Hz
[controller_server-2] [INFO] [1757088637.475684292] [controller_server]: Passing new path to controller.
[controller_server-2] [ERROR] [1757088638.360910065] [controller_server]: Exception in transformPose: Lookup would require extrapolation into the future.  Requested time 1757088638.201561 but the latest data is at time 1757088638.181091, when looking up transform from frame [odom] to frame [map]
[controller_server-2] [WARN] [1757088638.361036115] [controller_server]: Unable to transform robot pose into global plan's frame
[controller_server-2] [WARN] [1757088638.361232848] [controller_server]: Control loop missed its desired rate of 10.0000Hz
[controller_server-2] [INFO] [1757088638.559846577] [controller_server]: Passing new path to controller.
[rviz2-11] [INFO] [1757088638.851985863] [rviz2]: Trying to create a map of size 102 x 93 using 1 swatches
[controller_server-2] [ERROR] [1757088638.861038276] [controller_server]: Exception in transformPose: Lookup would require extrapolation into the future.  Requested time 1757088638.701509 but the latest data is at time 1757088638.648165, when looking up transform from frame [odom] to frame [map]
[controller_server-2] [WARN] [1757088638.861180000] [controller_server]: Unable to transform robot pose into global plan's frame
[controller_server-2] [INFO] [1757088638.861201203] [local_costmap.local_costmap]: StaticLayer: Resizing static layer to 102 X 93 at 0.040000 m/pix
[controller_server-2] [WARN] [1757088638.861392994] [controller_server]: Control loop missed its desired rate of 10.0000Hz
[controller_server-2] [ERROR] [1757088639.060983568] [controller_server]: Exception in transformPose: Lookup would require extrapolation into the future.  Requested time 1757088638.901588 but the latest data is at time 1757088638.887106, when looking up transform from frame [odom] to frame [map]
[controller_server-2] [WARN] [1757088639.061103059] [controller_server]: Unable to transform robot pose into global plan's frame
[controller_server-2] [WARN] [1757088639.061374412] [controller_server]: Control loop missed its desired rate of 10.0000Hz
[controller_server-2] [ERROR] [1757088639.165162624] [controller_server]: Exception in transformPose: Lookup would require extrapolation into the future.  Requested time 1757088638.951972 but the latest data is at time 1757088638.887106, when looking up transform from frame [odom] to frame [map]
[controller_server-2] [WARN] [1757088639.165315841] [controller_server]: Unable to transform robot pose into global plan's frame
[controller_server-2] [WARN] [1757088639.165568814] [controller_server]: Control loop missed its desired rate of 10.0000Hz
[planner_server-4] [INFO] [1757088639.364352113] [global_costmap.global_costmap]: StaticLayer: Resizing costmap to 102 X 93 at 0.040000 m/pix
[rviz2-11] [INFO] [1757088639.397029946] [rviz2]: Trying to create a map of size 102 x 93 using 1 swatches
[controller_server-2] [ERROR] [1757088639.561176002] [controller_server]: Exception in transformPose: Lookup would require extrapolation into the future.  Requested time 1757088639.401518 but the latest data is at time 1757088639.354339, when looking up transform from frame [odom] to frame [map]
[controller_server-2] [WARN] [1757088639.561281176] [controller_server]: Unable to transform robot pose into global plan's frame
[controller_server-2] [WARN] [1757088639.561550565] [controller_server]: Control loop missed its desired rate of 10.0000Hz
[controller_server-2] [INFO] [1757088639.561599013] [controller_server]: Passing new path to controller.
[explore-10] [INFO] [1757088640.261414761] [explore_node]: [NAV] Remembered last goal (-1.75, 2.23, yaw from quat).
[bt_navigator-6] [INFO] [1757088640.265756065] [bt_navigator]: Received goal preemption request
[bt_navigator-6] [INFO] [1757088640.266185670] [bt_navigator]: Begin navigating from current location (-0.68, 1.19) to (-1.75, 2.23)
[controller_server-2] [INFO] [1757088640.559839154] [controller_server]: Passing new path to controller.
[controller_server-2] [INFO] [1757088640.845791992] [local_costmap.local_costmap]: StaticLayer: Resizing static layer to 103 X 94 at 0.040000 m/pix
[rviz2-11] [INFO] [1757088640.867263047] [rviz2]: Trying to create a map of size 103 x 94 using 1 swatches
[controller_server-2] [ERROR] [1757088641.160940621] [controller_server]: Exception in transformPose: Lookup would require extrapolation into the future.  Requested time 1757088640.701503 but the latest data is at time 1757088640.447415, when looking up transform from frame [odom] to frame [map]
[controller_server-2] [WARN] [1757088641.161024648] [controller_server]: Unable to transform robot pose into global plan's frame
[controller_server-2] [WARN] [1757088641.161145353] [controller_server]: Control loop missed its desired rate of 10.0000Hz
[controller_server-2] [ERROR] [1757088641.262145000] [controller_server]: Exception in transformPose: Lookup would require extrapolation into the future.  Requested time 1757088641.101539 but the latest data is at time 1757088640.447415, when looking up transform from frame [odom] to frame [map]
[controller_server-2] [WARN] [1757088641.262254351] [controller_server]: Unable to transform robot pose into global plan's frame
[controller_server-2] [WARN] [1757088641.262471478] [controller_server]: Control loop missed its desired rate of 10.0000Hz
[planner_server-4] [INFO] [1757088641.364415569] [global_costmap.global_costmap]: StaticLayer: Resizing costmap to 103 X 94 at 0.040000 m/pix
[controller_server-2] [ERROR] [1757088641.366126335] [controller_server]: Exception in transformPose: Lookup would require extrapolation into the future.  Requested time 1757088641.201581 but the latest data is at time 1757088640.447415, when looking up transform from frame [odom] to frame [map]
[controller_server-2] [WARN] [1757088641.366247779] [controller_server]: Unable to transform robot pose into global plan's frame
[controller_server-2] [WARN] [1757088641.366471813] [controller_server]: Control loop missed its desired rate of 10.0000Hz
[rviz2-11] [INFO] [1757088641.379472080] [rviz2]: Trying to create a map of size 103 x 94 using 1 swatches
[controller_server-2] [ERROR] [1757088641.467651308] [controller_server]: Exception in transformPose: Lookup would require extrapolation into the future.  Requested time 1757088641.301501 but the latest data is at time 1757088640.447415, when looking up transform from frame [odom] to frame [map]
[controller_server-2] [WARN] [1757088641.467769096] [controller_server]: Unable to transform robot pose into global plan's frame
[controller_server-2] [WARN] [1757088641.467977420] [controller_server]: Control loop missed its desired rate of 10.0000Hz
[controller_server-2] [ERROR] [1757088641.571107783] [controller_server]: Exception in transformPose: Lookup would require extrapolation into the future.  Requested time 1757088641.401501 but the latest data is at time 1757088640.447415, when looking up transform from frame [odom] to frame [map]
[controller_server-2] [WARN] [1757088641.571223783] [controller_server]: Unable to transform robot pose into global plan's frame
[controller_server-2] [WARN] [1757088641.571427153] [controller_server]: Control loop missed its desired rate of 10.0000Hz
[controller_server-2] [INFO] [1757088641.571455490] [controller_server]: Passing new path to controller.
[controller_server-2] [ERROR] [1757088641.672718008] [controller_server]: Exception in transformPose: Lookup would require extrapolation into the future.  Requested time 1757088641.501492 but the latest data is at time 1757088640.447415, when looking up transform from frame [odom] to frame [map]
[controller_server-2] [WARN] [1757088641.672840593] [controller_server]: Unable to transform robot pose into global plan's frame
[controller_server-2] [WARN] [1757088641.673074884] [controller_server]: Control loop missed its desired rate of 10.0000Hz
[controller_server-2] [ERROR] [1757088641.776436684] [controller_server]: Exception in transformPose: Lookup would require extrapolation into the future.  Requested time 1757088641.601518 but the latest data is at time 1757088640.447415, when looking up transform from frame [odom] to frame [map]
[controller_server-2] [WARN] [1757088641.776513609] [controller_server]: Unable to transform robot pose into global plan's frame
[controller_server-2] [WARN] [1757088641.776634040] [controller_server]: Control loop missed its desired rate of 10.0000Hz
[controller_server-2] [ERROR] [1757088641.877662922] [controller_server]: Exception in transformPose: Lookup would require extrapolation into the future.  Requested time 1757088641.701502 but the latest data is at time 1757088640.447415, when looking up transform from frame [odom] to frame [map]
[controller_server-2] [WARN] [1757088641.877782013] [controller_server]: Unable to transform robot pose into global plan's frame
[controller_server-2] [WARN] [1757088641.877985556] [controller_server]: Control loop missed its desired rate of 10.0000Hz
[controller_server-2] [WARN] [1757088641.961653841] [controller_server]: Control loop missed its desired rate of 10.0000Hz
[controller_server-2] [ERROR] [1757088642.260982732] [controller_server]: Exception in transformPose: Lookup would require extrapolation into the future.  Requested time 1757088642.101522 but the latest data is at time 1757088642.033060, when looking up transform from frame [odom] to frame [map]
[controller_server-2] [WARN] [1757088642.261092288] [controller_server]: Unable to transform robot pose into global plan's frame
[controller_server-2] [WARN] [1757088642.261254905] [controller_server]: Control loop missed its desired rate of 10.0000Hz
[controller_server-2] [ERROR] [1757088642.364372717] [controller_server]: Exception in transformPose: Lookup would require extrapolation into the future.  Requested time 1757088642.201563 but the latest data is at time 1757088642.033060, when looking up transform from frame [odom] to frame [map]
[controller_server-2] [WARN] [1757088642.364493094] [controller_server]: Unable to transform robot pose into global plan's frame
[controller_server-2] [WARN] [1757088642.364691800] [controller_server]: Control loop missed its desired rate of 10.0000Hz
[controller_server-2] [ERROR] [1757088642.465954170] [controller_server]: Exception in transformPose: Lookup would require extrapolation into the future.  Requested time 1757088642.301505 but the latest data is at time 1757088642.033060, when looking up transform from frame [odom] to frame [map]
[controller_server-2] [WARN] [1757088642.466110543] [controller_server]: Unable to transform robot pose into global plan's frame
[controller_server-2] [WARN] [1757088642.466412754] [controller_server]: Control loop missed its desired rate of 10.0000Hz
[controller_server-2] [ERROR] [1757088642.570449088] [controller_server]: Exception in transformPose: Lookup would require extrapolation into the future.  Requested time 1757088642.351477 but the latest data is at time 1757088642.033060, when looking up transform from frame [odom] to frame [map]
[controller_server-2] [WARN] [1757088642.570524654] [controller_server]: Unable to transform robot pose into global plan's frame
[controller_server-2] [WARN] [1757088642.570636678] [controller_server]: Control loop missed its desired rate of 10.0000Hz
[controller_server-2] [ERROR] [1757088642.671777030] [controller_server]: Exception in transformPose: Lookup would require extrapolation into the future.  Requested time 1757088642.501523 but the latest data is at time 1757088642.033060, when looking up transform from frame [odom] to frame [map]
[controller_server-2] [WARN] [1757088642.671887293] [controller_server]: Unable to transform robot pose into global plan's frame
[controller_server-2] [WARN] [1757088642.672052536] [controller_server]: Control loop missed its desired rate of 10.0000Hz
[controller_server-2] [INFO] [1757088642.672077492] [controller_server]: Passing new path to controller.
[controller_server-2] [ERROR] [1757088642.776023093] [controller_server]: Exception in transformPose: Lookup would require extrapolation into the future.  Requested time 1757088642.601651 but the latest data is at time 1757088642.033060, when looking up transform from frame [odom] to frame [map]
[controller_server-2] [WARN] [1757088642.776161498] [controller_server]: Unable to transform robot pose into global plan's frame
[controller_server-2] [WARN] [1757088642.776421069] [controller_server]: Control loop missed its desired rate of 10.0000Hz
[rviz2-11] [INFO] [1757088642.847474017] [rviz2]: Trying to create a map of size 104 x 94 using 1 swatches
[controller_server-2] [ERROR] [1757088642.877499615] [controller_server]: Exception in transformPose: Lookup would require extrapolation into the future.  Requested time 1757088642.701560 but the latest data is at time 1757088642.033060, when looking up transform from frame [odom] to frame [map]
[controller_server-2] [WARN] [1757088642.877621023] [controller_server]: Unable to transform robot pose into global plan's frame
[controller_server-2] [INFO] [1757088642.877654449] [local_costmap.local_costmap]: StaticLayer: Resizing static layer to 104 X 94 at 0.040000 m/pix
[controller_server-2] [WARN] [1757088642.877800193] [controller_server]: Control loop missed its desired rate of 10.0000Hz
[controller_server-2] [ERROR] [1757088642.980987252] [controller_server]: Exception in transformPose: Lookup would require extrapolation into the future.  Requested time 1757088642.801515 but the latest data is at time 1757088642.033060, when looking up transform from frame [odom] to frame [map]
[controller_server-2] [WARN] [1757088642.981099749] [controller_server]: Unable to transform robot pose into global plan's frame
[controller_server-2] [WARN] [1757088642.981313860] [controller_server]: Control loop missed its desired rate of 10.0000Hz
[controller_server-2] [ERROR] [1757088643.261273282] [controller_server]: Exception in transformPose: Lookup would require extrapolation into the future.  Requested time 1757088643.101498 but the latest data is at time 1757088643.099902, when looking up transform from frame [odom] to frame [map]
[controller_server-2] [WARN] [1757088643.261427028] [controller_server]: Unable to transform robot pose into global plan's frame
[controller_server-2] [WARN] [1757088643.261709770] [controller_server]: Control loop missed its desired rate of 10.0000Hz
[planner_server-4] [INFO] [1757088643.364440407] [global_costmap.global_costmap]: StaticLayer: Resizing costmap to 104 X 94 at 0.040000 m/pix
[controller_server-2] [ERROR] [1757088643.365227828] [controller_server]: Exception in transformPose: Lookup would require extrapolation into the future.  Requested time 1757088643.201613 but the latest data is at time 1757088643.099902, when looking up transform from frame [odom] to frame [map]
[controller_server-2] [WARN] [1757088643.365349673] [controller_server]: Unable to transform robot pose into global plan's frame
[controller_server-2] [WARN] [1757088643.365581596] [controller_server]: Control loop missed its desired rate of 10.0000Hz
[rviz2-11] [INFO] [1757088643.395292833] [rviz2]: Trying to create a map of size 104 x 94 using 1 swatches
[controller_server-2] [ERROR] [1757088643.661350299] [controller_server]: Exception in transformPose: Lookup would require extrapolation into the future.  Requested time 1757088643.501493 but the latest data is at time 1757088643.492672, when looking up transform from frame [odom] to frame [map]
[controller_server-2] [WARN] [1757088643.661508286] [controller_server]: Unable to transform robot pose into global plan's frame
[controller_server-2] [WARN] [1757088643.661798305] [controller_server]: Control loop missed its desired rate of 10.0000Hz
[controller_server-2] [INFO] [1757088643.661859118] [controller_server]: Passing new path to controller.
[controller_server-2] [ERROR] [1757088643.765148530] [controller_server]: Exception in transformPose: Lookup would require extrapolation into the future.  Requested time 1757088643.601510 but the latest data is at time 1757088643.492672, when looking up transform from frame [odom] to frame [map]
[controller_server-2] [WARN] [1757088643.765283905] [controller_server]: Unable to transform robot pose into global plan's frame
[controller_server-2] [WARN] [1757088643.765667986] [controller_server]: Control loop missed its desired rate of 10.0000Hz
[controller_server-2] [ERROR] [1757088643.867244016] [controller_server]: Exception in transformPose: Lookup would require extrapolation into the future.  Requested time 1757088643.701545 but the latest data is at time 1757088643.492672, when looking up transform from frame [odom] to frame [map]
[controller_server-2] [WARN] [1757088643.867397855] [controller_server]: Unable to transform robot pose into global plan's frame
[controller_server-2] [WARN] [1757088643.867685346] [controller_server]: Control loop missed its desired rate of 10.0000Hz
[controller_server-2] [ERROR] [1757088643.971095754] [controller_server]: Exception in transformPose: Lookup would require extrapolation into the future.  Requested time 1757088643.801496 but the latest data is at time 1757088643.492672, when looking up transform from frame [odom] to frame [map]
[controller_server-2] [WARN] [1757088643.971260293] [controller_server]: Unable to transform robot pose into global plan's frame
[controller_server-2] [WARN] [1757088643.971577731] [controller_server]: Control loop missed its desired rate of 10.0000Hz
[controller_server-2] [ERROR] [1757088644.073122062] [controller_server]: Exception in transformPose: Lookup would require extrapolation into the future.  Requested time 1757088643.901548 but the latest data is at time 1757088643.492672, when looking up transform from frame [odom] to frame [map]
[controller_server-2] [WARN] [1757088644.073250260] [controller_server]: Unable to transform robot pose into global plan's frame
[controller_server-2] [WARN] [1757088644.073470012] [controller_server]: Control loop missed its desired rate of 10.0000Hz
[controller_server-2] [ERROR] [1757088644.361312380] [controller_server]: Exception in transformPose: Lookup would require extrapolation into the future.  Requested time 1757088644.151482 but the latest data is at time 1757088644.119140, when looking up transform from frame [odom] to frame [map]
[controller_server-2] [WARN] [1757088644.361453213] [controller_server]: Unable to transform robot pose into global plan's frame
[controller_server-2] [WARN] [1757088644.361745997] [controller_server]: Control loop missed its desired rate of 10.0000Hz
[controller_server-2] [ERROR] [1757088644.463475217] [controller_server]: Exception in transformPose: Lookup would require extrapolation into the future.  Requested time 1757088644.286636 but the latest data is at time 1757088644.119140, when looking up transform from frame [odom] to frame [map]
[controller_server-2] [WARN] [1757088644.463558214] [controller_server]: Unable to transform robot pose into global plan's frame
[controller_server-2] [WARN] [1757088644.463709760] [controller_server]: Control loop missed its desired rate of 10.0000Hz
[controller_server-2] [ERROR] [1757088644.566836329] [controller_server]: Exception in transformPose: Lookup would require extrapolation into the future.  Requested time 1757088644.412009 but the latest data is at time 1757088644.119140, when looking up transform from frame [odom] to frame [map]
[controller_server-2] [WARN] [1757088644.566991599] [controller_server]: Unable to transform robot pose into global plan's frame
[controller_server-2] [WARN] [1757088644.567292422] [controller_server]: Control loop missed its desired rate of 10.0000Hz
[controller_server-2] [ERROR] [1757088644.668575322] [controller_server]: Exception in transformPose: Lookup would require extrapolation into the future.  Requested time 1757088644.501590 but the latest data is at time 1757088644.119140, when looking up transform from frame [odom] to frame [map]
[controller_server-2] [WARN] [1757088644.668787487] [controller_server]: Unable to transform robot pose into global plan's frame
[controller_server-2] [WARN] [1757088644.669067299] [controller_server]: Control loop missed its desired rate of 10.0000Hz
[controller_server-2] [INFO] [1757088644.669123397] [controller_server]: Passing new path to controller.
[controller_server-2] [ERROR] [1757088644.772679476] [controller_server]: Exception in transformPose: Lookup would require extrapolation into the future.  Requested time 1757088644.601523 but the latest data is at time 1757088644.119140, when looking up transform from frame [odom] to frame [map]
[controller_server-2] [WARN] [1757088644.772816430] [controller_server]: Unable to transform robot pose into global plan's frame
[controller_server-2] [WARN] [1757088644.773105999] [controller_server]: Control loop missed its desired rate of 10.0000Hz
[controller_server-2] [ERROR] [1757088644.874914555] [controller_server]: Exception in transformPose: Lookup would require extrapolation into the future.  Requested time 1757088644.601523 but the latest data is at time 1757088644.119140, when looking up transform from frame [odom] to frame [map]
[controller_server-2] [WARN] [1757088644.875004472] [controller_server]: Unable to transform robot pose into global plan's frame
[controller_server-2] [WARN] [1757088644.875145781] [controller_server]: Control loop missed its desired rate of 10.0000Hz
[controller_server-2] [ERROR] [1757088644.978461390] [controller_server]: Exception in transformPose: Lookup would require extrapolation into the future.  Requested time 1757088644.601523 but the latest data is at time 1757088644.119140, when looking up transform from frame [odom] to frame [map]
[controller_server-2] [WARN] [1757088644.978601870] [controller_server]: Unable to transform robot pose into global plan's frame
[controller_server-2] [WARN] [1757088644.978882970] [controller_server]: Control loop missed its desired rate of 10.0000Hz
[controller_server-2] [ERROR] [1757088645.080252484] [controller_server]: Exception in transformPose: Lookup would require extrapolation into the future.  Requested time 1757088644.601523 but the latest data is at time 1757088644.119140, when looking up transform from frame [odom] to frame [map]
[controller_server-2] [WARN] [1757088645.080392178] [controller_server]: Unable to transform robot pose into global plan's frame
[controller_server-2] [WARN] [1757088645.080675750] [controller_server]: Control loop missed its desired rate of 10.0000Hz
[controller_server-2] [ERROR] [1757088645.184040526] [controller_server]: Exception in transformPose: Lookup would require extrapolation into the future.  Requested time 1757088644.601523 but the latest data is at time 1757088644.119140, when looking up transform from frame [odom] to frame [map]
[controller_server-2] [WARN] [1757088645.184147942] [controller_server]: Unable to transform robot pose into global plan's frame
[controller_server-2] [WARN] [1757088645.184315012] [controller_server]: Control loop missed its desired rate of 10.0000Hz
[controller_server-2] [ERROR] [1757088645.285593284] [controller_server]: Exception in transformPose: Lookup would require extrapolation into the future.  Requested time 1757088645.145450 but the latest data is at time 1757088644.119140, when looking up transform from frame [odom] to frame [map]
[controller_server-2] [WARN] [1757088645.285722094] [controller_server]: Unable to transform robot pose into global plan's frame
[controller_server-2] [WARN] [1757088645.285934071] [controller_server]: Control loop missed its desired rate of 10.0000Hz
[controller_server-2] [ERROR] [1757088645.389299729] [controller_server]: Exception in transformPose: Lookup would require extrapolation into the future.  Requested time 1757088645.201511 but the latest data is at time 1757088644.119140, when looking up transform from frame [odom] to frame [map]
[controller_server-2] [WARN] [1757088645.389415833] [controller_server]: Unable to transform robot pose into global plan's frame
[controller_server-2] [WARN] [1757088645.389609891] [controller_server]: Control loop missed its desired rate of 10.0000Hz
[controller_server-2] [ERROR] [1757088645.761084234] [controller_server]: Exception in transformPose: Lookup would require extrapolation into the future.  Requested time 1757088645.601501 but the latest data is at time 1757088645.562511, when looking up transform from frame [odom] to frame [map]
[controller_server-2] [WARN] [1757088645.761199663] [controller_server]: Unable to transform robot pose into global plan's frame
[controller_server-2] [WARN] [1757088645.761453803] [controller_server]: Control loop missed its desired rate of 10.0000Hz
[controller_server-2] [INFO] [1757088645.761483739] [controller_server]: Passing new path to controller.
[controller_server-2] [ERROR] [1757088645.862825806] [controller_server]: Exception in transformPose: Lookup would require extrapolation into the future.  Requested time 1757088645.701540 but the latest data is at time 1757088645.562511, when looking up transform from frame [odom] to frame [map]
[controller_server-2] [WARN] [1757088645.862936594] [controller_server]: Unable to transform robot pose into global plan's frame
[controller_server-2] [WARN] [1757088645.863117283] [controller_server]: Control loop missed its desired rate of 10.0000Hz
[controller_server-2] [ERROR] [1757088645.966798532] [controller_server]: Exception in transformPose: Lookup would require extrapolation into the future.  Requested time 1757088645.801495 but the latest data is at time 1757088645.562511, when looking up transform from frame [odom] to frame [map]
[controller_server-2] [WARN] [1757088645.966889199] [controller_server]: Unable to transform robot pose into global plan's frame
[controller_server-2] [WARN] [1757088645.967034935] [controller_server]: Control loop missed its desired rate of 10.0000Hz
[controller_server-2] [ERROR] [1757088646.068051536] [controller_server]: Exception in transformPose: Lookup would require extrapolation into the future.  Requested time 1757088645.901530 but the latest data is at time 1757088645.562511, when looking up transform from frame [odom] to frame [map]
[controller_server-2] [WARN] [1757088646.068176203] [controller_server]: Unable to transform robot pose into global plan's frame
[controller_server-2] [WARN] [1757088646.068362030] [controller_server]: Control loop missed its desired rate of 10.0000Hz
[controller_server-2] [ERROR] [1757088646.172546629] [controller_server]: Exception in transformPose: Lookup would require extrapolation into the future.  Requested time 1757088646.001491 but the latest data is at time 1757088645.562511, when looking up transform from frame [odom] to frame [map]
[controller_server-2] [WARN] [1757088646.172663700] [controller_server]: Unable to transform robot pose into global plan's frame
[controller_server-2] [WARN] [1757088646.172851859] [controller_server]: Control loop missed its desired rate of 10.0000Hz
[controller_server-2] [ERROR] [1757088646.274316857] [controller_server]: Exception in transformPose: Lookup would require extrapolation into the future.  Requested time 1757088646.101490 but the latest data is at time 1757088645.562511, when looking up transform from frame [odom] to frame [map]
[controller_server-2] [WARN] [1757088646.274479826] [controller_server]: Unable to transform robot pose into global plan's frame
[controller_server-2] [WARN] [1757088646.274778087] [controller_server]: Control loop missed its desired rate of 10.0000Hz
[controller_server-2] [ERROR] [1757088646.377933285] [controller_server]: Exception in transformPose: Lookup would require extrapolation into the future.  Requested time 1757088646.201498 but the latest data is at time 1757088645.562511, when looking up transform from frame [odom] to frame [map]
[controller_server-2] [WARN] [1757088646.378058701] [controller_server]: Unable to transform robot pose into global plan's frame
[controller_server-2] [WARN] [1757088646.378350408] [controller_server]: Control loop missed its desired rate of 10.0000Hz
[controller_server-2] [ERROR] [1757088646.479664425] [controller_server]: Exception in transformPose: Lookup would require extrapolation into the future.  Requested time 1757088646.301486 but the latest data is at time 1757088645.562511, when looking up transform from frame [odom] to frame [map]
[controller_server-2] [WARN] [1757088646.479803594] [controller_server]: Unable to transform robot pose into global plan's frame
[controller_server-2] [WARN] [1757088646.480080579] [controller_server]: Control loop missed its desired rate of 10.0000Hz
[controller_server-2] [ERROR] [1757088646.583689834] [controller_server]: Exception in transformPose: Lookup would require extrapolation into the future.  Requested time 1757088646.401632 but the latest data is at time 1757088645.562511, when looking up transform from frame [odom] to frame [map]
[controller_server-2] [WARN] [1757088646.583833528] [controller_server]: Unable to transform robot pose into global plan's frame
[controller_server-2] [WARN] [1757088646.584122891] [controller_server]: Control loop missed its desired rate of 10.0000Hz
[controller_server-2] [ERROR] [1757088646.685637875] [controller_server]: Exception in transformPose: Lookup would require extrapolation into the future.  Requested time 1757088646.501588 but the latest data is at time 1757088645.562511, when looking up transform from frame [odom] to frame [map]
[controller_server-2] [WARN] [1757088646.685789450] [controller_server]: Unable to transform robot pose into global plan's frame
[controller_server-2] [WARN] [1757088646.686134817] [controller_server]: Control loop missed its desired rate of 10.0000Hz
[controller_server-2] [ERROR] [1757088646.790147203] [controller_server]: Exception in transformPose: Lookup would require extrapolation into the future.  Requested time 1757088646.602392 but the latest data is at time 1757088645.562511, when looking up transform from frame [odom] to frame [map]
[controller_server-2] [WARN] [1757088646.790290138] [controller_server]: Unable to transform robot pose into global plan's frame
[controller_server-2] [WARN] [1757088646.790570453] [controller_server]: Control loop missed its desired rate of 10.0000Hz
[controller_server-2] [INFO] [1757088646.790628185] [controller_server]: Passing new path to controller.
[controller_server-2] [ERROR] [1757088646.892244766] [controller_server]: Exception in transformPose: Lookup would require extrapolation into the future.  Requested time 1757088646.702006 but the latest data is at time 1757088645.562511, when looking up transform from frame [odom] to frame [map]
[controller_server-2] [WARN] [1757088646.892397847] [controller_server]: Unable to transform robot pose into global plan's frame
[controller_server-2] [WARN] [1757088646.892678497] [controller_server]: Control loop missed its desired rate of 10.0000Hz
[controller_server-2] [ERROR] [1757088646.996875179] [controller_server]: Exception in transformPose: Lookup would require extrapolation into the future.  Requested time 1757088646.802848 but the latest data is at time 1757088645.562511, when looking up transform from frame [odom] to frame [map]
[controller_server-2] [WARN] [1757088646.997022072] [controller_server]: Unable to transform robot pose into global plan's frame
[controller_server-2] [WARN] [1757088646.997328811] [controller_server]: Control loop missed its desired rate of 10.0000Hz
[controller_server-2] [ERROR] [1757088647.098667183] [controller_server]: Exception in transformPose: Lookup would require extrapolation into the future.  Requested time 1757088646.901648 but the latest data is at time 1757088645.562511, when looking up transform from frame [odom] to frame [map]
[controller_server-2] [WARN] [1757088647.098808029] [controller_server]: Unable to transform robot pose into global plan's frame
[controller_server-2] [WARN] [1757088647.099083154] [controller_server]: Control loop missed its desired rate of 10.0000Hz
[explore-10] [ERROR] [1757088647.159232127] [explore_node]: Extrapolation Error looking up robot pose: Lookup would require extrapolation into the future.  Requested time 1757088646.856136 but the latest data is at time 1757088645.562511, when looking up transform from frame [base_link] to frame [map]
[explore-10] 
[explore-10] [INFO] [1757088647.175586929] [explore_node]: [NAV] Remembered last goal (-0.42, -0.02, yaw from quat).
[bt_navigator-6] [INFO] [1757088647.185721881] [bt_navigator]: Received goal preemption request
[bt_navigator-6] [INFO] [1757088647.185972137] [bt_navigator]: Begin navigating from current location (-1.15, 1.37) to (-0.42, -0.02)
[controller_server-2] [ERROR] [1757088647.203076372] [controller_server]: Exception in transformPose: Lookup would require extrapolation into the future.  Requested time 1757088646.951505 but the latest data is at time 1757088645.562511, when looking up transform from frame [odom] to frame [map]
[controller_server-2] [WARN] [1757088647.203178836] [controller_server]: Unable to transform robot pose into global plan's frame
[controller_server-2] [WARN] [1757088647.203383501] [controller_server]: Control loop missed its desired rate of 10.0000Hz
[controller_server-2] [ERROR] [1757088647.304824209] [controller_server]: Exception in transformPose: Lookup would require extrapolation into the future.  Requested time 1757088647.151677 but the latest data is at time 1757088645.562511, when looking up transform from frame [odom] to frame [map]
[controller_server-2] [WARN] [1757088647.304986696] [controller_server]: Unable to transform robot pose into global plan's frame
[controller_server-2] [WARN] [1757088647.305294467] [controller_server]: Control loop missed its desired rate of 10.0000Hz
[controller_server-2] [ERROR] [1757088647.409363097] [controller_server]: Exception in transformPose: Lookup would require extrapolation into the future.  Requested time 1757088647.201503 but the latest data is at time 1757088645.562511, when looking up transform from frame [odom] to frame [map]
[controller_server-2] [WARN] [1757088647.409482875] [controller_server]: Unable to transform robot pose into global plan's frame
[controller_server-2] [WARN] [1757088647.409675788] [controller_server]: Control loop missed its desired rate of 10.0000Hz
[controller_server-2] [ERROR] [1757088647.511119802] [controller_server]: Exception in transformPose: Lookup would require extrapolation into the future.  Requested time 1757088647.301446 but the latest data is at time 1757088645.562511, when looking up transform from frame [odom] to frame [map]
[controller_server-2] [WARN] [1757088647.511322215] [controller_server]: Unable to transform robot pose into global plan's frame
[controller_server-2] [WARN] [1757088647.511603071] [controller_server]: Control loop missed its desired rate of 10.0000Hz
[controller_server-2] [ERROR] [1757088647.615549616] [controller_server]: Exception in transformPose: Lookup would require extrapolation into the future.  Requested time 1757088647.301446 but the latest data is at time 1757088645.562511, when looking up transform from frame [odom] to frame [map]
[controller_server-2] [WARN] [1757088647.615694358] [controller_server]: Unable to transform robot pose into global plan's frame
[controller_server-2] [ERROR] [1757088647.615766090] [controller_server]: Controller patience exceeded
[controller_server-2] [WARN] [1757088647.615929466] [controller_server]: [follow_path] [ActionServer] Aborting handle.
[behavior_server-5] [INFO] [1757088647.636501661] [behavior_server]: Running backup
[behavior_server-5] [INFO] [1757088647.636903800] [behavior_server]: DriveOnHeading: no acceleration or deceleration limits set
[explore-10] [ERROR] [1757088653.825352862] [explore_node]: Extrapolation Error looking up robot pose: Lookup would require extrapolation into the future.  Requested time 1757088653.522226 but the latest data is at time 1757088647.631763, when looking up transform from frame [base_link] to frame [map]
[explore-10] 
[behavior_server-5] [WARN] [1757088657.636958994] [behavior_server]: Exceeded time allowance before reaching the DriveOnHeading goal - Exiting DriveOnHeading
[behavior_server-5] [WARN] [1757088657.637035592] [behavior_server]: backup failed
[behavior_server-5] [WARN] [1757088657.637067797] [behavior_server]: [backup] [ActionServer] Aborting handle.
[controller_server-2] [INFO] [1757088657.655960063] [local_costmap.local_costmap]: Received request to clear entirely the local_costmap
[planner_server-4] [INFO] [1757088657.656998581] [global_costmap.global_costmap]: Received request to clear entirely the global_costmap
[bt_navigator-6] [ERROR] [1757088658.036696087] [transformPoseInTargetFrame]: Extrapolation Error looking up target frame: Lookup would require extrapolation into the past.  Requested time 1757088647.631763 but the earliest data is at time 1757088648.067271, when looking up transform from frame [base_link] to frame [map]
[bt_navigator-6] 
[bt_navigator-6] [WARN] [1757088658.036895853] [BehaviorTreeEngine]: Behavior Tree tick rate 100.00 was exceeded!
[bt_navigator-6] [ERROR] [1757088658.138126462] [transformPoseInTargetFrame]: Extrapolation Error looking up target frame: Lookup would require extrapolation into the past.  Requested time 1757088647.631763 but the earliest data is at time 1757088648.067271, when looking up transform from frame [base_link] to frame [map]
[bt_navigator-6] 
[bt_navigator-6] [WARN] [1757088658.138318663] [BehaviorTreeEngine]: Behavior Tree tick rate 100.00 was exceeded!
[bt_navigator-6] [ERROR] [1757088658.239431647] [transformPoseInTargetFrame]: Extrapolation Error looking up target frame: Lookup would require extrapolation into the past.  Requested time 1757088647.631763 but the earliest data is at time 1757088648.154761, when looking up transform from frame [base_link] to frame [map]
[bt_navigator-6] 
[bt_navigator-6] [WARN] [1757088658.239628634] [BehaviorTreeEngine]: Behavior Tree tick rate 100.00 was exceeded!
[bt_navigator-6] [ERROR] [1757088658.340680842] [transformPoseInTargetFrame]: Extrapolation Error looking up target frame: Lookup would require extrapolation into the past.  Requested time 1757088647.631763 but the earliest data is at time 1757088648.251535, when looking up transform from frame [base_link] to frame [map]
[bt_navigator-6] 
[bt_navigator-6] [WARN] [1757088658.340853084] [BehaviorTreeEngine]: Behavior Tree tick rate 100.00 was exceeded!
[bt_navigator-6] [ERROR] [1757088658.442022923] [transformPoseInTargetFrame]: Extrapolation Error looking up target frame: Lookup would require extrapolation into the past.  Requested time 1757088647.631763 but the earliest data is at time 1757088648.351704, when looking up transform from frame [base_link] to frame [map]
[bt_navigator-6] 
[bt_navigator-6] [WARN] [1757088658.442199366] [BehaviorTreeEngine]: Behavior Tree tick rate 100.00 was exceeded!
[bt_navigator-6] [ERROR] [1757088658.543480572] [transformPoseInTargetFrame]: Extrapolation Error looking up target frame: Lookup would require extrapolation into the past.  Requested time 1757088647.631763 but the earliest data is at time 1757088648.451557, when looking up transform from frame [base_link] to frame [map]
[bt_navigator-6] 
[bt_navigator-6] [WARN] [1757088658.543672334] [BehaviorTreeEngine]: Behavior Tree tick rate 100.00 was exceeded!
[bt_navigator-6] [ERROR] [1757088658.644988839] [transformPoseInTargetFrame]: Extrapolation Error looking up target frame: Lookup would require extrapolation into the past.  Requested time 1757088647.631763 but the earliest data is at time 1757088648.551673, when looking up transform from frame [base_link] to frame [map]
[bt_navigator-6] 
[bt_navigator-6] [WARN] [1757088658.645102109] [BehaviorTreeEngine]: Behavior Tree tick rate 100.00 was exceeded!
[planner_server-4] [ERROR] [1757088658.667971044] [transformPoseInTargetFrame]: Extrapolation Error looking up target frame: Lookup would require extrapolation into the past.  Requested time 1757088647.631763 but the earliest data is at time 1757088648.551673, when looking up transform from frame [base_link] to frame [map]
[planner_server-4] 
[bt_navigator-6] [ERROR] [1757088658.746315560] [transformPoseInTargetFrame]: Extrapolation Error looking up target frame: Lookup would require extrapolation into the past.  Requested time 1757088647.631763 but the earliest data is at time 1757088648.651569, when looking up transform from frame [base_link] to frame [map]
[bt_navigator-6] 
[bt_navigator-6] [WARN] [1757088658.746508891] [BehaviorTreeEngine]: Behavior Tree tick rate 100.00 was exceeded!
[bt_navigator-6] [ERROR] [1757088658.847599144] [transformPoseInTargetFrame]: Extrapolation Error looking up target frame: Lookup would require extrapolation into the past.  Requested time 1757088647.631763 but the earliest data is at time 1757088648.801478, when looking up transform from frame [base_link] to frame [map]
[bt_navigator-6] 
[bt_navigator-6] [WARN] [1757088658.847725656] [BehaviorTreeEngine]: Behavior Tree tick rate 100.00 was exceeded!
[bt_navigator-6] [ERROR] [1757088658.948822572] [transformPoseInTargetFrame]: Extrapolation Error looking up target frame: Lookup would require extrapolation into the past.  Requested time 1757088647.631763 but the earliest data is at time 1757088648.851825, when looking up transform from frame [base_link] to frame [map]
[bt_navigator-6] 
[bt_navigator-6] [WARN] [1757088658.949019567] [BehaviorTreeEngine]: Behavior Tree tick rate 100.00 was exceeded!
[bt_navigator-6] [ERROR] [1757088659.050218175] [transformPoseInTargetFrame]: Extrapolation Error looking up target frame: Lookup would require extrapolation into the past.  Requested time 1757088647.631763 but the earliest data is at time 1757088649.005649, when looking up transform from frame [base_link] to frame [map]
[bt_navigator-6] 
[bt_navigator-6] [WARN] [1757088659.050397825] [BehaviorTreeEngine]: Behavior Tree tick rate 100.00 was exceeded!
[bt_navigator-6] [ERROR] [1757088659.151501414] [transformPoseInTargetFrame]: Extrapolation Error looking up target frame: Lookup would require extrapolation into the past.  Requested time 1757088647.631763 but the earliest data is at time 1757088649.052298, when looking up transform from frame [base_link] to frame [map]
[bt_navigator-6] 
[bt_navigator-6] [WARN] [1757088659.151706131] [BehaviorTreeEngine]: Behavior Tree tick rate 100.00 was exceeded!
[bt_navigator-6] [ERROR] [1757088659.253157391] [transformPoseInTargetFrame]: Extrapolation Error looking up target frame: Lookup would require extrapolation into the past.  Requested time 1757088647.631763 but the earliest data is at time 1757088649.152654, when looking up transform from frame [base_link] to frame [map]
[bt_navigator-6] 
[bt_navigator-6] [WARN] [1757088659.253392466] [BehaviorTreeEngine]: Behavior Tree tick rate 100.00 was exceeded!
[bt_navigator-6] [ERROR] [1757088659.354898853] [transformPoseInTargetFrame]: Extrapolation Error looking up target frame: Lookup would require extrapolation into the past.  Requested time 1757088647.631763 but the earliest data is at time 1757088649.301546, when looking up transform from frame [base_link] to frame [map]
[bt_navigator-6] 
[bt_navigator-6] [WARN] [1757088659.355125551] [BehaviorTreeEngine]: Behavior Tree tick rate 100.00 was exceeded!
[bt_navigator-6] [ERROR] [1757088659.456673091] [transformPoseInTargetFrame]: Extrapolation Error looking up target frame: Lookup would require extrapolation into the past.  Requested time 1757088647.631763 but the earliest data is at time 1757088649.401548, when looking up transform from frame [base_link] to frame [map]
[bt_navigator-6] 
[bt_navigator-6] [WARN] [1757088659.456883972] [BehaviorTreeEngine]: Behavior Tree tick rate 100.00 was exceeded!
[bt_navigator-6] [ERROR] [1757088659.558170735] [transformPoseInTargetFrame]: Extrapolation Error looking up target frame: Lookup would require extrapolation into the past.  Requested time 1757088647.631763 but the earliest data is at time 1757088649.454931, when looking up transform from frame [base_link] to frame [map]
[bt_navigator-6] 
[bt_navigator-6] [WARN] [1757088659.558412954] [BehaviorTreeEngine]: Behavior Tree tick rate 100.00 was exceeded!
[bt_navigator-6] [ERROR] [1757088659.659770821] [transformPoseInTargetFrame]: Extrapolation Error looking up target frame: Lookup would require extrapolation into the past.  Requested time 1757088647.631763 but the earliest data is at time 1757088649.554388, when looking up transform from frame [base_link] to frame [map]
[bt_navigator-6] 
[bt_navigator-6] [WARN] [1757088659.660011982] [BehaviorTreeEngine]: Behavior Tree tick rate 100.00 was exceeded!
[planner_server-4] [ERROR] [1757088659.667883816] [transformPoseInTargetFrame]: Extrapolation Error looking up target frame: Lookup would require extrapolation into the past.  Requested time 1757088647.631763 but the earliest data is at time 1757088649.554388, when looking up transform from frame [base_link] to frame [map]
[planner_server-4] 
[bt_navigator-6] [ERROR] [1757088659.761524258] [transformPoseInTargetFrame]: Extrapolation Error looking up target frame: Lookup would require extrapolation into the past.  Requested time 1757088647.631763 but the earliest data is at time 1757088649.675641, when looking up transform from frame [base_link] to frame [map]
[bt_navigator-6] 
[bt_navigator-6] [WARN] [1757088659.761757527] [BehaviorTreeEngine]: Behavior Tree tick rate 100.00 was exceeded!
[bt_navigator-6] [ERROR] [1757088659.862931602] [transformPoseInTargetFrame]: Extrapolation Error looking up target frame: Lookup would require extrapolation into the past.  Requested time 1757088647.631763 but the earliest data is at time 1757088649.751591, when looking up transform from frame [base_link] to frame [map]
[bt_navigator-6] 
[bt_navigator-6] [WARN] [1757088659.863128562] [BehaviorTreeEngine]: Behavior Tree tick rate 100.00 was exceeded!
[bt_navigator-6] [ERROR] [1757088659.964379451] [transformPoseInTargetFrame]: Extrapolation Error looking up target frame: Lookup would require extrapolation into the past.  Requested time 1757088647.631763 but the earliest data is at time 1757088649.901504, when looking up transform from frame [base_link] to frame [map]
[bt_navigator-6] 
[bt_navigator-6] [WARN] [1757088659.964576758] [BehaviorTreeEngine]: Behavior Tree tick rate 100.00 was exceeded!
[bt_navigator-6] [ERROR] [1757088660.065864673] [transformPoseInTargetFrame]: Extrapolation Error looking up target frame: Lookup would require extrapolation into the past.  Requested time 1757088647.631763 but the earliest data is at time 1757088649.952264, when looking up transform from frame [base_link] to frame [map]
[bt_navigator-6] 
[bt_navigator-6] [WARN] [1757088660.065969323] [BehaviorTreeEngine]: Behavior Tree tick rate 100.00 was exceeded!
[bt_navigator-6] [ERROR] [1757088660.167094644] [transformPoseInTargetFrame]: Extrapolation Error looking up target frame: Lookup would require extrapolation into the past.  Requested time 1757088647.631763 but the earliest data is at time 1757088650.051493, when looking up transform from frame [base_link] to frame [map]
[bt_navigator-6] 
[bt_navigator-6] [WARN] [1757088660.167307113] [BehaviorTreeEngine]: Behavior Tree tick rate 100.00 was exceeded!
[bt_navigator-6] [ERROR] [1757088660.268562594] [transformPoseInTargetFrame]: Extrapolation Error looking up target frame: Lookup would require extrapolation into the past.  Requested time 1757088647.631763 but the earliest data is at time 1757088650.151687, when looking up transform from frame [base_link] to frame [map]
[bt_navigator-6] 
[bt_navigator-6] [WARN] [1757088660.268762129] [BehaviorTreeEngine]: Behavior Tree tick rate 100.00 was exceeded!
[bt_navigator-6] [ERROR] [1757088660.369848444] [transformPoseInTargetFrame]: Extrapolation Error looking up target frame: Lookup would require extrapolation into the past.  Requested time 1757088647.631763 but the earliest data is at time 1757088650.251751, when looking up transform from frame [base_link] to frame [map]
[bt_navigator-6] 
[bt_navigator-6] [WARN] [1757088660.370066859] [BehaviorTreeEngine]: Behavior Tree tick rate 100.00 was exceeded!
[bt_navigator-6] [ERROR] [1757088660.471341202] [transformPoseInTargetFrame]: Extrapolation Error looking up target frame: Lookup would require extrapolation into the past.  Requested time 1757088647.631763 but the earliest data is at time 1757088650.401521, when looking up transform from frame [base_link] to frame [map]
[bt_navigator-6] 
[bt_navigator-6] [WARN] [1757088660.471606456] [BehaviorTreeEngine]: Behavior Tree tick rate 100.00 was exceeded!
[explore-10] [ERROR] [1757088660.491811292] [explore_node]: Extrapolation Error looking up robot pose: Lookup would require extrapolation into the future.  Requested time 1757088660.188372 but the latest data is at time 1757088647.631763, when looking up transform from frame [base_link] to frame [map]
[explore-10] 
[bt_navigator-6] [ERROR] [1757088660.572765671] [transformPoseInTargetFrame]: Extrapolation Error looking up target frame: Lookup would require extrapolation into the past.  Requested time 1757088647.631763 but the earliest data is at time 1757088650.451494, when looking up transform from frame [base_link] to frame [map]
[bt_navigator-6] 
[bt_navigator-6] [WARN] [1757088660.572961429] [BehaviorTreeEngine]: Behavior Tree tick rate 100.00 was exceeded!
[planner_server-4] [ERROR] [1757088660.668008162] [transformPoseInTargetFrame]: Extrapolation Error looking up target frame: Lookup would require extrapolation into the past.  Requested time 1757088647.631763 but the earliest data is at time 1757088650.551516, when looking up transform from frame [base_link] to frame [map]
[planner_server-4] 
[bt_navigator-6] [ERROR] [1757088660.674305572] [transformPoseInTargetFrame]: Extrapolation Error looking up target frame: Lookup would require extrapolation into the past.  Requested time 1757088647.631763 but the earliest data is at time 1757088650.601606, when looking up transform from frame [base_link] to frame [map]
[bt_navigator-6] 
[bt_navigator-6] [WARN] [1757088660.674550873] [BehaviorTreeEngine]: Behavior Tree tick rate 100.00 was exceeded!
[bt_navigator-6] [ERROR] [1757088660.775782512] [transformPoseInTargetFrame]: Extrapolation Error looking up target frame: Lookup would require extrapolation into the past.  Requested time 1757088647.631763 but the earliest data is at time 1757088650.652407, when looking up transform from frame [base_link] to frame [map]
[bt_navigator-6] 
[bt_navigator-6] [WARN] [1757088660.775948534] [BehaviorTreeEngine]: Behavior Tree tick rate 100.00 was exceeded!
[bt_navigator-6] [ERROR] [1757088660.877219848] [transformPoseInTargetFrame]: Extrapolation Error looking up target frame: Lookup would require extrapolation into the past.  Requested time 1757088647.631763 but the earliest data is at time 1757088650.801927, when looking up transform from frame [base_link] to frame [map]
[bt_navigator-6] 
[bt_navigator-6] [WARN] [1757088660.877395112] [BehaviorTreeEngine]: Behavior Tree tick rate 100.00 was exceeded!
[bt_navigator-6] [ERROR] [1757088660.978545686] [transformPoseInTargetFrame]: Extrapolation Error looking up target frame: Lookup would require extrapolation into the past.  Requested time 1757088647.631763 but the earliest data is at time 1757088650.852245, when looking up transform from frame [base_link] to frame [map]
[bt_navigator-6] 
[bt_navigator-6] [WARN] [1757088660.978743598] [BehaviorTreeEngine]: Behavior Tree tick rate 100.00 was exceeded!
[bt_navigator-6] [ERROR] [1757088661.079835152] [transformPoseInTargetFrame]: Extrapolation Error looking up target frame: Lookup would require extrapolation into the past.  Requested time 1757088647.631763 but the earliest data is at time 1757088650.852245, when looking up transform from frame [base_link] to frame [map]
[bt_navigator-6] 
[bt_navigator-6] [WARN] [1757088661.080035051] [BehaviorTreeEngine]: Behavior Tree tick rate 100.00 was exceeded!
[bt_navigator-6] [ERROR] [1757088661.181097656] [transformPoseInTargetFrame]: Extrapolation Error looking up target frame: Lookup would require extrapolation into the past.  Requested time 1757088647.631763 but the earliest data is at time 1757088650.852245, when looking up transform from frame [base_link] to frame [map]
[bt_navigator-6] 
[bt_navigator-6] [WARN] [1757088661.181289097] [BehaviorTreeEngine]: Behavior Tree tick rate 100.00 was exceeded!
[bt_navigator-6] [ERROR] [1757088661.282471568] [transformPoseInTargetFrame]: Extrapolation Error looking up target frame: Lookup would require extrapolation into the past.  Requested time 1757088647.631763 but the earliest data is at time 1757088650.852245, when looking up transform from frame [base_link] to frame [map]
[bt_navigator-6] 
[bt_navigator-6] [WARN] [1757088661.282657144] [BehaviorTreeEngine]: Behavior Tree tick rate 100.00 was exceeded!
[bt_navigator-6] [ERROR] [1757088661.383957612] [transformPoseInTargetFrame]: Extrapolation Error looking up target frame: Lookup would require extrapolation into the past.  Requested time 1757088647.631763 but the earliest data is at time 1757088650.852245, when looking up transform from frame [base_link] to frame [map]
[bt_navigator-6] 
[bt_navigator-6] [WARN] [1757088661.384125679] [BehaviorTreeEngine]: Behavior Tree tick rate 100.00 was exceeded!
[bt_navigator-6] [ERROR] [1757088661.485345792] [transformPoseInTargetFrame]: Extrapolation Error looking up target frame: Lookup would require extrapolation into the past.  Requested time 1757088647.631763 but the earliest data is at time 1757088650.852245, when looking up transform from frame [base_link] to frame [map]
[bt_navigator-6] 
[bt_navigator-6] [WARN] [1757088661.485559549] [BehaviorTreeEngine]: Behavior Tree tick rate 100.00 was exceeded!
[bt_navigator-6] [ERROR] [1757088661.587112989] [transformPoseInTargetFrame]: Extrapolation Error looking up target frame: Lookup would require extrapolation into the past.  Requested time 1757088647.631763 but the earliest data is at time 1757088650.852245, when looking up transform from frame [base_link] to frame [map]
[bt_navigator-6] 
[bt_navigator-6] [WARN] [1757088661.587321866] [BehaviorTreeEngine]: Behavior Tree tick rate 100.00 was exceeded!
[planner_server-4] [ERROR] [1757088661.667488350] [transformPoseInTargetFrame]: Extrapolation Error looking up target frame: Lookup would require extrapolation into the past.  Requested time 1757088647.631763 but the earliest data is at time 1757088650.951708, when looking up transform from frame [base_link] to frame [map]
[planner_server-4] 
[bt_navigator-6] [ERROR] [1757088661.688954663] [transformPoseInTargetFrame]: Extrapolation Error looking up target frame: Lookup would require extrapolation into the past.  Requested time 1757088647.631763 but the earliest data is at time 1757088651.251868, when looking up transform from frame [base_link] to frame [map]
[bt_navigator-6] 
[bt_navigator-6] [WARN] [1757088661.689065297] [BehaviorTreeEngine]: Behavior Tree tick rate 100.00 was exceeded!
[bt_navigator-6] [ERROR] [1757088661.790055096] [transformPoseInTargetFrame]: Extrapolation Error looking up target frame: Lookup would require extrapolation into the past.  Requested time 1757088647.631763 but the earliest data is at time 1757088651.701494, when looking up transform from frame [base_link] to frame [map]
[bt_navigator-6] 
[bt_navigator-6] [WARN] [1757088661.790102878] [BehaviorTreeEngine]: Behavior Tree tick rate 100.00 was exceeded!
[bt_navigator-6] [ERROR] [1757088661.891236666] [transformPoseInTargetFrame]: Extrapolation Error looking up target frame: Lookup would require extrapolation into the past.  Requested time 1757088647.631763 but the earliest data is at time 1757088651.801505, when looking up transform from frame [base_link] to frame [map]
[bt_navigator-6] 
[bt_navigator-6] [WARN] [1757088661.891439226] [BehaviorTreeEngine]: Behavior Tree tick rate 100.00 was exceeded!
[bt_navigator-6] [ERROR] [1757088661.992474826] [transformPoseInTargetFrame]: Extrapolation Error looking up target frame: Lookup would require extrapolation into the past.  Requested time 1757088647.631763 but the earliest data is at time 1757088651.901521, when looking up transform from frame [base_link] to frame [map]
[bt_navigator-6] 
[bt_navigator-6] [WARN] [1757088661.992673251] [BehaviorTreeEngine]: Behavior Tree tick rate 100.00 was exceeded!
[bt_navigator-6] [ERROR] [1757088662.093726860] [transformPoseInTargetFrame]: Extrapolation Error looking up target frame: Lookup would require extrapolation into the past.  Requested time 1757088647.631763 but the earliest data is at time 1757088652.001503, when looking up transform from frame [base_link] to frame [map]
[bt_navigator-6] 
[bt_navigator-6] [WARN] [1757088662.093943168] [BehaviorTreeEngine]: Behavior Tree tick rate 100.00 was exceeded!
[bt_navigator-6] [ERROR] [1757088662.195055117] [transformPoseInTargetFrame]: Extrapolation Error looking up target frame: Lookup would require extrapolation into the past.  Requested time 1757088647.631763 but the earliest data is at time 1757088652.152732, when looking up transform from frame [base_link] to frame [map]
[bt_navigator-6] 
[bt_navigator-6] [WARN] [1757088662.195245660] [BehaviorTreeEngine]: Behavior Tree tick rate 100.00 was exceeded!
[bt_navigator-6] [ERROR] [1757088662.296500096] [transformPoseInTargetFrame]: Extrapolation Error looking up target frame: Lookup would require extrapolation into the past.  Requested time 1757088647.631763 but the earliest data is at time 1757088652.201462, when looking up transform from frame [base_link] to frame [map]
[bt_navigator-6] 
[bt_navigator-6] [WARN] [1757088662.296694506] [BehaviorTreeEngine]: Behavior Tree tick rate 100.00 was exceeded!
[bt_navigator-6] [ERROR] [1757088662.397802802] [transformPoseInTargetFrame]: Extrapolation Error looking up target frame: Lookup would require extrapolation into the past.  Requested time 1757088647.631763 but the earliest data is at time 1757088652.251506, when looking up transform from frame [base_link] to frame [map]
[bt_navigator-6] 
[bt_navigator-6] [WARN] [1757088662.398025705] [BehaviorTreeEngine]: Behavior Tree tick rate 100.00 was exceeded!
[bt_navigator-6] [ERROR] [1757088662.499214665] [transformPoseInTargetFrame]: Extrapolation Error looking up target frame: Lookup would require extrapolation into the past.  Requested time 1757088647.631763 but the earliest data is at time 1757088652.354694, when looking up transform from frame [base_link] to frame [map]
[bt_navigator-6] 
[bt_navigator-6] [WARN] [1757088662.499472231] [BehaviorTreeEngine]: Behavior Tree tick rate 100.00 was exceeded!
[bt_navigator-6] [ERROR] [1757088662.600790906] [transformPoseInTargetFrame]: Extrapolation Error looking up target frame: Lookup would require extrapolation into the past.  Requested time 1757088647.631763 but the earliest data is at time 1757088652.451618, when looking up transform from frame [base_link] to frame [map]
[bt_navigator-6] 
[bt_navigator-6] [WARN] [1757088662.601022793] [BehaviorTreeEngine]: Behavior Tree tick rate 100.00 was exceeded!
[planner_server-4] [ERROR] [1757088662.668875032] [transformPoseInTargetFrame]: Extrapolation Error looking up target frame: Lookup would require extrapolation into the past.  Requested time 1757088647.631763 but the earliest data is at time 1757088652.551532, when looking up transform from frame [base_link] to frame [map]
[planner_server-4] 
[bt_navigator-6] [ERROR] [1757088662.702302564] [transformPoseInTargetFrame]: Extrapolation Error looking up target frame: Lookup would require extrapolation into the past.  Requested time 1757088647.631763 but the earliest data is at time 1757088652.651731, when looking up transform from frame [base_link] to frame [map]
[bt_navigator-6] 
[bt_navigator-6] [WARN] [1757088662.702512320] [BehaviorTreeEngine]: Behavior Tree tick rate 100.00 was exceeded!
[bt_navigator-6] [ERROR] [1757088662.803902243] [transformPoseInTargetFrame]: Extrapolation Error looking up target frame: Lookup would require extrapolation into the past.  Requested time 1757088647.631763 but the earliest data is at time 1757088652.751567, when looking up transform from frame [base_link] to frame [map]
[bt_navigator-6] 
[bt_navigator-6] [WARN] [1757088662.804146434] [BehaviorTreeEngine]: Behavior Tree tick rate 100.00 was exceeded!
[bt_navigator-6] [ERROR] [1757088662.905552863] [transformPoseInTargetFrame]: Extrapolation Error looking up target frame: Lookup would require extrapolation into the past.  Requested time 1757088647.631763 but the earliest data is at time 1757088652.851517, when looking up transform from frame [base_link] to frame [map]
[bt_navigator-6] 
[bt_navigator-6] [WARN] [1757088662.905819009] [BehaviorTreeEngine]: Behavior Tree tick rate 100.00 was exceeded!
[bt_navigator-6] [ERROR] [1757088663.007263668] [transformPoseInTargetFrame]: Extrapolation Error looking up target frame: Lookup would require extrapolation into the past.  Requested time 1757088647.631763 but the earliest data is at time 1757088652.901535, when looking up transform from frame [base_link] to frame [map]
[bt_navigator-6] 
[bt_navigator-6] [WARN] [1757088663.007510705] [BehaviorTreeEngine]: Behavior Tree tick rate 100.00 was exceeded!
[bt_navigator-6] [ERROR] [1757088663.108895123] [transformPoseInTargetFrame]: Extrapolation Error looking up target frame: Lookup would require extrapolation into the past.  Requested time 1757088647.631763 but the earliest data is at time 1757088653.002736, when looking up transform from frame [base_link] to frame [map]
[bt_navigator-6] 
[bt_navigator-6] [WARN] [1757088663.109090296] [BehaviorTreeEngine]: Behavior Tree tick rate 100.00 was exceeded!
[bt_navigator-6] [ERROR] [1757088663.210157057] [transformPoseInTargetFrame]: Extrapolation Error looking up target frame: Lookup would require extrapolation into the past.  Requested time 1757088647.631763 but the earliest data is at time 1757088653.052659, when looking up transform from frame [base_link] to frame [map]
[bt_navigator-6] 
[bt_navigator-6] [WARN] [1757088663.210339807] [BehaviorTreeEngine]: Behavior Tree tick rate 100.00 was exceeded!
[bt_navigator-6] [ERROR] [1757088663.311570245] [transformPoseInTargetFrame]: Extrapolation Error looking up target frame: Lookup would require extrapolation into the past.  Requested time 1757088647.631763 but the earliest data is at time 1757088653.248249, when looking up transform from frame [base_link] to frame [map]
[bt_navigator-6] 
[bt_navigator-6] [WARN] [1757088663.311759402] [BehaviorTreeEngine]: Behavior Tree tick rate 100.00 was exceeded!
[bt_navigator-6] [ERROR] [1757088663.413070450] [transformPoseInTargetFrame]: Extrapolation Error looking up target frame: Lookup would require extrapolation into the past.  Requested time 1757088647.631763 but the earliest data is at time 1757088653.301960, when looking up transform from frame [base_link] to frame [map]
[bt_navigator-6] 
[bt_navigator-6] [WARN] [1757088663.413259540] [BehaviorTreeEngine]: Behavior Tree tick rate 100.00 was exceeded!
[bt_navigator-6] [ERROR] [1757088663.514445224] [transformPoseInTargetFrame]: Extrapolation Error looking up target frame: Lookup would require extrapolation into the past.  Requested time 1757088647.631763 but the earliest data is at time 1757088653.402121, when looking up transform from frame [base_link] to frame [map]
[bt_navigator-6] 
[bt_navigator-6] [WARN] [1757088663.514693428] [BehaviorTreeEngine]: Behavior Tree tick rate 100.00 was exceeded!
[bt_navigator-6] [ERROR] [1757088663.615901486] [transformPoseInTargetFrame]: Extrapolation Error looking up target frame: Lookup would require extrapolation into the past.  Requested time 1757088647.631763 but the earliest data is at time 1757088653.553097, when looking up transform from frame [base_link] to frame [map]
[bt_navigator-6] 
[bt_navigator-6] [WARN] [1757088663.616077929] [BehaviorTreeEngine]: Behavior Tree tick rate 100.00 was exceeded!
[planner_server-4] [ERROR] [1757088663.668087209] [transformPoseInTargetFrame]: Extrapolation Error looking up target frame: Lookup would require extrapolation into the past.  Requested time 1757088647.631763 but the earliest data is at time 1757088653.553097, when looking up transform from frame [base_link] to frame [map]
[planner_server-4] 
[bt_navigator-6] [ERROR] [1757088663.717438504] [transformPoseInTargetFrame]: Extrapolation Error looking up target frame: Lookup would require extrapolation into the past.  Requested time 1757088647.631763 but the earliest data is at time 1757088653.602283, when looking up transform from frame [base_link] to frame [map]
[bt_navigator-6] 
[bt_navigator-6] [WARN] [1757088663.717691221] [BehaviorTreeEngine]: Behavior Tree tick rate 100.00 was exceeded!
[bt_navigator-6] [ERROR] [1757088663.819150160] [transformPoseInTargetFrame]: Extrapolation Error looking up target frame: Lookup would require extrapolation into the past.  Requested time 1757088647.631763 but the earliest data is at time 1757088653.751631, when looking up transform from frame [base_link] to frame [map]
[bt_navigator-6] 
[bt_navigator-6] [WARN] [1757088663.819367829] [BehaviorTreeEngine]: Behavior Tree tick rate 100.00 was exceeded!
[bt_navigator-6] [ERROR] [1757088663.920958907] [transformPoseInTargetFrame]: Extrapolation Error looking up target frame: Lookup would require extrapolation into the past.  Requested time 1757088647.631763 but the earliest data is at time 1757088653.851685, when looking up transform from frame [base_link] to frame [map]
[bt_navigator-6] 
[bt_navigator-6] [WARN] [1757088663.921200924] [BehaviorTreeEngine]: Behavior Tree tick rate 100.00 was exceeded!
[bt_navigator-6] [ERROR] [1757088664.022487659] [transformPoseInTargetFrame]: Extrapolation Error looking up target frame: Lookup would require extrapolation into the past.  Requested time 1757088647.631763 but the earliest data is at time 1757088653.901513, when looking up transform from frame [base_link] to frame [map]
[bt_navigator-6] 
[bt_navigator-6] [WARN] [1757088664.022726674] [BehaviorTreeEngine]: Behavior Tree tick rate 100.00 was exceeded!
[bt_navigator-6] [ERROR] [1757088664.124214855] [transformPoseInTargetFrame]: Extrapolation Error looking up target frame: Lookup would require extrapolation into the past.  Requested time 1757088647.631763 but the earliest data is at time 1757088654.001529, when looking up transform from frame [base_link] to frame [map]
[bt_navigator-6] 
[bt_navigator-6] [WARN] [1757088664.124438440] [BehaviorTreeEngine]: Behavior Tree tick rate 100.00 was exceeded!
[bt_navigator-6] [ERROR] [1757088664.225786782] [transformPoseInTargetFrame]: Extrapolation Error looking up target frame: Lookup would require extrapolation into the past.  Requested time 1757088647.631763 but the earliest data is at time 1757088654.101647, when looking up transform from frame [base_link] to frame [map]
[bt_navigator-6] 
[bt_navigator-6] [WARN] [1757088664.226008905] [BehaviorTreeEngine]: Behavior Tree tick rate 100.00 was exceeded!
[bt_navigator-6] [ERROR] [1757088664.327163118] [transformPoseInTargetFrame]: Extrapolation Error looking up target frame: Lookup would require extrapolation into the past.  Requested time 1757088647.631763 but the earliest data is at time 1757088654.251563, when looking up transform from frame [base_link] to frame [map]
[bt_navigator-6] 
[bt_navigator-6] [WARN] [1757088664.327323792] [BehaviorTreeEngine]: Behavior Tree tick rate 100.00 was exceeded!
[bt_navigator-6] [ERROR] [1757088664.428789888] [transformPoseInTargetFrame]: Extrapolation Error looking up target frame: Lookup would require extrapolation into the past.  Requested time 1757088647.631763 but the earliest data is at time 1757088654.351593, when looking up transform from frame [base_link] to frame [map]
[bt_navigator-6] 
[bt_navigator-6] [WARN] [1757088664.429042020] [BehaviorTreeEngine]: Behavior Tree tick rate 100.00 was exceeded!
[bt_navigator-6] [ERROR] [1757088664.530397473] [transformPoseInTargetFrame]: Extrapolation Error looking up target frame: Lookup would require extrapolation into the past.  Requested time 1757088647.631763 but the earliest data is at time 1757088654.451520, when looking up transform from frame [base_link] to frame [map]
[bt_navigator-6] 
[bt_navigator-6] [WARN] [1757088664.530576386] [BehaviorTreeEngine]: Behavior Tree tick rate 100.00 was exceeded!
[bt_navigator-6] [ERROR] [1757088664.631741826] [transformPoseInTargetFrame]: Extrapolation Error looking up target frame: Lookup would require extrapolation into the past.  Requested time 1757088647.631763 but the earliest data is at time 1757088654.501553, when looking up transform from frame [base_link] to frame [map]
[bt_navigator-6] 
[bt_navigator-6] [WARN] [1757088664.631933748] [BehaviorTreeEngine]: Behavior Tree tick rate 100.00 was exceeded!
[planner_server-4] [ERROR] [1757088664.668187992] [transformPoseInTargetFrame]: Extrapolation Error looking up target frame: Lookup would require extrapolation into the past.  Requested time 1757088647.631763 but the earliest data is at time 1757088654.501553, when looking up transform from frame [base_link] to frame [map]
[planner_server-4] 
[bt_navigator-6] [ERROR] [1757088664.733121492] [transformPoseInTargetFrame]: Extrapolation Error looking up target frame: Lookup would require extrapolation into the past.  Requested time 1757088647.631763 but the earliest data is at time 1757088654.797489, when looking up transform from frame [base_link] to frame [map]
[bt_navigator-6] 
[bt_navigator-6] [WARN] [1757088664.733318913] [BehaviorTreeEngine]: Behavior Tree tick rate 100.00 was exceeded!
[bt_navigator-6] [ERROR] [1757088664.834503979] [transformPoseInTargetFrame]: Extrapolation Error looking up target frame: Lookup would require extrapolation into the past.  Requested time 1757088647.631763 but the earliest data is at time 1757088654.797489, when looking up transform from frame [base_link] to frame [map]
[bt_navigator-6] 
[bt_navigator-6] [WARN] [1757088664.834700186] [BehaviorTreeEngine]: Behavior Tree tick rate 100.00 was exceeded!
[bt_navigator-6] [ERROR] [1757088664.936161045] [transformPoseInTargetFrame]: Extrapolation Error looking up target frame: Lookup would require extrapolation into the past.  Requested time 1757088647.631763 but the earliest data is at time 1757088654.802698, when looking up transform from frame [base_link] to frame [map]
[bt_navigator-6] 
[bt_navigator-6] [WARN] [1757088664.936310571] [BehaviorTreeEngine]: Behavior Tree tick rate 100.00 was exceeded!
[bt_navigator-6] [ERROR] [1757088665.037738433] [transformPoseInTargetFrame]: Extrapolation Error looking up target frame: Lookup would require extrapolation into the past.  Requested time 1757088647.631763 but the earliest data is at time 1757088654.903283, when looking up transform from frame [base_link] to frame [map]
[bt_navigator-6] 
[bt_navigator-6] [WARN] [1757088665.038016610] [BehaviorTreeEngine]: Behavior Tree tick rate 100.00 was exceeded!
[bt_navigator-6] [ERROR] [1757088665.139441311] [transformPoseInTargetFrame]: Extrapolation Error looking up target frame: Lookup would require extrapolation into the past.  Requested time 1757088647.631763 but the earliest data is at time 1757088655.052475, when looking up transform from frame [base_link] to frame [map]
[bt_navigator-6] 
[bt_navigator-6] [WARN] [1757088665.139705409] [BehaviorTreeEngine]: Behavior Tree tick rate 100.00 was exceeded!
[bt_navigator-6] [ERROR] [1757088665.241274572] [transformPoseInTargetFrame]: Extrapolation Error looking up target frame: Lookup would require extrapolation into the past.  Requested time 1757088647.631763 but the earliest data is at time 1757088655.151567, when looking up transform from frame [base_link] to frame [map]
[bt_navigator-6] 
[bt_navigator-6] [WARN] [1757088665.241462204] [BehaviorTreeEngine]: Behavior Tree tick rate 100.00 was exceeded!
[bt_navigator-6] [ERROR] [1757088665.343083234] [transformPoseInTargetFrame]: Extrapolation Error looking up target frame: Lookup would require extrapolation into the past.  Requested time 1757088647.631763 but the earliest data is at time 1757088655.201763, when looking up transform from frame [base_link] to frame [map]
[bt_navigator-6] 
[bt_navigator-6] [WARN] [1757088665.343280756] [BehaviorTreeEngine]: Behavior Tree tick rate 100.00 was exceeded!
[bt_navigator-6] [ERROR] [1757088665.444872485] [transformPoseInTargetFrame]: Extrapolation Error looking up target frame: Lookup would require extrapolation into the past.  Requested time 1757088647.631763 but the earliest data is at time 1757088655.351590, when looking up transform from frame [base_link] to frame [map]
[bt_navigator-6] 
[bt_navigator-6] [WARN] [1757088665.445123669] [BehaviorTreeEngine]: Behavior Tree tick rate 100.00 was exceeded!
[bt_navigator-6] [ERROR] [1757088665.546770197] [transformPoseInTargetFrame]: Extrapolation Error looking up target frame: Lookup would require extrapolation into the past.  Requested time 1757088647.631763 but the earliest data is at time 1757088655.475205, when looking up transform from frame [base_link] to frame [map]
[bt_navigator-6] 
[bt_navigator-6] [WARN] [1757088665.547008205] [BehaviorTreeEngine]: Behavior Tree tick rate 100.00 was exceeded!
[bt_navigator-6] [ERROR] [1757088665.648473452] [transformPoseInTargetFrame]: Extrapolation Error looking up target frame: Lookup would require extrapolation into the past.  Requested time 1757088647.631763 but the earliest data is at time 1757088655.601492, when looking up transform from frame [base_link] to frame [map]
[bt_navigator-6] 
[bt_navigator-6] [WARN] [1757088665.648758197] [BehaviorTreeEngine]: Behavior Tree tick rate 100.00 was exceeded!
[planner_server-4] [ERROR] [1757088665.668088317] [transformPoseInTargetFrame]: Extrapolation Error looking up target frame: Lookup would require extrapolation into the past.  Requested time 1757088647.631763 but the earliest data is at time 1757088655.601492, when looking up transform from frame [base_link] to frame [map]
[planner_server-4] 
[bt_navigator-6] [ERROR] [1757088665.750351569] [transformPoseInTargetFrame]: Extrapolation Error looking up target frame: Lookup would require extrapolation into the past.  Requested time 1757088647.631763 but the earliest data is at time 1757088655.651569, when looking up transform from frame [base_link] to frame [map]
[bt_navigator-6] 
[bt_navigator-6] [WARN] [1757088665.750596915] [BehaviorTreeEngine]: Behavior Tree tick rate 100.00 was exceeded!
[bt_navigator-6] [ERROR] [1757088665.852302672] [transformPoseInTargetFrame]: Extrapolation Error looking up target frame: Lookup would require extrapolation into the past.  Requested time 1757088647.631763 but the earliest data is at time 1757088655.801573, when looking up transform from frame [base_link] to frame [map]
[bt_navigator-6] 
[bt_navigator-6] [WARN] [1757088665.852485934] [BehaviorTreeEngine]: Behavior Tree tick rate 100.00 was exceeded!
[bt_navigator-6] [ERROR] [1757088665.953932679] [transformPoseInTargetFrame]: Extrapolation Error looking up target frame: Lookup would require extrapolation into the past.  Requested time 1757088647.631763 but the earliest data is at time 1757088655.854739, when looking up transform from frame [base_link] to frame [map]
[bt_navigator-6] 
[bt_navigator-6] [WARN] [1757088665.954134395] [BehaviorTreeEngine]: Behavior Tree tick rate 100.00 was exceeded!
[bt_navigator-6] [ERROR] [1757088666.055369369] [transformPoseInTargetFrame]: Extrapolation Error looking up target frame: Lookup would require extrapolation into the past.  Requested time 1757088647.631763 but the earliest data is at time 1757088655.854739, when looking up transform from frame [base_link] to frame [map]
[bt_navigator-6] 
[bt_navigator-6] [WARN] [1757088666.055548936] [BehaviorTreeEngine]: Behavior Tree tick rate 100.00 was exceeded!
[bt_navigator-6] [ERROR] [1757088666.156951056] [transformPoseInTargetFrame]: Extrapolation Error looking up target frame: Lookup would require extrapolation into the past.  Requested time 1757088647.631763 but the earliest data is at time 1757088655.854739, when looking up transform from frame [base_link] to frame [map]
[bt_navigator-6] 
[bt_navigator-6] [WARN] [1757088666.157126005] [BehaviorTreeEngine]: Behavior Tree tick rate 100.00 was exceeded!
[bt_navigator-6] [ERROR] [1757088666.259099234] [transformPoseInTargetFrame]: Extrapolation Error looking up target frame: Lookup would require extrapolation into the past.  Requested time 1757088647.631763 but the earliest data is at time 1757088655.854739, when looking up transform from frame [base_link] to frame [map]
[bt_navigator-6] 
[bt_navigator-6] [WARN] [1757088666.259313152] [BehaviorTreeEngine]: Behavior Tree tick rate 100.00 was exceeded!
[bt_navigator-6] [ERROR] [1757088666.361162198] [transformPoseInTargetFrame]: Extrapolation Error looking up target frame: Lookup would require extrapolation into the past.  Requested time 1757088647.631763 but the earliest data is at time 1757088655.854739, when looking up transform from frame [base_link] to frame [map]
[bt_navigator-6] 
[bt_navigator-6] [WARN] [1757088666.361359227] [BehaviorTreeEngine]: Behavior Tree tick rate 100.00 was exceeded!
[bt_navigator-6] [ERROR] [1757088666.462553990] [transformPoseInTargetFrame]: Extrapolation Error looking up target frame: Lookup would require extrapolation into the past.  Requested time 1757088647.631763 but the earliest data is at time 1757088655.854739, when looking up transform from frame [base_link] to frame [map]
[bt_navigator-6] 
[bt_navigator-6] [WARN] [1757088666.462751771] [BehaviorTreeEngine]: Behavior Tree tick rate 100.00 was exceeded!
[bt_navigator-6] [ERROR] [1757088666.564017931] [transformPoseInTargetFrame]: Extrapolation Error looking up target frame: Lookup would require extrapolation into the past.  Requested time 1757088647.631763 but the earliest data is at time 1757088655.854739, when looking up transform from frame [base_link] to frame [map]
[bt_navigator-6] 
[bt_navigator-6] [WARN] [1757088666.564257162] [BehaviorTreeEngine]: Behavior Tree tick rate 100.00 was exceeded!
[bt_navigator-6] [ERROR] [1757088666.665582114] [transformPoseInTargetFrame]: Extrapolation Error looking up target frame: Lookup would require extrapolation into the past.  Requested time 1757088647.631763 but the earliest data is at time 1757088656.451517, when looking up transform from frame [base_link] to frame [map]
[bt_navigator-6] 
[bt_navigator-6] [WARN] [1757088666.665831750] [BehaviorTreeEngine]: Behavior Tree tick rate 100.00 was exceeded!
[planner_server-4] [ERROR] [1757088666.668236327] [transformPoseInTargetFrame]: Extrapolation Error looking up target frame: Lookup would require extrapolation into the past.  Requested time 1757088647.631763 but the earliest data is at time 1757088656.451517, when looking up transform from frame [base_link] to frame [map]
[planner_server-4] 
[bt_navigator-6] [ERROR] [1757088666.766999601] [transformPoseInTargetFrame]: Extrapolation Error looking up target frame: Lookup would require extrapolation into the past.  Requested time 1757088647.631763 but the earliest data is at time 1757088656.451517, when looking up transform from frame [base_link] to frame [map]
[bt_navigator-6] 
[bt_navigator-6] [WARN] [1757088666.767150231] [BehaviorTreeEngine]: Behavior Tree tick rate 100.00 was exceeded!
[bt_navigator-6] [ERROR] [1757088666.868426385] [transformPoseInTargetFrame]: Extrapolation Error looking up target frame: Lookup would require extrapolation into the past.  Requested time 1757088647.631763 but the earliest data is at time 1757088656.801495, when looking up transform from frame [base_link] to frame [map]
[bt_navigator-6] 
[bt_navigator-6] [WARN] [1757088666.868668254] [BehaviorTreeEngine]: Behavior Tree tick rate 100.00 was exceeded!
[bt_navigator-6] [ERROR] [1757088666.970097182] [transformPoseInTargetFrame]: Extrapolation Error looking up target frame: Lookup would require extrapolation into the past.  Requested time 1757088647.631763 but the earliest data is at time 1757088656.901532, when looking up transform from frame [base_link] to frame [map]
[bt_navigator-6] 
[bt_navigator-6] [WARN] [1757088666.970309736] [BehaviorTreeEngine]: Behavior Tree tick rate 100.00 was exceeded!
[bt_navigator-6] [ERROR] [1757088667.071679114] [transformPoseInTargetFrame]: Extrapolation Error looking up target frame: Lookup would require extrapolation into the past.  Requested time 1757088647.631763 but the earliest data is at time 1757088657.001493, when looking up transform from frame [base_link] to frame [map]
[bt_navigator-6] 
[bt_navigator-6] [WARN] [1757088667.071936602] [BehaviorTreeEngine]: Behavior Tree tick rate 100.00 was exceeded!
[explore-10] [ERROR] [1757088667.157735714] [explore_node]: Extrapolation Error looking up robot pose: Lookup would require extrapolation into the future.  Requested time 1757088666.854498 but the latest data is at time 1757088647.631763, when looking up transform from frame [base_link] to frame [map]
[explore-10] 
[bt_navigator-6] [ERROR] [1757088667.173725665] [transformPoseInTargetFrame]: Extrapolation Error looking up target frame: Lookup would require extrapolation into the past.  Requested time 1757088647.631763 but the earliest data is at time 1757088657.052544, when looking up transform from frame [base_link] to frame [map]
[bt_navigator-6] 
[bt_navigator-6] [WARN] [1757088667.173878489] [BehaviorTreeEngine]: Behavior Tree tick rate 100.00 was exceeded!
[bt_navigator-6] [ERROR] [1757088667.275477576] [transformPoseInTargetFrame]: Extrapolation Error looking up target frame: Lookup would require extrapolation into the past.  Requested time 1757088647.631763 but the earliest data is at time 1757088657.201513, when looking up transform from frame [base_link] to frame [map]
[bt_navigator-6] 
[bt_navigator-6] [WARN] [1757088667.275813031] [BehaviorTreeEngine]: Behavior Tree tick rate 100.00 was exceeded!
[bt_navigator-6] [ERROR] [1757088667.377526139] [transformPoseInTargetFrame]: Extrapolation Error looking up target frame: Lookup would require extrapolation into the past.  Requested time 1757088647.631763 but the earliest data is at time 1757088657.251568, when looking up transform from frame [base_link] to frame [map]
[bt_navigator-6] 
[bt_navigator-6] [WARN] [1757088667.377766791] [BehaviorTreeEngine]: Behavior Tree tick rate 100.00 was exceeded!
[bt_navigator-6] [ERROR] [1757088667.479325754] [transformPoseInTargetFrame]: Extrapolation Error looking up target frame: Lookup would require extrapolation into the past.  Requested time 1757088647.631763 but the earliest data is at time 1757088657.352008, when looking up transform from frame [base_link] to frame [map]
[bt_navigator-6] 
[bt_navigator-6] [WARN] [1757088667.479554610] [BehaviorTreeEngine]: Behavior Tree tick rate 100.00 was exceeded!
[bt_navigator-6] [ERROR] [1757088667.581137237] [transformPoseInTargetFrame]: Extrapolation Error looking up target frame: Lookup would require extrapolation into the past.  Requested time 1757088647.631763 but the earliest data is at time 1757088657.453013, when looking up transform from frame [base_link] to frame [map]
[bt_navigator-6] 
[bt_navigator-6] [WARN] [1757088667.581347758] [BehaviorTreeEngine]: Behavior Tree tick rate 100.00 was exceeded!
[planner_server-4] [ERROR] [1757088667.667804857] [transformPoseInTargetFrame]: Extrapolation Error looking up target frame: Lookup would require extrapolation into the past.  Requested time 1757088647.631763 but the earliest data is at time 1757088657.893506, when looking up transform from frame [base_link] to frame [map]
[planner_server-4] 
[bt_navigator-6] [ERROR] [1757088667.682819240] [transformPoseInTargetFrame]: Extrapolation Error looking up target frame: Lookup would require extrapolation into the past.  Requested time 1757088647.631763 but the earliest data is at time 1757088657.893506, when looking up transform from frame [base_link] to frame [map]
[bt_navigator-6] 
[bt_navigator-6] [WARN] [1757088667.683045263] [BehaviorTreeEngine]: Behavior Tree tick rate 100.00 was exceeded!
[bt_navigator-6] [ERROR] [1757088667.784367027] [transformPoseInTargetFrame]: Extrapolation Error looking up target frame: Lookup would require extrapolation into the past.  Requested time 1757088647.631763 but the earliest data is at time 1757088657.893506, when looking up transform from frame [base_link] to frame [map]
[bt_navigator-6] 
[bt_navigator-6] [WARN] [1757088667.784554847] [BehaviorTreeEngine]: Behavior Tree tick rate 100.00 was exceeded!
[bt_navigator-6] [ERROR] [1757088667.885759085] [transformPoseInTargetFrame]: Extrapolation Error looking up target frame: Lookup would require extrapolation into the past.  Requested time 1757088647.631763 but the earliest data is at time 1757088657.893506, when looking up transform from frame [base_link] to frame [map]
[bt_navigator-6] 
[bt_navigator-6] [WARN] [1757088667.885967708] [BehaviorTreeEngine]: Behavior Tree tick rate 100.00 was exceeded!
[bt_navigator-6] [ERROR] [1757088667.987099164] [transformPoseInTargetFrame]: Extrapolation Error looking up target frame: Lookup would require extrapolation into the past.  Requested time 1757088647.631763 but the earliest data is at time 1757088657.893506, when looking up transform from frame [base_link] to frame [map]
[bt_navigator-6] 
[bt_navigator-6] [WARN] [1757088667.987290373] [BehaviorTreeEngine]: Behavior Tree tick rate 100.00 was exceeded!
[bt_navigator-6] [ERROR] [1757088668.088440283] [transformPoseInTargetFrame]: Extrapolation Error looking up target frame: Lookup would require extrapolation into the past.  Requested time 1757088647.631763 but the earliest data is at time 1757088658.001514, when looking up transform from frame [base_link] to frame [map]
[bt_navigator-6] 
[bt_navigator-6] [WARN] [1757088668.088644944] [BehaviorTreeEngine]: Behavior Tree tick rate 100.00 was exceeded!
[bt_navigator-6] [ERROR] [1757088668.189800785] [transformPoseInTargetFrame]: Extrapolation Error looking up target frame: Lookup would require extrapolation into the past.  Requested time 1757088647.631763 but the earliest data is at time 1757088658.053577, when looking up transform from frame [base_link] to frame [map]
[bt_navigator-6] 
[bt_navigator-6] [WARN] [1757088668.190036785] [BehaviorTreeEngine]: Behavior Tree tick rate 100.00 was exceeded!
[bt_navigator-6] [ERROR] [1757088668.291276087] [transformPoseInTargetFrame]: Extrapolation Error looking up target frame: Lookup would require extrapolation into the past.  Requested time 1757088647.631763 but the earliest data is at time 1757088658.151792, when looking up transform from frame [base_link] to frame [map]
[bt_navigator-6] 
[bt_navigator-6] [WARN] [1757088668.291463755] [BehaviorTreeEngine]: Behavior Tree tick rate 100.00 was exceeded!
[bt_navigator-6] [ERROR] [1757088668.392530478] [transformPoseInTargetFrame]: Extrapolation Error looking up target frame: Lookup would require extrapolation into the past.  Requested time 1757088647.631763 but the earliest data is at time 1757088658.301524, when looking up transform from frame [base_link] to frame [map]
[bt_navigator-6] 
[bt_navigator-6] [WARN] [1757088668.392717760] [BehaviorTreeEngine]: Behavior Tree tick rate 100.00 was exceeded!
[bt_navigator-6] [ERROR] [1757088668.493852866] [transformPoseInTargetFrame]: Extrapolation Error looking up target frame: Lookup would require extrapolation into the past.  Requested time 1757088647.631763 but the earliest data is at time 1757088658.401477, when looking up transform from frame [base_link] to frame [map]
[bt_navigator-6] 
[bt_navigator-6] [WARN] [1757088668.494067510] [BehaviorTreeEngine]: Behavior Tree tick rate 100.00 was exceeded!
[bt_navigator-6] [ERROR] [1757088668.595285062] [transformPoseInTargetFrame]: Extrapolation Error looking up target frame: Lookup would require extrapolation into the past.  Requested time 1757088647.631763 but the earliest data is at time 1757088658.501493, when looking up transform from frame [base_link] to frame [map]
[bt_navigator-6] 
[bt_navigator-6] [WARN] [1757088668.595485910] [BehaviorTreeEngine]: Behavior Tree tick rate 100.00 was exceeded!
[planner_server-4] [ERROR] [1757088668.667881067] [transformPoseInTargetFrame]: Extrapolation Error looking up target frame: Lookup would require extrapolation into the past.  Requested time 1757088647.631763 but the earliest data is at time 1757088658.601495, when looking up transform from frame [base_link] to frame [map]
[planner_server-4] 
[bt_navigator-6] [ERROR] [1757088668.696690071] [transformPoseInTargetFrame]: Extrapolation Error looking up target frame: Lookup would require extrapolation into the past.  Requested time 1757088647.631763 but the earliest data is at time 1757088658.601495, when looking up transform from frame [base_link] to frame [map]
[bt_navigator-6] 
[bt_navigator-6] [WARN] [1757088668.696945145] [BehaviorTreeEngine]: Behavior Tree tick rate 100.00 was exceeded!
[bt_navigator-6] [ERROR] [1757088668.798076434] [transformPoseInTargetFrame]: Extrapolation Error looking up target frame: Lookup would require extrapolation into the past.  Requested time 1757088647.631763 but the earliest data is at time 1757088658.701703, when looking up transform from frame [base_link] to frame [map]
[bt_navigator-6] 
[bt_navigator-6] [WARN] [1757088668.798280546] [BehaviorTreeEngine]: Behavior Tree tick rate 100.00 was exceeded!
[bt_navigator-6] [ERROR] [1757088668.899463464] [transformPoseInTargetFrame]: Extrapolation Error looking up target frame: Lookup would require extrapolation into the past.  Requested time 1757088647.631763 but the earliest data is at time 1757088658.801479, when looking up transform from frame [base_link] to frame [map]
[bt_navigator-6] 
[bt_navigator-6] [WARN] [1757088668.899648640] [BehaviorTreeEngine]: Behavior Tree tick rate 100.00 was exceeded!
[bt_navigator-6] [ERROR] [1757088669.000743589] [transformPoseInTargetFrame]: Extrapolation Error looking up target frame: Lookup would require extrapolation into the past.  Requested time 1757088647.631763 but the earliest data is at time 1757088658.851624, when looking up transform from frame [base_link] to frame [map]
[bt_navigator-6] 
[bt_navigator-6] [WARN] [1757088669.000839823] [BehaviorTreeEngine]: Behavior Tree tick rate 100.00 was exceeded!
[bt_navigator-6] [ERROR] [1757088669.101865326] [transformPoseInTargetFrame]: Extrapolation Error looking up target frame: Lookup would require extrapolation into the past.  Requested time 1757088647.631763 but the earliest data is at time 1757088658.957283, when looking up transform from frame [base_link] to frame [map]
[bt_navigator-6] 
[bt_navigator-6] [WARN] [1757088669.102046084] [BehaviorTreeEngine]: Behavior Tree tick rate 100.00 was exceeded!
[bt_navigator-6] [ERROR] [1757088669.203453648] [transformPoseInTargetFrame]: Extrapolation Error looking up target frame: Lookup would require extrapolation into the past.  Requested time 1757088647.631763 but the earliest data is at time 1757088659.051682, when looking up transform from frame [base_link] to frame [map]
[bt_navigator-6] 
[bt_navigator-6] [WARN] [1757088669.203713905] [BehaviorTreeEngine]: Behavior Tree tick rate 100.00 was exceeded!
[bt_navigator-6] [ERROR] [1757088669.305342030] [transformPoseInTargetFrame]: Extrapolation Error looking up target frame: Lookup would require extrapolation into the past.  Requested time 1757088647.631763 but the earliest data is at time 1757088659.201550, when looking up transform from frame [base_link] to frame [map]
[bt_navigator-6] 
[bt_navigator-6] [WARN] [1757088669.305571282] [BehaviorTreeEngine]: Behavior Tree tick rate 100.00 was exceeded!
[bt_navigator-6] [ERROR] [1757088669.406925423] [transformPoseInTargetFrame]: Extrapolation Error looking up target frame: Lookup would require extrapolation into the past.  Requested time 1757088647.631763 but the earliest data is at time 1757088659.351501, when looking up transform from frame [base_link] to frame [map]
[bt_navigator-6] 
[bt_navigator-6] [WARN] [1757088669.407198126] [BehaviorTreeEngine]: Behavior Tree tick rate 100.00 was exceeded!
[bt_navigator-6] [ERROR] [1757088669.508847305] [transformPoseInTargetFrame]: Extrapolation Error looking up target frame: Lookup would require extrapolation into the past.  Requested time 1757088647.631763 but the earliest data is at time 1757088659.401505, when looking up transform from frame [base_link] to frame [map]
[bt_navigator-6] 
[bt_navigator-6] [WARN] [1757088669.509102247] [BehaviorTreeEngine]: Behavior Tree tick rate 100.00 was exceeded!
[bt_navigator-6] [ERROR] [1757088669.610573429] [transformPoseInTargetFrame]: Extrapolation Error looking up target frame: Lookup would require extrapolation into the past.  Requested time 1757088647.631763 but the earliest data is at time 1757088659.401505, when looking up transform from frame [base_link] to frame [map]
[bt_navigator-6] 
[bt_navigator-6] [WARN] [1757088669.610768627] [BehaviorTreeEngine]: Behavior Tree tick rate 100.00 was exceeded!
[planner_server-4] [ERROR] [1757088669.668351985] [transformPoseInTargetFrame]: Extrapolation Error looking up target frame: Lookup would require extrapolation into the past.  Requested time 1757088647.631763 but the earliest data is at time 1757088659.551546, when looking up transform from frame [base_link] to frame [map]
[planner_server-4] 
[bt_navigator-6] [ERROR] [1757088669.712181712] [transformPoseInTargetFrame]: Extrapolation Error looking up target frame: Lookup would require extrapolation into the past.  Requested time 1757088647.631763 but the earliest data is at time 1757088659.651610, when looking up transform from frame [base_link] to frame [map]
[bt_navigator-6] 
[bt_navigator-6] [WARN] [1757088669.712433343] [BehaviorTreeEngine]: Behavior Tree tick rate 100.00 was exceeded!
[bt_navigator-6] [ERROR] [1757088669.813933894] [transformPoseInTargetFrame]: Extrapolation Error looking up target frame: Lookup would require extrapolation into the past.  Requested time 1757088647.631763 but the earliest data is at time 1757088659.751551, when looking up transform from frame [base_link] to frame [map]
[bt_navigator-6] 
[bt_navigator-6] [WARN] [1757088669.814216062] [BehaviorTreeEngine]: Behavior Tree tick rate 100.00 was exceeded!
[bt_navigator-6] [ERROR] [1757088669.915643444] [transformPoseInTargetFrame]: Extrapolation Error looking up target frame: Lookup would require extrapolation into the past.  Requested time 1757088647.631763 but the earliest data is at time 1757088659.801716, when looking up transform from frame [base_link] to frame [map]
[bt_navigator-6] 
[bt_navigator-6] [WARN] [1757088669.915889083] [BehaviorTreeEngine]: Behavior Tree tick rate 100.00 was exceeded!
[bt_navigator-6] [ERROR] [1757088670.017458433] [transformPoseInTargetFrame]: Extrapolation Error looking up target frame: Lookup would require extrapolation into the past.  Requested time 1757088647.631763 but the earliest data is at time 1757088659.901867, when looking up transform from frame [base_link] to frame [map]
[bt_navigator-6] 
[bt_navigator-6] [WARN] [1757088670.017704338] [BehaviorTreeEngine]: Behavior Tree tick rate 100.00 was exceeded!
[bt_navigator-6] [WARN] [1757088670.048422292] [BehaviorTreeEngine]: Behavior Tree tick rate 100.00 was exceeded!
[bt_navigator-6] [WARN] [1757088670.150419838] [BehaviorTreeEngine]: Behavior Tree tick rate 100.00 was exceeded!
[planner_server-4] [WARN] [1757088670.369190270] [planner_server]: Planner loop missed its desired rate of 1.0000 Hz. Current loop rate is 0.0787 Hz
[controller_server-2] [INFO] [1757088670.388492815] [controller_server]: Received a goal, begin computing control effort.
[controller_server-2] [ERROR] [1757088671.290180784] [controller_server]: Exception in transformPose: Lookup would require extrapolation into the future.  Requested time 1757088671.051548 but the latest data is at time 1757088671.017313, when looking up transform from frame [odom] to frame [map]
[controller_server-2] [WARN] [1757088671.290366772] [controller_server]: Unable to transform robot pose into global plan's frame
[controller_server-2] [WARN] [1757088671.290677132] [controller_server]: Control loop missed its desired rate of 10.0000Hz
[controller_server-2] [ERROR] [1757088671.395180936] [controller_server]: Exception in transformPose: Lookup would require extrapolation into the future.  Requested time 1757088671.051548 but the latest data is at time 1757088671.017313, when looking up transform from frame [odom] to frame [map]
[controller_server-2] [WARN] [1757088671.395322121] [controller_server]: Unable to transform robot pose into global plan's frame
[controller_server-2] [WARN] [1757088671.395610530] [controller_server]: Control loop missed its desired rate of 10.0000Hz
[controller_server-2] [ERROR] [1757088671.497024363] [controller_server]: Exception in transformPose: Lookup would require extrapolation into the future.  Requested time 1757088671.051548 but the latest data is at time 1757088671.017313, when looking up transform from frame [odom] to frame [map]
[controller_server-2] [WARN] [1757088671.497165829] [controller_server]: Unable to transform robot pose into global plan's frame
[controller_server-2] [WARN] [1757088671.497428823] [controller_server]: Control loop missed its desired rate of 10.0000Hz
[controller_server-2] [INFO] [1757088671.497483593] [controller_server]: Passing new path to controller.
[controller_server-2] [ERROR] [1757088671.600953603] [controller_server]: Exception in transformPose: Lookup would require extrapolation into the future.  Requested time 1757088671.051548 but the latest data is at time 1757088671.017313, when looking up transform from frame [odom] to frame [map]
[controller_server-2] [WARN] [1757088671.601069892] [controller_server]: Unable to transform robot pose into global plan's frame
[controller_server-2] [WARN] [1757088671.601275942] [controller_server]: Control loop missed its desired rate of 10.0000Hz
[controller_server-2] [ERROR] [1757088671.702275773] [controller_server]: Exception in transformPose: Lookup would require extrapolation into the future.  Requested time 1757088671.051548 but the latest data is at time 1757088671.017313, when looking up transform from frame [odom] to frame [map]
[controller_server-2] [WARN] [1757088671.702398102] [controller_server]: Unable to transform robot pose into global plan's frame
[controller_server-2] [WARN] [1757088671.702563001] [controller_server]: Control loop missed its desired rate of 10.0000Hz
[controller_server-2] [ERROR] [1757088671.806242705] [controller_server]: Exception in transformPose: Lookup would require extrapolation into the future.  Requested time 1757088671.051548 but the latest data is at time 1757088671.017313, when looking up transform from frame [odom] to frame [map]
[controller_server-2] [WARN] [1757088671.806383640] [controller_server]: Unable to transform robot pose into global plan's frame
[controller_server-2] [WARN] [1757088671.806672712] [controller_server]: Control loop missed its desired rate of 10.0000Hz
[controller_server-2] [ERROR] [1757088671.908176548] [controller_server]: Exception in transformPose: Lookup would require extrapolation into the future.  Requested time 1757088671.739146 but the latest data is at time 1757088671.017313, when looking up transform from frame [odom] to frame [map]
[controller_server-2] [WARN] [1757088671.908298418] [controller_server]: Unable to transform robot pose into global plan's frame
[controller_server-2] [WARN] [1757088671.908478889] [controller_server]: Control loop missed its desired rate of 10.0000Hz
[controller_server-2] [ERROR] [1757088672.011510264] [controller_server]: Exception in transformPose: Lookup would require extrapolation into the future.  Requested time 1757088671.859870 but the latest data is at time 1757088671.017313, when looking up transform from frame [odom] to frame [map]
[controller_server-2] [WARN] [1757088672.011627289] [controller_server]: Unable to transform robot pose into global plan's frame
[controller_server-2] [WARN] [1757088672.011811633] [controller_server]: Control loop missed its desired rate of 10.0000Hz
[controller_server-2] [ERROR] [1757088672.113082049] [controller_server]: Exception in transformPose: Lookup would require extrapolation into the future.  Requested time 1757088671.951518 but the latest data is at time 1757088671.017313, when looking up transform from frame [odom] to frame [map]
[controller_server-2] [WARN] [1757088672.113211612] [controller_server]: Unable to transform robot pose into global plan's frame
[controller_server-2] [WARN] [1757088672.113409983] [controller_server]: Control loop missed its desired rate of 10.0000Hz
[controller_server-2] [ERROR] [1757088672.216682345] [controller_server]: Exception in transformPose: Lookup would require extrapolation into the future.  Requested time 1757088672.052799 but the latest data is at time 1757088671.017313, when looking up transform from frame [odom] to frame [map]
[controller_server-2] [WARN] [1757088672.216801880] [controller_server]: Unable to transform robot pose into global plan's frame
[controller_server-2] [WARN] [1757088672.217015288] [controller_server]: Control loop missed its desired rate of 10.0000Hz
[controller_server-2] [ERROR] [1757088672.318198779] [controller_server]: Exception in transformPose: Lookup would require extrapolation into the future.  Requested time 1757088672.101582 but the latest data is at time 1757088671.017313, when looking up transform from frame [odom] to frame [map]
[controller_server-2] [WARN] [1757088672.318324151] [controller_server]: Unable to transform robot pose into global plan's frame
[controller_server-2] [WARN] [1757088672.318508628] [controller_server]: Control loop missed its desired rate of 10.0000Hz
[controller_server-2] [ERROR] [1757088672.422133258] [controller_server]: Exception in transformPose: Lookup would require extrapolation into the future.  Requested time 1757088672.251625 but the latest data is at time 1757088671.017313, when looking up transform from frame [odom] to frame [map]
[controller_server-2] [WARN] [1757088672.422324899] [controller_server]: Unable to transform robot pose into global plan's frame
[controller_server-2] [WARN] [1757088672.422686299] [controller_server]: Control loop missed its desired rate of 10.0000Hz
[controller_server-2] [ERROR] [1757088672.524582638] [controller_server]: Exception in transformPose: Lookup would require extrapolation into the future.  Requested time 1757088672.351713 but the latest data is at time 1757088671.017313, when looking up transform from frame [odom] to frame [map]
[controller_server-2] [WARN] [1757088672.524730367] [controller_server]: Unable to transform robot pose into global plan's frame
[controller_server-2] [WARN] [1757088672.525013583] [controller_server]: Control loop missed its desired rate of 10.0000Hz
[controller_server-2] [INFO] [1757088672.525069254] [controller_server]: Passing new path to controller.
[controller_server-2] [ERROR] [1757088672.628629591] [controller_server]: Exception in transformPose: Lookup would require extrapolation into the future.  Requested time 1757088672.454069 but the latest data is at time 1757088671.017313, when looking up transform from frame [odom] to frame [map]
[controller_server-2] [WARN] [1757088672.628747941] [controller_server]: Unable to transform robot pose into global plan's frame
[controller_server-2] [WARN] [1757088672.628934663] [controller_server]: Control loop missed its desired rate of 10.0000Hz
[controller_server-2] [ERROR] [1757088672.730176029] [controller_server]: Exception in transformPose: Lookup would require extrapolation into the future.  Requested time 1757088672.551559 but the latest data is at time 1757088671.017313, when looking up transform from frame [odom] to frame [map]
[controller_server-2] [WARN] [1757088672.730402893] [controller_server]: Unable to transform robot pose into global plan's frame
[controller_server-2] [WARN] [1757088672.730700625] [controller_server]: Control loop missed its desired rate of 10.0000Hz
[controller_server-2] [ERROR] [1757088672.834114157] [controller_server]: Exception in transformPose: Lookup would require extrapolation into the future.  Requested time 1757088672.551559 but the latest data is at time 1757088671.017313, when looking up transform from frame [odom] to frame [map]
[controller_server-2] [WARN] [1757088672.834243655] [controller_server]: Unable to transform robot pose into global plan's frame
[controller_server-2] [WARN] [1757088672.834542613] [controller_server]: Control loop missed its desired rate of 10.0000Hz
[controller_server-2] [ERROR] [1757088672.935917567] [controller_server]: Exception in transformPose: Lookup would require extrapolation into the future.  Requested time 1757088672.551559 but the latest data is at time 1757088671.017313, when looking up transform from frame [odom] to frame [map]
[controller_server-2] [WARN] [1757088672.936059041] [controller_server]: Unable to transform robot pose into global plan's frame
[controller_server-2] [WARN] [1757088672.936342760] [controller_server]: Control loop missed its desired rate of 10.0000Hz
[controller_server-2] [ERROR] [1757088673.039711356] [controller_server]: Exception in transformPose: Lookup would require extrapolation into the future.  Requested time 1757088672.551559 but the latest data is at time 1757088671.017313, when looking up transform from frame [odom] to frame [map]
[controller_server-2] [WARN] [1757088673.039845709] [controller_server]: Unable to transform robot pose into global plan's frame
[controller_server-2] [WARN] [1757088673.040099753] [controller_server]: Control loop missed its desired rate of 10.0000Hz
[controller_server-2] [ERROR] [1757088673.141498402] [controller_server]: Exception in transformPose: Lookup would require extrapolation into the future.  Requested time 1757088672.551559 but the latest data is at time 1757088671.017313, when looking up transform from frame [odom] to frame [map]
[controller_server-2] [WARN] [1757088673.141644182] [controller_server]: Unable to transform robot pose into global plan's frame
[controller_server-2] [ERROR] [1757088673.141714088] [controller_server]: Controller patience exceeded
[controller_server-2] [WARN] [1757088673.141812524] [controller_server]: [follow_path] [ActionServer] Aborting handle.
[controller_server-2] [INFO] [1757088673.160899340] [local_costmap.local_costmap]: Received request to clear entirely the local_costmap
[controller_server-2] [INFO] [1757088673.162358229] [controller_server]: Received a goal, begin computing control effort.
[controller_server-2] [ERROR] [1757088673.354439536] [controller_server]: Exception in transformPose: Lookup would require extrapolation into the future.  Requested time 1757088672.551559 but the latest data is at time 1757088671.017313, when looking up transform from frame [odom] to frame [map]
[controller_server-2] [WARN] [1757088673.354573074] [controller_server]: Unable to transform robot pose into global plan's frame
[controller_server-2] [WARN] [1757088673.354763725] [controller_server]: Control loop missed its desired rate of 10.0000Hz
[controller_server-2] [WARN] [1757088673.405999172] [controller_server]: Control loop missed its desired rate of 10.0000Hz
[controller_server-2] [INFO] [1757088673.562554574] [controller_server]: Passing new path to controller.
[controller_server-2] [ERROR] [1757088673.763763828] [controller_server]: Exception in transformPose: Lookup would require extrapolation into the future.  Requested time 1757088673.601617 but the latest data is at time 1757088673.497532, when looking up transform from frame [odom] to frame [map]
[controller_server-2] [WARN] [1757088673.763880879] [controller_server]: Unable to transform robot pose into global plan's frame
[controller_server-2] [WARN] [1757088673.764068093] [controller_server]: Control loop missed its desired rate of 10.0000Hz
[explore-10] [ERROR] [1757088673.823973328] [explore_node]: Extrapolation Error looking up robot pose: Lookup would require extrapolation into the future.  Requested time 1757088673.520587 but the latest data is at time 1757088673.497532, when looking up transform from frame [base_link] to frame [map]
[explore-10] 
[controller_server-2] [ERROR] [1757088673.865298433] [controller_server]: Exception in transformPose: Lookup would require extrapolation into the future.  Requested time 1757088673.701521 but the latest data is at time 1757088673.497532, when looking up transform from frame [odom] to frame [map]
[controller_server-2] [WARN] [1757088673.865439975] [controller_server]: Unable to transform robot pose into global plan's frame
[controller_server-2] [WARN] [1757088673.865737824] [controller_server]: Control loop missed its desired rate of 10.0000Hz
[controller_server-2] [ERROR] [1757088673.969192273] [controller_server]: Exception in transformPose: Lookup would require extrapolation into the future.  Requested time 1757088673.801488 but the latest data is at time 1757088673.497532, when looking up transform from frame [odom] to frame [map]
[controller_server-2] [WARN] [1757088673.969311655] [controller_server]: Unable to transform robot pose into global plan's frame
[controller_server-2] [WARN] [1757088673.969768554] [controller_server]: Control loop missed its desired rate of 10.0000Hz
[controller_server-2] [INFO] [1757088674.562571407] [controller_server]: Passing new path to controller.
[controller_server-2] [ERROR] [1757088674.664281139] [controller_server]: Exception in transformPose: Lookup would require extrapolation into the future.  Requested time 1757088674.501475 but the latest data is at time 1757088674.445531, when looking up transform from frame [odom] to frame [map]
[controller_server-2] [WARN] [1757088674.664435126] [controller_server]: Unable to transform robot pose into global plan's frame
[controller_server-2] [WARN] [1757088674.664759324] [controller_server]: Control loop missed its desired rate of 10.0000Hz
[controller_server-2] [ERROR] [1757088674.767925749] [controller_server]: Exception in transformPose: Lookup would require extrapolation into the future.  Requested time 1757088674.551927 but the latest data is at time 1757088674.445531, when looking up transform from frame [odom] to frame [map]
[controller_server-2] [WARN] [1757088674.768064625] [controller_server]: Unable to transform robot pose into global plan's frame
[controller_server-2] [WARN] [1757088674.768328084] [controller_server]: Control loop missed its desired rate of 10.0000Hz
[controller_server-2] [ERROR] [1757088674.869900816] [controller_server]: Exception in transformPose: Lookup would require extrapolation into the future.  Requested time 1757088674.701498 but the latest data is at time 1757088674.445531, when looking up transform from frame [odom] to frame [map]
[controller_server-2] [WARN] [1757088674.870053729] [controller_server]: Unable to transform robot pose into global plan's frame
[controller_server-2] [WARN] [1757088674.870326772] [controller_server]: Control loop missed its desired rate of 10.0000Hz
[controller_server-2] [ERROR] [1757088674.974515111] [controller_server]: Exception in transformPose: Lookup would require extrapolation into the future.  Requested time 1757088674.801496 but the latest data is at time 1757088674.445531, when looking up transform from frame [odom] to frame [map]
[controller_server-2] [WARN] [1757088674.974648152] [controller_server]: Unable to transform robot pose into global plan's frame
[controller_server-2] [WARN] [1757088674.974936285] [controller_server]: Control loop missed its desired rate of 10.0000Hz
[controller_server-2] [ERROR] [1757088675.463971767] [controller_server]: Exception in transformPose: Lookup would require extrapolation into the future.  Requested time 1757088675.301525 but the latest data is at time 1757088675.223909, when looking up transform from frame [odom] to frame [map]
[controller_server-2] [WARN] [1757088675.464131724] [controller_server]: Unable to transform robot pose into global plan's frame
[controller_server-2] [WARN] [1757088675.464427856] [controller_server]: Control loop missed its desired rate of 10.0000Hz
[controller_server-2] [INFO] [1757088675.562564792] [controller_server]: Passing new path to controller.
[controller_server-2] [ERROR] [1757088675.763503311] [controller_server]: Exception in transformPose: Lookup would require extrapolation into the future.  Requested time 1757088675.601513 but the latest data is at time 1757088675.530621, when looking up transform from frame [odom] to frame [map]
[controller_server-2] [WARN] [1757088675.763621529] [controller_server]: Unable to transform robot pose into global plan's frame
[controller_server-2] [WARN] [1757088675.763806613] [controller_server]: Control loop missed its desired rate of 10.0000Hz
[controller_server-2] [INFO] [1757088676.562564094] [controller_server]: Passing new path to controller.
[controller_server-2] [ERROR] [1757088676.864162886] [controller_server]: Exception in transformPose: Lookup would require extrapolation into the future.  Requested time 1757088676.701513 but the latest data is at time 1757088676.698357, when looking up transform from frame [odom] to frame [map]
[controller_server-2] [WARN] [1757088676.864283919] [controller_server]: Unable to transform robot pose into global plan's frame
[controller_server-2] [WARN] [1757088676.864539169] [controller_server]: Control loop missed its desired rate of 10.0000Hz
[controller_server-2] [ERROR] [1757088676.967937878] [controller_server]: Exception in transformPose: Lookup would require extrapolation into the future.  Requested time 1757088676.801500 but the latest data is at time 1757088676.698357, when looking up transform from frame [odom] to frame [map]
[controller_server-2] [WARN] [1757088676.968041651] [controller_server]: Unable to transform robot pose into global plan's frame
[controller_server-2] [WARN] [1757088676.968219321] [controller_server]: Control loop missed its desired rate of 10.0000Hz
[controller_server-2] [ERROR] [1757088677.069247845] [controller_server]: Exception in transformPose: Lookup would require extrapolation into the future.  Requested time 1757088676.901493 but the latest data is at time 1757088676.698357, when looking up transform from frame [odom] to frame [map]
[controller_server-2] [WARN] [1757088677.069361848] [controller_server]: Unable to transform robot pose into global plan's frame
[controller_server-2] [WARN] [1757088677.069545386] [controller_server]: Control loop missed its desired rate of 10.0000Hz
[controller_server-2] [ERROR] [1757088677.173573318] [controller_server]: Exception in transformPose: Lookup would require extrapolation into the future.  Requested time 1757088677.001535 but the latest data is at time 1757088676.698357, when looking up transform from frame [odom] to frame [map]
[controller_server-2] [WARN] [1757088677.173775763] [controller_server]: Unable to transform robot pose into global plan's frame
[controller_server-2] [WARN] [1757088677.174191064] [controller_server]: Control loop missed its desired rate of 10.0000Hz
[controller_server-2] [ERROR] [1757088677.275376450] [controller_server]: Exception in transformPose: Lookup would require extrapolation into the future.  Requested time 1757088677.101502 but the latest data is at time 1757088676.698357, when looking up transform from frame [odom] to frame [map]
[controller_server-2] [WARN] [1757088677.275518224] [controller_server]: Unable to transform robot pose into global plan's frame
[controller_server-2] [WARN] [1757088677.275799465] [controller_server]: Control loop missed its desired rate of 10.0000Hz
[controller_server-2] [ERROR] [1757088677.379862278] [controller_server]: Exception in transformPose: Lookup would require extrapolation into the future.  Requested time 1757088677.201499 but the latest data is at time 1757088676.698357, when looking up transform from frame [odom] to frame [map]
[controller_server-2] [WARN] [1757088677.379979874] [controller_server]: Unable to transform robot pose into global plan's frame
[controller_server-2] [WARN] [1757088677.380158828] [controller_server]: Control loop missed its desired rate of 10.0000Hz
[controller_server-2] [ERROR] [1757088677.481319324] [controller_server]: Exception in transformPose: Lookup would require extrapolation into the future.  Requested time 1757088677.301481 but the latest data is at time 1757088676.698357, when looking up transform from frame [odom] to frame [map]
[controller_server-2] [WARN] [1757088677.481425574] [controller_server]: Unable to transform robot pose into global plan's frame
[controller_server-2] [WARN] [1757088677.481598445] [controller_server]: Control loop missed its desired rate of 10.0000Hz
[controller_server-2] [ERROR] [1757088677.585140322] [controller_server]: Exception in transformPose: Lookup would require extrapolation into the future.  Requested time 1757088677.401496 but the latest data is at time 1757088676.698357, when looking up transform from frame [odom] to frame [map]
[controller_server-2] [WARN] [1757088677.585304069] [controller_server]: Unable to transform robot pose into global plan's frame
[controller_server-2] [WARN] [1757088677.585620462] [controller_server]: Control loop missed its desired rate of 10.0000Hz
[controller_server-2] [ERROR] [1757088677.687039851] [controller_server]: Exception in transformPose: Lookup would require extrapolation into the future.  Requested time 1757088677.501529 but the latest data is at time 1757088676.698357, when looking up transform from frame [odom] to frame [map]
[controller_server-2] [WARN] [1757088677.687159552] [controller_server]: Unable to transform robot pose into global plan's frame
[controller_server-2] [WARN] [1757088677.687347862] [controller_server]: Control loop missed its desired rate of 10.0000Hz
[controller_server-2] [INFO] [1757088677.687386149] [controller_server]: Passing new path to controller.
[controller_server-2] [ERROR] [1757088677.791235731] [controller_server]: Exception in transformPose: Lookup would require extrapolation into the future.  Requested time 1757088677.601507 but the latest data is at time 1757088676.698357, when looking up transform from frame [odom] to frame [map]
[controller_server-2] [WARN] [1757088677.791379242] [controller_server]: Unable to transform robot pose into global plan's frame
[controller_server-2] [WARN] [1757088677.791661041] [controller_server]: Control loop missed its desired rate of 10.0000Hz
[controller_server-2] [ERROR] [1757088677.892962335] [controller_server]: Exception in transformPose: Lookup would require extrapolation into the future.  Requested time 1757088677.701505 but the latest data is at time 1757088676.698357, when looking up transform from frame [odom] to frame [map]
[controller_server-2] [WARN] [1757088677.893067009] [controller_server]: Unable to transform robot pose into global plan's frame
[controller_server-2] [WARN] [1757088677.893272384] [controller_server]: Control loop missed its desired rate of 10.0000Hz
[controller_server-2] [ERROR] [1757088677.996406556] [controller_server]: Exception in transformPose: Lookup would require extrapolation into the future.  Requested time 1757088677.801504 but the latest data is at time 1757088676.698357, when looking up transform from frame [odom] to frame [map]
[controller_server-2] [WARN] [1757088677.996542943] [controller_server]: Unable to transform robot pose into global plan's frame
[controller_server-2] [WARN] [1757088677.996812933] [controller_server]: Control loop missed its desired rate of 10.0000Hz
[controller_server-2] [ERROR] [1757088678.098255957] [controller_server]: Exception in transformPose: Lookup would require extrapolation into the future.  Requested time 1757088677.901496 but the latest data is at time 1757088676.698357, when looking up transform from frame [odom] to frame [map]
[controller_server-2] [WARN] [1757088678.098408794] [controller_server]: Unable to transform robot pose into global plan's frame
[controller_server-2] [WARN] [1757088678.098689554] [controller_server]: Control loop missed its desired rate of 10.0000Hz
[controller_server-2] [ERROR] [1757088678.202598002] [controller_server]: Exception in transformPose: Lookup would require extrapolation into the future.  Requested time 1757088677.901496 but the latest data is at time 1757088676.698357, when looking up transform from frame [odom] to frame [map]
[controller_server-2] [WARN] [1757088678.202721802] [controller_server]: Unable to transform robot pose into global plan's frame
[controller_server-2] [WARN] [1757088678.202920902] [controller_server]: Control loop missed its desired rate of 10.0000Hz
[controller_server-2] [ERROR] [1757088678.304361032] [controller_server]: Exception in transformPose: Lookup would require extrapolation into the future.  Requested time 1757088677.901496 but the latest data is at time 1757088676.698357, when looking up transform from frame [odom] to frame [map]
[controller_server-2] [WARN] [1757088678.304529516] [controller_server]: Unable to transform robot pose into global plan's frame
[controller_server-2] [WARN] [1757088678.304853584] [controller_server]: Control loop missed its desired rate of 10.0000Hz
[controller_server-2] [ERROR] [1757088678.408971519] [controller_server]: Exception in transformPose: Lookup would require extrapolation into the future.  Requested time 1757088677.901496 but the latest data is at time 1757088676.698357, when looking up transform from frame [odom] to frame [map]
[controller_server-2] [WARN] [1757088678.409074750] [controller_server]: Unable to transform robot pose into global plan's frame
[controller_server-2] [WARN] [1757088678.409269342] [controller_server]: Control loop missed its desired rate of 10.0000Hz
[controller_server-2] [ERROR] [1757088678.510638429] [controller_server]: Exception in transformPose: Lookup would require extrapolation into the future.  Requested time 1757088677.901496 but the latest data is at time 1757088676.698357, when looking up transform from frame [odom] to frame [map]
[controller_server-2] [WARN] [1757088678.510779966] [controller_server]: Unable to transform robot pose into global plan's frame
[controller_server-2] [WARN] [1757088678.511059654] [controller_server]: Control loop missed its desired rate of 10.0000Hz
[controller_server-2] [ERROR] [1757088678.615124396] [controller_server]: Exception in transformPose: Lookup would require extrapolation into the future.  Requested time 1757088677.901496 but the latest data is at time 1757088676.698357, when looking up transform from frame [odom] to frame [map]
[controller_server-2] [WARN] [1757088678.615343952] [controller_server]: Unable to transform robot pose into global plan's frame
[controller_server-2] [WARN] [1757088678.615618528] [controller_server]: Control loop missed its desired rate of 10.0000Hz
[controller_server-2] [ERROR] [1757088678.717048158] [controller_server]: Exception in transformPose: Lookup would require extrapolation into the future.  Requested time 1757088677.901496 but the latest data is at time 1757088676.698357, when looking up transform from frame [odom] to frame [map]
[controller_server-2] [WARN] [1757088678.717236734] [controller_server]: Unable to transform robot pose into global plan's frame
[controller_server-2] [ERROR] [1757088678.717387519] [controller_server]: Controller patience exceeded
[controller_server-2] [WARN] [1757088678.717548543] [controller_server]: [follow_path] [ActionServer] Aborting handle.
[controller_server-2] [INFO] [1757088678.717693247] [controller_server]: Received a goal, begin computing control effort.
[controller_server-2] [ERROR] [1757088678.821213440] [controller_server]: Exception in transformPose: Lookup would require extrapolation into the future.  Requested time 1757088678.671939 but the latest data is at time 1757088676.698357, when looking up transform from frame [odom] to frame [map]
[controller_server-2] [WARN] [1757088678.821319425] [controller_server]: Unable to transform robot pose into global plan's frame
[controller_server-2] [WARN] [1757088678.821501371] [controller_server]: Control loop missed its desired rate of 10.0000Hz
[controller_server-2] [ERROR] [1757088678.922921840] [controller_server]: Exception in transformPose: Lookup would require extrapolation into the future.  Requested time 1757088678.751549 but the latest data is at time 1757088676.698357, when looking up transform from frame [odom] to frame [map]
[controller_server-2] [WARN] [1757088678.923077025] [controller_server]: Unable to transform robot pose into global plan's frame
[controller_server-2] [WARN] [1757088678.923383900] [controller_server]: Control loop missed its desired rate of 10.0000Hz
[controller_server-2] [ERROR] [1757088679.027801584] [controller_server]: Exception in transformPose: Lookup would require extrapolation into the future.  Requested time 1757088678.851773 but the latest data is at time 1757088676.698357, when looking up transform from frame [odom] to frame [map]
[controller_server-2] [WARN] [1757088679.027957417] [controller_server]: Unable to transform robot pose into global plan's frame
[controller_server-2] [WARN] [1757088679.028247728] [controller_server]: Control loop missed its desired rate of 10.0000Hz
[controller_server-2] [ERROR] [1757088679.129743961] [controller_server]: Exception in transformPose: Lookup would require extrapolation into the future.  Requested time 1757088678.951662 but the latest data is at time 1757088676.698357, when looking up transform from frame [odom] to frame [map]
[controller_server-2] [WARN] [1757088679.129916689] [controller_server]: Unable to transform robot pose into global plan's frame
[controller_server-2] [WARN] [1757088679.130291717] [controller_server]: Control loop missed its desired rate of 10.0000Hz
[controller_server-2] [ERROR] [1757088679.233738640] [controller_server]: Exception in transformPose: Lookup would require extrapolation into the future.  Requested time 1757088679.051663 but the latest data is at time 1757088676.698357, when looking up transform from frame [odom] to frame [map]
[controller_server-2] [WARN] [1757088679.233892127] [controller_server]: Unable to transform robot pose into global plan's frame
[controller_server-2] [WARN] [1757088679.234213148] [controller_server]: Control loop missed its desired rate of 10.0000Hz
[controller_server-2] [ERROR] [1757088679.335635548] [controller_server]: Exception in transformPose: Lookup would require extrapolation into the future.  Requested time 1757088679.151530 but the latest data is at time 1757088676.698357, when looking up transform from frame [odom] to frame [map]
[controller_server-2] [WARN] [1757088679.335759624] [controller_server]: Unable to transform robot pose into global plan's frame
[controller_server-2] [WARN] [1757088679.335941977] [controller_server]: Control loop missed its desired rate of 10.0000Hz
[controller_server-2] [ERROR] [1757088679.439291467] [controller_server]: Exception in transformPose: Lookup would require extrapolation into the future.  Requested time 1757088679.251619 but the latest data is at time 1757088676.698357, when looking up transform from frame [odom] to frame [map]
[controller_server-2] [WARN] [1757088679.439410094] [controller_server]: Unable to transform robot pose into global plan's frame
[controller_server-2] [WARN] [1757088679.439680339] [controller_server]: Control loop missed its desired rate of 10.0000Hz
[controller_server-2] [ERROR] [1757088679.540816964] [controller_server]: Exception in transformPose: Lookup would require extrapolation into the future.  Requested time 1757088679.354296 but the latest data is at time 1757088676.698357, when looking up transform from frame [odom] to frame [map]
[controller_server-2] [WARN] [1757088679.540937969] [controller_server]: Unable to transform robot pose into global plan's frame
[controller_server-2] [WARN] [1757088679.541134821] [controller_server]: Control loop missed its desired rate of 10.0000Hz
[controller_server-2] [ERROR] [1757088679.644602305] [controller_server]: Exception in transformPose: Lookup would require extrapolation into the future.  Requested time 1757088679.452601 but the latest data is at time 1757088676.698357, when looking up transform from frame [odom] to frame [map]
[controller_server-2] [WARN] [1757088679.644724194] [controller_server]: Unable to transform robot pose into global plan's frame
[controller_server-2] [WARN] [1757088679.644909685] [controller_server]: Control loop missed its desired rate of 10.0000Hz
[controller_server-2] [ERROR] [1757088679.746016394] [controller_server]: Exception in transformPose: Lookup would require extrapolation into the future.  Requested time 1757088679.551577 but the latest data is at time 1757088676.698357, when looking up transform from frame [odom] to frame [map]
[controller_server-2] [WARN] [1757088679.746147730] [controller_server]: Unable to transform robot pose into global plan's frame
[controller_server-2] [WARN] [1757088679.746337065] [controller_server]: Control loop missed its desired rate of 10.0000Hz
[controller_server-2] [INFO] [1757088679.746364756] [controller_server]: Passing new path to controller.
[controller_server-2] [ERROR] [1757088679.849721037] [controller_server]: Exception in transformPose: Lookup would require extrapolation into the future.  Requested time 1757088679.701468 but the latest data is at time 1757088676.698357, when looking up transform from frame [odom] to frame [map]
[controller_server-2] [WARN] [1757088679.849807688] [controller_server]: Unable to transform robot pose into global plan's frame
[controller_server-2] [WARN] [1757088679.849943390] [controller_server]: Control loop missed its desired rate of 10.0000Hz
[controller_server-2] [ERROR] [1757088679.952719054] [controller_server]: Exception in transformPose: Lookup would require extrapolation into the future.  Requested time 1757088679.751766 but the latest data is at time 1757088676.698357, when looking up transform from frame [odom] to frame [map]
[controller_server-2] [WARN] [1757088679.952868616] [controller_server]: Unable to transform robot pose into global plan's frame
[controller_server-2] [WARN] [1757088679.953200507] [controller_server]: Control loop missed its desired rate of 10.0000Hz
[controller_server-2] [ERROR] [1757088680.054881661] [controller_server]: Exception in transformPose: Lookup would require extrapolation into the future.  Requested time 1757088679.901531 but the latest data is at time 1757088676.698357, when looking up transform from frame [odom] to frame [map]
[controller_server-2] [WARN] [1757088680.055109133] [controller_server]: Unable to transform robot pose into global plan's frame
[controller_server-2] [WARN] [1757088680.055334450] [controller_server]: Control loop missed its desired rate of 10.0000Hz
[controller_server-2] [ERROR] [1757088680.158959982] [controller_server]: Exception in transformPose: Lookup would require extrapolation into the future.  Requested time 1757088679.951478 but the latest data is at time 1757088676.698357, when looking up transform from frame [odom] to frame [map]
[controller_server-2] [WARN] [1757088680.159081336] [controller_server]: Unable to transform robot pose into global plan's frame
[controller_server-2] [WARN] [1757088680.159270492] [controller_server]: Control loop missed its desired rate of 10.0000Hz
[controller_server-2] [ERROR] [1757088680.260457785] [controller_server]: Exception in transformPose: Lookup would require extrapolation into the future.  Requested time 1757088680.101650 but the latest data is at time 1757088676.698357, when looking up transform from frame [odom] to frame [map]
[controller_server-2] [WARN] [1757088680.260618522] [controller_server]: Unable to transform robot pose into global plan's frame
[controller_server-2] [WARN] [1757088680.260983273] [controller_server]: Control loop missed its desired rate of 10.0000Hz
[controller_server-2] [ERROR] [1757088680.364711684] [controller_server]: Exception in transformPose: Lookup would require extrapolation into the future.  Requested time 1757088680.202083 but the latest data is at time 1757088676.698357, when looking up transform from frame [odom] to frame [map]
[controller_server-2] [WARN] [1757088680.364873687] [controller_server]: Unable to transform robot pose into global plan's frame
[controller_server-2] [WARN] [1757088680.365171392] [controller_server]: Control loop missed its desired rate of 10.0000Hz
[controller_server-2] [ERROR] [1757088680.466722116] [controller_server]: Exception in transformPose: Lookup would require extrapolation into the future.  Requested time 1757088680.301543 but the latest data is at time 1757088676.698357, when looking up transform from frame [odom] to frame [map]
[controller_server-2] [WARN] [1757088680.466871188] [controller_server]: Unable to transform robot pose into global plan's frame
[controller_server-2] [WARN] [1757088680.467156813] [controller_server]: Control loop missed its desired rate of 10.0000Hz
[explore-10] [ERROR] [1757088680.490662037] [explore_node]: Extrapolation Error looking up robot pose: Lookup would require extrapolation into the future.  Requested time 1757088680.186717 but the latest data is at time 1757088676.698357, when looking up transform from frame [base_link] to frame [map]
[explore-10] 
[controller_server-2] [ERROR] [1757088680.570666008] [controller_server]: Exception in transformPose: Lookup would require extrapolation into the future.  Requested time 1757088680.401573 but the latest data is at time 1757088676.698357, when looking up transform from frame [odom] to frame [map]
[controller_server-2] [WARN] [1757088680.570816769] [controller_server]: Unable to transform robot pose into global plan's frame
[controller_server-2] [WARN] [1757088680.571099309] [controller_server]: Control loop missed its desired rate of 10.0000Hz
[controller_server-2] [ERROR] [1757088680.672676797] [controller_server]: Exception in transformPose: Lookup would require extrapolation into the future.  Requested time 1757088680.501506 but the latest data is at time 1757088676.698357, when looking up transform from frame [odom] to frame [map]
[controller_server-2] [WARN] [1757088680.672826484] [controller_server]: Unable to transform robot pose into global plan's frame
[controller_server-2] [WARN] [1757088680.673110979] [controller_server]: Control loop missed its desired rate of 10.0000Hz
[controller_server-2] [ERROR] [1757088680.776856180] [controller_server]: Exception in transformPose: Lookup would require extrapolation into the future.  Requested time 1757088680.551838 but the latest data is at time 1757088676.698357, when looking up transform from frame [odom] to frame [map]
[controller_server-2] [WARN] [1757088680.777003419] [controller_server]: Unable to transform robot pose into global plan's frame
[controller_server-2] [ERROR] [1757088680.777081589] [controller_server]: Controller patience exceeded
[controller_server-2] [WARN] [1757088680.777204299] [controller_server]: [follow_path] [ActionServer] Aborting handle.
[controller_server-2] [INFO] [1757088680.777432303] [controller_server]: Received a goal, begin computing control effort.
[controller_server-2] [ERROR] [1757088680.878801570] [controller_server]: Exception in transformPose: Lookup would require extrapolation into the future.  Requested time 1757088680.551838 but the latest data is at time 1757088676.698357, when looking up transform from frame [odom] to frame [map]
[controller_server-2] [WARN] [1757088680.878946377] [controller_server]: Unable to transform robot pose into global plan's frame
[controller_server-2] [WARN] [1757088680.879227927] [controller_server]: Control loop missed its desired rate of 10.0000Hz
[controller_server-2] [ERROR] [1757088680.982348712] [controller_server]: Exception in transformPose: Lookup would require extrapolation into the future.  Requested time 1757088680.551838 but the latest data is at time 1757088676.698357, when looking up transform from frame [odom] to frame [map]
[controller_server-2] [WARN] [1757088680.982499808] [controller_server]: Unable to transform robot pose into global plan's frame
[controller_server-2] [WARN] [1757088680.982796845] [controller_server]: Control loop missed its desired rate of 10.0000Hz
[controller_server-2] [ERROR] [1757088681.084550110] [controller_server]: Exception in transformPose: Lookup would require extrapolation into the future.  Requested time 1757088680.551838 but the latest data is at time 1757088676.698357, when looking up transform from frame [odom] to frame [map]
[controller_server-2] [WARN] [1757088681.084724429] [controller_server]: Unable to transform robot pose into global plan's frame
[controller_server-2] [WARN] [1757088681.085046918] [controller_server]: Control loop missed its desired rate of 10.0000Hz
[controller_server-2] [ERROR] [1757088681.189392337] [controller_server]: Exception in transformPose: Lookup would require extrapolation into the future.  Requested time 1757088680.551838 but the latest data is at time 1757088676.698357, when looking up transform from frame [odom] to frame [map]
[controller_server-2] [WARN] [1757088681.189610144] [controller_server]: Unable to transform robot pose into global plan's frame
[controller_server-2] [WARN] [1757088681.189983276] [controller_server]: Control loop missed its desired rate of 10.0000Hz
[controller_server-2] [ERROR] [1757088681.291174285] [controller_server]: Exception in transformPose: Lookup would require extrapolation into the future.  Requested time 1757088680.551838 but the latest data is at time 1757088676.698357, when looking up transform from frame [odom] to frame [map]
[controller_server-2] [WARN] [1757088681.291294044] [controller_server]: Unable to transform robot pose into global plan's frame
[controller_server-2] [WARN] [1757088681.291496785] [controller_server]: Control loop missed its desired rate of 10.0000Hz
[controller_server-2] [ERROR] [1757088681.395075579] [controller_server]: Exception in transformPose: Lookup would require extrapolation into the future.  Requested time 1757088680.551838 but the latest data is at time 1757088676.698357, when looking up transform from frame [odom] to frame [map]
[controller_server-2] [WARN] [1757088681.395206436] [controller_server]: Unable to transform robot pose into global plan's frame
[controller_server-2] [WARN] [1757088681.395399562] [controller_server]: Control loop missed its desired rate of 10.0000Hz
[controller_server-2] [ERROR] [1757088681.496873535] [controller_server]: Exception in transformPose: Lookup would require extrapolation into the future.  Requested time 1757088681.358432 but the latest data is at time 1757088676.698357, when looking up transform from frame [odom] to frame [map]
[controller_server-2] [WARN] [1757088681.497023613] [controller_server]: Unable to transform robot pose into global plan's frame
[controller_server-2] [WARN] [1757088681.497362004] [controller_server]: Control loop missed its desired rate of 10.0000Hz
[controller_server-2] [ERROR] [1757088681.600800011] [controller_server]: Exception in transformPose: Lookup would require extrapolation into the future.  Requested time 1757088681.401504 but the latest data is at time 1757088676.698357, when looking up transform from frame [odom] to frame [map]
[controller_server-2] [WARN] [1757088681.601011034] [controller_server]: Unable to transform robot pose into global plan's frame
[controller_server-2] [WARN] [1757088681.601279541] [controller_server]: Control loop missed its desired rate of 10.0000Hz
[controller_server-2] [ERROR] [1757088681.702713737] [controller_server]: Exception in transformPose: Lookup would require extrapolation into the future.  Requested time 1757088681.502723 but the latest data is at time 1757088676.698357, when looking up transform from frame [odom] to frame [map]
[controller_server-2] [WARN] [1757088681.702828214] [controller_server]: Unable to transform robot pose into global plan's frame
[controller_server-2] [WARN] [1757088681.703007855] [controller_server]: Control loop missed its desired rate of 10.0000Hz
[explore-10] [ERROR] [1757088681.750692670] [explore_node]: Extrapolation Error looking up robot pose: Lookup would require extrapolation into the future.  Requested time 1757088681.447533 but the latest data is at time 1757088676.698357, when looking up transform from frame [base_link] to frame [map]
[explore-10] 
[controller_server-2] [ERROR] [1757088681.806890803] [controller_server]: Exception in transformPose: Lookup would require extrapolation into the future.  Requested time 1757088681.502723 but the latest data is at time 1757088676.698357, when looking up transform from frame [odom] to frame [map]
[controller_server-2] [WARN] [1757088681.807007087] [controller_server]: Unable to transform robot pose into global plan's frame
[controller_server-2] [WARN] [1757088681.807206329] [controller_server]: Control loop missed its desired rate of 10.0000Hz
[controller_server-2] [INFO] [1757088681.807242104] [controller_server]: Passing new path to controller.
[controller_server-2] [ERROR] [1757088681.908640208] [controller_server]: Exception in transformPose: Lookup would require extrapolation into the future.  Requested time 1757088681.502723 but the latest data is at time 1757088676.698357, when looking up transform from frame [odom] to frame [map]
[controller_server-2] [WARN] [1757088681.908765054] [controller_server]: Unable to transform robot pose into global plan's frame
[controller_server-2] [WARN] [1757088681.908953399] [controller_server]: Control loop missed its desired rate of 10.0000Hz
[controller_server-2] [ERROR] [1757088682.012302227] [controller_server]: Exception in transformPose: Lookup would require extrapolation into the future.  Requested time 1757088681.502723 but the latest data is at time 1757088676.698357, when looking up transform from frame [odom] to frame [map]
[controller_server-2] [WARN] [1757088682.012479496] [controller_server]: Unable to transform robot pose into global plan's frame
[controller_server-2] [WARN] [1757088682.012674213] [controller_server]: Control loop missed its desired rate of 10.0000Hz
[controller_server-2] [ERROR] [1757088682.113882309] [controller_server]: Exception in transformPose: Lookup would require extrapolation into the future.  Requested time 1757088681.502723 but the latest data is at time 1757088676.698357, when looking up transform from frame [odom] to frame [map]
[controller_server-2] [WARN] [1757088682.114042448] [controller_server]: Unable to transform robot pose into global plan's frame
[controller_server-2] [WARN] [1757088682.114300607] [controller_server]: Control loop missed its desired rate of 10.0000Hz
[controller_server-2] [ERROR] [1757088682.218194866] [controller_server]: Exception in transformPose: Lookup would require extrapolation into the future.  Requested time 1757088681.502723 but the latest data is at time 1757088676.698357, when looking up transform from frame [odom] to frame [map]
[controller_server-2] [WARN] [1757088682.218339556] [controller_server]: Unable to transform robot pose into global plan's frame
[controller_server-2] [WARN] [1757088682.218620539] [controller_server]: Control loop missed its desired rate of 10.0000Hz
[controller_server-2] [ERROR] [1757088682.320061967] [controller_server]: Exception in transformPose: Lookup would require extrapolation into the future.  Requested time 1757088681.502723 but the latest data is at time 1757088676.698357, when looking up transform from frame [odom] to frame [map]
[controller_server-2] [WARN] [1757088682.320196630] [controller_server]: Unable to transform robot pose into global plan's frame
[controller_server-2] [WARN] [1757088682.320448888] [controller_server]: Control loop missed its desired rate of 10.0000Hz
[controller_server-2] [ERROR] [1757088682.422988929] [controller_server]: Exception in transformPose: Lookup would require extrapolation into the future.  Requested time 1757088682.252188 but the latest data is at time 1757088676.698357, when looking up transform from frame [odom] to frame [map]
[controller_server-2] [WARN] [1757088682.423131940] [controller_server]: Unable to transform robot pose into global plan's frame
[controller_server-2] [WARN] [1757088682.423451272] [controller_server]: Control loop missed its desired rate of 10.0000Hz
[controller_server-2] [ERROR] [1757088682.524772691] [controller_server]: Exception in transformPose: Lookup would require extrapolation into the future.  Requested time 1757088682.302272 but the latest data is at time 1757088676.698357, when looking up transform from frame [odom] to frame [map]
[controller_server-2] [WARN] [1757088682.524893072] [controller_server]: Unable to transform robot pose into global plan's frame
[controller_server-2] [WARN] [1757088682.525072826] [controller_server]: Control loop missed its desired rate of 10.0000Hz
[controller_server-2] [ERROR] [1757088682.628762470] [controller_server]: Exception in transformPose: Lookup would require extrapolation into the future.  Requested time 1757088682.451532 but the latest data is at time 1757088676.698357, when looking up transform from frame [odom] to frame [map]
[controller_server-2] [WARN] [1757088682.628917853] [controller_server]: Unable to transform robot pose into global plan's frame
[controller_server-2] [WARN] [1757088682.629212224] [controller_server]: Control loop missed its desired rate of 10.0000Hz
[controller_server-2] [ERROR] [1757088682.730710054] [controller_server]: Exception in transformPose: Lookup would require extrapolation into the future.  Requested time 1757088682.554706 but the latest data is at time 1757088676.698357, when looking up transform from frame [odom] to frame [map]
[controller_server-2] [WARN] [1757088682.730867497] [controller_server]: Unable to transform robot pose into global plan's frame
[controller_server-2] [WARN] [1757088682.731167835] [controller_server]: Control loop missed its desired rate of 10.0000Hz
[controller_server-2] [ERROR] [1757088682.834410750] [controller_server]: Exception in transformPose: Lookup would require extrapolation into the future.  Requested time 1757088682.653458 but the latest data is at time 1757088676.698357, when looking up transform from frame [odom] to frame [map]
[controller_server-2] [WARN] [1757088682.834528740] [controller_server]: Unable to transform robot pose into global plan's frame
[controller_server-2] [ERROR] [1757088682.834575756] [controller_server]: Controller patience exceeded
[controller_server-2] [WARN] [1757088682.834694620] [controller_server]: [follow_path] [ActionServer] Aborting handle.
[controller_server-2] [INFO] [1757088682.834822531] [controller_server]: Received a goal, begin computing control effort.
[controller_server-2] [ERROR] [1757088682.936174512] [controller_server]: Exception in transformPose: Lookup would require extrapolation into the future.  Requested time 1757088682.653458 but the latest data is at time 1757088676.698357, when looking up transform from frame [odom] to frame [map]
[controller_server-2] [WARN] [1757088682.936318949] [controller_server]: Unable to transform robot pose into global plan's frame
[controller_server-2] [WARN] [1757088682.936590435] [controller_server]: Control loop missed its desired rate of 10.0000Hz
[explore-10] [ERROR] [1757088683.022370704] [explore_node]: Extrapolation Error looking up robot pose: Lookup would require extrapolation into the future.  Requested time 1757088682.719337 but the latest data is at time 1757088682.653458, when looking up transform from frame [base_link] to frame [map]
[explore-10] 
[controller_server-2] [ERROR] [1757088683.040332130] [controller_server]: Exception in transformPose: Lookup would require extrapolation into the future.  Requested time 1757088682.653458 but the latest data is at time 1757088676.698357, when looking up transform from frame [odom] to frame [map]
[controller_server-2] [WARN] [1757088683.040432066] [controller_server]: Unable to transform robot pose into global plan's frame
[controller_server-2] [WARN] [1757088683.040677714] [controller_server]: Control loop missed its desired rate of 10.0000Hz
[controller_server-2] [ERROR] [1757088683.141749382] [controller_server]: Exception in transformPose: Lookup would require extrapolation into the future.  Requested time 1757088682.653458 but the latest data is at time 1757088676.698357, when looking up transform from frame [odom] to frame [map]
[controller_server-2] [WARN] [1757088683.141861624] [controller_server]: Unable to transform robot pose into global plan's frame
[controller_server-2] [WARN] [1757088683.142057613] [controller_server]: Control loop missed its desired rate of 10.0000Hz
[controller_server-2] [ERROR] [1757088683.245382678] [controller_server]: Exception in transformPose: Lookup would require extrapolation into the future.  Requested time 1757088682.653458 but the latest data is at time 1757088676.698357, when looking up transform from frame [odom] to frame [map]
[controller_server-2] [WARN] [1757088683.245492798] [controller_server]: Unable to transform robot pose into global plan's frame
[controller_server-2] [WARN] [1757088683.245676264] [controller_server]: Control loop missed its desired rate of 10.0000Hz
[controller_server-2] [ERROR] [1757088683.346857734] [controller_server]: Exception in transformPose: Lookup would require extrapolation into the future.  Requested time 1757088682.653458 but the latest data is at time 1757088676.698357, when looking up transform from frame [odom] to frame [map]
[controller_server-2] [WARN] [1757088683.346987674] [controller_server]: Unable to transform robot pose into global plan's frame
[controller_server-2] [WARN] [1757088683.347171624] [controller_server]: Control loop missed its desired rate of 10.0000Hz
[controller_server-2] [ERROR] [1757088683.450382661] [controller_server]: Exception in transformPose: Lookup would require extrapolation into the future.  Requested time 1757088682.653458 but the latest data is at time 1757088676.698357, when looking up transform from frame [odom] to frame [map]
[controller_server-2] [WARN] [1757088683.450499930] [controller_server]: Unable to transform robot pose into global plan's frame
[controller_server-2] [WARN] [1757088683.450688865] [controller_server]: Control loop missed its desired rate of 10.0000Hz
[controller_server-2] [ERROR] [1757088683.553996912] [controller_server]: Exception in transformPose: Lookup would require extrapolation into the future.  Requested time 1757088682.653458 but the latest data is at time 1757088676.698357, when looking up transform from frame [odom] to frame [map]
[controller_server-2] [WARN] [1757088683.554114648] [controller_server]: Unable to transform robot pose into global plan's frame
[controller_server-2] [WARN] [1757088683.554322688] [controller_server]: Control loop missed its desired rate of 10.0000Hz
[controller_server-2] [ERROR] [1757088683.655558413] [controller_server]: Exception in transformPose: Lookup would require extrapolation into the future.  Requested time 1757088682.653458 but the latest data is at time 1757088676.698357, when looking up transform from frame [odom] to frame [map]
[controller_server-2] [WARN] [1757088683.655700927] [controller_server]: Unable to transform robot pose into global plan's frame
[controller_server-2] [WARN] [1757088683.655932251] [controller_server]: Control loop missed its desired rate of 10.0000Hz
[controller_server-2] [ERROR] [1757088683.759340847] [controller_server]: Exception in transformPose: Lookup would require extrapolation into the future.  Requested time 1757088682.653458 but the latest data is at time 1757088676.698357, when looking up transform from frame [odom] to frame [map]
[controller_server-2] [WARN] [1757088683.759480398] [controller_server]: Unable to transform robot pose into global plan's frame
[controller_server-2] [WARN] [1757088683.759737627] [controller_server]: Control loop missed its desired rate of 10.0000Hz
[controller_server-2] [ERROR] [1757088683.860918908] [controller_server]: Exception in transformPose: Lookup would require extrapolation into the future.  Requested time 1757088682.653458 but the latest data is at time 1757088676.698357, when looking up transform from frame [odom] to frame [map]
[controller_server-2] [WARN] [1757088683.861104204] [controller_server]: Unable to transform robot pose into global plan's frame
[controller_server-2] [WARN] [1757088683.861340030] [controller_server]: Control loop missed its desired rate of 10.0000Hz
[controller_server-2] [INFO] [1757088683.861372677] [controller_server]: Passing new path to controller.
[controller_server-2] [ERROR] [1757088683.964464670] [controller_server]: Exception in transformPose: Lookup would require extrapolation into the future.  Requested time 1757088682.653458 but the latest data is at time 1757088676.698357, when looking up transform from frame [odom] to frame [map]
[controller_server-2] [WARN] [1757088683.964564495] [controller_server]: Unable to transform robot pose into global plan's frame
[controller_server-2] [WARN] [1757088683.964720573] [controller_server]: Control loop missed its desired rate of 10.0000Hz
[controller_server-2] [ERROR] [1757088684.066202160] [controller_server]: Exception in transformPose: Lookup would require extrapolation into the future.  Requested time 1757088682.653458 but the latest data is at time 1757088676.698357, when looking up transform from frame [odom] to frame [map]
[controller_server-2] [WARN] [1757088684.066367232] [controller_server]: Unable to transform robot pose into global plan's frame
[controller_server-2] [WARN] [1757088684.066664899] [controller_server]: Control loop missed its desired rate of 10.0000Hz
[controller_server-2] [ERROR] [1757088684.170448162] [controller_server]: Exception in transformPose: Lookup would require extrapolation into the future.  Requested time 1757088682.653458 but the latest data is at time 1757088676.698357, when looking up transform from frame [odom] to frame [map]
[controller_server-2] [WARN] [1757088684.170593741] [controller_server]: Unable to transform robot pose into global plan's frame
[controller_server-2] [WARN] [1757088684.170864136] [controller_server]: Control loop missed its desired rate of 10.0000Hz
[controller_server-2] [ERROR] [1757088684.272902953] [controller_server]: Exception in transformPose: Lookup would require extrapolation into the future.  Requested time 1757088682.653458 but the latest data is at time 1757088676.698357, when looking up transform from frame [odom] to frame [map]
[controller_server-2] [WARN] [1757088684.273027973] [controller_server]: Unable to transform robot pose into global plan's frame
[controller_server-2] [WARN] [1757088684.273213811] [controller_server]: Control loop missed its desired rate of 10.0000Hz
[explore-10] [ERROR] [1757088684.294221854] [explore_node]: Extrapolation Error looking up robot pose: Lookup would require extrapolation into the future.  Requested time 1757088683.990137 but the latest data is at time 1757088682.653458, when looking up transform from frame [base_link] to frame [map]
[explore-10] 
[controller_server-2] [ERROR] [1757088684.376645887] [controller_server]: Exception in transformPose: Lookup would require extrapolation into the future.  Requested time 1757088682.653458 but the latest data is at time 1757088676.698357, when looking up transform from frame [odom] to frame [map]
[controller_server-2] [WARN] [1757088684.376761899] [controller_server]: Unable to transform robot pose into global plan's frame
[controller_server-2] [WARN] [1757088684.376938069] [controller_server]: Control loop missed its desired rate of 10.0000Hz
[controller_server-2] [ERROR] [1757088684.478088913] [controller_server]: Exception in transformPose: Lookup would require extrapolation into the future.  Requested time 1757088682.653458 but the latest data is at time 1757088676.698357, when looking up transform from frame [odom] to frame [map]
[controller_server-2] [WARN] [1757088684.478207486] [controller_server]: Unable to transform robot pose into global plan's frame
[controller_server-2] [WARN] [1757088684.478419223] [controller_server]: Control loop missed its desired rate of 10.0000Hz
[controller_server-2] [ERROR] [1757088684.582690781] [controller_server]: Exception in transformPose: Lookup would require extrapolation into the future.  Requested time 1757088682.653458 but the latest data is at time 1757088676.698357, when looking up transform from frame [odom] to frame [map]
[controller_server-2] [WARN] [1757088684.582775124] [controller_server]: Unable to transform robot pose into global plan's frame
[controller_server-2] [WARN] [1757088684.582874838] [controller_server]: Control loop missed its desired rate of 10.0000Hz
[controller_server-2] [ERROR] [1757088684.683852205] [controller_server]: Exception in transformPose: Lookup would require extrapolation into the future.  Requested time 1757088682.653458 but the latest data is at time 1757088676.698357, when looking up transform from frame [odom] to frame [map]
[controller_server-2] [WARN] [1757088684.683968723] [controller_server]: Unable to transform robot pose into global plan's frame
[controller_server-2] [WARN] [1757088684.684151117] [controller_server]: Control loop missed its desired rate of 10.0000Hz
[controller_server-2] [ERROR] [1757088684.787482665] [controller_server]: Exception in transformPose: Lookup would require extrapolation into the future.  Requested time 1757088682.653458 but the latest data is at time 1757088676.698357, when looking up transform from frame [odom] to frame [map]
[controller_server-2] [WARN] [1757088684.787601682] [controller_server]: Unable to transform robot pose into global plan's frame
[controller_server-2] [WARN] [1757088684.787783593] [controller_server]: Control loop missed its desired rate of 10.0000Hz
[controller_server-2] [ERROR] [1757088684.888906578] [controller_server]: Exception in transformPose: Lookup would require extrapolation into the future.  Requested time 1757088682.653458 but the latest data is at time 1757088676.698357, when looking up transform from frame [odom] to frame [map]
[controller_server-2] [WARN] [1757088684.889029317] [controller_server]: Unable to transform robot pose into global plan's frame
[controller_server-2] [ERROR] [1757088684.889075679] [controller_server]: Controller patience exceeded
[controller_server-2] [WARN] [1757088684.889150324] [controller_server]: [follow_path] [ActionServer] Aborting handle.
[controller_server-2] [INFO] [1757088684.889275230] [controller_server]: Received a goal, begin computing control effort.
[controller_server-2] [ERROR] [1757088684.993158255] [controller_server]: Exception in transformPose: Lookup would require extrapolation into the future.  Requested time 1757088683.001474 but the latest data is at time 1757088676.698357, when looking up transform from frame [odom] to frame [map]
[controller_server-2] [WARN] [1757088684.993300523] [controller_server]: Unable to transform robot pose into global plan's frame
[controller_server-2] [WARN] [1757088684.993596761] [controller_server]: Control loop missed its desired rate of 10.0000Hz
[controller_server-2] [ERROR] [1757088685.094923080] [controller_server]: Exception in transformPose: Lookup would require extrapolation into the future.  Requested time 1757088684.902243 but the latest data is at time 1757088676.698357, when looking up transform from frame [odom] to frame [map]
[controller_server-2] [WARN] [1757088685.095073444] [controller_server]: Unable to transform robot pose into global plan's frame
[controller_server-2] [WARN] [1757088685.095356128] [controller_server]: Control loop missed its desired rate of 10.0000Hz
[controller_server-2] [ERROR] [1757088685.199480957] [controller_server]: Exception in transformPose: Lookup would require extrapolation into the future.  Requested time 1757088685.001513 but the latest data is at time 1757088676.698357, when looking up transform from frame [odom] to frame [map]
[controller_server-2] [WARN] [1757088685.199608476] [controller_server]: Unable to transform robot pose into global plan's frame
[controller_server-2] [WARN] [1757088685.199868526] [controller_server]: Control loop missed its desired rate of 10.0000Hz
[controller_server-2] [ERROR] [1757088685.301288119] [controller_server]: Exception in transformPose: Lookup would require extrapolation into the future.  Requested time 1757088685.051761 but the latest data is at time 1757088676.698357, when looking up transform from frame [odom] to frame [map]
[controller_server-2] [WARN] [1757088685.301405188] [controller_server]: Unable to transform robot pose into global plan's frame
[controller_server-2] [WARN] [1757088685.301582928] [controller_server]: Control loop missed its desired rate of 10.0000Hz
[controller_server-2] [ERROR] [1757088685.405202507] [controller_server]: Exception in transformPose: Lookup would require extrapolation into the future.  Requested time 1757088685.051761 but the latest data is at time 1757088676.698357, when looking up transform from frame [odom] to frame [map]
[controller_server-2] [WARN] [1757088685.405388559] [controller_server]: Unable to transform robot pose into global plan's frame
[controller_server-2] [WARN] [1757088685.405595082] [controller_server]: Control loop missed its desired rate of 10.0000Hz
[controller_server-2] [ERROR] [1757088685.506612728] [controller_server]: Exception in transformPose: Lookup would require extrapolation into the future.  Requested time 1757088685.351742 but the latest data is at time 1757088676.698357, when looking up transform from frame [odom] to frame [map]
[controller_server-2] [WARN] [1757088685.506718361] [controller_server]: Unable to transform robot pose into global plan's frame
[controller_server-2] [WARN] [1757088685.506879982] [controller_server]: Control loop missed its desired rate of 10.0000Hz
[explore-10] [ERROR] [1757088685.563091456] [explore_node]: Extrapolation Error looking up robot pose: Lookup would require extrapolation into the future.  Requested time 1757088685.260088 but the latest data is at time 1757088676.698357, when looking up transform from frame [base_link] to frame [map]
[explore-10] 
[controller_server-2] [ERROR] [1757088685.609882156] [controller_server]: Exception in transformPose: Lookup would require extrapolation into the future.  Requested time 1757088685.455591 but the latest data is at time 1757088676.698357, when looking up transform from frame [odom] to frame [map]
[controller_server-2] [WARN] [1757088685.610015106] [controller_server]: Unable to transform robot pose into global plan's frame
[controller_server-2] [WARN] [1757088685.610228265] [controller_server]: Control loop missed its desired rate of 10.0000Hz
[controller_server-2] [ERROR] [1757088685.711522423] [controller_server]: Exception in transformPose: Lookup would require extrapolation into the future.  Requested time 1757088685.502733 but the latest data is at time 1757088676.698357, when looking up transform from frame [odom] to frame [map]
[controller_server-2] [WARN] [1757088685.711674982] [controller_server]: Unable to transform robot pose into global plan's frame
[controller_server-2] [WARN] [1757088685.711968326] [controller_server]: Control loop missed its desired rate of 10.0000Hz
[controller_server-2] [ERROR] [1757088685.815675501] [controller_server]: Exception in transformPose: Lookup would require extrapolation into the future.  Requested time 1757088685.502733 but the latest data is at time 1757088676.698357, when looking up transform from frame [odom] to frame [map]
[controller_server-2] [WARN] [1757088685.815816223] [controller_server]: Unable to transform robot pose into global plan's frame
[controller_server-2] [WARN] [1757088685.816104379] [controller_server]: Control loop missed its desired rate of 10.0000Hz
[controller_server-2] [ERROR] [1757088685.917512509] [controller_server]: Exception in transformPose: Lookup would require extrapolation into the future.  Requested time 1757088685.751542 but the latest data is at time 1757088676.698357, when looking up transform from frame [odom] to frame [map]
[controller_server-2] [WARN] [1757088685.917638620] [controller_server]: Unable to transform robot pose into global plan's frame
[controller_server-2] [WARN] [1757088685.917873416] [controller_server]: Control loop missed its desired rate of 10.0000Hz
[controller_server-2] [INFO] [1757088685.917938737] [controller_server]: Passing new path to controller.
[controller_server-2] [ERROR] [1757088686.020564812] [controller_server]: Exception in transformPose: Lookup would require extrapolation into the future.  Requested time 1757088685.851494 but the latest data is at time 1757088676.698357, when looking up transform from frame [odom] to frame [map]
[controller_server-2] [WARN] [1757088686.020783519] [controller_server]: Unable to transform robot pose into global plan's frame
[controller_server-2] [WARN] [1757088686.021013355] [controller_server]: Control loop missed its desired rate of 10.0000Hz
[controller_server-2] [ERROR] [1757088686.122005762] [controller_server]: Exception in transformPose: Lookup would require extrapolation into the future.  Requested time 1757088685.901488 but the latest data is at time 1757088676.698357, when looking up transform from frame [odom] to frame [map]
[controller_server-2] [WARN] [1757088686.122142587] [controller_server]: Unable to transform robot pose into global plan's frame
[controller_server-2] [WARN] [1757088686.122326975] [controller_server]: Control loop missed its desired rate of 10.0000Hz
[controller_server-2] [ERROR] [1757088686.225831981] [controller_server]: Exception in transformPose: Lookup would require extrapolation into the future.  Requested time 1757088685.901488 but the latest data is at time 1757088676.698357, when looking up transform from frame [odom] to frame [map]
[controller_server-2] [WARN] [1757088686.225968259] [controller_server]: Unable to transform robot pose into global plan's frame
[controller_server-2] [WARN] [1757088686.226216805] [controller_server]: Control loop missed its desired rate of 10.0000Hz
[controller_server-2] [ERROR] [1757088686.327311833] [controller_server]: Exception in transformPose: Lookup would require extrapolation into the future.  Requested time 1757088685.901488 but the latest data is at time 1757088676.698357, when looking up transform from frame [odom] to frame [map]
[controller_server-2] [WARN] [1757088686.327462187] [controller_server]: Unable to transform robot pose into global plan's frame
[controller_server-2] [WARN] [1757088686.327755999] [controller_server]: Control loop missed its desired rate of 10.0000Hz
[controller_server-2] [ERROR] [1757088686.431319952] [controller_server]: Exception in transformPose: Lookup would require extrapolation into the future.  Requested time 1757088685.901488 but the latest data is at time 1757088676.698357, when looking up transform from frame [odom] to frame [map]
[controller_server-2] [WARN] [1757088686.431453491] [controller_server]: Unable to transform robot pose into global plan's frame
[controller_server-2] [WARN] [1757088686.431740292] [controller_server]: Control loop missed its desired rate of 10.0000Hz
[controller_server-2] [ERROR] [1757088686.533617547] [controller_server]: Exception in transformPose: Lookup would require extrapolation into the future.  Requested time 1757088685.901488 but the latest data is at time 1757088676.698357, when looking up transform from frame [odom] to frame [map]
[controller_server-2] [WARN] [1757088686.533766467] [controller_server]: Unable to transform robot pose into global plan's frame
[controller_server-2] [WARN] [1757088686.534195228] [controller_server]: Control loop missed its desired rate of 10.0000Hz
[controller_server-2] [ERROR] [1757088686.637992768] [controller_server]: Exception in transformPose: Lookup would require extrapolation into the future.  Requested time 1757088685.901488 but the latest data is at time 1757088676.698357, when looking up transform from frame [odom] to frame [map]
[controller_server-2] [WARN] [1757088686.638109772] [controller_server]: Unable to transform robot pose into global plan's frame
[controller_server-2] [WARN] [1757088686.638303119] [controller_server]: Control loop missed its desired rate of 10.0000Hz
[controller_server-2] [ERROR] [1757088686.740199032] [controller_server]: Exception in transformPose: Lookup would require extrapolation into the future.  Requested time 1757088685.901488 but the latest data is at time 1757088676.698357, when looking up transform from frame [odom] to frame [map]
[controller_server-2] [WARN] [1757088686.740349373] [controller_server]: Unable to transform robot pose into global plan's frame
[controller_server-2] [WARN] [1757088686.740628679] [controller_server]: Control loop missed its desired rate of 10.0000Hz
[explore-10] [ERROR] [1757088686.833966310] [explore_node]: Extrapolation Error looking up robot pose: Lookup would require extrapolation into the future.  Requested time 1757088686.530210 but the latest data is at time 1757088685.901488, when looking up transform from frame [base_link] to frame [map]
[explore-10] 
[controller_server-2] [ERROR] [1757088686.844757887] [controller_server]: Exception in transformPose: Lookup would require extrapolation into the future.  Requested time 1757088685.901488 but the latest data is at time 1757088676.698357, when looking up transform from frame [odom] to frame [map]
[controller_server-2] [WARN] [1757088686.844897379] [controller_server]: Unable to transform robot pose into global plan's frame
[controller_server-2] [WARN] [1757088686.845199337] [controller_server]: Control loop missed its desired rate of 10.0000Hz
[controller_server-2] [ERROR] [1757088686.946708386] [controller_server]: Exception in transformPose: Lookup would require extrapolation into the future.  Requested time 1757088685.901488 but the latest data is at time 1757088676.698357, when looking up transform from frame [odom] to frame [map]
[controller_server-2] [WARN] [1757088686.946832415] [controller_server]: Unable to transform robot pose into global plan's frame
[controller_server-2] [ERROR] [1757088686.946881094] [controller_server]: Controller patience exceeded
[controller_server-2] [WARN] [1757088686.946954671] [controller_server]: [follow_path] [ActionServer] Aborting handle.
[controller_server-2] [INFO] [1757088686.947085590] [controller_server]: Received a goal, begin computing control effort.
[controller_server-2] [ERROR] [1757088687.050365833] [controller_server]: Exception in transformPose: Lookup would require extrapolation into the future.  Requested time 1757088685.901488 but the latest data is at time 1757088676.698357, when looking up transform from frame [odom] to frame [map]
[controller_server-2] [WARN] [1757088687.050483034] [controller_server]: Unable to transform robot pose into global plan's frame
[controller_server-2] [WARN] [1757088687.050712173] [controller_server]: Control loop missed its desired rate of 10.0000Hz
[controller_server-2] [ERROR] [1757088687.154225427] [controller_server]: Exception in transformPose: Lookup would require extrapolation into the future.  Requested time 1757088685.901488 but the latest data is at time 1757088676.698357, when looking up transform from frame [odom] to frame [map]
[controller_server-2] [WARN] [1757088687.154365377] [controller_server]: Unable to transform robot pose into global plan's frame
[controller_server-2] [WARN] [1757088687.154601070] [controller_server]: Control loop missed its desired rate of 10.0000Hz
[controller_server-2] [ERROR] [1757088687.255890871] [controller_server]: Exception in transformPose: Lookup would require extrapolation into the future.  Requested time 1757088685.901488 but the latest data is at time 1757088676.698357, when looking up transform from frame [odom] to frame [map]
[controller_server-2] [WARN] [1757088687.256013060] [controller_server]: Unable to transform robot pose into global plan's frame
[controller_server-2] [WARN] [1757088687.256209756] [controller_server]: Control loop missed its desired rate of 10.0000Hz
[controller_server-2] [ERROR] [1757088687.359800226] [controller_server]: Exception in transformPose: Lookup would require extrapolation into the future.  Requested time 1757088685.901488 but the latest data is at time 1757088676.698357, when looking up transform from frame [odom] to frame [map]
[controller_server-2] [WARN] [1757088687.359920569] [controller_server]: Unable to transform robot pose into global plan's frame
[controller_server-2] [WARN] [1757088687.360102194] [controller_server]: Control loop missed its desired rate of 10.0000Hz
[controller_server-2] [ERROR] [1757088687.461213544] [controller_server]: Exception in transformPose: Lookup would require extrapolation into the future.  Requested time 1757088685.951589 but the latest data is at time 1757088676.698357, when looking up transform from frame [odom] to frame [map]
[controller_server-2] [WARN] [1757088687.461310993] [controller_server]: Unable to transform robot pose into global plan's frame
[controller_server-2] [WARN] [1757088687.461455192] [controller_server]: Control loop missed its desired rate of 10.0000Hz
[bt_navigator-6] [ERROR] [1757088687.512301701] [transformPoseInTargetFrame]: Extrapolation Error looking up target frame: Lookup would require extrapolation into the past.  Requested time 1757088676.698357 but the earliest data is at time 1757088677.451535, when looking up transform from frame [base_link] to frame [map]
[bt_navigator-6] 
[bt_navigator-6] [WARN] [1757088687.512740284] [BehaviorTreeEngine]: Behavior Tree tick rate 100.00 was exceeded!
[controller_server-2] [ERROR] [1757088687.565606042] [controller_server]: Exception in transformPose: Lookup would require extrapolation into the future.  Requested time 1757088687.401500 but the latest data is at time 1757088676.698357, when looking up transform from frame [odom] to frame [map]
[controller_server-2] [WARN] [1757088687.565725486] [controller_server]: Unable to transform robot pose into global plan's frame
[controller_server-2] [WARN] [1757088687.566105867] [controller_server]: Control loop missed its desired rate of 10.0000Hz
[bt_navigator-6] [ERROR] [1757088687.614291338] [transformPoseInTargetFrame]: Extrapolation Error looking up target frame: Lookup would require extrapolation into the past.  Requested time 1757088676.698357 but the earliest data is at time 1757088677.451535, when looking up transform from frame [base_link] to frame [map]
[bt_navigator-6] 
[bt_navigator-6] [WARN] [1757088687.614521418] [BehaviorTreeEngine]: Behavior Tree tick rate 100.00 was exceeded!
[controller_server-2] [ERROR] [1757088687.667825111] [controller_server]: Exception in transformPose: Lookup would require extrapolation into the future.  Requested time 1757088687.451917 but the latest data is at time 1757088676.698357, when looking up transform from frame [odom] to frame [map]
[controller_server-2] [WARN] [1757088687.667978437] [controller_server]: Unable to transform robot pose into global plan's frame
[controller_server-2] [WARN] [1757088687.668285516] [controller_server]: Control loop missed its desired rate of 10.0000Hz
[bt_navigator-6] [ERROR] [1757088687.716078607] [transformPoseInTargetFrame]: Extrapolation Error looking up target frame: Lookup would require extrapolation into the past.  Requested time 1757088676.698357 but the earliest data is at time 1757088677.451535, when looking up transform from frame [base_link] to frame [map]
[bt_navigator-6] 
[bt_navigator-6] [WARN] [1757088687.716314414] [BehaviorTreeEngine]: Behavior Tree tick rate 100.00 was exceeded!
[controller_server-2] [ERROR] [1757088687.771945417] [controller_server]: Exception in transformPose: Lookup would require extrapolation into the future.  Requested time 1757088687.451917 but the latest data is at time 1757088676.698357, when looking up transform from frame [odom] to frame [map]
[controller_server-2] [WARN] [1757088687.772067615] [controller_server]: Unable to transform robot pose into global plan's frame
[controller_server-2] [WARN] [1757088687.772320557] [controller_server]: Control loop missed its desired rate of 10.0000Hz
[bt_navigator-6] [ERROR] [1757088687.817878805] [transformPoseInTargetFrame]: Extrapolation Error looking up target frame: Lookup would require extrapolation into the past.  Requested time 1757088676.698357 but the earliest data is at time 1757088677.701505, when looking up transform from frame [base_link] to frame [map]
[bt_navigator-6] 
[bt_navigator-6] [WARN] [1757088687.818068426] [BehaviorTreeEngine]: Behavior Tree tick rate 100.00 was exceeded!
[controller_server-2] [ERROR] [1757088687.873520461] [controller_server]: Exception in transformPose: Lookup would require extrapolation into the future.  Requested time 1757088687.501500 but the latest data is at time 1757088676.698357, when looking up transform from frame [odom] to frame [map]
[controller_server-2] [WARN] [1757088687.873677656] [controller_server]: Unable to transform robot pose into global plan's frame
[controller_server-2] [WARN] [1757088687.874080856] [controller_server]: Control loop missed its desired rate of 10.0000Hz
[bt_navigator-6] [ERROR] [1757088687.919507858] [transformPoseInTargetFrame]: Extrapolation Error looking up target frame: Lookup would require extrapolation into the past.  Requested time 1757088676.698357 but the earliest data is at time 1757088677.852723, when looking up transform from frame [base_link] to frame [map]
[bt_navigator-6] 
[bt_navigator-6] [WARN] [1757088687.919745943] [BehaviorTreeEngine]: Behavior Tree tick rate 100.00 was exceeded!
[controller_server-2] [ERROR] [1757088687.977672682] [controller_server]: Exception in transformPose: Lookup would require extrapolation into the future.  Requested time 1757088687.801544 but the latest data is at time 1757088676.698357, when looking up transform from frame [odom] to frame [map]
[controller_server-2] [WARN] [1757088687.977930384] [controller_server]: Unable to transform robot pose into global plan's frame
[controller_server-2] [WARN] [1757088687.978254188] [controller_server]: Control loop missed its desired rate of 10.0000Hz
[bt_navigator-6] [ERROR] [1757088688.021839589] [transformPoseInTargetFrame]: Extrapolation Error looking up target frame: Lookup would require extrapolation into the past.  Requested time 1757088676.698357 but the earliest data is at time 1757088677.852723, when looking up transform from frame [base_link] to frame [map]
[bt_navigator-6] 
[bt_navigator-6] [WARN] [1757088688.022117632] [BehaviorTreeEngine]: Behavior Tree tick rate 100.00 was exceeded!
[controller_server-2] [ERROR] [1757088688.079801189] [controller_server]: Exception in transformPose: Lookup would require extrapolation into the future.  Requested time 1757088687.901516 but the latest data is at time 1757088676.698357, when looking up transform from frame [odom] to frame [map]
[controller_server-2] [WARN] [1757088688.079953249] [controller_server]: Unable to transform robot pose into global plan's frame
[controller_server-2] [WARN] [1757088688.080251029] [controller_server]: Control loop missed its desired rate of 10.0000Hz
[explore-10] [ERROR] [1757088688.100214195] [explore_node]: Extrapolation Error looking up robot pose: Lookup would require extrapolation into the future.  Requested time 1757088687.797269 but the latest data is at time 1757088676.698357, when looking up transform from frame [base_link] to frame [map]
[explore-10] 
[bt_navigator-6] [ERROR] [1757088688.123435740] [transformPoseInTargetFrame]: Extrapolation Error looking up target frame: Lookup would require extrapolation into the past.  Requested time 1757088676.698357 but the earliest data is at time 1757088677.852723, when looking up transform from frame [base_link] to frame [map]
[bt_navigator-6] 
[bt_navigator-6] [WARN] [1757088688.123750168] [BehaviorTreeEngine]: Behavior Tree tick rate 100.00 was exceeded!
[controller_server-2] [ERROR] [1757088688.183891550] [controller_server]: Exception in transformPose: Lookup would require extrapolation into the future.  Requested time 1757088687.901516 but the latest data is at time 1757088676.698357, when looking up transform from frame [odom] to frame [map]
[controller_server-2] [WARN] [1757088688.184033991] [controller_server]: Unable to transform robot pose into global plan's frame
[controller_server-2] [WARN] [1757088688.184328512] [controller_server]: Control loop missed its desired rate of 10.0000Hz
[planner_server-4] [ERROR] [1757088688.224192202] [transformPoseInTargetFrame]: Extrapolation Error looking up target frame: Lookup would require extrapolation into the past.  Requested time 1757088676.698357 but the earliest data is at time 1757088678.151578, when looking up transform from frame [base_link] to frame [map]
[planner_server-4] 
[planner_server-4] [WARN] [1757088688.224286799] [planner_server]: [compute_path_to_pose] [ActionServer] Aborting handle.
[bt_navigator-6] [ERROR] [1757088688.225173177] [transformPoseInTargetFrame]: Extrapolation Error looking up target frame: Lookup would require extrapolation into the past.  Requested time 1757088676.698357 but the earliest data is at time 1757088678.105299, when looking up transform from frame [base_link] to frame [map]
[bt_navigator-6] 
[bt_navigator-6] [WARN] [1757088688.225383880] [BehaviorTreeEngine]: Behavior Tree tick rate 100.00 was exceeded!
[controller_server-2] [ERROR] [1757088688.285866640] [controller_server]: Exception in transformPose: Lookup would require extrapolation into the future.  Requested time 1757088687.901516 but the latest data is at time 1757088676.698357, when looking up transform from frame [odom] to frame [map]
[controller_server-2] [WARN] [1757088688.286074836] [controller_server]: Unable to transform robot pose into global plan's frame
[controller_server-2] [WARN] [1757088688.286337033] [controller_server]: Control loop missed its desired rate of 10.0000Hz
[bt_navigator-6] [ERROR] [1757088688.326691415] [transformPoseInTargetFrame]: Extrapolation Error looking up target frame: Lookup would require extrapolation into the past.  Requested time 1757088676.698357 but the earliest data is at time 1757088678.151578, when looking up transform from frame [base_link] to frame [map]
[bt_navigator-6] 
[bt_navigator-6] [WARN] [1757088688.326914319] [BehaviorTreeEngine]: Behavior Tree tick rate 100.00 was exceeded!
[planner_server-4] [INFO] [1757088688.327297176] [global_costmap.global_costmap]: Received request to clear entirely the global_costmap
[controller_server-2] [ERROR] [1757088688.390227611] [controller_server]: Exception in transformPose: Lookup would require extrapolation into the future.  Requested time 1757088688.201529 but the latest data is at time 1757088676.698357, when looking up transform from frame [odom] to frame [map]
[controller_server-2] [WARN] [1757088688.390340803] [controller_server]: Unable to transform robot pose into global plan's frame
[controller_server-2] [WARN] [1757088688.390514337] [controller_server]: Control loop missed its desired rate of 10.0000Hz
[controller_server-2] [INFO] [1757088688.390540780] [controller_server]: Passing new path to controller.
[controller_server-2] [ERROR] [1757088688.390691288] [controller_server]: Invalid path, Path is empty.
[controller_server-2] [WARN] [1757088688.390732180] [controller_server]: [follow_path] [ActionServer] Aborting handle.
[bt_navigator-6] [ERROR] [1757088688.430345321] [transformPoseInTargetFrame]: Extrapolation Error looking up target frame: Lookup would require extrapolation into the past.  Requested time 1757088676.698357 but the earliest data is at time 1757088678.301569, when looking up transform from frame [base_link] to frame [map]
[bt_navigator-6] 
[bt_navigator-6] [WARN] [1757088688.430465652] [BehaviorTreeEngine]: Behavior Tree tick rate 100.00 was exceeded!
[bt_navigator-6] [ERROR] [1757088688.531868217] [transformPoseInTargetFrame]: Extrapolation Error looking up target frame: Lookup would require extrapolation into the past.  Requested time 1757088676.698357 but the earliest data is at time 1757088678.301569, when looking up transform from frame [base_link] to frame [map]
[bt_navigator-6] 
[bt_navigator-6] [WARN] [1757088688.532034499] [BehaviorTreeEngine]: Behavior Tree tick rate 100.00 was exceeded!
[bt_navigator-6] [ERROR] [1757088688.633446789] [transformPoseInTargetFrame]: Extrapolation Error looking up target frame: Lookup would require extrapolation into the past.  Requested time 1757088676.698357 but the earliest data is at time 1757088678.301569, when looking up transform from frame [base_link] to frame [map]
[bt_navigator-6] 
[bt_navigator-6] [WARN] [1757088688.633657135] [BehaviorTreeEngine]: Behavior Tree tick rate 100.00 was exceeded!
[planner_server-4] [ERROR] [1757088688.668134466] [transformPoseInTargetFrame]: Extrapolation Error looking up target frame: Lookup would require extrapolation into the past.  Requested time 1757088676.698357 but the earliest data is at time 1757088678.671939, when looking up transform from frame [base_link] to frame [map]
[planner_server-4] 
[bt_navigator-6] [ERROR] [1757088688.735208552] [transformPoseInTargetFrame]: Extrapolation Error looking up target frame: Lookup would require extrapolation into the past.  Requested time 1757088676.698357 but the earliest data is at time 1757088678.671939, when looking up transform from frame [base_link] to frame [map]
[bt_navigator-6] 
[bt_navigator-6] [WARN] [1757088688.735436082] [BehaviorTreeEngine]: Behavior Tree tick rate 100.00 was exceeded!
[bt_navigator-6] [ERROR] [1757088688.756498616] [bt_navigator_navigate_to_pose_rclcpp_node]: Failed to get result for compute_path_to_pose in node halt!
[behavior_server-5] [INFO] [1757088688.757266644] [behavior_server]: Running spin
[bt_navigator-6] [ERROR] [1757088688.858513917] [transformPoseInTargetFrame]: Extrapolation Error looking up target frame: Lookup would require extrapolation into the past.  Requested time 1757088676.698357 but the earliest data is at time 1757088678.751549, when looking up transform from frame [base_link] to frame [map]
[bt_navigator-6] 
[behavior_server-5] [ERROR] [1757088688.858566330] [transformPoseInTargetFrame]: Extrapolation Error looking up target frame: Lookup would require extrapolation into the past.  Requested time 1757088676.698357 but the earliest data is at time 1757088678.751549, when looking up transform from frame [base_link] to frame [map]
[behavior_server-5] 
[behavior_server-5] [ERROR] [1757088688.858637021] [behavior_server]: Current robot pose is not available.
[behavior_server-5] [INFO] [1757088688.858683176] [behavior_server]: Initial checks failed for spin
[behavior_server-5] [WARN] [1757088688.858705883] [behavior_server]: [spin] [ActionServer] Aborting handle.
[bt_navigator-6] [WARN] [1757088688.858697057] [BehaviorTreeEngine]: Behavior Tree tick rate 100.00 was exceeded!
[bt_navigator-6] [ERROR] [1757088688.959804321] [transformPoseInTargetFrame]: Extrapolation Error looking up target frame: Lookup would require extrapolation into the past.  Requested time 1757088676.698357 but the earliest data is at time 1757088678.751549, when looking up transform from frame [base_link] to frame [map]
[bt_navigator-6] 
[bt_navigator-6] [WARN] [1757088688.959994101] [BehaviorTreeEngine]: Behavior Tree tick rate 100.00 was exceeded!
[bt_navigator-6] [ERROR] [1757088689.061221927] [transformPoseInTargetFrame]: Extrapolation Error looking up target frame: Lookup would require extrapolation into the past.  Requested time 1757088676.698357 but the earliest data is at time 1757088678.751549, when looking up transform from frame [base_link] to frame [map]
[bt_navigator-6] 
[bt_navigator-6] [WARN] [1757088689.061402342] [BehaviorTreeEngine]: Behavior Tree tick rate 100.00 was exceeded!
[behavior_server-5] [INFO] [1757088689.062174832] [behavior_server]: Running wait
[bt_navigator-6] [ERROR] [1757088689.163647320] [transformPoseInTargetFrame]: Extrapolation Error looking up target frame: Lookup would require extrapolation into the past.  Requested time 1757088676.698357 but the earliest data is at time 1757088679.051663, when looking up transform from frame [base_link] to frame [map]
[bt_navigator-6] 
[bt_navigator-6] [WARN] [1757088689.163764510] [BehaviorTreeEngine]: Behavior Tree tick rate 100.00 was exceeded!
[bt_navigator-6] [ERROR] [1757088689.265203291] [transformPoseInTargetFrame]: Extrapolation Error looking up target frame: Lookup would require extrapolation into the past.  Requested time 1757088676.698357 but the earliest data is at time 1757088679.151530, when looking up transform from frame [base_link] to frame [map]
[bt_navigator-6] 
[bt_navigator-6] [WARN] [1757088689.265457129] [BehaviorTreeEngine]: Behavior Tree tick rate 100.00 was exceeded!
[bt_navigator-6] [ERROR] [1757088689.367034553] [transformPoseInTargetFrame]: Extrapolation Error looking up target frame: Lookup would require extrapolation into the past.  Requested time 1757088676.698357 but the earliest data is at time 1757088679.151530, when looking up transform from frame [base_link] to frame [map]
[bt_navigator-6] 
[bt_navigator-6] [WARN] [1757088689.367264984] [BehaviorTreeEngine]: Behavior Tree tick rate 100.00 was exceeded!
[explore-10] [ERROR] [1757088689.368474396] [explore_node]: Extrapolation Error looking up robot pose: Lookup would require extrapolation into the future.  Requested time 1757088689.065522 but the latest data is at time 1757088676.698357, when looking up transform from frame [base_link] to frame [map]
[explore-10] 
[bt_navigator-6] [ERROR] [1757088689.468744836] [transformPoseInTargetFrame]: Extrapolation Error looking up target frame: Lookup would require extrapolation into the past.  Requested time 1757088676.698357 but the earliest data is at time 1757088679.151530, when looking up transform from frame [base_link] to frame [map]
[bt_navigator-6] 
[bt_navigator-6] [WARN] [1757088689.468979435] [BehaviorTreeEngine]: Behavior Tree tick rate 100.00 was exceeded!
[bt_navigator-6] [ERROR] [1757088689.570520435] [transformPoseInTargetFrame]: Extrapolation Error looking up target frame: Lookup would require extrapolation into the past.  Requested time 1757088676.698357 but the earliest data is at time 1757088679.452601, when looking up transform from frame [base_link] to frame [map]
[bt_navigator-6] 
[bt_navigator-6] [WARN] [1757088689.570695389] [BehaviorTreeEngine]: Behavior Tree tick rate 100.00 was exceeded!
[planner_server-4] [ERROR] [1757088689.667577385] [transformPoseInTargetFrame]: Extrapolation Error looking up target frame: Lookup would require extrapolation into the past.  Requested time 1757088676.698357 but the earliest data is at time 1757088679.551577, when looking up transform from frame [base_link] to frame [map]
[planner_server-4] 
[bt_navigator-6] [ERROR] [1757088689.671834701] [transformPoseInTargetFrame]: Extrapolation Error looking up target frame: Lookup would require extrapolation into the past.  Requested time 1757088676.698357 but the earliest data is at time 1757088679.551577, when looking up transform from frame [base_link] to frame [map]
[bt_navigator-6] 
[bt_navigator-6] [WARN] [1757088689.672075914] [BehaviorTreeEngine]: Behavior Tree tick rate 100.00 was exceeded!
[bt_navigator-6] [ERROR] [1757088689.773673972] [transformPoseInTargetFrame]: Extrapolation Error looking up target frame: Lookup would require extrapolation into the past.  Requested time 1757088676.698357 but the earliest data is at time 1757088679.651551, when looking up transform from frame [base_link] to frame [map]
[bt_navigator-6] 
[bt_navigator-6] [WARN] [1757088689.773949431] [BehaviorTreeEngine]: Behavior Tree tick rate 100.00 was exceeded!
[bt_navigator-6] [ERROR] [1757088689.875758357] [transformPoseInTargetFrame]: Extrapolation Error looking up target frame: Lookup would require extrapolation into the past.  Requested time 1757088676.698357 but the earliest data is at time 1757088679.651551, when looking up transform from frame [base_link] to frame [map]
[bt_navigator-6] 
[bt_navigator-6] [WARN] [1757088689.875978394] [BehaviorTreeEngine]: Behavior Tree tick rate 100.00 was exceeded!
[bt_navigator-6] [ERROR] [1757088689.977424517] [transformPoseInTargetFrame]: Extrapolation Error looking up target frame: Lookup would require extrapolation into the past.  Requested time 1757088676.698357 but the earliest data is at time 1757088679.651551, when looking up transform from frame [base_link] to frame [map]
[bt_navigator-6] 
[bt_navigator-6] [WARN] [1757088689.977645496] [BehaviorTreeEngine]: Behavior Tree tick rate 100.00 was exceeded!
[bt_navigator-6] [ERROR] [1757088690.079213340] [transformPoseInTargetFrame]: Extrapolation Error looking up target frame: Lookup would require extrapolation into the past.  Requested time 1757088676.698357 but the earliest data is at time 1757088680.004253, when looking up transform from frame [base_link] to frame [map]
[bt_navigator-6] 
[bt_navigator-6] [WARN] [1757088690.079327809] [BehaviorTreeEngine]: Behavior Tree tick rate 100.00 was exceeded!
[bt_navigator-6] [ERROR] [1757088690.180735555] [transformPoseInTargetFrame]: Extrapolation Error looking up target frame: Lookup would require extrapolation into the past.  Requested time 1757088676.698357 but the earliest data is at time 1757088680.052064, when looking up transform from frame [base_link] to frame [map]
[bt_navigator-6] 
[bt_navigator-6] [WARN] [1757088690.180931116] [BehaviorTreeEngine]: Behavior Tree tick rate 100.00 was exceeded!
[bt_navigator-6] [ERROR] [1757088690.282010840] [transformPoseInTargetFrame]: Extrapolation Error looking up target frame: Lookup would require extrapolation into the past.  Requested time 1757088676.698357 but the earliest data is at time 1757088680.101650, when looking up transform from frame [base_link] to frame [map]
[bt_navigator-6] 
[bt_navigator-6] [WARN] [1757088690.282220759] [BehaviorTreeEngine]: Behavior Tree tick rate 100.00 was exceeded!
[bt_navigator-6] [ERROR] [1757088690.383767771] [transformPoseInTargetFrame]: Extrapolation Error looking up target frame: Lookup would require extrapolation into the past.  Requested time 1757088676.698357 but the earliest data is at time 1757088680.101650, when looking up transform from frame [base_link] to frame [map]
[bt_navigator-6] 
[bt_navigator-6] [WARN] [1757088690.384100653] [BehaviorTreeEngine]: Behavior Tree tick rate 100.00 was exceeded!
[bt_navigator-6] [ERROR] [1757088690.485424203] [transformPoseInTargetFrame]: Extrapolation Error looking up target frame: Lookup would require extrapolation into the past.  Requested time 1757088676.698357 but the earliest data is at time 1757088680.101650, when looking up transform from frame [base_link] to frame [map]
[bt_navigator-6] 
[bt_navigator-6] [WARN] [1757088690.485597110] [BehaviorTreeEngine]: Behavior Tree tick rate 100.00 was exceeded!
[bt_navigator-6] [ERROR] [1757088690.586703266] [transformPoseInTargetFrame]: Extrapolation Error looking up target frame: Lookup would require extrapolation into the past.  Requested time 1757088676.698357 but the earliest data is at time 1757088680.454124, when looking up transform from frame [base_link] to frame [map]
[bt_navigator-6] 
[bt_navigator-6] [WARN] [1757088690.586892219] [BehaviorTreeEngine]: Behavior Tree tick rate 100.00 was exceeded!
[explore-10] [ERROR] [1757088690.627374948] [explore_node]: Extrapolation Error looking up robot pose: Lookup would require extrapolation into the future.  Requested time 1757088690.324067 but the latest data is at time 1757088676.698357, when looking up transform from frame [base_link] to frame [map]
[explore-10] 
[planner_server-4] [ERROR] [1757088690.668122149] [transformPoseInTargetFrame]: Extrapolation Error looking up target frame: Lookup would require extrapolation into the past.  Requested time 1757088676.698357 but the earliest data is at time 1757088680.551838, when looking up transform from frame [base_link] to frame [map]
[planner_server-4] 
[bt_navigator-6] [ERROR] [1757088690.688332186] [transformPoseInTargetFrame]: Extrapolation Error looking up target frame: Lookup would require extrapolation into the past.  Requested time 1757088676.698357 but the earliest data is at time 1757088680.551838, when looking up transform from frame [base_link] to frame [map]
[bt_navigator-6] 
[bt_navigator-6] [WARN] [1757088690.688562424] [BehaviorTreeEngine]: Behavior Tree tick rate 100.00 was exceeded!
[bt_navigator-6] [ERROR] [1757088690.790124655] [transformPoseInTargetFrame]: Extrapolation Error looking up target frame: Lookup would require extrapolation into the past.  Requested time 1757088676.698357 but the earliest data is at time 1757088680.551838, when looking up transform from frame [base_link] to frame [map]
[bt_navigator-6] 
[bt_navigator-6] [WARN] [1757088690.790296945] [BehaviorTreeEngine]: Behavior Tree tick rate 100.00 was exceeded!
[bt_navigator-6] [ERROR] [1757088690.891770151] [transformPoseInTargetFrame]: Extrapolation Error looking up target frame: Lookup would require extrapolation into the past.  Requested time 1757088676.698357 but the earliest data is at time 1757088680.551838, when looking up transform from frame [base_link] to frame [map]
[bt_navigator-6] 
[bt_navigator-6] [WARN] [1757088690.891957311] [BehaviorTreeEngine]: Behavior Tree tick rate 100.00 was exceeded!
[bt_navigator-6] [ERROR] [1757088690.993065608] [transformPoseInTargetFrame]: Extrapolation Error looking up target frame: Lookup would require extrapolation into the past.  Requested time 1757088676.698357 but the earliest data is at time 1757088680.875498, when looking up transform from frame [base_link] to frame [map]
[bt_navigator-6] 
[bt_navigator-6] [WARN] [1757088690.993245771] [BehaviorTreeEngine]: Behavior Tree tick rate 100.00 was exceeded!
[bt_navigator-6] [ERROR] [1757088691.094577315] [transformPoseInTargetFrame]: Extrapolation Error looking up target frame: Lookup would require extrapolation into the past.  Requested time 1757088676.698357 but the earliest data is at time 1757088680.952805, when looking up transform from frame [base_link] to frame [map]
[bt_navigator-6] 
[bt_navigator-6] [WARN] [1757088691.094801027] [BehaviorTreeEngine]: Behavior Tree tick rate 100.00 was exceeded!
[bt_navigator-6] [ERROR] [1757088691.196087858] [transformPoseInTargetFrame]: Extrapolation Error looking up target frame: Lookup would require extrapolation into the past.  Requested time 1757088676.698357 but the earliest data is at time 1757088681.051534, when looking up transform from frame [base_link] to frame [map]
[bt_navigator-6] 
[bt_navigator-6] [WARN] [1757088691.196323588] [BehaviorTreeEngine]: Behavior Tree tick rate 100.00 was exceeded!
[bt_navigator-6] [ERROR] [1757088691.297486867] [transformPoseInTargetFrame]: Extrapolation Error looking up target frame: Lookup would require extrapolation into the past.  Requested time 1757088676.698357 but the earliest data is at time 1757088681.051534, when looking up transform from frame [base_link] to frame [map]
[bt_navigator-6] 
[bt_navigator-6] [WARN] [1757088691.297679001] [BehaviorTreeEngine]: Behavior Tree tick rate 100.00 was exceeded!
[bt_navigator-6] [ERROR] [1757088691.398757966] [transformPoseInTargetFrame]: Extrapolation Error looking up target frame: Lookup would require extrapolation into the past.  Requested time 1757088676.698357 but the earliest data is at time 1757088681.358432, when looking up transform from frame [base_link] to frame [map]
[bt_navigator-6] 
[bt_navigator-6] [WARN] [1757088691.398906828] [BehaviorTreeEngine]: Behavior Tree tick rate 100.00 was exceeded!
[bt_navigator-6] [ERROR] [1757088691.500006527] [transformPoseInTargetFrame]: Extrapolation Error looking up target frame: Lookup would require extrapolation into the past.  Requested time 1757088676.698357 but the earliest data is at time 1757088681.358432, when looking up transform from frame [base_link] to frame [map]
[bt_navigator-6] 
[bt_navigator-6] [WARN] [1757088691.500169968] [BehaviorTreeEngine]: Behavior Tree tick rate 100.00 was exceeded!
[bt_navigator-6] [ERROR] [1757088691.601387805] [transformPoseInTargetFrame]: Extrapolation Error looking up target frame: Lookup would require extrapolation into the past.  Requested time 1757088676.698357 but the earliest data is at time 1757088681.502723, when looking up transform from frame [base_link] to frame [map]
[bt_navigator-6] 
[bt_navigator-6] [WARN] [1757088691.601573791] [BehaviorTreeEngine]: Behavior Tree tick rate 100.00 was exceeded!
[planner_server-4] [ERROR] [1757088691.668008622] [transformPoseInTargetFrame]: Extrapolation Error looking up target frame: Lookup would require extrapolation into the past.  Requested time 1757088676.698357 but the earliest data is at time 1757088681.606680, when looking up transform from frame [base_link] to frame [map]
[planner_server-4] 
[bt_navigator-6] [ERROR] [1757088691.702891721] [transformPoseInTargetFrame]: Extrapolation Error looking up target frame: Lookup would require extrapolation into the past.  Requested time 1757088676.698357 but the earliest data is at time 1757088681.651520, when looking up transform from frame [base_link] to frame [map]
[bt_navigator-6] 
[bt_navigator-6] [WARN] [1757088691.703072994] [BehaviorTreeEngine]: Behavior Tree tick rate 100.00 was exceeded!
[bt_navigator-6] [ERROR] [1757088691.804304589] [transformPoseInTargetFrame]: Extrapolation Error looking up target frame: Lookup would require extrapolation into the past.  Requested time 1757088676.698357 but the earliest data is at time 1757088681.751542, when looking up transform from frame [base_link] to frame [map]
[bt_navigator-6] 
[bt_navigator-6] [WARN] [1757088691.804531997] [BehaviorTreeEngine]: Behavior Tree tick rate 100.00 was exceeded!
[explore-10] [ERROR] [1757088691.895126196] [explore_node]: Extrapolation Error looking up robot pose: Lookup would require extrapolation into the future.  Requested time 1757088691.591636 but the latest data is at time 1757088676.698357, when looking up transform from frame [base_link] to frame [map]
[explore-10] 
[bt_navigator-6] [ERROR] [1757088691.905879580] [transformPoseInTargetFrame]: Extrapolation Error looking up target frame: Lookup would require extrapolation into the past.  Requested time 1757088676.698357 but the earliest data is at time 1757088681.801531, when looking up transform from frame [base_link] to frame [map]
[bt_navigator-6] 
[bt_navigator-6] [WARN] [1757088691.906199430] [BehaviorTreeEngine]: Behavior Tree tick rate 100.00 was exceeded!
[bt_navigator-6] [ERROR] [1757088692.007493076] [transformPoseInTargetFrame]: Extrapolation Error looking up target frame: Lookup would require extrapolation into the past.  Requested time 1757088676.698357 but the earliest data is at time 1757088681.901657, when looking up transform from frame [base_link] to frame [map]
[bt_navigator-6] 
[bt_navigator-6] [WARN] [1757088692.007691764] [BehaviorTreeEngine]: Behavior Tree tick rate 100.00 was exceeded!
[bt_navigator-6] [ERROR] [1757088692.108731162] [transformPoseInTargetFrame]: Extrapolation Error looking up target frame: Lookup would require extrapolation into the past.  Requested time 1757088676.698357 but the earliest data is at time 1757088682.001834, when looking up transform from frame [base_link] to frame [map]
[bt_navigator-6] 
[bt_navigator-6] [WARN] [1757088692.108914878] [BehaviorTreeEngine]: Behavior Tree tick rate 100.00 was exceeded!
[bt_navigator-6] [ERROR] [1757088692.210414188] [transformPoseInTargetFrame]: Extrapolation Error looking up target frame: Lookup would require extrapolation into the past.  Requested time 1757088676.698357 but the earliest data is at time 1757088682.252188, when looking up transform from frame [base_link] to frame [map]
[bt_navigator-6] 
[bt_navigator-6] [WARN] [1757088692.210660794] [BehaviorTreeEngine]: Behavior Tree tick rate 100.00 was exceeded!
[bt_navigator-6] [ERROR] [1757088692.312061994] [transformPoseInTargetFrame]: Extrapolation Error looking up target frame: Lookup would require extrapolation into the past.  Requested time 1757088676.698357 but the earliest data is at time 1757088682.252188, when looking up transform from frame [base_link] to frame [map]
[bt_navigator-6] 
[bt_navigator-6] [WARN] [1757088692.312254596] [BehaviorTreeEngine]: Behavior Tree tick rate 100.00 was exceeded!
[bt_navigator-6] [ERROR] [1757088692.413685695] [transformPoseInTargetFrame]: Extrapolation Error looking up target frame: Lookup would require extrapolation into the past.  Requested time 1757088676.698357 but the earliest data is at time 1757088682.252188, when looking up transform from frame [base_link] to frame [map]
[bt_navigator-6] 
[bt_navigator-6] [WARN] [1757088692.413936266] [BehaviorTreeEngine]: Behavior Tree tick rate 100.00 was exceeded!
[bt_navigator-6] [WARN] [1757088692.485165016] [BehaviorTreeEngine]: Behavior Tree tick rate 100.00 was exceeded!
[planner_server-4] [WARN] [1757088692.489748522] [planner_server]: Planner loop missed its desired rate of 1.0000 Hz. Current loop rate is 0.2403 Hz
[bt_navigator-6] [ERROR] [1757088692.607313866] [transformPoseInTargetFrame]: Extrapolation Error looking up target frame: Lookup would require extrapolation into the past.  Requested time 1757088692.501721 but the earliest data is at time 1757088692.517935, when looking up transform from frame [base_link] to frame [map]
[bt_navigator-6] 
[bt_navigator-6] [WARN] [1757088692.607547493] [BehaviorTreeEngine]: Behavior Tree tick rate 100.00 was exceeded!
[bt_navigator-6] [ERROR] [1757088692.708926559] [transformPoseInTargetFrame]: Extrapolation Error looking up target frame: Lookup would require extrapolation into the past.  Requested time 1757088692.501721 but the earliest data is at time 1757088692.517935, when looking up transform from frame [base_link] to frame [map]
[bt_navigator-6] 
[bt_navigator-6] [WARN] [1757088692.709109130] [BehaviorTreeEngine]: Behavior Tree tick rate 100.00 was exceeded!
[bt_navigator-6] [WARN] [1757088692.749794752] [BehaviorTreeEngine]: Behavior Tree tick rate 100.00 was exceeded!
[explore-10] [ERROR] [1757088693.122044148] [explore_node]: Extrapolation Error looking up robot pose: Lookup would require extrapolation into the future.  Requested time 1757088692.818554 but the latest data is at time 1757088692.801581, when looking up transform from frame [base_link] to frame [map]
[explore-10] 
[behavior_server-5] [INFO] [1757088694.062434879] [behavior_server]: wait completed successfully
[controller_server-2] [INFO] [1757088694.110528206] [controller_server]: Received a goal, begin computing control effort.
[controller_server-2] [ERROR] [1757088694.211616387] [controller_server]: Exception in transformPose: Lookup would require extrapolation into the future.  Requested time 1757088694.051805 but the latest data is at time 1757088692.750669, when looking up transform from frame [odom] to frame [map]
[controller_server-2] [WARN] [1757088694.211750301] [controller_server]: Unable to transform robot pose into global plan's frame
[controller_server-2] [WARN] [1757088694.211958968] [controller_server]: Control loop missed its desired rate of 10.0000Hz
[controller_server-2] [ERROR] [1757088694.313002151] [controller_server]: Exception in transformPose: Lookup would require extrapolation into the future.  Requested time 1757088694.154111 but the latest data is at time 1757088692.750669, when looking up transform from frame [odom] to frame [map]
[controller_server-2] [WARN] [1757088694.313118671] [controller_server]: Unable to transform robot pose into global plan's frame
[controller_server-2] [WARN] [1757088694.313346813] [controller_server]: Control loop missed its desired rate of 10.0000Hz
[explore-10] [ERROR] [1757088694.390487409] [explore_node]: Extrapolation Error looking up robot pose: Lookup would require extrapolation into the future.  Requested time 1757088694.087290 but the latest data is at time 1757088692.750669, when looking up transform from frame [base_link] to frame [map]
[explore-10] 
[controller_server-2] [ERROR] [1757088694.416670863] [controller_server]: Exception in transformPose: Lookup would require extrapolation into the future.  Requested time 1757088694.251499 but the latest data is at time 1757088692.750669, when looking up transform from frame [odom] to frame [map]
[controller_server-2] [WARN] [1757088694.416792547] [controller_server]: Unable to transform robot pose into global plan's frame
[controller_server-2] [WARN] [1757088694.417037752] [controller_server]: Control loop missed its desired rate of 10.0000Hz
[controller_server-2] [ERROR] [1757088694.518229000] [controller_server]: Exception in transformPose: Lookup would require extrapolation into the future.  Requested time 1757088694.352330 but the latest data is at time 1757088692.750669, when looking up transform from frame [odom] to frame [map]
[controller_server-2] [WARN] [1757088694.518324893] [controller_server]: Unable to transform robot pose into global plan's frame
[controller_server-2] [WARN] [1757088694.518480511] [controller_server]: Control loop missed its desired rate of 10.0000Hz
[rviz2-11] [ERROR] [1757088694.542315089] [rviz2]: Lookup would require extrapolation into the past.  Requested time 1757088680.010265 but the earliest data is at time 1757088692.517935, when looking up transform from frame [laser] to frame [map]
[controller_server-2] [INFO] [1757088695.210728657] [controller_server]: Passing new path to controller.
[controller_server-2] [ERROR] [1757088695.611992587] [controller_server]: Exception in transformPose: Lookup would require extrapolation into the future.  Requested time 1757088695.401563 but the latest data is at time 1757088695.397214, when looking up transform from frame [odom] to frame [map]
[controller_server-2] [WARN] [1757088695.612114630] [controller_server]: Unable to transform robot pose into global plan's frame
[controller_server-2] [WARN] [1757088695.612311012] [controller_server]: Control loop missed its desired rate of 10.0000Hz
[controller_server-2] [ERROR] [1757088695.713208433] [controller_server]: Exception in transformPose: Lookup would require extrapolation into the future.  Requested time 1757088695.401563 but the latest data is at time 1757088695.397214, when looking up transform from frame [odom] to frame [map]
[controller_server-2] [WARN] [1757088695.713267936] [controller_server]: Unable to transform robot pose into global plan's frame
[controller_server-2] [WARN] [1757088695.713352320] [controller_server]: Control loop missed its desired rate of 10.0000Hz
[explore-10] [ERROR] [1757088695.774094622] [explore_node]: Extrapolation Error looking up robot pose: Lookup would require extrapolation into the future.  Requested time 1757088695.470742 but the latest data is at time 1757088695.401563, when looking up transform from frame [base_link] to frame [map]
[explore-10] 
[controller_server-2] [ERROR] [1757088695.814994238] [controller_server]: Exception in transformPose: Lookup would require extrapolation into the future.  Requested time 1757088695.401563 but the latest data is at time 1757088695.397214, when looking up transform from frame [odom] to frame [map]
[controller_server-2] [WARN] [1757088695.815095970] [controller_server]: Unable to transform robot pose into global plan's frame
[controller_server-2] [WARN] [1757088695.815261471] [controller_server]: Control loop missed its desired rate of 10.0000Hz
[controller_server-2] [ERROR] [1757088695.916325909] [controller_server]: Exception in transformPose: Lookup would require extrapolation into the future.  Requested time 1757088695.401563 but the latest data is at time 1757088695.397214, when looking up transform from frame [odom] to frame [map]
[controller_server-2] [WARN] [1757088695.916466391] [controller_server]: Unable to transform robot pose into global plan's frame
[controller_server-2] [WARN] [1757088695.916666155] [controller_server]: Control loop missed its desired rate of 10.0000Hz
[controller_server-2] [ERROR] [1757088696.019923527] [controller_server]: Exception in transformPose: Lookup would require extrapolation into the future.  Requested time 1757088695.401563 but the latest data is at time 1757088695.397214, when looking up transform from frame [odom] to frame [map]
[controller_server-2] [WARN] [1757088696.020044006] [controller_server]: Unable to transform robot pose into global plan's frame
[controller_server-2] [WARN] [1757088696.020227222] [controller_server]: Control loop missed its desired rate of 10.0000Hz
[controller_server-2] [ERROR] [1757088696.121380716] [controller_server]: Exception in transformPose: Lookup would require extrapolation into the future.  Requested time 1757088695.401563 but the latest data is at time 1757088695.397214, when looking up transform from frame [odom] to frame [map]
[controller_server-2] [WARN] [1757088696.121503641] [controller_server]: Unable to transform robot pose into global plan's frame
[controller_server-2] [WARN] [1757088696.121690623] [controller_server]: Control loop missed its desired rate of 10.0000Hz
[controller_server-2] [ERROR] [1757088696.224996308] [controller_server]: Exception in transformPose: Lookup would require extrapolation into the future.  Requested time 1757088695.401563 but the latest data is at time 1757088695.397214, when looking up transform from frame [odom] to frame [map]
[controller_server-2] [WARN] [1757088696.225117764] [controller_server]: Unable to transform robot pose into global plan's frame
[controller_server-2] [WARN] [1757088696.225322536] [controller_server]: Control loop missed its desired rate of 10.0000Hz
[controller_server-2] [INFO] [1757088696.225349637] [controller_server]: Passing new path to controller.
[controller_server-2] [ERROR] [1757088696.326504685] [controller_server]: Exception in transformPose: Lookup would require extrapolation into the future.  Requested time 1757088695.401563 but the latest data is at time 1757088695.397214, when looking up transform from frame [odom] to frame [map]
[controller_server-2] [WARN] [1757088696.326684804] [controller_server]: Unable to transform robot pose into global plan's frame
[controller_server-2] [WARN] [1757088696.326863002] [controller_server]: Control loop missed its desired rate of 10.0000Hz
[controller_server-2] [ERROR] [1757088696.430403670] [controller_server]: Exception in transformPose: Lookup would require extrapolation into the future.  Requested time 1757088695.401563 but the latest data is at time 1757088695.397214, when looking up transform from frame [odom] to frame [map]
[controller_server-2] [WARN] [1757088696.430519083] [controller_server]: Unable to transform robot pose into global plan's frame
[controller_server-2] [WARN] [1757088696.430688139] [controller_server]: Control loop missed its desired rate of 10.0000Hz
[controller_server-2] [ERROR] [1757088696.531801360] [controller_server]: Exception in transformPose: Lookup would require extrapolation into the future.  Requested time 1757088695.401563 but the latest data is at time 1757088695.397214, when looking up transform from frame [odom] to frame [map]
[controller_server-2] [WARN] [1757088696.531918931] [controller_server]: Unable to transform robot pose into global plan's frame
[controller_server-2] [WARN] [1757088696.532103706] [controller_server]: Control loop missed its desired rate of 10.0000Hz
[controller_server-2] [ERROR] [1757088696.635483303] [controller_server]: Exception in transformPose: Lookup would require extrapolation into the future.  Requested time 1757088695.401563 but the latest data is at time 1757088695.397214, when looking up transform from frame [odom] to frame [map]
[controller_server-2] [WARN] [1757088696.635603030] [controller_server]: Unable to transform robot pose into global plan's frame
[controller_server-2] [WARN] [1757088696.635787656] [controller_server]: Control loop missed its desired rate of 10.0000Hz
[controller_server-2] [ERROR] [1757088696.736861975] [controller_server]: Exception in transformPose: Lookup would require extrapolation into the future.  Requested time 1757088695.401563 but the latest data is at time 1757088695.397214, when looking up transform from frame [odom] to frame [map]
[controller_server-2] [WARN] [1757088696.736983815] [controller_server]: Unable to transform robot pose into global plan's frame
[controller_server-2] [WARN] [1757088696.737169615] [controller_server]: Control loop missed its desired rate of 10.0000Hz
[controller_server-2] [ERROR] [1757088696.840531025] [controller_server]: Exception in transformPose: Lookup would require extrapolation into the future.  Requested time 1757088695.401563 but the latest data is at time 1757088695.397214, when looking up transform from frame [odom] to frame [map]
[controller_server-2] [WARN] [1757088696.840659159] [controller_server]: Unable to transform robot pose into global plan's frame
[controller_server-2] [WARN] [1757088696.840849154] [controller_server]: Control loop missed its desired rate of 10.0000Hz
[controller_server-2] [ERROR] [1757088696.942024457] [controller_server]: Exception in transformPose: Lookup would require extrapolation into the future.  Requested time 1757088695.401563 but the latest data is at time 1757088695.397214, when looking up transform from frame [odom] to frame [map]
[controller_server-2] [WARN] [1757088696.942137180] [controller_server]: Unable to transform robot pose into global plan's frame
[controller_server-2] [WARN] [1757088696.942503329] [controller_server]: Control loop missed its desired rate of 10.0000Hz
[explore-10] [ERROR] [1757088697.037039417] [explore_node]: Extrapolation Error looking up robot pose: Lookup would require extrapolation into the future.  Requested time 1757088696.733886 but the latest data is at time 1757088695.397214, when looking up transform from frame [base_link] to frame [map]
[explore-10] 
[controller_server-2] [ERROR] [1757088697.046574408] [controller_server]: Exception in transformPose: Lookup would require extrapolation into the future.  Requested time 1757088696.851566 but the latest data is at time 1757088695.397214, when looking up transform from frame [odom] to frame [map]
[controller_server-2] [WARN] [1757088697.046667297] [controller_server]: Unable to transform robot pose into global plan's frame
[controller_server-2] [WARN] [1757088697.046806984] [controller_server]: Control loop missed its desired rate of 10.0000Hz
[controller_server-2] [ERROR] [1757088697.150353425] [controller_server]: Exception in transformPose: Lookup would require extrapolation into the future.  Requested time 1757088696.952221 but the latest data is at time 1757088695.397214, when looking up transform from frame [odom] to frame [map]
[controller_server-2] [WARN] [1757088697.150478009] [controller_server]: Unable to transform robot pose into global plan's frame
[controller_server-2] [WARN] [1757088697.150725811] [controller_server]: Control loop missed its desired rate of 10.0000Hz
[controller_server-2] [ERROR] [1757088697.251768897] [controller_server]: Exception in transformPose: Lookup would require extrapolation into the future.  Requested time 1757088697.101480 but the latest data is at time 1757088695.397214, when looking up transform from frame [odom] to frame [map]
[controller_server-2] [WARN] [1757088697.251896049] [controller_server]: Unable to transform robot pose into global plan's frame
[controller_server-2] [WARN] [1757088697.252081090] [controller_server]: Control loop missed its desired rate of 10.0000Hz
[controller_server-2] [INFO] [1757088697.252108859] [controller_server]: Passing new path to controller.
[controller_server-2] [ERROR] [1757088697.355841611] [controller_server]: Exception in transformPose: Lookup would require extrapolation into the future.  Requested time 1757088697.201545 but the latest data is at time 1757088695.397214, when looking up transform from frame [odom] to frame [map]
[controller_server-2] [WARN] [1757088697.355996520] [controller_server]: Unable to transform robot pose into global plan's frame
[controller_server-2] [WARN] [1757088697.356318100] [controller_server]: Control loop missed its desired rate of 10.0000Hz
[controller_server-2] [ERROR] [1757088697.457658671] [controller_server]: Exception in transformPose: Lookup would require extrapolation into the future.  Requested time 1757088697.301479 but the latest data is at time 1757088695.397214, when looking up transform from frame [odom] to frame [map]
[controller_server-2] [WARN] [1757088697.457805062] [controller_server]: Unable to transform robot pose into global plan's frame
[controller_server-2] [ERROR] [1757088697.457873178] [controller_server]: Controller patience exceeded
[controller_server-2] [WARN] [1757088697.457989023] [controller_server]: [follow_path] [ActionServer] Aborting handle.
[controller_server-2] [INFO] [1757088697.470141715] [local_costmap.local_costmap]: Received request to clear entirely the local_costmap
[controller_server-2] [INFO] [1757088697.471762341] [controller_server]: Received a goal, begin computing control effort.
[controller_server-2] [ERROR] [1757088697.753428126] [controller_server]: Exception in transformPose: Lookup would require extrapolation into the future.  Requested time 1757088697.601568 but the latest data is at time 1757088695.397214, when looking up transform from frame [odom] to frame [map]
[controller_server-2] [WARN] [1757088697.753595794] [controller_server]: Unable to transform robot pose into global plan's frame
[controller_server-2] [WARN] [1757088697.753875595] [controller_server]: Control loop missed its desired rate of 10.0000Hz
[controller_server-2] [ERROR] [1757088697.855365962] [controller_server]: Exception in transformPose: Lookup would require extrapolation into the future.  Requested time 1757088697.601568 but the latest data is at time 1757088695.397214, when looking up transform from frame [odom] to frame [map]
[controller_server-2] [WARN] [1757088697.855485214] [controller_server]: Unable to transform robot pose into global plan's frame
[controller_server-2] [ERROR] [1757088698.055073845] [controller_server]: Exception in transformPose: Lookup would require extrapolation into the future.  Requested time 1757088697.601568 but the latest data is at time 1757088695.397214, when looking up transform from frame [odom] to frame [map]
[controller_server-2] [WARN] [1757088698.055197117] [controller_server]: Unable to transform robot pose into global plan's frame
[controller_server-2] [WARN] [1757088698.055387547] [controller_server]: Control loop missed its desired rate of 10.0000Hz
[controller_server-2] [ERROR] [1757088698.158774066] [controller_server]: Exception in transformPose: Lookup would require extrapolation into the future.  Requested time 1757088697.601568 but the latest data is at time 1757088695.397214, when looking up transform from frame [odom] to frame [map]
[controller_server-2] [WARN] [1757088698.158897376] [controller_server]: Unable to transform robot pose into global plan's frame
[controller_server-2] [WARN] [1757088698.159084041] [controller_server]: Control loop missed its desired rate of 10.0000Hz
[controller_server-2] [ERROR] [1757088698.260103593] [controller_server]: Exception in transformPose: Lookup would require extrapolation into the future.  Requested time 1757088697.601568 but the latest data is at time 1757088695.397214, when looking up transform from frame [odom] to frame [map]
[controller_server-2] [WARN] [1757088698.260271435] [controller_server]: Unable to transform robot pose into global plan's frame
[controller_server-2] [WARN] [1757088698.260450137] [controller_server]: Control loop missed its desired rate of 10.0000Hz
[controller_server-2] [INFO] [1757088698.260476393] [controller_server]: Passing new path to controller.
[explore-10] [ERROR] [1757088698.299904021] [explore_node]: Extrapolation Error looking up robot pose: Lookup would require extrapolation into the future.  Requested time 1757088697.996542 but the latest data is at time 1757088697.951517, when looking up transform from frame [base_link] to frame [map]
[explore-10] 
[controller_server-2] [ERROR] [1757088698.363773080] [controller_server]: Exception in transformPose: Lookup would require extrapolation into the future.  Requested time 1757088697.601568 but the latest data is at time 1757088695.397214, when looking up transform from frame [odom] to frame [map]
[controller_server-2] [WARN] [1757088698.363885850] [controller_server]: Unable to transform robot pose into global plan's frame
[controller_server-2] [WARN] [1757088698.364069081] [controller_server]: Control loop missed its desired rate of 10.0000Hz
[controller_server-2] [ERROR] [1757088698.465220896] [controller_server]: Exception in transformPose: Lookup would require extrapolation into the future.  Requested time 1757088698.301881 but the latest data is at time 1757088695.397214, when looking up transform from frame [odom] to frame [map]
[controller_server-2] [WARN] [1757088698.465333768] [controller_server]: Unable to transform robot pose into global plan's frame
[controller_server-2] [WARN] [1757088698.465507895] [controller_server]: Control loop missed its desired rate of 10.0000Hz
[controller_server-2] [ERROR] [1757088698.568997574] [controller_server]: Exception in transformPose: Lookup would require extrapolation into the future.  Requested time 1757088698.301881 but the latest data is at time 1757088695.397214, when looking up transform from frame [odom] to frame [map]
[controller_server-2] [WARN] [1757088698.569074855] [controller_server]: Unable to transform robot pose into global plan's frame
[controller_server-2] [WARN] [1757088698.569232001] [controller_server]: Control loop missed its desired rate of 10.0000Hz
[controller_server-2] [ERROR] [1757088698.670240083] [controller_server]: Exception in transformPose: Lookup would require extrapolation into the future.  Requested time 1757088698.301881 but the latest data is at time 1757088695.397214, when looking up transform from frame [odom] to frame [map]
[controller_server-2] [WARN] [1757088698.670362206] [controller_server]: Unable to transform robot pose into global plan's frame
[controller_server-2] [WARN] [1757088698.670540053] [controller_server]: Control loop missed its desired rate of 10.0000Hz
[controller_server-2] [ERROR] [1757088698.773772223] [controller_server]: Exception in transformPose: Lookup would require extrapolation into the future.  Requested time 1757088698.301881 but the latest data is at time 1757088695.397214, when looking up transform from frame [odom] to frame [map]
[controller_server-2] [WARN] [1757088698.773884273] [controller_server]: Unable to transform robot pose into global plan's frame
[controller_server-2] [WARN] [1757088698.774071242] [controller_server]: Control loop missed its desired rate of 10.0000Hz
[controller_server-2] [ERROR] [1757088698.875393373] [controller_server]: Exception in transformPose: Lookup would require extrapolation into the future.  Requested time 1757088698.301881 but the latest data is at time 1757088695.397214, when looking up transform from frame [odom] to frame [map]
[controller_server-2] [WARN] [1757088698.875516671] [controller_server]: Unable to transform robot pose into global plan's frame
[controller_server-2] [WARN] [1757088698.875707992] [controller_server]: Control loop missed its desired rate of 10.0000Hz
[controller_server-2] [ERROR] [1757088698.979133985] [controller_server]: Exception in transformPose: Lookup would require extrapolation into the future.  Requested time 1757088698.301881 but the latest data is at time 1757088695.397214, when looking up transform from frame [odom] to frame [map]
[controller_server-2] [WARN] [1757088698.979245546] [controller_server]: Unable to transform robot pose into global plan's frame
[controller_server-2] [WARN] [1757088698.979417685] [controller_server]: Control loop missed its desired rate of 10.0000Hz
[controller_server-2] [ERROR] [1757088699.080778211] [controller_server]: Exception in transformPose: Lookup would require extrapolation into the future.  Requested time 1757088698.301881 but the latest data is at time 1757088695.397214, when looking up transform from frame [odom] to frame [map]
[controller_server-2] [WARN] [1757088699.080909469] [controller_server]: Unable to transform robot pose into global plan's frame
[controller_server-2] [WARN] [1757088699.081103697] [controller_server]: Control loop missed its desired rate of 10.0000Hz
[controller_server-2] [ERROR] [1757088699.184590488] [controller_server]: Exception in transformPose: Lookup would require extrapolation into the future.  Requested time 1757088698.301881 but the latest data is at time 1757088695.397214, when looking up transform from frame [odom] to frame [map]
[controller_server-2] [WARN] [1757088699.184707395] [controller_server]: Unable to transform robot pose into global plan's frame
[controller_server-2] [WARN] [1757088699.184913075] [controller_server]: Control loop missed its desired rate of 10.0000Hz
[controller_server-2] [ERROR] [1757088699.285948919] [controller_server]: Exception in transformPose: Lookup would require extrapolation into the future.  Requested time 1757088698.301881 but the latest data is at time 1757088695.397214, when looking up transform from frame [odom] to frame [map]
[controller_server-2] [WARN] [1757088699.286062506] [controller_server]: Unable to transform robot pose into global plan's frame
[controller_server-2] [WARN] [1757088699.286239502] [controller_server]: Control loop missed its desired rate of 10.0000Hz
[controller_server-2] [INFO] [1757088699.286266701] [controller_server]: Passing new path to controller.
[controller_server-2] [ERROR] [1757088699.389453253] [controller_server]: Exception in transformPose: Lookup would require extrapolation into the future.  Requested time 1757088698.301881 but the latest data is at time 1757088695.397214, when looking up transform from frame [odom] to frame [map]
[controller_server-2] [WARN] [1757088699.389560576] [controller_server]: Unable to transform robot pose into global plan's frame
[controller_server-2] [WARN] [1757088699.389738132] [controller_server]: Control loop missed its desired rate of 10.0000Hz
[controller_server-2] [ERROR] [1757088699.491147410] [controller_server]: Exception in transformPose: Lookup would require extrapolation into the future.  Requested time 1757088698.301881 but the latest data is at time 1757088695.397214, when looking up transform from frame [odom] to frame [map]
[controller_server-2] [WARN] [1757088699.491252415] [controller_server]: Unable to transform robot pose into global plan's frame
[controller_server-2] [ERROR] [1757088699.491296597] [controller_server]: Controller patience exceeded
[controller_server-2] [WARN] [1757088699.491368464] [controller_server]: [follow_path] [ActionServer] Aborting handle.
[behavior_server-5] [INFO] [1757088699.510588950] [behavior_server]: Running backup
[explore-10] [ERROR] [1757088699.572319900] [explore_node]: Extrapolation Error looking up robot pose: Lookup would require extrapolation into the future.  Requested time 1757088699.269063 but the latest data is at time 1757088698.301881, when looking up transform from frame [base_link] to frame [map]
[explore-10] 
[rviz2-11] [INFO] [1757088700.866341839] [rviz2]: Trying to create a map of size 104 x 97 using 1 swatches
[controller_server-2] [INFO] [1757088701.045788415] [local_costmap.local_costmap]: StaticLayer: Resizing static layer to 104 X 97 at 0.040000 m/pix
[planner_server-4] [INFO] [1757088701.364404670] [global_costmap.global_costmap]: StaticLayer: Resizing costmap to 104 X 97 at 0.040000 m/pix
[rviz2-11] [INFO] [1757088701.379404734] [rviz2]: Trying to create a map of size 104 x 97 using 1 swatches
[explore-10] [INFO] [1757088706.925134576] [explore_node]: [NAV] Remembered last goal (-2.17, 2.05, yaw from quat).
[bt_navigator-6] [INFO] [1757088706.929877362] [bt_navigator]: Received goal preemption request
[bt_navigator-6] [INFO] [1757088706.930096923] [bt_navigator]: Begin navigating from current location (-0.86, 1.19) to (-2.17, 2.05)
[behavior_server-5] [INFO] [1757088707.311001041] [behavior_server]: backup completed successfully
[controller_server-2] [INFO] [1757088707.360557921] [controller_server]: Received a goal, begin computing control effort.
[controller_server-2] [INFO] [1757088708.460751971] [controller_server]: Passing new path to controller.
[controller_server-2] [ERROR] [1757088709.161868679] [controller_server]: Exception in transformPose: Lookup would require extrapolation into the future.  Requested time 1757088709.001555 but the latest data is at time 1757088708.956928, when looking up transform from frame [odom] to frame [map]
[controller_server-2] [WARN] [1757088709.161979730] [controller_server]: Unable to transform robot pose into global plan's frame
[controller_server-2] [WARN] [1757088709.162130980] [controller_server]: Control loop missed its desired rate of 10.0000Hz
[controller_server-2] [WARN] [1757088709.264358943] [controller_server]: Control loop missed its desired rate of 10.0000Hz
[controller_server-2] [ERROR] [1757088709.462005362] [controller_server]: Exception in transformPose: Lookup would require extrapolation into the future.  Requested time 1757088709.303113 but the latest data is at time 1757088709.274876, when looking up transform from frame [odom] to frame [map]
[controller_server-2] [WARN] [1757088709.462130424] [controller_server]: Unable to transform robot pose into global plan's frame
[controller_server-2] [WARN] [1757088709.462330714] [controller_server]: Control loop missed its desired rate of 10.0000Hz
[controller_server-2] [INFO] [1757088709.462358551] [controller_server]: Passing new path to controller.
[controller_server-2] [ERROR] [1757088709.565568684] [controller_server]: Exception in transformPose: Lookup would require extrapolation into the future.  Requested time 1757088709.401556 but the latest data is at time 1757088709.274876, when looking up transform from frame [odom] to frame [map]
[controller_server-2] [WARN] [1757088709.565758296] [controller_server]: Unable to transform robot pose into global plan's frame
[controller_server-2] [WARN] [1757088709.566057016] [controller_server]: Control loop missed its desired rate of 10.0000Hz
[controller_server-2] [INFO] [1757088710.460775139] [controller_server]: Passing new path to controller.
[controller_server-2] [ERROR] [1757088710.861995962] [controller_server]: Exception in transformPose: Lookup would require extrapolation into the future.  Requested time 1757088710.701603 but the latest data is at time 1757088710.677258, when looking up transform from frame [odom] to frame [map]
[controller_server-2] [WARN] [1757088710.862127058] [controller_server]: Unable to transform robot pose into global plan's frame
[controller_server-2] [WARN] [1757088710.862410188] [controller_server]: Control loop missed its desired rate of 10.0000Hz
[controller_server-2] [ERROR] [1757088710.965630710] [controller_server]: Exception in transformPose: Lookup would require extrapolation into the future.  Requested time 1757088710.801580 but the latest data is at time 1757088710.677258, when looking up transform from frame [odom] to frame [map]
[controller_server-2] [WARN] [1757088710.965670164] [controller_server]: Unable to transform robot pose into global plan's frame
[controller_server-2] [WARN] [1757088710.965733753] [controller_server]: Control loop missed its desired rate of 10.0000Hz
[controller_server-2] [ERROR] [1757088711.066829964] [controller_server]: Exception in transformPose: Lookup would require extrapolation into the future.  Requested time 1757088710.901592 but the latest data is at time 1757088710.677258, when looking up transform from frame [odom] to frame [map]
[controller_server-2] [WARN] [1757088711.066953419] [controller_server]: Unable to transform robot pose into global plan's frame
[controller_server-2] [WARN] [1757088711.067134892] [controller_server]: Control loop missed its desired rate of 10.0000Hz
[controller_server-2] [ERROR] [1757088711.461773254] [controller_server]: Exception in transformPose: Lookup would require extrapolation into the future.  Requested time 1757088711.301528 but the latest data is at time 1757088711.297043, when looking up transform from frame [odom] to frame [map]
[controller_server-2] [WARN] [1757088711.461835663] [controller_server]: Unable to transform robot pose into global plan's frame
[controller_server-2] [WARN] [1757088711.461933343] [controller_server]: Control loop missed its desired rate of 10.0000Hz
[controller_server-2] [ERROR] [1757088711.563823143] [controller_server]: Exception in transformPose: Lookup would require extrapolation into the future.  Requested time 1757088711.401497 but the latest data is at time 1757088711.297043, when looking up transform from frame [odom] to frame [map]
[controller_server-2] [WARN] [1757088711.563877457] [controller_server]: Unable to transform robot pose into global plan's frame
[controller_server-2] [WARN] [1757088711.563954301] [controller_server]: Control loop missed its desired rate of 10.0000Hz
[controller_server-2] [INFO] [1757088711.563966062] [controller_server]: Passing new path to controller.
[controller_server-2] [ERROR] [1757088711.664972755] [controller_server]: Exception in transformPose: Lookup would require extrapolation into the future.  Requested time 1757088711.501557 but the latest data is at time 1757088711.297043, when looking up transform from frame [odom] to frame [map]
[controller_server-2] [WARN] [1757088711.665067338] [controller_server]: Unable to transform robot pose into global plan's frame
[controller_server-2] [WARN] [1757088711.665204290] [controller_server]: Control loop missed its desired rate of 10.0000Hz
[controller_server-2] [ERROR] [1757088711.767839240] [controller_server]: Exception in transformPose: Lookup would require extrapolation into the future.  Requested time 1757088711.601502 but the latest data is at time 1757088711.297043, when looking up transform from frame [odom] to frame [map]
[controller_server-2] [WARN] [1757088711.767958550] [controller_server]: Unable to transform robot pose into global plan's frame
[controller_server-2] [WARN] [1757088711.768172168] [controller_server]: Control loop missed its desired rate of 10.0000Hz
[controller_server-2] [ERROR] [1757088711.869140161] [controller_server]: Exception in transformPose: Lookup would require extrapolation into the future.  Requested time 1757088711.701689 but the latest data is at time 1757088711.297043, when looking up transform from frame [odom] to frame [map]
[controller_server-2] [WARN] [1757088711.869214564] [controller_server]: Unable to transform robot pose into global plan's frame
[controller_server-2] [WARN] [1757088711.869327235] [controller_server]: Control loop missed its desired rate of 10.0000Hz
[controller_server-2] [ERROR] [1757088711.971490709] [controller_server]: Exception in transformPose: Lookup would require extrapolation into the future.  Requested time 1757088711.753918 but the latest data is at time 1757088711.297043, when looking up transform from frame [odom] to frame [map]
[controller_server-2] [WARN] [1757088711.971567635] [controller_server]: Unable to transform robot pose into global plan's frame
[controller_server-2] [WARN] [1757088711.971653413] [controller_server]: Control loop missed its desired rate of 10.0000Hz
[controller_server-2] [ERROR] [1757088712.072635019] [controller_server]: Exception in transformPose: Lookup would require extrapolation into the future.  Requested time 1757088711.901533 but the latest data is at time 1757088711.297043, when looking up transform from frame [odom] to frame [map]
[controller_server-2] [WARN] [1757088712.072734552] [controller_server]: Unable to transform robot pose into global plan's frame
[controller_server-2] [WARN] [1757088712.072871523] [controller_server]: Control loop missed its desired rate of 10.0000Hz
[controller_server-2] [ERROR] [1757088712.176103292] [controller_server]: Exception in transformPose: Lookup would require extrapolation into the future.  Requested time 1757088711.951469 but the latest data is at time 1757088711.297043, when looking up transform from frame [odom] to frame [map]
[controller_server-2] [WARN] [1757088712.176228504] [controller_server]: Unable to transform robot pose into global plan's frame
[controller_server-2] [WARN] [1757088712.176442310] [controller_server]: Control loop missed its desired rate of 10.0000Hz
[controller_server-2] [ERROR] [1757088712.277661222] [controller_server]: Exception in transformPose: Lookup would require extrapolation into the future.  Requested time 1757088712.101540 but the latest data is at time 1757088711.297043, when looking up transform from frame [odom] to frame [map]
[controller_server-2] [WARN] [1757088712.277816068] [controller_server]: Unable to transform robot pose into global plan's frame
[controller_server-2] [WARN] [1757088712.278135756] [controller_server]: Control loop missed its desired rate of 10.0000Hz
[controller_server-2] [ERROR] [1757088712.382090643] [controller_server]: Exception in transformPose: Lookup would require extrapolation into the future.  Requested time 1757088712.201511 but the latest data is at time 1757088711.297043, when looking up transform from frame [odom] to frame [map]
[controller_server-2] [WARN] [1757088712.382210350] [controller_server]: Unable to transform robot pose into global plan's frame
[controller_server-2] [WARN] [1757088712.382436028] [controller_server]: Control loop missed its desired rate of 10.0000Hz
[controller_server-2] [ERROR] [1757088712.483467020] [controller_server]: Exception in transformPose: Lookup would require extrapolation into the future.  Requested time 1757088712.301609 but the latest data is at time 1757088711.297043, when looking up transform from frame [odom] to frame [map]
[controller_server-2] [WARN] [1757088712.483573651] [controller_server]: Unable to transform robot pose into global plan's frame
[controller_server-2] [WARN] [1757088712.483734843] [controller_server]: Control loop missed its desired rate of 10.0000Hz
[controller_server-2] [ERROR] [1757088712.586562642] [controller_server]: Exception in transformPose: Lookup would require extrapolation into the future.  Requested time 1757088712.401789 but the latest data is at time 1757088711.297043, when looking up transform from frame [odom] to frame [map]
[controller_server-2] [WARN] [1757088712.586672102] [controller_server]: Unable to transform robot pose into global plan's frame
[controller_server-2] [WARN] [1757088712.586860642] [controller_server]: Control loop missed its desired rate of 10.0000Hz
[controller_server-2] [INFO] [1757088712.586896670] [controller_server]: Passing new path to controller.
[controller_server-2] [ERROR] [1757088712.688446236] [controller_server]: Exception in transformPose: Lookup would require extrapolation into the future.  Requested time 1757088712.503196 but the latest data is at time 1757088711.297043, when looking up transform from frame [odom] to frame [map]
[controller_server-2] [WARN] [1757088712.688573487] [controller_server]: Unable to transform robot pose into global plan's frame
[controller_server-2] [WARN] [1757088712.688788335] [controller_server]: Control loop missed its desired rate of 10.0000Hz
[controller_server-2] [ERROR] [1757088712.792088169] [controller_server]: Exception in transformPose: Lookup would require extrapolation into the future.  Requested time 1757088712.601696 but the latest data is at time 1757088711.297043, when looking up transform from frame [odom] to frame [map]
[controller_server-2] [WARN] [1757088712.792263772] [controller_server]: Unable to transform robot pose into global plan's frame
[controller_server-2] [WARN] [1757088712.792451555] [controller_server]: Control loop missed its desired rate of 10.0000Hz
[controller_server-2] [ERROR] [1757088712.893659712] [controller_server]: Exception in transformPose: Lookup would require extrapolation into the future.  Requested time 1757088712.682907 but the latest data is at time 1757088711.297043, when looking up transform from frame [odom] to frame [map]
[controller_server-2] [WARN] [1757088712.893792071] [controller_server]: Unable to transform robot pose into global plan's frame
[controller_server-2] [WARN] [1757088712.893998002] [controller_server]: Control loop missed its desired rate of 10.0000Hz
[controller_server-2] [ERROR] [1757088712.997555909] [controller_server]: Exception in transformPose: Lookup would require extrapolation into the future.  Requested time 1757088712.801907 but the latest data is at time 1757088711.297043, when looking up transform from frame [odom] to frame [map]
[controller_server-2] [WARN] [1757088712.997674596] [controller_server]: Unable to transform robot pose into global plan's frame
[controller_server-2] [WARN] [1757088712.997944140] [controller_server]: Control loop missed its desired rate of 10.0000Hz
[controller_server-2] [ERROR] [1757088713.098949956] [controller_server]: Exception in transformPose: Lookup would require extrapolation into the future.  Requested time 1757088712.901560 but the latest data is at time 1757088711.297043, when looking up transform from frame [odom] to frame [map]
[controller_server-2] [WARN] [1757088713.099068911] [controller_server]: Unable to transform robot pose into global plan's frame
[controller_server-2] [WARN] [1757088713.099250532] [controller_server]: Control loop missed its desired rate of 10.0000Hz
[controller_server-2] [ERROR] [1757088713.202604644] [controller_server]: Exception in transformPose: Lookup would require extrapolation into the future.  Requested time 1757088713.005017 but the latest data is at time 1757088711.297043, when looking up transform from frame [odom] to frame [map]
[controller_server-2] [WARN] [1757088713.202721564] [controller_server]: Unable to transform robot pose into global plan's frame
[controller_server-2] [WARN] [1757088713.202906470] [controller_server]: Control loop missed its desired rate of 10.0000Hz
[controller_server-2] [ERROR] [1757088713.304232351] [controller_server]: Exception in transformPose: Lookup would require extrapolation into the future.  Requested time 1757088713.101644 but the latest data is at time 1757088711.297043, when looking up transform from frame [odom] to frame [map]
[controller_server-2] [WARN] [1757088713.304347034] [controller_server]: Unable to transform robot pose into global plan's frame
[controller_server-2] [ERROR] [1757088713.304391978] [controller_server]: Controller patience exceeded
[controller_server-2] [WARN] [1757088713.304461788] [controller_server]: [follow_path] [ActionServer] Aborting handle.
[controller_server-2] [INFO] [1757088713.320143594] [local_costmap.local_costmap]: Received request to clear entirely the local_costmap
[controller_server-2] [INFO] [1757088713.321650541] [controller_server]: Received a goal, begin computing control effort.
[controller_server-2] [ERROR] [1757088713.553317766] [controller_server]: Exception in transformPose: Lookup would require extrapolation into the future.  Requested time 1757088713.401577 but the latest data is at time 1757088711.297043, when looking up transform from frame [odom] to frame [map]
[controller_server-2] [WARN] [1757088713.553459329] [controller_server]: Unable to transform robot pose into global plan's frame
[controller_server-2] [WARN] [1757088713.553647459] [controller_server]: Control loop missed its desired rate of 10.0000Hz
[controller_server-2] [INFO] [1757088713.553675390] [controller_server]: Passing new path to controller.
[controller_server-2] [ERROR] [1757088713.655390575] [controller_server]: Exception in transformPose: Lookup would require extrapolation into the future.  Requested time 1757088713.501538 but the latest data is at time 1757088711.297043, when looking up transform from frame [odom] to frame [map]
[controller_server-2] [WARN] [1757088713.655526276] [controller_server]: Unable to transform robot pose into global plan's frame
[explore-10] [ERROR] [1757088713.820491142] [explore_node]: Extrapolation Error looking up robot pose: Lookup would require extrapolation into the future.  Requested time 1757088713.517267 but the latest data is at time 1757088711.297043, when looking up transform from frame [base_link] to frame [map]
[explore-10] 
[controller_server-2] [ERROR] [1757088713.855643370] [controller_server]: Exception in transformPose: Lookup would require extrapolation into the future.  Requested time 1757088713.651500 but the latest data is at time 1757088711.297043, when looking up transform from frame [odom] to frame [map]
[controller_server-2] [WARN] [1757088713.855865057] [controller_server]: Unable to transform robot pose into global plan's frame
[controller_server-2] [WARN] [1757088713.856163624] [controller_server]: Control loop missed its desired rate of 10.0000Hz
[controller_server-2] [ERROR] [1757088713.959772369] [controller_server]: Exception in transformPose: Lookup would require extrapolation into the future.  Requested time 1757088713.801517 but the latest data is at time 1757088711.297043, when looking up transform from frame [odom] to frame [map]
[controller_server-2] [WARN] [1757088713.959909554] [controller_server]: Unable to transform robot pose into global plan's frame
[controller_server-2] [WARN] [1757088713.960213848] [controller_server]: Control loop missed its desired rate of 10.0000Hz
[controller_server-2] [ERROR] [1757088714.061372662] [controller_server]: Exception in transformPose: Lookup would require extrapolation into the future.  Requested time 1757088713.851507 but the latest data is at time 1757088711.297043, when looking up transform from frame [odom] to frame [map]
[controller_server-2] [WARN] [1757088714.061490745] [controller_server]: Unable to transform robot pose into global plan's frame
[controller_server-2] [WARN] [1757088714.061670997] [controller_server]: Control loop missed its desired rate of 10.0000Hz
[controller_server-2] [ERROR] [1757088714.165222142] [controller_server]: Exception in transformPose: Lookup would require extrapolation into the future.  Requested time 1757088714.001543 but the latest data is at time 1757088711.297043, when looking up transform from frame [odom] to frame [map]
[controller_server-2] [WARN] [1757088714.165340439] [controller_server]: Unable to transform robot pose into global plan's frame
[controller_server-2] [WARN] [1757088714.165552000] [controller_server]: Control loop missed its desired rate of 10.0000Hz
[controller_server-2] [ERROR] [1757088714.266665283] [controller_server]: Exception in transformPose: Lookup would require extrapolation into the future.  Requested time 1757088714.101765 but the latest data is at time 1757088711.297043, when looking up transform from frame [odom] to frame [map]
[controller_server-2] [WARN] [1757088714.266782593] [controller_server]: Unable to transform robot pose into global plan's frame
[controller_server-2] [WARN] [1757088714.266974354] [controller_server]: Control loop missed its desired rate of 10.0000Hz
[controller_server-2] [ERROR] [1757088714.370527683] [controller_server]: Exception in transformPose: Lookup would require extrapolation into the future.  Requested time 1757088714.151642 but the latest data is at time 1757088711.297043, when looking up transform from frame [odom] to frame [map]
[controller_server-2] [WARN] [1757088714.370646428] [controller_server]: Unable to transform robot pose into global plan's frame
[controller_server-2] [WARN] [1757088714.370832849] [controller_server]: Control loop missed its desired rate of 10.0000Hz
[controller_server-2] [ERROR] [1757088714.472764444] [controller_server]: Exception in transformPose: Lookup would require extrapolation into the future.  Requested time 1757088714.301493 but the latest data is at time 1757088711.297043, when looking up transform from frame [odom] to frame [map]
[controller_server-2] [WARN] [1757088714.472854043] [controller_server]: Unable to transform robot pose into global plan's frame
[controller_server-2] [WARN] [1757088714.472988385] [controller_server]: Control loop missed its desired rate of 10.0000Hz
[controller_server-2] [ERROR] [1757088714.576566725] [controller_server]: Exception in transformPose: Lookup would require extrapolation into the future.  Requested time 1757088714.401537 but the latest data is at time 1757088711.297043, when looking up transform from frame [odom] to frame [map]
[controller_server-2] [WARN] [1757088714.576678185] [controller_server]: Unable to transform robot pose into global plan's frame
[controller_server-2] [WARN] [1757088714.577053639] [controller_server]: Control loop missed its desired rate of 10.0000Hz
[controller_server-2] [INFO] [1757088714.577141515] [controller_server]: Passing new path to controller.
[controller_server-2] [ERROR] [1757088714.678600032] [controller_server]: Exception in transformPose: Lookup would require extrapolation into the future.  Requested time 1757088714.501676 but the latest data is at time 1757088711.297043, when looking up transform from frame [odom] to frame [map]
[controller_server-2] [WARN] [1757088714.678719344] [controller_server]: Unable to transform robot pose into global plan's frame
[controller_server-2] [WARN] [1757088714.678967277] [controller_server]: Control loop missed its desired rate of 10.0000Hz
[controller_server-2] [ERROR] [1757088714.783442281] [controller_server]: Exception in transformPose: Lookup would require extrapolation into the future.  Requested time 1757088714.601885 but the latest data is at time 1757088711.297043, when looking up transform from frame [odom] to frame [map]
[controller_server-2] [WARN] [1757088714.783590651] [controller_server]: Unable to transform robot pose into global plan's frame
[controller_server-2] [WARN] [1757088714.783950756] [controller_server]: Control loop missed its desired rate of 10.0000Hz
[controller_server-2] [ERROR] [1757088714.885334159] [controller_server]: Exception in transformPose: Lookup would require extrapolation into the future.  Requested time 1757088714.701537 but the latest data is at time 1757088711.297043, when looking up transform from frame [odom] to frame [map]
[controller_server-2] [WARN] [1757088714.885449365] [controller_server]: Unable to transform robot pose into global plan's frame
[controller_server-2] [WARN] [1757088714.885605858] [controller_server]: Control loop missed its desired rate of 10.0000Hz
[controller_server-2] [ERROR] [1757088714.988649688] [controller_server]: Exception in transformPose: Lookup would require extrapolation into the future.  Requested time 1757088714.801581 but the latest data is at time 1757088711.297043, when looking up transform from frame [odom] to frame [map]
[controller_server-2] [WARN] [1757088714.988764620] [controller_server]: Unable to transform robot pose into global plan's frame
[controller_server-2] [WARN] [1757088714.988944955] [controller_server]: Control loop missed its desired rate of 10.0000Hz
[controller_server-2] [ERROR] [1757088715.090003503] [controller_server]: Exception in transformPose: Lookup would require extrapolation into the future.  Requested time 1757088714.901492 but the latest data is at time 1757088711.297043, when looking up transform from frame [odom] to frame [map]
[controller_server-2] [WARN] [1757088715.090125875] [controller_server]: Unable to transform robot pose into global plan's frame
[controller_server-2] [WARN] [1757088715.090320527] [controller_server]: Control loop missed its desired rate of 10.0000Hz
[controller_server-2] [ERROR] [1757088715.193348459] [controller_server]: Exception in transformPose: Lookup would require extrapolation into the future.  Requested time 1757088715.001699 but the latest data is at time 1757088711.297043, when looking up transform from frame [odom] to frame [map]
[controller_server-2] [WARN] [1757088715.193498686] [controller_server]: Unable to transform robot pose into global plan's frame
[controller_server-2] [WARN] [1757088715.193808889] [controller_server]: Control loop missed its desired rate of 10.0000Hz
[controller_server-2] [ERROR] [1757088715.295124453] [controller_server]: Exception in transformPose: Lookup would require extrapolation into the future.  Requested time 1757088715.101501 but the latest data is at time 1757088711.297043, when looking up transform from frame [odom] to frame [map]
[controller_server-2] [WARN] [1757088715.295229280] [controller_server]: Unable to transform robot pose into global plan's frame
[controller_server-2] [WARN] [1757088715.295391910] [controller_server]: Control loop missed its desired rate of 10.0000Hz
[controller_server-2] [ERROR] [1757088715.398927352] [controller_server]: Exception in transformPose: Lookup would require extrapolation into the future.  Requested time 1757088715.201539 but the latest data is at time 1757088711.297043, when looking up transform from frame [odom] to frame [map]
[controller_server-2] [WARN] [1757088715.399072288] [controller_server]: Unable to transform robot pose into global plan's frame
[controller_server-2] [ERROR] [1757088715.399143196] [controller_server]: Controller patience exceeded
[controller_server-2] [WARN] [1757088715.399247268] [controller_server]: [follow_path] [ActionServer] Aborting handle.
[controller_server-2] [INFO] [1757088715.410167302] [local_costmap.local_costmap]: Received request to clear entirely the local_costmap
[planner_server-4] [INFO] [1757088715.411185268] [global_costmap.global_costmap]: Received request to clear entirely the global_costmap
[controller_server-2] [INFO] [1757088716.390221025] [controller_server]: Received a goal, begin computing control effort.
[controller_server-2] [ERROR] [1757088716.491474030] [controller_server]: Exception in transformPose: Lookup would require extrapolation into the future.  Requested time 1757088716.301666 but the latest data is at time 1757088711.297043, when looking up transform from frame [odom] to frame [map]
[controller_server-2] [WARN] [1757088716.491660405] [controller_server]: Unable to transform robot pose into global plan's frame
[controller_server-2] [WARN] [1757088716.491855464] [controller_server]: Control loop missed its desired rate of 10.0000Hz
[controller_server-2] [ERROR] [1757088716.594991719] [controller_server]: Exception in transformPose: Lookup would require extrapolation into the future.  Requested time 1757088716.401511 but the latest data is at time 1757088711.297043, when looking up transform from frame [odom] to frame [map]
[controller_server-2] [WARN] [1757088716.595109465] [controller_server]: Unable to transform robot pose into global plan's frame
[controller_server-2] [WARN] [1757088716.595321656] [controller_server]: Control loop missed its desired rate of 10.0000Hz
[controller_server-2] [ERROR] [1757088716.696358467] [controller_server]: Exception in transformPose: Lookup would require extrapolation into the future.  Requested time 1757088716.501697 but the latest data is at time 1757088711.297043, when looking up transform from frame [odom] to frame [map]
[controller_server-2] [WARN] [1757088716.696452069] [controller_server]: Unable to transform robot pose into global plan's frame
[controller_server-2] [WARN] [1757088716.696598693] [controller_server]: Control loop missed its desired rate of 10.0000Hz
[controller_server-2] [ERROR] [1757088716.799399797] [controller_server]: Exception in transformPose: Lookup would require extrapolation into the future.  Requested time 1757088716.601648 but the latest data is at time 1757088711.297043, when looking up transform from frame [odom] to frame [map]
[controller_server-2] [WARN] [1757088716.799523674] [controller_server]: Unable to transform robot pose into global plan's frame
[controller_server-2] [WARN] [1757088716.799711708] [controller_server]: Control loop missed its desired rate of 10.0000Hz
[controller_server-2] [ERROR] [1757088716.900865974] [controller_server]: Exception in transformPose: Lookup would require extrapolation into the future.  Requested time 1757088716.703012 but the latest data is at time 1757088711.297043, when looking up transform from frame [odom] to frame [map]
[controller_server-2] [WARN] [1757088716.900922060] [controller_server]: Unable to transform robot pose into global plan's frame
[controller_server-2] [WARN] [1757088716.901009538] [controller_server]: Control loop missed its desired rate of 10.0000Hz
[controller_server-2] [ERROR] [1757088717.004109759] [controller_server]: Exception in transformPose: Lookup would require extrapolation into the future.  Requested time 1757088716.801758 but the latest data is at time 1757088711.297043, when looking up transform from frame [odom] to frame [map]
[controller_server-2] [WARN] [1757088717.004279642] [controller_server]: Unable to transform robot pose into global plan's frame
[controller_server-2] [WARN] [1757088717.004593924] [controller_server]: Control loop missed its desired rate of 10.0000Hz
[controller_server-2] [ERROR] [1757088717.106138341] [controller_server]: Exception in transformPose: Lookup would require extrapolation into the future.  Requested time 1757088716.901535 but the latest data is at time 1757088711.297043, when looking up transform from frame [odom] to frame [map]
[controller_server-2] [WARN] [1757088717.106288386] [controller_server]: Unable to transform robot pose into global plan's frame
[controller_server-2] [WARN] [1757088717.106595556] [controller_server]: Control loop missed its desired rate of 10.0000Hz
[controller_server-2] [ERROR] [1757088717.210787659] [controller_server]: Exception in transformPose: Lookup would require extrapolation into the future.  Requested time 1757088716.901535 but the latest data is at time 1757088711.297043, when looking up transform from frame [odom] to frame [map]
[controller_server-2] [WARN] [1757088717.210983570] [controller_server]: Unable to transform robot pose into global plan's frame
[controller_server-2] [WARN] [1757088717.211266252] [controller_server]: Control loop missed its desired rate of 10.0000Hz
[controller_server-2] [ERROR] [1757088717.312496545] [controller_server]: Exception in transformPose: Lookup would require extrapolation into the future.  Requested time 1757088716.901535 but the latest data is at time 1757088711.297043, when looking up transform from frame [odom] to frame [map]
[controller_server-2] [WARN] [1757088717.312603511] [controller_server]: Unable to transform robot pose into global plan's frame
[controller_server-2] [WARN] [1757088717.312779584] [controller_server]: Control loop missed its desired rate of 10.0000Hz
[controller_server-2] [ERROR] [1757088717.416210870] [controller_server]: Exception in transformPose: Lookup would require extrapolation into the future.  Requested time 1757088716.901535 but the latest data is at time 1757088711.297043, when looking up transform from frame [odom] to frame [map]
[controller_server-2] [WARN] [1757088717.416355049] [controller_server]: Unable to transform robot pose into global plan's frame
[controller_server-2] [WARN] [1757088717.416658821] [controller_server]: Control loop missed its desired rate of 10.0000Hz
[controller_server-2] [ERROR] [1757088717.518198612] [controller_server]: Exception in transformPose: Lookup would require extrapolation into the future.  Requested time 1757088716.901535 but the latest data is at time 1757088711.297043, when looking up transform from frame [odom] to frame [map]
[controller_server-2] [WARN] [1757088717.518350200] [controller_server]: Unable to transform robot pose into global plan's frame
[controller_server-2] [WARN] [1757088717.518722766] [controller_server]: Control loop missed its desired rate of 10.0000Hz
[controller_server-2] [INFO] [1757088717.518820168] [controller_server]: Passing new path to controller.
[controller_server-2] [ERROR] [1757088717.621800564] [controller_server]: Exception in transformPose: Lookup would require extrapolation into the future.  Requested time 1757088716.901535 but the latest data is at time 1757088711.297043, when looking up transform from frame [odom] to frame [map]
[controller_server-2] [WARN] [1757088717.621967003] [controller_server]: Unable to transform robot pose into global plan's frame
[controller_server-2] [WARN] [1757088717.622246075] [controller_server]: Control loop missed its desired rate of 10.0000Hz
[controller_server-2] [ERROR] [1757088717.723383725] [controller_server]: Exception in transformPose: Lookup would require extrapolation into the future.  Requested time 1757088716.901535 but the latest data is at time 1757088711.297043, when looking up transform from frame [odom] to frame [map]
[controller_server-2] [WARN] [1757088717.723497998] [controller_server]: Unable to transform robot pose into global plan's frame
[controller_server-2] [WARN] [1757088717.723681316] [controller_server]: Control loop missed its desired rate of 10.0000Hz
[controller_server-2] [ERROR] [1757088717.826930167] [controller_server]: Exception in transformPose: Lookup would require extrapolation into the future.  Requested time 1757088717.301724 but the latest data is at time 1757088711.297043, when looking up transform from frame [odom] to frame [map]
[controller_server-2] [WARN] [1757088717.827051231] [controller_server]: Unable to transform robot pose into global plan's frame
[controller_server-2] [WARN] [1757088717.827276312] [controller_server]: Control loop missed its desired rate of 10.0000Hz
[controller_server-2] [ERROR] [1757088717.928622259] [controller_server]: Exception in transformPose: Lookup would require extrapolation into the future.  Requested time 1757088717.740159 but the latest data is at time 1757088711.297043, when looking up transform from frame [odom] to frame [map]
[controller_server-2] [WARN] [1757088717.928761115] [controller_server]: Unable to transform robot pose into global plan's frame
[controller_server-2] [WARN] [1757088717.929009152] [controller_server]: Control loop missed its desired rate of 10.0000Hz
[controller_server-2] [ERROR] [1757088718.032436333] [controller_server]: Exception in transformPose: Lookup would require extrapolation into the future.  Requested time 1757088717.852117 but the latest data is at time 1757088711.297043, when looking up transform from frame [odom] to frame [map]
[controller_server-2] [WARN] [1757088718.032560030] [controller_server]: Unable to transform robot pose into global plan's frame
[controller_server-2] [WARN] [1757088718.032747840] [controller_server]: Control loop missed its desired rate of 10.0000Hz
[controller_server-2] [ERROR] [1757088718.134258399] [controller_server]: Exception in transformPose: Lookup would require extrapolation into the future.  Requested time 1757088717.951573 but the latest data is at time 1757088711.297043, when looking up transform from frame [odom] to frame [map]
[controller_server-2] [WARN] [1757088718.134375675] [controller_server]: Unable to transform robot pose into global plan's frame
[controller_server-2] [WARN] [1757088718.134566282] [controller_server]: Control loop missed its desired rate of 10.0000Hz
[controller_server-2] [ERROR] [1757088718.238244999] [controller_server]: Exception in transformPose: Lookup would require extrapolation into the future.  Requested time 1757088718.051555 but the latest data is at time 1757088711.297043, when looking up transform from frame [odom] to frame [map]
[controller_server-2] [WARN] [1757088718.238455037] [controller_server]: Unable to transform robot pose into global plan's frame
[controller_server-2] [WARN] [1757088718.238752374] [controller_server]: Control loop missed its desired rate of 10.0000Hz
[controller_server-2] [ERROR] [1757088718.340324820] [controller_server]: Exception in transformPose: Lookup would require extrapolation into the future.  Requested time 1757088718.151610 but the latest data is at time 1757088711.297043, when looking up transform from frame [odom] to frame [map]
[controller_server-2] [WARN] [1757088718.340447084] [controller_server]: Unable to transform robot pose into global plan's frame
[controller_server-2] [WARN] [1757088718.340636772] [controller_server]: Control loop missed its desired rate of 10.0000Hz
[controller_server-2] [ERROR] [1757088718.444265951] [controller_server]: Exception in transformPose: Lookup would require extrapolation into the future.  Requested time 1757088718.251523 but the latest data is at time 1757088711.297043, when looking up transform from frame [odom] to frame [map]
[controller_server-2] [WARN] [1757088718.444382298] [controller_server]: Unable to transform robot pose into global plan's frame
[controller_server-2] [ERROR] [1757088718.444426418] [controller_server]: Controller patience exceeded
[controller_server-2] [WARN] [1757088718.444507103] [controller_server]: [follow_path] [ActionServer] Aborting handle.
[controller_server-2] [INFO] [1757088718.450628583] [controller_server]: Received a goal, begin computing control effort.
[controller_server-2] [ERROR] [1757088718.552030283] [controller_server]: Exception in transformPose: Lookup would require extrapolation into the future.  Requested time 1757088718.301514 but the latest data is at time 1757088711.297043, when looking up transform from frame [odom] to frame [map]
[controller_server-2] [WARN] [1757088718.552204267] [controller_server]: Unable to transform robot pose into global plan's frame
[controller_server-2] [WARN] [1757088718.552501658] [controller_server]: Control loop missed its desired rate of 10.0000Hz
[controller_server-2] [ERROR] [1757088718.653674978] [controller_server]: Exception in transformPose: Lookup would require extrapolation into the future.  Requested time 1757088718.301514 but the latest data is at time 1757088711.297043, when looking up transform from frame [odom] to frame [map]
[controller_server-2] [WARN] [1757088718.653791658] [controller_server]: Unable to transform robot pose into global plan's frame
[controller_server-2] [WARN] [1757088718.654008784] [controller_server]: Control loop missed its desired rate of 10.0000Hz
[controller_server-2] [ERROR] [1757088718.757085314] [controller_server]: Exception in transformPose: Lookup would require extrapolation into the future.  Requested time 1757088718.301514 but the latest data is at time 1757088711.297043, when looking up transform from frame [odom] to frame [map]
[controller_server-2] [WARN] [1757088718.757197049] [controller_server]: Unable to transform robot pose into global plan's frame
[controller_server-2] [WARN] [1757088718.757397527] [controller_server]: Control loop missed its desired rate of 10.0000Hz
[controller_server-2] [ERROR] [1757088718.858366405] [controller_server]: Exception in transformPose: Lookup would require extrapolation into the future.  Requested time 1757088718.301514 but the latest data is at time 1757088711.297043, when looking up transform from frame [odom] to frame [map]
[controller_server-2] [WARN] [1757088718.858472858] [controller_server]: Unable to transform robot pose into global plan's frame
[controller_server-2] [WARN] [1757088718.858632083] [controller_server]: Control loop missed its desired rate of 10.0000Hz
[controller_server-2] [ERROR] [1757088718.961834582] [controller_server]: Exception in transformPose: Lookup would require extrapolation into the future.  Requested time 1757088718.301514 but the latest data is at time 1757088711.297043, when looking up transform from frame [odom] to frame [map]
[controller_server-2] [WARN] [1757088718.961956821] [controller_server]: Unable to transform robot pose into global plan's frame
[controller_server-2] [WARN] [1757088718.962134205] [controller_server]: Control loop missed its desired rate of 10.0000Hz
[controller_server-2] [ERROR] [1757088719.063492286] [controller_server]: Exception in transformPose: Lookup would require extrapolation into the future.  Requested time 1757088718.301514 but the latest data is at time 1757088711.297043, when looking up transform from frame [odom] to frame [map]
[controller_server-2] [WARN] [1757088719.063720794] [controller_server]: Unable to transform robot pose into global plan's frame
[controller_server-2] [WARN] [1757088719.064024553] [controller_server]: Control loop missed its desired rate of 10.0000Hz
[controller_server-2] [ERROR] [1757088719.167623517] [controller_server]: Exception in transformPose: Lookup would require extrapolation into the future.  Requested time 1757088718.301514 but the latest data is at time 1757088711.297043, when looking up transform from frame [odom] to frame [map]
[controller_server-2] [WARN] [1757088719.167754974] [controller_server]: Unable to transform robot pose into global plan's frame
[controller_server-2] [WARN] [1757088719.168039737] [controller_server]: Control loop missed its desired rate of 10.0000Hz
[controller_server-2] [ERROR] [1757088719.269650381] [controller_server]: Exception in transformPose: Lookup would require extrapolation into the future.  Requested time 1757088718.301514 but the latest data is at time 1757088711.297043, when looking up transform from frame [odom] to frame [map]
[controller_server-2] [WARN] [1757088719.269816208] [controller_server]: Unable to transform robot pose into global plan's frame
[controller_server-2] [WARN] [1757088719.270169342] [controller_server]: Control loop missed its desired rate of 10.0000Hz
[controller_server-2] [ERROR] [1757088719.374016439] [controller_server]: Exception in transformPose: Lookup would require extrapolation into the future.  Requested time 1757088718.301514 but the latest data is at time 1757088711.297043, when looking up transform from frame [odom] to frame [map]
[controller_server-2] [WARN] [1757088719.374156978] [controller_server]: Unable to transform robot pose into global plan's frame
[controller_server-2] [WARN] [1757088719.374435100] [controller_server]: Control loop missed its desired rate of 10.0000Hz
[controller_server-2] [ERROR] [1757088719.476441196] [controller_server]: Exception in transformPose: Lookup would require extrapolation into the future.  Requested time 1757088718.301514 but the latest data is at time 1757088711.297043, when looking up transform from frame [odom] to frame [map]
[controller_server-2] [WARN] [1757088719.476584943] [controller_server]: Unable to transform robot pose into global plan's frame
[controller_server-2] [WARN] [1757088719.476863664] [controller_server]: Control loop missed its desired rate of 10.0000Hz
[controller_server-2] [ERROR] [1757088719.580401315] [controller_server]: Exception in transformPose: Lookup would require extrapolation into the future.  Requested time 1757088718.301514 but the latest data is at time 1757088711.297043, when looking up transform from frame [odom] to frame [map]
[controller_server-2] [WARN] [1757088719.580545789] [controller_server]: Unable to transform robot pose into global plan's frame
[controller_server-2] [WARN] [1757088719.580942703] [controller_server]: Control loop missed its desired rate of 10.0000Hz
[controller_server-2] [INFO] [1757088719.581021765] [controller_server]: Passing new path to controller.
[controller_server-2] [ERROR] [1757088719.682351622] [controller_server]: Exception in transformPose: Lookup would require extrapolation into the future.  Requested time 1757088718.301514 but the latest data is at time 1757088711.297043, when looking up transform from frame [odom] to frame [map]
[controller_server-2] [WARN] [1757088719.682465649] [controller_server]: Unable to transform robot pose into global plan's frame
[controller_server-2] [WARN] [1757088719.682652879] [controller_server]: Control loop missed its desired rate of 10.0000Hz
[controller_server-2] [ERROR] [1757088719.786331469] [controller_server]: Exception in transformPose: Lookup would require extrapolation into the future.  Requested time 1757088718.301514 but the latest data is at time 1757088711.297043, when looking up transform from frame [odom] to frame [map]
[controller_server-2] [WARN] [1757088719.786384556] [controller_server]: Unable to transform robot pose into global plan's frame
[controller_server-2] [WARN] [1757088719.786469770] [controller_server]: Control loop missed its desired rate of 10.0000Hz
[controller_server-2] [ERROR] [1757088719.887609720] [controller_server]: Exception in transformPose: Lookup would require extrapolation into the future.  Requested time 1757088719.701528 but the latest data is at time 1757088711.297043, when looking up transform from frame [odom] to frame [map]
[controller_server-2] [WARN] [1757088719.887746642] [controller_server]: Unable to transform robot pose into global plan's frame
[controller_server-2] [WARN] [1757088719.888125903] [controller_server]: Control loop missed its desired rate of 10.0000Hz
[controller_server-2] [ERROR] [1757088719.991715011] [controller_server]: Exception in transformPose: Lookup would require extrapolation into the future.  Requested time 1757088719.801534 but the latest data is at time 1757088711.297043, when looking up transform from frame [odom] to frame [map]
[controller_server-2] [WARN] [1757088719.991864878] [controller_server]: Unable to transform robot pose into global plan's frame
[controller_server-2] [WARN] [1757088719.992155116] [controller_server]: Control loop missed its desired rate of 10.0000Hz
[controller_server-2] [ERROR] [1757088720.093552663] [controller_server]: Exception in transformPose: Lookup would require extrapolation into the future.  Requested time 1757088719.901547 but the latest data is at time 1757088711.297043, when looking up transform from frame [odom] to frame [map]
[controller_server-2] [WARN] [1757088720.093678508] [controller_server]: Unable to transform robot pose into global plan's frame
[controller_server-2] [WARN] [1757088720.093859952] [controller_server]: Control loop missed its desired rate of 10.0000Hz
[controller_server-2] [ERROR] [1757088720.197876795] [controller_server]: Exception in transformPose: Lookup would require extrapolation into the future.  Requested time 1757088720.001502 but the latest data is at time 1757088711.297043, when looking up transform from frame [odom] to frame [map]
[controller_server-2] [WARN] [1757088720.197996372] [controller_server]: Unable to transform robot pose into global plan's frame
[controller_server-2] [WARN] [1757088720.198195611] [controller_server]: Control loop missed its desired rate of 10.0000Hz
[controller_server-2] [ERROR] [1757088720.299255977] [controller_server]: Exception in transformPose: Lookup would require extrapolation into the future.  Requested time 1757088720.101489 but the latest data is at time 1757088711.297043, when looking up transform from frame [odom] to frame [map]
[controller_server-2] [WARN] [1757088720.299368326] [controller_server]: Unable to transform robot pose into global plan's frame
[controller_server-2] [WARN] [1757088720.299557976] [controller_server]: Control loop missed its desired rate of 10.0000Hz
[controller_server-2] [ERROR] [1757088720.402971034] [controller_server]: Exception in transformPose: Lookup would require extrapolation into the future.  Requested time 1757088720.251582 but the latest data is at time 1757088711.297043, when looking up transform from frame [odom] to frame [map]
[controller_server-2] [WARN] [1757088720.403094096] [controller_server]: Unable to transform robot pose into global plan's frame
[controller_server-2] [WARN] [1757088720.403308917] [controller_server]: Control loop missed its desired rate of 10.0000Hz
[explore-10] [ERROR] [1757088720.486834105] [explore_node]: Extrapolation Error looking up robot pose: Lookup would require extrapolation into the future.  Requested time 1757088720.183351 but the latest data is at time 1757088711.297043, when looking up transform from frame [base_link] to frame [map]
[explore-10] 
[controller_server-2] [ERROR] [1757088720.504589724] [controller_server]: Exception in transformPose: Lookup would require extrapolation into the future.  Requested time 1757088720.301487 but the latest data is at time 1757088711.297043, when looking up transform from frame [odom] to frame [map]
[controller_server-2] [WARN] [1757088720.504714092] [controller_server]: Unable to transform robot pose into global plan's frame
[controller_server-2] [ERROR] [1757088720.504777987] [controller_server]: Controller patience exceeded
[controller_server-2] [WARN] [1757088720.504891131] [controller_server]: [follow_path] [ActionServer] Aborting handle.
[controller_server-2] [INFO] [1757088720.510469650] [controller_server]: Received a goal, begin computing control effort.
[controller_server-2] [ERROR] [1757088720.611954871] [controller_server]: Exception in transformPose: Lookup would require extrapolation into the future.  Requested time 1757088720.451500 but the latest data is at time 1757088711.297043, when looking up transform from frame [odom] to frame [map]
[controller_server-2] [WARN] [1757088720.612125675] [controller_server]: Unable to transform robot pose into global plan's frame
[controller_server-2] [WARN] [1757088720.612417559] [controller_server]: Control loop missed its desired rate of 10.0000Hz
[controller_server-2] [ERROR] [1757088720.713802077] [controller_server]: Exception in transformPose: Lookup would require extrapolation into the future.  Requested time 1757088720.551519 but the latest data is at time 1757088711.297043, when looking up transform from frame [odom] to frame [map]
[controller_server-2] [WARN] [1757088720.713966119] [controller_server]: Unable to transform robot pose into global plan's frame
[controller_server-2] [WARN] [1757088720.714163546] [controller_server]: Control loop missed its desired rate of 10.0000Hz
[controller_server-2] [ERROR] [1757088720.816870290] [controller_server]: Exception in transformPose: Lookup would require extrapolation into the future.  Requested time 1757088720.651517 but the latest data is at time 1757088711.297043, when looking up transform from frame [odom] to frame [map]
[controller_server-2] [WARN] [1757088720.816989631] [controller_server]: Unable to transform robot pose into global plan's frame
[controller_server-2] [WARN] [1757088720.817180878] [controller_server]: Control loop missed its desired rate of 10.0000Hz
[controller_server-2] [ERROR] [1757088720.918252566] [controller_server]: Exception in transformPose: Lookup would require extrapolation into the future.  Requested time 1757088720.751576 but the latest data is at time 1757088711.297043, when looking up transform from frame [odom] to frame [map]
[controller_server-2] [WARN] [1757088720.918370035] [controller_server]: Unable to transform robot pose into global plan's frame
[controller_server-2] [WARN] [1757088720.918555364] [controller_server]: Control loop missed its desired rate of 10.0000Hz
[controller_server-2] [ERROR] [1757088721.022015849] [controller_server]: Exception in transformPose: Lookup would require extrapolation into the future.  Requested time 1757088720.851530 but the latest data is at time 1757088711.297043, when looking up transform from frame [odom] to frame [map]
[controller_server-2] [WARN] [1757088721.022141439] [controller_server]: Unable to transform robot pose into global plan's frame
[controller_server-2] [WARN] [1757088721.022333558] [controller_server]: Control loop missed its desired rate of 10.0000Hz
[controller_server-2] [ERROR] [1757088721.123684851] [controller_server]: Exception in transformPose: Lookup would require extrapolation into the future.  Requested time 1757088720.952365 but the latest data is at time 1757088711.297043, when looking up transform from frame [odom] to frame [map]
[controller_server-2] [WARN] [1757088721.123797786] [controller_server]: Unable to transform robot pose into global plan's frame
[controller_server-2] [WARN] [1757088721.123976013] [controller_server]: Control loop missed its desired rate of 10.0000Hz
[controller_server-2] [ERROR] [1757088721.227381440] [controller_server]: Exception in transformPose: Lookup would require extrapolation into the future.  Requested time 1757088721.051484 but the latest data is at time 1757088711.297043, when looking up transform from frame [odom] to frame [map]
[controller_server-2] [WARN] [1757088721.227552356] [controller_server]: Unable to transform robot pose into global plan's frame
[controller_server-2] [WARN] [1757088721.227863323] [controller_server]: Control loop missed its desired rate of 10.0000Hz
[controller_server-2] [ERROR] [1757088721.329548619] [controller_server]: Exception in transformPose: Lookup would require extrapolation into the future.  Requested time 1757088721.152076 but the latest data is at time 1757088711.297043, when looking up transform from frame [odom] to frame [map]
[controller_server-2] [WARN] [1757088721.329684408] [controller_server]: Unable to transform robot pose into global plan's frame
[controller_server-2] [WARN] [1757088721.329986644] [controller_server]: Control loop missed its desired rate of 10.0000Hz
[controller_server-2] [ERROR] [1757088721.433817562] [controller_server]: Exception in transformPose: Lookup would require extrapolation into the future.  Requested time 1757088721.303872 but the latest data is at time 1757088711.297043, when looking up transform from frame [odom] to frame [map]
[controller_server-2] [WARN] [1757088721.433997901] [controller_server]: Unable to transform robot pose into global plan's frame
[controller_server-2] [WARN] [1757088721.434317390] [controller_server]: Control loop missed its desired rate of 10.0000Hz
[bt_navigator-6] [ERROR] [1757088721.510974561] [transformPoseInTargetFrame]: Extrapolation Error looking up target frame: Lookup would require extrapolation into the past.  Requested time 1757088711.297043 but the earliest data is at time 1757088711.451607, when looking up transform from frame [base_link] to frame [map]
[bt_navigator-6] 
[bt_navigator-6] [WARN] [1757088721.511176700] [BehaviorTreeEngine]: Behavior Tree tick rate 100.00 was exceeded!
[controller_server-2] [ERROR] [1757088721.535564256] [controller_server]: Exception in transformPose: Lookup would require extrapolation into the future.  Requested time 1757088721.351799 but the latest data is at time 1757088711.297043, when looking up transform from frame [odom] to frame [map]
[controller_server-2] [WARN] [1757088721.535676112] [controller_server]: Unable to transform robot pose into global plan's frame
[controller_server-2] [WARN] [1757088721.535890481] [controller_server]: Control loop missed its desired rate of 10.0000Hz
[bt_navigator-6] [ERROR] [1757088721.613056306] [transformPoseInTargetFrame]: Extrapolation Error looking up target frame: Lookup would require extrapolation into the past.  Requested time 1757088711.297043 but the earliest data is at time 1757088711.451607, when looking up transform from frame [base_link] to frame [map]
[bt_navigator-6] 
[bt_navigator-6] [WARN] [1757088721.613280815] [BehaviorTreeEngine]: Behavior Tree tick rate 100.00 was exceeded!
[controller_server-2] [ERROR] [1757088721.639203192] [controller_server]: Exception in transformPose: Lookup would require extrapolation into the future.  Requested time 1757088721.451596 but the latest data is at time 1757088711.297043, when looking up transform from frame [odom] to frame [map]
[controller_server-2] [WARN] [1757088721.639348494] [controller_server]: Unable to transform robot pose into global plan's frame
[controller_server-2] [WARN] [1757088721.639520542] [controller_server]: Control loop missed its desired rate of 10.0000Hz
[bt_navigator-6] [ERROR] [1757088721.714386961] [transformPoseInTargetFrame]: Extrapolation Error looking up target frame: Lookup would require extrapolation into the past.  Requested time 1757088711.297043 but the earliest data is at time 1757088711.651451, when looking up transform from frame [base_link] to frame [map]
[bt_navigator-6] 
[bt_navigator-6] [WARN] [1757088721.714588380] [BehaviorTreeEngine]: Behavior Tree tick rate 100.00 was exceeded!
[controller_server-2] [ERROR] [1757088721.740588667] [controller_server]: Exception in transformPose: Lookup would require extrapolation into the future.  Requested time 1757088721.601544 but the latest data is at time 1757088711.297043, when looking up transform from frame [odom] to frame [map]
[controller_server-2] [WARN] [1757088721.740726704] [controller_server]: Unable to transform robot pose into global plan's frame
[controller_server-2] [WARN] [1757088721.740927198] [controller_server]: Control loop missed its desired rate of 10.0000Hz
[planner_server-4] [ERROR] [1757088721.815315793] [transformPoseInTargetFrame]: Extrapolation Error looking up target frame: Lookup would require extrapolation into the past.  Requested time 1757088711.297043 but the earliest data is at time 1757088711.701689, when looking up transform from frame [base_link] to frame [map]
[planner_server-4] 
[planner_server-4] [WARN] [1757088721.815414649] [planner_server]: [compute_path_to_pose] [ActionServer] Aborting handle.
[bt_navigator-6] [ERROR] [1757088721.815923351] [transformPoseInTargetFrame]: Extrapolation Error looking up target frame: Lookup would require extrapolation into the past.  Requested time 1757088711.297043 but the earliest data is at time 1757088711.701689, when looking up transform from frame [base_link] to frame [map]
[bt_navigator-6] 
[bt_navigator-6] [WARN] [1757088721.816147634] [BehaviorTreeEngine]: Behavior Tree tick rate 100.00 was exceeded!
[controller_server-2] [ERROR] [1757088721.844600228] [controller_server]: Exception in transformPose: Lookup would require extrapolation into the future.  Requested time 1757088721.651609 but the latest data is at time 1757088711.297043, when looking up transform from frame [odom] to frame [map]
[controller_server-2] [WARN] [1757088721.844727988] [controller_server]: Unable to transform robot pose into global plan's frame
[controller_server-2] [WARN] [1757088721.844959720] [controller_server]: Control loop missed its desired rate of 10.0000Hz
[bt_navigator-6] [ERROR] [1757088721.917750847] [transformPoseInTargetFrame]: Extrapolation Error looking up target frame: Lookup would require extrapolation into the past.  Requested time 1757088711.297043 but the earliest data is at time 1757088711.701689, when looking up transform from frame [base_link] to frame [map]
[bt_navigator-6] 
[bt_navigator-6] [WARN] [1757088721.918067556] [BehaviorTreeEngine]: Behavior Tree tick rate 100.00 was exceeded!
[planner_server-4] [INFO] [1757088721.918433068] [global_costmap.global_costmap]: Received request to clear entirely the global_costmap
[controller_server-2] [ERROR] [1757088721.946111848] [controller_server]: Exception in transformPose: Lookup would require extrapolation into the future.  Requested time 1757088721.702755 but the latest data is at time 1757088711.297043, when looking up transform from frame [odom] to frame [map]
[controller_server-2] [WARN] [1757088721.946231824] [controller_server]: Unable to transform robot pose into global plan's frame
[controller_server-2] [WARN] [1757088721.946428251] [controller_server]: Control loop missed its desired rate of 10.0000Hz
[controller_server-2] [INFO] [1757088721.946455280] [controller_server]: Passing new path to controller.
[controller_server-2] [ERROR] [1757088721.946609853] [controller_server]: Invalid path, Path is empty.
[controller_server-2] [WARN] [1757088721.946647864] [controller_server]: [follow_path] [ActionServer] Aborting handle.
[bt_navigator-6] [ERROR] [1757088722.021841847] [transformPoseInTargetFrame]: Extrapolation Error looking up target frame: Lookup would require extrapolation into the past.  Requested time 1757088711.297043 but the earliest data is at time 1757088711.701689, when looking up transform from frame [base_link] to frame [map]
[bt_navigator-6] 
[bt_navigator-6] [WARN] [1757088722.022041816] [BehaviorTreeEngine]: Behavior Tree tick rate 100.00 was exceeded!
[bt_navigator-6] [ERROR] [1757088722.123421992] [transformPoseInTargetFrame]: Extrapolation Error looking up target frame: Lookup would require extrapolation into the past.  Requested time 1757088711.297043 but the earliest data is at time 1757088711.701689, when looking up transform from frame [base_link] to frame [map]
[bt_navigator-6] 
[bt_navigator-6] [WARN] [1757088722.123622638] [BehaviorTreeEngine]: Behavior Tree tick rate 100.00 was exceeded!
[bt_navigator-6] [ERROR] [1757088722.224874426] [transformPoseInTargetFrame]: Extrapolation Error looking up target frame: Lookup would require extrapolation into the past.  Requested time 1757088711.297043 but the earliest data is at time 1757088711.701689, when looking up transform from frame [base_link] to frame [map]
[bt_navigator-6] 
[bt_navigator-6] [WARN] [1757088722.225047015] [BehaviorTreeEngine]: Behavior Tree tick rate 100.00 was exceeded!
[bt_navigator-6] [ERROR] [1757088722.326186023] [transformPoseInTargetFrame]: Extrapolation Error looking up target frame: Lookup would require extrapolation into the past.  Requested time 1757088711.297043 but the earliest data is at time 1757088711.701689, when looking up transform from frame [base_link] to frame [map]
[bt_navigator-6] 
[bt_navigator-6] [WARN] [1757088722.326374420] [BehaviorTreeEngine]: Behavior Tree tick rate 100.00 was exceeded!
[controller_server-2] [INFO] [1757088722.326794470] [local_costmap.local_costmap]: Received request to clear entirely the local_costmap
[controller_server-2] [INFO] [1757088722.328079458] [controller_server]: Received a goal, begin computing control effort.
[controller_server-2] [ERROR] [1757088722.328217345] [controller_server]: Invalid path, Path is empty.
[controller_server-2] [WARN] [1757088722.328295242] [controller_server]: [follow_path] [ActionServer] Aborting handle.
[bt_navigator-6] [ERROR] [1757088722.429122245] [transformPoseInTargetFrame]: Extrapolation Error looking up target frame: Lookup would require extrapolation into the past.  Requested time 1757088711.297043 but the earliest data is at time 1757088711.701689, when looking up transform from frame [base_link] to frame [map]
[bt_navigator-6] 
[bt_navigator-6] [WARN] [1757088722.429281611] [BehaviorTreeEngine]: Behavior Tree tick rate 100.00 was exceeded!
[bt_navigator-6] [ERROR] [1757088722.530500932] [transformPoseInTargetFrame]: Extrapolation Error looking up target frame: Lookup would require extrapolation into the past.  Requested time 1757088711.297043 but the earliest data is at time 1757088712.051568, when looking up transform from frame [base_link] to frame [map]
[bt_navigator-6] 
[bt_navigator-6] [WARN] [1757088722.530662314] [BehaviorTreeEngine]: Behavior Tree tick rate 100.00 was exceeded!
[bt_navigator-6] [ERROR] [1757088722.551452629] [bt_navigator_navigate_to_pose_rclcpp_node]: Failed to get result for compute_path_to_pose in node halt!
[bt_navigator-6] [ERROR] [1757088722.652855136] [transformPoseInTargetFrame]: Extrapolation Error looking up target frame: Lookup would require extrapolation into the past.  Requested time 1757088711.297043 but the earliest data is at time 1757088712.551574, when looking up transform from frame [base_link] to frame [map]
[bt_navigator-6] 
[bt_navigator-6] [WARN] [1757088722.653106476] [BehaviorTreeEngine]: Behavior Tree tick rate 100.00 was exceeded!
[bt_navigator-6] [WARN] [1757088722.653215158] [bt_navigator]: [navigate_to_pose] [ActionServer] Aborting handle.
[bt_navigator-6] [ERROR] [1757088722.653530629] [bt_navigator]: Goal failed
[planner_server-4] [ERROR] [1757088722.667756868] [transformPoseInTargetFrame]: Extrapolation Error looking up target frame: Lookup would require extrapolation into the past.  Requested time 1757088711.297043 but the earliest data is at time 1757088712.551574, when looking up transform from frame [base_link] to frame [map]
[planner_server-4] 
[explore-10] [ERROR] [1757088722.957032543] [explore_node]: Extrapolation Error looking up robot pose: Lookup would require extrapolation into the future.  Requested time 1757088722.653638 but the latest data is at time 1757088722.551535, when looking up transform from frame [base_link] to frame [map]
[explore-10] 
[planner_server-4] [WARN] [1757088723.450955907] [planner_server]: Planner loop missed its desired rate of 1.0000 Hz. Current loop rate is 0.6532 Hz
[planner_server-4] [ERROR] [1757088724.667529303] [transformPoseInTargetFrame]: Extrapolation Error looking up target frame: Lookup would require extrapolation at time 1757088723.401526, but only time 1757088723.525685 is in the buffer, when looking up transform from frame [base_link] to frame [map]
[planner_server-4] 
[explore-10] [ERROR] [1757088727.153204172] [explore_node]: Extrapolation Error looking up robot pose: Lookup would require extrapolation at time 1757088726.849545, but only time 1757088723.525685 is in the buffer, when looking up transform from frame [base_link] to frame [map]
[explore-10] 
[explore-10] [ERROR] [1757088733.819415704] [explore_node]: Extrapolation Error looking up robot pose: Lookup would require extrapolation into the future.  Requested time 1757088733.515594 but the latest data is at time 1757088732.175742, when looking up transform from frame [base_link] to frame [map]
[explore-10] 
[explore-10] [ERROR] [1757088747.152192484] [explore_node]: Extrapolation Error looking up robot pose: Lookup would require extrapolation into the future.  Requested time 1757088746.847844 but the latest data is at time 1757088744.624250, when looking up transform from frame [base_link] to frame [map]
[explore-10] 
[explore-10] [ERROR] [1757088753.817260172] [explore_node]: Extrapolation Error looking up robot pose: Lookup would require extrapolation into the future.  Requested time 1757088753.513980 but the latest data is at time 1757088744.624250, when looking up transform from frame [base_link] to frame [map]
[explore-10] 
[planner_server-4] [ERROR] [1757088755.667821835] [transformPoseInTargetFrame]: Extrapolation Error looking up target frame: Lookup would require extrapolation into the past.  Requested time 1757088744.624250 but the earliest data is at time 1757088745.601694, when looking up transform from frame [base_link] to frame [map]
[planner_server-4] 
[explore-10] [ERROR] [1757088760.483503421] [explore_node]: Extrapolation Error looking up robot pose: Lookup would require extrapolation into the future.  Requested time 1757088760.180046 but the latest data is at time 1757088758.239362, when looking up transform from frame [base_link] to frame [map]
[explore-10] 
[explore-10] [ERROR] [1757088767.149342422] [explore_node]: Extrapolation Error looking up robot pose: Lookup would require extrapolation into the future.  Requested time 1757088766.846163 but the latest data is at time 1757088766.486585, when looking up transform from frame [base_link] to frame [map]
[explore-10] 
[explore-10] [ERROR] [1757088774.199356276] [explore_node]: Extrapolation Error looking up robot pose: Lookup would require extrapolation into the future.  Requested time 1757088773.893431 but the latest data is at time 1757088773.851573, when looking up transform from frame [base_link] to frame [map]
[explore-10] 
[explore-10] [ERROR] [1757088776.740343428] [explore_node]: Extrapolation Error looking up robot pose: Lookup would require extrapolation into the future.  Requested time 1757088776.434622 but the latest data is at time 1757088776.401542, when looking up transform from frame [base_link] to frame [map]
[explore-10] 
[explore-10] [ERROR] [1757088779.231054682] [explore_node]: Extrapolation Error looking up robot pose: Lookup would require extrapolation into the future.  Requested time 1757088778.925002 but the latest data is at time 1757088778.901686, when looking up transform from frame [base_link] to frame [map]
[explore-10] 
[explore-10] [ERROR] [1757088781.190497380] [explore_node]: Extrapolation Error looking up robot pose: Lookup would require extrapolation into the future.  Requested time 1757088780.884967 but the latest data is at time 1757088780.853741, when looking up transform from frame [base_link] to frame [map]
[explore-10] 
[explore-10] [ERROR] [1757088783.699619107] [explore_node]: Extrapolation Error looking up robot pose: Lookup would require extrapolation into the future.  Requested time 1757088783.394493 but the latest data is at time 1757088783.351556, when looking up transform from frame [base_link] to frame [map]
[explore-10] 
[explore-10] [ERROR] [1757088784.767399828] [explore_node]: Extrapolation Error looking up robot pose: Lookup would require extrapolation into the future.  Requested time 1757088784.461250 but the latest data is at time 1757088784.401482, when looking up transform from frame [base_link] to frame [map]
[explore-10] 
[explore-10] [ERROR] [1757088787.503773691] [explore_node]: Extrapolation Error looking up robot pose: Lookup would require extrapolation into the future.  Requested time 1757088787.200569 but the latest data is at time 1757088787.151498, when looking up transform from frame [base_link] to frame [map]
[explore-10] 
[explore-10] [ERROR] [1757088792.597264282] [explore_node]: Extrapolation Error looking up robot pose: Lookup would require extrapolation into the future.  Requested time 1757088792.292487 but the latest data is at time 1757088792.251512, when looking up transform from frame [base_link] to frame [map]
[explore-10] 
[explore-10] [ERROR] [1757088796.640364730] [explore_node]: Extrapolation Error looking up robot pose: Lookup would require extrapolation into the future.  Requested time 1757088796.334600 but the latest data is at time 1757088796.301654, when looking up transform from frame [base_link] to frame [map]
[explore-10] 
[explore-10] [ERROR] [1757088801.797826469] [explore_node]: Extrapolation Error looking up robot pose: Lookup would require extrapolation into the future.  Requested time 1757088801.492126 but the latest data is at time 1757088801.451491, when looking up transform from frame [base_link] to frame [map]
[explore-10] 
[explore-10] [ERROR] [1757088803.703863867] [explore_node]: Extrapolation Error looking up robot pose: Lookup would require extrapolation into the future.  Requested time 1757088803.398128 but the latest data is at time 1757088803.351495, when looking up transform from frame [base_link] to frame [map]
[explore-10] 
[explore-10] [ERROR] [1757088805.396191449] [explore_node]: Extrapolation Error looking up robot pose: Lookup would require extrapolation into the future.  Requested time 1757088805.091820 but the latest data is at time 1757088805.051538, when looking up transform from frame [base_link] to frame [map]
[explore-10] 
[explore-10] [ERROR] [1757088809.102887035] [explore_node]: Extrapolation Error looking up robot pose: Lookup would require extrapolation into the future.  Requested time 1757088808.796979 but the latest data is at time 1757088808.751488, when looking up transform from frame [base_link] to frame [map]
[explore-10] 
[explore-10] [ERROR] [1757088810.196385791] [explore_node]: Extrapolation Error looking up robot pose: Lookup would require extrapolation into the future.  Requested time 1757088809.890831 but the latest data is at time 1757088809.851479, when looking up transform from frame [base_link] to frame [map]
[explore-10] 
[explore-10] [ERROR] [1757088813.306877511] [explore_node]: Extrapolation Error looking up robot pose: Lookup would require extrapolation into the future.  Requested time 1757088813.001523 but the latest data is at time 1757088812.951505, when looking up transform from frame [base_link] to frame [map]
[explore-10] 
[explore-10] [ERROR] [1757088816.233068243] [explore_node]: Extrapolation Error looking up robot pose: Lookup would require extrapolation into the future.  Requested time 1757088815.928563 but the latest data is at time 1757088815.901622, when looking up transform from frame [base_link] to frame [map]
[explore-10] 
[explore-10] [ERROR] [175708