[INFO] [launch]: All log files can be found below /home/robot/.ros/log/2025-09-03-16-57-04-862807-robot-pc04-53263
[INFO] [launch]: Default logging verbosity is set to INFO
[INFO] [async_slam_toolbox_node-1]: process started with pid [53276]
[INFO] [controller_server-2]: process started with pid [53278]
[INFO] [smoother_server-3]: process started with pid [53280]
[INFO] [planner_server-4]: process started with pid [53282]
[INFO] [behavior_server-5]: process started with pid [53284]
[INFO] [bt_navigator-6]: process started with pid [53286]
[INFO] [waypoint_follower-7]: process started with pid [53288]
[INFO] [velocity_smoother-8]: process started with pid [53290]
[INFO] [lifecycle_manager-9]: process started with pid [53292]
[INFO] [explore-10]: process started with pid [53299]
[INFO] [rviz2-11]: process started with pid [53308]
[async_slam_toolbox_node-1] [INFO] [1756911424.971942281] [slam]: Node using stack size 40000000
[planner_server-4] [INFO] [1756911424.972948641] [planner_server]: 
[planner_server-4] 	planner_server lifecycle node launched. 
[planner_server-4] 	Waiting on external lifecycle transitions to activate
[planner_server-4] 	See https://design.ros2.org/articles/node_lifecycle.html for more information.
[waypoint_follower-7] [INFO] [1756911424.973056965] [waypoint_follower]: 
[waypoint_follower-7] 	waypoint_follower lifecycle node launched. 
[waypoint_follower-7] 	Waiting on external lifecycle transitions to activate
[waypoint_follower-7] 	See https://design.ros2.org/articles/node_lifecycle.html for more information.
[waypoint_follower-7] [INFO] [1756911424.973482151] [waypoint_follower]: Creating
[controller_server-2] [INFO] [1756911424.973769963] [controller_server]: 
[controller_server-2] 	controller_server lifecycle node launched. 
[controller_server-2] 	Waiting on external lifecycle transitions to activate
[controller_server-2] 	See https://design.ros2.org/articles/node_lifecycle.html for more information.
[planner_server-4] [INFO] [1756911424.973803499] [planner_server]: Creating
[smoother_server-3] [INFO] [1756911424.974285309] [smoother_server]: 
[smoother_server-3] 	smoother_server lifecycle node launched. 
[smoother_server-3] 	Waiting on external lifecycle transitions to activate
[smoother_server-3] 	See https://design.ros2.org/articles/node_lifecycle.html for more information.
[velocity_smoother-8] [INFO] [1756911424.975037867] [velocity_smoother]: 
[velocity_smoother-8] 	velocity_smoother lifecycle node launched. 
[velocity_smoother-8] 	Waiting on external lifecycle transitions to activate
[velocity_smoother-8] 	See https://design.ros2.org/articles/node_lifecycle.html for more information.
[smoother_server-3] [INFO] [1756911424.975277556] [smoother_server]: Creating smoother server
[controller_server-2] [INFO] [1756911424.975863707] [controller_server]: Creating controller server
[bt_navigator-6] [INFO] [1756911424.977276254] [bt_navigator]: 
[bt_navigator-6] 	bt_navigator lifecycle node launched. 
[bt_navigator-6] 	Waiting on external lifecycle transitions to activate
[bt_navigator-6] 	See https://design.ros2.org/articles/node_lifecycle.html for more information.
[bt_navigator-6] [INFO] [1756911424.977384806] [bt_navigator]: Creating
[behavior_server-5] [INFO] [1756911424.977582220] [behavior_server]: 
[behavior_server-5] 	behavior_server lifecycle node launched. 
[behavior_server-5] 	Waiting on external lifecycle transitions to activate
[behavior_server-5] 	See https://design.ros2.org/articles/node_lifecycle.html for more information.
[lifecycle_manager-9] [INFO] [1756911424.980402519] [lifecycle_manager_navigation]: Creating
[planner_server-4] [INFO] [1756911424.981800917] [global_costmap.global_costmap]: 
[planner_server-4] 	global_costmap lifecycle node launched. 
[planner_server-4] 	Waiting on external lifecycle transitions to activate
[planner_server-4] 	See https://design.ros2.org/articles/node_lifecycle.html for more information.
[planner_server-4] [INFO] [1756911424.982085244] [global_costmap.global_costmap]: Creating Costmap
[lifecycle_manager-9] [INFO] [1756911424.982429262] [lifecycle_manager_navigation]: [34m[1mCreating and initializing lifecycle service clients[0m[0m
[controller_server-2] [INFO] [1756911424.983604428] [local_costmap.local_costmap]: 
[controller_server-2] 	local_costmap lifecycle node launched. 
[controller_server-2] 	Waiting on external lifecycle transitions to activate
[controller_server-2] 	See https://design.ros2.org/articles/node_lifecycle.html for more information.
[controller_server-2] [INFO] [1756911424.983976310] [local_costmap.local_costmap]: Creating Costmap
[explore-10] [INFO] [1756911424.985546158] [explore_node]: Waiting for costmap to become available, topic: map
[lifecycle_manager-9] [INFO] [1756911424.986546584] [lifecycle_manager_navigation]: [34m[1mStarting managed nodes bringup...[0m[0m
[lifecycle_manager-9] [INFO] [1756911424.986567664] [lifecycle_manager_navigation]: [34m[1mConfiguring controller_server[0m[0m
[controller_server-2] [INFO] [1756911424.986666777] [controller_server]: Configuring controller interface
[controller_server-2] [INFO] [1756911424.986731510] [controller_server]: getting goal checker plugins..
[controller_server-2] [INFO] [1756911424.986778116] [controller_server]: Controller frequency set to 10.0000Hz
[controller_server-2] [INFO] [1756911424.986793634] [local_costmap.local_costmap]: Configuring
[controller_server-2] [INFO] [1756911424.988511896] [local_costmap.local_costmap]: Using plugin "static_layer"
[controller_server-2] [INFO] [1756911424.990423622] [local_costmap.local_costmap]: Subscribing to the map topic (/map) with transient local durability
[controller_server-2] [INFO] [1756911424.991062444] [local_costmap.local_costmap]: Initialized plugin "static_layer"
[controller_server-2] [INFO] [1756911424.991079357] [local_costmap.local_costmap]: Using plugin "obstacle_layer"
[controller_server-2] [INFO] [1756911424.991247158] [local_costmap.local_costmap]: Subscribed to Topics: scan
[controller_server-2] [INFO] [1756911424.992559263] [local_costmap.local_costmap]: Initialized plugin "obstacle_layer"
[controller_server-2] [INFO] [1756911424.992576342] [local_costmap.local_costmap]: Using plugin "inflation_layer"
[controller_server-2] [INFO] [1756911424.993147499] [local_costmap.local_costmap]: Initialized plugin "inflation_layer"
[async_slam_toolbox_node-1] [INFO] [1756911424.993178438] [slam]: Using solver plugin solver_plugins::CeresSolver
[async_slam_toolbox_node-1] [INFO] [1756911424.993329130] [slam]: CeresSolver: Using SCHUR_JACOBI preconditioner.
[controller_server-2] [INFO] [1756911424.996354242] [controller_server]: Created progress_checker : progress_checker of type nav2_controller::SimpleProgressChecker
[controller_server-2] [INFO] [1756911424.996585495] [controller_server]: Created goal checker : goal_checker of type nav2_controller::SimpleGoalChecker
[controller_server-2] [INFO] [1756911424.996686410] [controller_server]: Controller Server has goal_checker  goal checkers available.
[controller_server-2] [INFO] [1756911424.996904606] [controller_server]: Created controller : FollowPath of type nav2_regulated_pure_pursuit_controller::RegulatedPurePursuitController
[controller_server-2] [INFO] [1756911424.997858049] [controller_server]: Controller Server has FollowPath  controllers available.
[lifecycle_manager-9] [INFO] [1756911424.999717951] [lifecycle_manager_navigation]: [34m[1mConfiguring smoother_server[0m[0m
[smoother_server-3] [INFO] [1756911424.999844491] [smoother_server]: Configuring smoother server
[smoother_server-3] [INFO] [1756911425.004101602] [smoother_server]: Created smoother : simple_smoother of type nav2_smoother::SimpleSmoother
[smoother_server-3] [INFO] [1756911425.004357596] [smoother_server]: Smoother Server has simple_smoother  smoothers available.
[lifecycle_manager-9] [INFO] [1756911425.007618283] [lifecycle_manager_navigation]: [34m[1mConfiguring planner_server[0m[0m
[planner_server-4] [INFO] [1756911425.007741219] [planner_server]: Configuring
[planner_server-4] [INFO] [1756911425.007776204] [global_costmap.global_costmap]: Configuring
[planner_server-4] [INFO] [1756911425.009803543] [global_costmap.global_costmap]: Using plugin "static_layer"
[planner_server-4] [INFO] [1756911425.011213423] [global_costmap.global_costmap]: Subscribing to the map topic (/map) with transient local durability
[planner_server-4] [INFO] [1756911425.011643560] [global_costmap.global_costmap]: Initialized plugin "static_layer"
[planner_server-4] [INFO] [1756911425.011652820] [global_costmap.global_costmap]: Using plugin "obstacle_layer"
[planner_server-4] [INFO] [1756911425.011785235] [global_costmap.global_costmap]: Subscribed to Topics: scan
[planner_server-4] [INFO] [1756911425.012707652] [global_costmap.global_costmap]: Initialized plugin "obstacle_layer"
[planner_server-4] [INFO] [1756911425.012718511] [global_costmap.global_costmap]: Using plugin "inflation_layer"
[planner_server-4] [INFO] [1756911425.012996303] [global_costmap.global_costmap]: Initialized plugin "inflation_layer"
[planner_server-4] [INFO] [1756911425.015653450] [planner_server]: Created global planner plugin GridBased of type nav2_navfn_planner/NavfnPlanner
[planner_server-4] [INFO] [1756911425.015671418] [planner_server]: Configuring plugin GridBased of type NavfnPlanner
[planner_server-4] [INFO] [1756911425.015838142] [planner_server]: Planner Server has GridBased  planners available.
[lifecycle_manager-9] [INFO] [1756911425.018456691] [lifecycle_manager_navigation]: [34m[1mConfiguring behavior_server[0m[0m
[behavior_server-5] [INFO] [1756911425.018631860] [behavior_server]: Configuring
[behavior_server-5] [INFO] [1756911425.021830853] [behavior_server]: Creating behavior plugin spin of type nav2_behaviors/Spin
[behavior_server-5] [INFO] [1756911425.022274002] [behavior_server]: Configuring spin
[behavior_server-5] [INFO] [1756911425.023972302] [behavior_server]: Creating behavior plugin backup of type nav2_behaviors/BackUp
[behavior_server-5] [INFO] [1756911425.024341070] [behavior_server]: Configuring backup
[behavior_server-5] [INFO] [1756911425.025496071] [behavior_server]: Creating behavior plugin drive_on_heading of type nav2_behaviors/DriveOnHeading
[behavior_server-5] [INFO] [1756911425.025854956] [behavior_server]: Configuring drive_on_heading
[behavior_server-5] [INFO] [1756911425.026983921] [behavior_server]: Creating behavior plugin wait of type nav2_behaviors/Wait
[behavior_server-5] [INFO] [1756911425.027334124] [behavior_server]: Configuring wait
[behavior_server-5] [INFO] [1756911425.028248318] [behavior_server]: Creating behavior plugin assisted_teleop of type nav2_behaviors/AssistedTeleop
[behavior_server-5] [INFO] [1756911425.029118154] [behavior_server]: Configuring assisted_teleop
[lifecycle_manager-9] [INFO] [1756911425.038184828] [lifecycle_manager_navigation]: [34m[1mConfiguring bt_navigator[0m[0m
[bt_navigator-6] [INFO] [1756911425.038562906] [bt_navigator]: Configuring
[lifecycle_manager-9] [INFO] [1756911425.065342752] [lifecycle_manager_navigation]: [34m[1mConfiguring waypoint_follower[0m[0m
[waypoint_follower-7] [INFO] [1756911425.065505519] [waypoint_follower]: Configuring
[waypoint_follower-7] [INFO] [1756911425.071012506] [waypoint_follower]: Created waypoint_task_executor : wait_at_waypoint of type nav2_waypoint_follower::WaitAtWaypoint
[lifecycle_manager-9] [INFO] [1756911425.071400509] [lifecycle_manager_navigation]: [34m[1mConfiguring velocity_smoother[0m[0m
[velocity_smoother-8] [INFO] [1756911425.071516099] [velocity_smoother]: Configuring velocity smoother
[lifecycle_manager-9] [INFO] [1756911425.072893121] [lifecycle_manager_navigation]: [34m[1mActivating controller_server[0m[0m
[controller_server-2] [INFO] [1756911425.072956751] [controller_server]: Activating
[controller_server-2] [INFO] [1756911425.072977967] [local_costmap.local_costmap]: Activating
[controller_server-2] [INFO] [1756911425.072985612] [local_costmap.local_costmap]: Checking transform
[controller_server-2] [INFO] [1756911425.072998855] [local_costmap.local_costmap]: Timed out waiting for transform from base_link to odom to become available, tf error: Invalid frame ID "odom" passed to canTransform argument target_frame - frame does not exist
[rviz2-11] [INFO] [1756911425.435434221] [rviz2]: Stereo is NOT SUPPORTED
[rviz2-11] [INFO] [1756911425.435493075] [rviz2]: OpenGl version: 4.6 (GLSL 4.6)
[rviz2-11] [INFO] [1756911425.517280906] [rviz2]: Stereo is NOT SUPPORTED
[controller_server-2] [INFO] [1756911425.573056578] [local_costmap.local_costmap]: Timed out waiting for transform from base_link to odom to become available, tf error: Invalid frame ID "odom" passed to canTransform argument target_frame - frame does not exist
[controller_server-2] [INFO] [1756911426.073086685] [local_costmap.local_costmap]: Timed out waiting for transform from base_link to odom to become available, tf error: Invalid frame ID "odom" passed to canTransform argument target_frame - frame does not exist
[controller_server-2] [INFO] [1756911426.573093057] [local_costmap.local_costmap]: Timed out waiting for transform from base_link to odom to become available, tf error: Invalid frame ID "odom" passed to canTransform argument target_frame - frame does not exist
[controller_server-2] [INFO] [1756911427.073090023] [local_costmap.local_costmap]: Timed out waiting for transform from base_link to odom to become available, tf error: Invalid frame ID "odom" passed to canTransform argument target_frame - frame does not exist
[controller_server-2] [INFO] [1756911427.573092372] [local_costmap.local_costmap]: Timed out waiting for transform from base_link to odom to become available, tf error: Invalid frame ID "odom" passed to canTransform argument target_frame - frame does not exist
[controller_server-2] [INFO] [1756911428.073067727] [local_costmap.local_costmap]: Timed out waiting for transform from base_link to odom to become available, tf error: Invalid frame ID "odom" passed to canTransform argument target_frame - frame does not exist
[controller_server-2] [INFO] [1756911428.573083944] [local_costmap.local_costmap]: Timed out waiting for transform from base_link to odom to become available, tf error: Invalid frame ID "odom" passed to canTransform argument target_frame - frame does not exist
[controller_server-2] [INFO] [1756911429.073086006] [local_costmap.local_costmap]: Timed out waiting for transform from base_link to odom to become available, tf error: Invalid frame ID "odom" passed to canTransform argument target_frame - frame does not exist
[async_slam_toolbox_node-1] [WARN] [1756911429.460724180] [slam]: minimum laser range setting (0.0 m) exceeds the capabilities of the used Lidar (0.1 m)
[controller_server-2] [INFO] [1756911429.573359971] [local_costmap.local_costmap]: start
[rviz2-11] [ERROR] [1756911429.638856429] [rviz2]: Lookup would require extrapolation into the future.  Requested time 1756911429.596735 but the latest data is at time 1756911429.566273, when looking up transform from frame [laser] to frame [map]
[rviz2-11] [ERROR] [1756911429.703151408] [rviz2]: Lookup would require extrapolation into the future.  Requested time 1756911429.676480 but the latest data is at time 1756911429.666250, when looking up transform from frame [laser] to frame [map]
[rviz2-11] [INFO] [1756911429.800210425] [rviz2]: Trying to create a map of size 100 x 100 using 1 swatches
[controller_server-2] [INFO] [1756911429.825546149] [controller_server]: Activating controller: FollowPath of type regulated_pure_pursuit_controller::RegulatedPurePursuitController
[controller_server-2] [INFO] [1756911429.825658612] [controller_server]: Creating bond (controller_server) to lifecycle manager.
[lifecycle_manager-9] [INFO] [1756911429.935386289] [lifecycle_manager_navigation]: Server controller_server connected with bond.
[lifecycle_manager-9] [INFO] [1756911429.935462893] [lifecycle_manager_navigation]: [34m[1mActivating smoother_server[0m[0m
[smoother_server-3] [INFO] [1756911429.936131678] [smoother_server]: Activating
[smoother_server-3] [INFO] [1756911429.936212061] [smoother_server]: Creating bond (smoother_server) to lifecycle manager.
[lifecycle_manager-9] [INFO] [1756911430.041548609] [lifecycle_manager_navigation]: Server smoother_server connected with bond.
[lifecycle_manager-9] [INFO] [1756911430.041643544] [lifecycle_manager_navigation]: [34m[1mActivating planner_server[0m[0m
[planner_server-4] [INFO] [1756911430.042170308] [planner_server]: Activating
[planner_server-4] [INFO] [1756911430.042266784] [global_costmap.global_costmap]: Activating
[planner_server-4] [INFO] [1756911430.042291407] [global_costmap.global_costmap]: Checking transform
[planner_server-4] [INFO] [1756911430.042446905] [global_costmap.global_costmap]: start
[controller_server-2] [INFO] [1756911431.000177914] [local_costmap.local_costmap]: StaticLayer: Resizing static layer to 37 X 97 at 0.040000 m/pix
[planner_server-4] [INFO] [1756911431.000215905] [global_costmap.global_costmap]: StaticLayer: Resizing costmap to 37 X 97 at 0.040000 m/pix
[rviz2-11] [INFO] [1756911431.015044023] [rviz2]: Trying to create a map of size 37 x 97 using 1 swatches
[rviz2-11] [INFO] [1756911431.079973309] [rviz2]: Trying to create a map of size 37 x 97 using 1 swatches
[planner_server-4] [INFO] [1756911431.093985552] [planner_server]: Activating plugin GridBased of type NavfnPlanner
[planner_server-4] [INFO] [1756911431.095629723] [planner_server]: Creating bond (planner_server) to lifecycle manager.
[lifecycle_manager-9] [INFO] [1756911431.202992154] [lifecycle_manager_navigation]: Server planner_server connected with bond.
[lifecycle_manager-9] [INFO] [1756911431.203089008] [lifecycle_manager_navigation]: [34m[1mActivating behavior_server[0m[0m
[behavior_server-5] [INFO] [1756911431.203608818] [behavior_server]: Activating
[behavior_server-5] [INFO] [1756911431.203678813] [behavior_server]: Activating spin
[behavior_server-5] [INFO] [1756911431.203704529] [behavior_server]: Activating backup
[behavior_server-5] [INFO] [1756911431.203723608] [behavior_server]: Activating drive_on_heading
[behavior_server-5] [INFO] [1756911431.203742344] [behavior_server]: Activating wait
[behavior_server-5] [INFO] [1756911431.203759516] [behavior_server]: Activating assisted_teleop
[behavior_server-5] [INFO] [1756911431.203782989] [behavior_server]: Creating bond (behavior_server) to lifecycle manager.
[lifecycle_manager-9] [INFO] [1756911431.311432226] [lifecycle_manager_navigation]: Server behavior_server connected with bond.
[lifecycle_manager-9] [INFO] [1756911431.311538058] [lifecycle_manager_navigation]: [34m[1mActivating bt_navigator[0m[0m
[bt_navigator-6] [INFO] [1756911431.312075941] [bt_navigator]: Activating
[bt_navigator-6] [INFO] [1756911431.347090253] [bt_navigator]: Creating bond (bt_navigator) to lifecycle manager.
[lifecycle_manager-9] [INFO] [1756911431.448722350] [lifecycle_manager_navigation]: Server bt_navigator connected with bond.
[lifecycle_manager-9] [INFO] [1756911431.448821362] [lifecycle_manager_navigation]: [34m[1mActivating waypoint_follower[0m[0m
[waypoint_follower-7] [INFO] [1756911431.449571563] [waypoint_follower]: Activating
[waypoint_follower-7] [INFO] [1756911431.449657549] [waypoint_follower]: Creating bond (waypoint_follower) to lifecycle manager.
[lifecycle_manager-9] [INFO] [1756911431.557674953] [lifecycle_manager_navigation]: Server waypoint_follower connected with bond.
[lifecycle_manager-9] [INFO] [1756911431.557768717] [lifecycle_manager_navigation]: [34m[1mActivating velocity_smoother[0m[0m
[velocity_smoother-8] [INFO] [1756911431.558430197] [velocity_smoother]: Activating
[velocity_smoother-8] [INFO] [1756911431.558562685] [velocity_smoother]: Creating bond (velocity_smoother) to lifecycle manager.
[lifecycle_manager-9] [INFO] [1756911431.666884407] [lifecycle_manager_navigation]: Server velocity_smoother connected with bond.
[lifecycle_manager-9] [INFO] [1756911431.666983600] [lifecycle_manager_navigation]: [34m[1mManaged nodes are active[0m[0m
[lifecycle_manager-9] [INFO] [1756911431.667007856] [lifecycle_manager_navigation]: [34m[1mCreating bond timer...[0m[0m
[explore-10] [INFO] [1756911433.009635263] [explore_node]: Waiting to connect to move_base nav2 server
[explore-10] [INFO] [1756911433.010131135] [explore_node]: Connected to move_base nav2 server
[explore-10] [INFO] [1756911433.010154073] [explore_node]: Getting initial pose of the robot
[bt_navigator-6] [INFO] [1756911433.103092431] [bt_navigator]: Begin navigating from current location (-0.31, -0.82) to (0.14, 1.34)
[controller_server-2] [INFO] [1756911433.123445459] [controller_server]: Received a goal, begin computing control effort.
[controller_server-2] [WARN] [1756911433.123481186] [controller_server]: No goal checker was specified in parameter 'current_goal_checker'. Server will use only plugin loaded goal_checker . This warning will appear once.
[controller_server-2] [INFO] [1756911434.223649236] [controller_server]: Passing new path to controller.
[controller_server-2] [WARN] [1756911434.625822197] [controller_server]: Control loop missed its desired rate of 10.0000Hz
[controller_server-2] [INFO] [1756911435.223571930] [controller_server]: Passing new path to controller.
[controller_server-2] [INFO] [1756911436.223651768] [controller_server]: Passing new path to controller.
[controller_server-2] [WARN] [1756911437.125798858] [controller_server]: Control loop missed its desired rate of 10.0000Hz
[controller_server-2] [INFO] [1756911437.323638276] [controller_server]: Passing new path to controller.
[controller_server-2] [INFO] [1756911438.323644935] [controller_server]: Passing new path to controller.
[rviz2-11] [INFO] [1756911439.017669570] [rviz2]: Trying to create a map of size 73 x 99 using 1 swatches
[planner_server-4] [INFO] [1756911439.042637107] [global_costmap.global_costmap]: StaticLayer: Resizing costmap to 73 X 99 at 0.040000 m/pix
[rviz2-11] [INFO] [1756911439.083303670] [rviz2]: Trying to create a map of size 73 x 99 using 1 swatches
[controller_server-2] [INFO] [1756911439.173674907] [local_costmap.local_costmap]: StaticLayer: Resizing static layer to 73 X 99 at 0.040000 m/pix
[controller_server-2] [INFO] [1756911439.323669292] [controller_server]: Passing new path to controller.
[bt_navigator-6] [INFO] [1756911439.773291186] [bt_navigator]: Received goal preemption request
[bt_navigator-6] [INFO] [1756911439.773681194] [bt_navigator]: Begin navigating from current location (-0.37, 0.19) to (1.03, 0.23)
[controller_server-2] [INFO] [1756911440.423564444] [controller_server]: Passing new path to controller.
[rviz2-11] [INFO] [1756911441.034018377] [rviz2]: Trying to create a map of size 94 x 104 using 1 swatches
[planner_server-4] [INFO] [1756911441.042642648] [global_costmap.global_costmap]: StaticLayer: Resizing costmap to 94 X 104 at 0.040000 m/pix
[rviz2-11] [INFO] [1756911441.066010418] [rviz2]: Trying to create a map of size 94 x 104 using 1 swatches
[controller_server-2] [INFO] [1756911441.173594224] [local_costmap.local_costmap]: StaticLayer: Resizing static layer to 94 X 104 at 0.040000 m/pix
[controller_server-2] [INFO] [1756911441.423569907] [controller_server]: Passing new path to controller.
[controller_server-2] [INFO] [1756911442.423562978] [controller_server]: Passing new path to controller.
[rviz2-11] [INFO] [1756911443.020651201] [rviz2]: Trying to create a map of size 100 x 105 using 1 swatches
[planner_server-4] [INFO] [1756911443.042641185] [global_costmap.global_costmap]: StaticLayer: Resizing costmap to 100 X 105 at 0.040000 m/pix
[rviz2-11] [INFO] [1756911443.083610132] [rviz2]: Trying to create a map of size 100 x 105 using 1 swatches
[controller_server-2] [INFO] [1756911443.173599335] [local_costmap.local_costmap]: StaticLayer: Resizing static layer to 100 X 105 at 0.040000 m/pix
[controller_server-2] [INFO] [1756911443.523577522] [controller_server]: Passing new path to controller.
[controller_server-2] [WARN] [1756911443.825300642] [controller_server]: Control loop missed its desired rate of 10.0000Hz
[controller_server-2] [INFO] [1756911444.523646415] [controller_server]: Passing new path to controller.
[controller_server-2] [INFO] [1756911445.523569313] [controller_server]: Passing new path to controller.
[controller_server-2] [INFO] [1756911446.523655104] [controller_server]: Passing new path to controller.
[explore-10] [ERROR] [1756911446.648980847] [explore_node]: Extrapolation Error looking up robot pose: Lookup would require extrapolation into the future.  Requested time 1756911446.342614 but the latest data is at time 1756911446.216258, when looking up transform from frame [base_link] to frame [map]
[explore-10] 
[bt_navigator-6] [INFO] [1756911446.663349169] [bt_navigator]: Received goal preemption request
[bt_navigator-6] [INFO] [1756911446.663446651] [bt_navigator]: Begin navigating from current location (-0.31, 0.37) to (2.01, 1.09)
[rviz2-11] [INFO] [1756911447.018550338] [rviz2]: Trying to create a map of size 100 x 108 using 1 swatches
[planner_server-4] [INFO] [1756911447.042723351] [global_costmap.global_costmap]: StaticLayer: Resizing costmap to 100 X 108 at 0.040000 m/pix
[rviz2-11] [INFO] [1756911447.082474465] [rviz2]: Trying to create a map of size 100 x 108 using 1 swatches
[controller_server-2] [INFO] [1756911447.173605222] [local_costmap.local_costmap]: StaticLayer: Resizing static layer to 100 X 108 at 0.040000 m/pix
[controller_server-2] [INFO] [1756911447.623582473] [controller_server]: Passing new path to controller.
[controller_server-2] [INFO] [1756911448.623559584] [controller_server]: Passing new path to controller.
[controller_server-2] [INFO] [1756911449.623566091] [controller_server]: Passing new path to controller.
[controller_server-2] [INFO] [1756911450.723682146] [controller_server]: Passing new path to controller.
[planner_server-4] [INFO] [1756911451.042721920] [global_costmap.global_costmap]: StaticLayer: Resizing costmap to 100 X 108 at 0.040000 m/pix
[controller_server-2] [INFO] [1756911451.173615414] [local_costmap.local_costmap]: StaticLayer: Resizing static layer to 100 X 108 at 0.040000 m/pix
[controller_server-2] [INFO] [1756911451.723573259] [controller_server]: Passing new path to controller.
[controller_server-2] [INFO] [1756911452.723636584] [controller_server]: Passing new path to controller.
[rviz2-11] [INFO] [1756911453.033726219] [rviz2]: Trying to create a map of size 101 x 108 using 1 swatches
[planner_server-4] [INFO] [1756911453.042637522] [global_costmap.global_costmap]: StaticLayer: Resizing costmap to 101 X 108 at 0.040000 m/pix
[rviz2-11] [INFO] [1756911453.067625480] [rviz2]: Trying to create a map of size 101 x 108 using 1 swatches
[bt_navigator-6] [INFO] [1756911453.083291704] [bt_navigator]: Received goal preemption request
[bt_navigator-6] [INFO] [1756911453.083551058] [bt_navigator]: Begin navigating from current location (0.70, 0.78) to (2.00, 1.09)
[controller_server-2] [INFO] [1756911453.173580431] [local_costmap.local_costmap]: StaticLayer: Resizing static layer to 101 X 108 at 0.040000 m/pix
[controller_server-2] [INFO] [1756911453.823577421] [controller_server]: Passing new path to controller.
[controller_server-2] [INFO] [1756911454.823601884] [controller_server]: Passing new path to controller.
[rviz2-11] [INFO] [1756911455.018265545] [rviz2]: Trying to create a map of size 101 x 112 using 1 swatches
[planner_server-4] [INFO] [1756911455.042630623] [global_costmap.global_costmap]: StaticLayer: Resizing costmap to 101 X 112 at 0.040000 m/pix
[rviz2-11] [INFO] [1756911455.082512405] [rviz2]: Trying to create a map of size 101 x 112 using 1 swatches
[controller_server-2] [INFO] [1756911455.173578436] [local_costmap.local_costmap]: StaticLayer: Resizing static layer to 101 X 112 at 0.040000 m/pix
[controller_server-2] [INFO] [1756911455.823626375] [controller_server]: Passing new path to controller.
[controller_server-2] [INFO] [1756911456.823570554] [controller_server]: Passing new path to controller.
[controller_server-2] [INFO] [1756911457.923575253] [controller_server]: Passing new path to controller.
[controller_server-2] [INFO] [1756911458.923578172] [controller_server]: Passing new path to controller.
[bt_navigator-6] [INFO] [1756911459.773281875] [bt_navigator]: Received goal preemption request
[bt_navigator-6] [INFO] [1756911459.773565595] [bt_navigator]: Begin navigating from current location (1.99, 1.15) to (1.66, -1.55)
[controller_server-2] [INFO] [1756911459.923611688] [controller_server]: Passing new path to controller.
[controller_server-2] [INFO] [1756911461.023576056] [controller_server]: Passing new path to controller.
[controller_server-2] [INFO] [1756911462.023574125] [controller_server]: Passing new path to controller.
[controller_server-2] [INFO] [1756911463.023616493] [controller_server]: Passing new path to controller.
[controller_server-2] [INFO] [1756911464.023639362] [controller_server]: Passing new path to controller.
[controller_server-2] [INFO] [1756911465.123577147] [controller_server]: Passing new path to controller.
[controller_server-2] [INFO] [1756911466.123628989] [controller_server]: Passing new path to controller.
[controller_server-2] [INFO] [1756911467.123559696] [controller_server]: Passing new path to controller.
[controller_server-2] [ERROR] [1756911467.523764462] [controller_server]: Failed to make progress
[controller_server-2] [WARN] [1756911467.523956120] [controller_server]: [follow_path] [ActionServer] Aborting handle.
[controller_server-2] [INFO] [1756911467.543621501] [local_costmap.local_costmap]: Received request to clear entirely the local_costmap
[controller_server-2] [INFO] [1756911467.546757131] [controller_server]: Received a goal, begin computing control effort.
[controller_server-2] [INFO] [1756911468.147000763] [controller_server]: Passing new path to controller.
[controller_server-2] [INFO] [1756911469.247016825] [controller_server]: Passing new path to controller.
[controller_server-2] [INFO] [1756911470.246975819] [controller_server]: Passing new path to controller.
[rviz2-11] [INFO] [1756911471.017188731] [rviz2]: Trying to create a map of size 102 x 112 using 1 swatches
[planner_server-4] [INFO] [1756911471.042710670] [global_costmap.global_costmap]: StaticLayer: Resizing costmap to 102 X 112 at 0.040000 m/pix
[rviz2-11] [INFO] [1756911471.085045613] [rviz2]: Trying to create a map of size 102 x 112 using 1 swatches
[controller_server-2] [INFO] [1756911471.173611559] [local_costmap.local_costmap]: StaticLayer: Resizing static layer to 102 X 112 at 0.040000 m/pix
[controller_server-2] [INFO] [1756911471.246931319] [controller_server]: Passing new path to controller.
[controller_server-2] [INFO] [1756911472.346945070] [controller_server]: Passing new path to controller.
[bt_navigator-6] [INFO] [1756911473.073270829] [bt_navigator]: Received goal preemption request
[bt_navigator-6] [INFO] [1756911473.073445448] [bt_navigator]: Begin navigating from current location (0.99, 0.35) to (1.12, -1.11)
[controller_server-2] [INFO] [1756911473.346953119] [controller_server]: Passing new path to controller.
[controller_server-2] [INFO] [1756911474.346941755] [controller_server]: Passing new path to controller.
[controller_server-2] [INFO] [1756911475.346933155] [controller_server]: Passing new path to controller.
[controller_server-2] [INFO] [1756911476.446949339] [controller_server]: Passing new path to controller.
[controller_server-2] [INFO] [1756911477.446939962] [controller_server]: Passing new path to controller.
[controller_server-2] [INFO] [1756911478.447032274] [controller_server]: Passing new path to controller.
[controller_server-2] [INFO] [1756911479.447023849] [controller_server]: Passing new path to controller.
[explore-10] [WARN] [1756911479.861705577] [explore_node]: No frontiers found, stopping.
[explore-10] [INFO] [1756911480.335380771] [map_saver]: 
[explore-10] 	map_saver lifecycle node launched. 
[explore-10] 	Waiting on external lifecycle transitions to activate
[explore-10] 	See https://design.ros2.org/articles/node_lifecycle.html for more information.
[explore-10] [INFO] [1756911480.335775480] [map_saver]: Creating
[explore-10] [INFO] [1756911480.336052473] [map_saver]: Configuring
[explore-10] [INFO] [1756911480.340924719] [map_saver]: Saving map from 'map' topic to '/home/robot/Documents/map' file
[explore-10] [WARN] [1756911480.341014669] [map_saver]: Free threshold unspecified. Setting it to default value: 0.250000
[explore-10] [WARN] [1756911480.341051168] [map_saver]: Occupied threshold unspecified. Setting it to default value: 0.650000
[controller_server-2] [INFO] [1756911480.546954691] [controller_server]: Passing new path to controller.
[explore-10] [WARN] [1756911480.699248162] [map_io]: Image format unspecified. Setting it to: pgm
[explore-10] [INFO] [1756911480.699280063] [map_io]: Received a 102 X 112 map @ 0.04 m/pix
[explore-10] [INFO] [1756911480.754186263] [map_io]: Writing map occupancy data to /home/robot/Documents/map.pgm
[explore-10] [INFO] [1756911480.754568131] [map_io]: Writing map metadata to /home/robot/Documents/map.yaml
[explore-10] [INFO] [1756911480.754635559] [map_io]: Map saved
[explore-10] [INFO] [1756911480.754644130] [map_saver]: Map saved successfully
[explore-10] [INFO] [1756911480.755383638] [map_saver]: Destroying
[explore-10] [INFO] [1756911480.886381055] [explore_node]: Map saved successfully.
[explore-10] [INFO] [1756911480.886412677] [explore_node]: Exploration stopped.
[explore-10] [INFO] [1756911480.886463026] [explore_node]: Returning to initial pose.
[bt_navigator-6] [INFO] [1756911480.893305730] [bt_navigator]: Received goal preemption request
[bt_navigator-6] [INFO] [1756911480.893506908] [bt_navigator]: Begin navigating from current location (1.17, -1.06) to (-0.31, -0.82)
[controller_server-2] [INFO] [1756911481.547014133] [controller_server]: Passing new path to controller.
[controller_server-2] [INFO] [1756911482.546939094] [controller_server]: Passing new path to controller.
[controller_server-2] [INFO] [1756911483.647021058] [controller_server]: Passing new path to controller.
[controller_server-2] [INFO] [1756911484.647016995] [controller_server]: Passing new path to controller.
[controller_server-2] [INFO] [1756911485.646933055] [controller_server]: Passing new path to controller.
[controller_server-2] [INFO] [1756911486.646935265] [controller_server]: Passing new path to controller.
[controller_server-2] [INFO] [1756911487.747016098] [controller_server]: Passing new path to controller.
[controller_server-2] [INFO] [1756911488.746944007] [controller_server]: Passing new path to controller.
[controller_server-2] [INFO] [1756911489.746937606] [controller_server]: Passing new path to controller.
[controller_server-2] [INFO] [1756911490.847023022] [controller_server]: Passing new path to controller.
[controller_server-2] [INFO] [1756911491.846944123] [controller_server]: Passing new path to controller.
[controller_server-2] [INFO] [1756911492.846938339] [controller_server]: Passing new path to controller.
[controller_server-2] [INFO] [1756911493.847019137] [controller_server]: Passing new path to controller.
[controller_server-2] [ERROR] [1756911494.347970425] [controller_server]: Exception in transformPose: Lookup would require extrapolation into the future.  Requested time 1756911494.116256 but the latest data is at time 1756911494.101057, when looking up transform from frame [odom] to frame [map]
[controller_server-2] [WARN] [1756911494.348099792] [controller_server]: Unable to transform robot pose into global plan's frame
[controller_server-2] [WARN] [1756911494.348261795] [controller_server]: Control loop missed its desired rate of 10.0000Hz
[controller_server-2] [INFO] [1756911494.946940150] [controller_server]: Passing new path to controller.
[controller_server-2] [INFO] [1756911495.947015054] [controller_server]: Passing new path to controller.
[controller_server-2] [INFO] [1756911496.946937030] [controller_server]: Passing new path to controller.
[controller_server-2] [INFO] [1756911497.947316729] [controller_server]: Reached the goal!
[controller_server-2] [INFO] [1756911497.963782808] [controller_server]: Received a goal, begin computing control effort.
[controller_server-2] [INFO] [1756911497.964123812] [controller_server]: Reached the goal!
[bt_navigator-6] [INFO] [1756911498.003280737] [bt_navigator]: Goal succeeded
[rviz2-11] [ERROR] [1756911552.680227281] [rviz2]: Lookup would require extrapolation into the future.  Requested time 1756911552.633001 but the latest data is at time 1756911552.616299, when looking up transform from frame [laser] to frame [map]
[planner_server-4] [INFO] [1756912071.042708900] [global_costmap.global_costmap]: StaticLayer: Resizing costmap to 102 X 112 at 0.040000 m/pix
[controller_server-2] [INFO] [1756912071.173612919] [local_costmap.local_costmap]: StaticLayer: Resizing static layer to 102 X 112 at 0.040000 m/pix
[rviz2-11] [INFO] [1756912202.262710179] [rviz2]: Setting estimate pose: Frame:map, Position(-0.393753, -0.984374, 0), Orientation(0, 0, -1.83399e-06, 1) = Angle: -3.66798e-06
[rviz2-11] Start navigation
[rviz2-11] [INFO] [1756912210.111304362] [rviz_navigation_dialog_action_client]: NavigateToPose will be called using the BT Navigator's default behavior tree.
[bt_navigator-6] [INFO] [1756912210.112279167] [bt_navigator]: Begin navigating from current location (0.04, -0.78) to (2.14, 1.44)
[controller_server-2] [INFO] [1756912210.132930644] [controller_server]: Received a goal, begin computing control effort.
[controller_server-2] [INFO] [1756912211.233138597] [controller_server]: Passing new path to controller.
[controller_server-2] [INFO] [1756912212.233093009] [controller_server]: Passing new path to controller.
[controller_server-2] [INFO] [1756912213.233078330] [controller_server]: Passing new path to controller.
[controller_server-2] [WARN] [1756912213.333500239] [controller_server]: RegulatedPurePursuitController detected collision ahead!
[controller_server-2] [WARN] [1756912213.433753152] [controller_server]: RegulatedPurePursuitController detected collision ahead!
[controller_server-2] [WARN] [1756912213.534232470] [controller_server]: RegulatedPurePursuitController detected collision ahead!
[controller_server-2] [WARN] [1756912213.633617271] [controller_server]: RegulatedPurePursuitController detected collision ahead!
[controller_server-2] [WARN] [1756912213.734215023] [controller_server]: RegulatedPurePursuitController detected collision ahead!
[controller_server-2] [WARN] [1756912213.833731985] [controller_server]: RegulatedPurePursuitController detected collision ahead!
[controller_server-2] [WARN] [1756912213.934240730] [controller_server]: RegulatedPurePursuitController detected collision ahead!
[controller_server-2] [WARN] [1756912214.034227592] [controller_server]: RegulatedPurePursuitController detected collision ahead!
[controller_server-2] [WARN] [1756912214.134038027] [controller_server]: RegulatedPurePursuitController detected collision ahead!
[controller_server-2] [WARN] [1756912214.233848354] [controller_server]: RegulatedPurePursuitController detected collision ahead!
[controller_server-2] [INFO] [1756912214.333084885] [controller_server]: Passing new path to controller.
[controller_server-2] [WARN] [1756912214.334435566] [controller_server]: RegulatedPurePursuitController detected collision ahead!
[controller_server-2] [WARN] [1756912214.434213355] [controller_server]: RegulatedPurePursuitController detected collision ahead!
[controller_server-2] [WARN] [1756912214.534205526] [controller_server]: RegulatedPurePursuitController detected collision ahead!
[controller_server-2] [WARN] [1756912214.634188155] [controller_server]: RegulatedPurePursuitController detected collision ahead!
[controller_server-2] [WARN] [1756912214.734130580] [controller_server]: RegulatedPurePursuitController detected collision ahead!
[controller_server-2] [WARN] [1756912214.833709852] [controller_server]: RegulatedPurePursuitController detected collision ahead!
[controller_server-2] [WARN] [1756912214.934197846] [controller_server]: RegulatedPurePursuitController detected collision ahead!
[controller_server-2] [WARN] [1756912215.034036024] [controller_server]: RegulatedPurePursuitController detected collision ahead!
[controller_server-2] [WARN] [1756912215.134179955] [controller_server]: RegulatedPurePursuitController detected collision ahead!
[controller_server-2] [WARN] [1756912215.234189573] [controller_server]: RegulatedPurePursuitController detected collision ahead!
[controller_server-2] [INFO] [1756912215.333078838] [controller_server]: Passing new path to controller.
[controller_server-2] [WARN] [1756912215.334484809] [controller_server]: RegulatedPurePursuitController detected collision ahead!
[controller_server-2] [ERROR] [1756912215.334539385] [controller_server]: Controller patience exceeded
[controller_server-2] [WARN] [1756912215.334591105] [controller_server]: [follow_path] [ActionServer] Aborting handle.
[controller_server-2] [INFO] [1756912215.363072533] [local_costmap.local_costmap]: Received request to clear entirely the local_costmap
[controller_server-2] [INFO] [1756912215.364650696] [controller_server]: Received a goal, begin computing control effort.
[controller_server-2] [WARN] [1756912215.385201069] [controller_server]: RegulatedPurePursuitController detected collision ahead!
[controller_server-2] [WARN] [1756912215.465089537] [controller_server]: RegulatedPurePursuitController detected collision ahead!
[controller_server-2] [WARN] [1756912215.565346299] [controller_server]: RegulatedPurePursuitController detected collision ahead!
[controller_server-2] [WARN] [1756912215.665729686] [controller_server]: RegulatedPurePursuitController detected collision ahead!
[controller_server-2] [WARN] [1756912215.765799670] [controller_server]: RegulatedPurePursuitController detected collision ahead!
[controller_server-2] [WARN] [1756912215.865842072] [controller_server]: RegulatedPurePursuitController detected collision ahead!
[controller_server-2] [WARN] [1756912215.965680102] [controller_server]: RegulatedPurePursuitController detected collision ahead!
[controller_server-2] [WARN] [1756912216.066038248] [controller_server]: RegulatedPurePursuitController detected collision ahead!
[controller_server-2] [WARN] [1756912216.166029604] [controller_server]: RegulatedPurePursuitController detected collision ahead!
[controller_server-2] [WARN] [1756912216.266057266] [controller_server]: RegulatedPurePursuitController detected collision ahead!
[controller_server-2] [INFO] [1756912216.364909543] [controller_server]: Passing new path to controller.
[controller_server-2] [WARN] [1756912216.365672704] [controller_server]: RegulatedPurePursuitController detected collision ahead!
[controller_server-2] [WARN] [1756912216.466985648] [controller_server]: RegulatedPurePursuitController detected collision ahead!
[controller_server-2] [WARN] [1756912216.566886183] [controller_server]: RegulatedPurePursuitController detected collision ahead!
[controller_server-2] [WARN] [1756912216.666844553] [controller_server]: RegulatedPurePursuitController detected collision ahead!
[controller_server-2] [WARN] [1756912216.766931316] [controller_server]: RegulatedPurePursuitController detected collision ahead!
[controller_server-2] [WARN] [1756912216.866922218] [controller_server]: RegulatedPurePursuitController detected collision ahead!
[controller_server-2] [WARN] [1756912216.966935419] [controller_server]: RegulatedPurePursuitController detected collision ahead!
[controller_server-2] [WARN] [1756912217.066894592] [controller_server]: RegulatedPurePursuitController detected collision ahead!
[controller_server-2] [WARN] [1756912217.166952764] [controller_server]: RegulatedPurePursuitController detected collision ahead!
[controller_server-2] [WARN] [1756912217.266925087] [controller_server]: RegulatedPurePursuitController detected collision ahead!
[controller_server-2] [INFO] [1756912217.364939787] [controller_server]: Passing new path to controller.
[controller_server-2] [WARN] [1756912217.367224359] [controller_server]: RegulatedPurePursuitController detected collision ahead!
[controller_server-2] [ERROR] [1756912217.367402105] [controller_server]: Controller patience exceeded
[controller_server-2] [WARN] [1756912217.367505866] [controller_server]: [follow_path] [ActionServer] Aborting handle.
[controller_server-2] [INFO] [1756912217.392834219] [local_costmap.local_costmap]: Received request to clear entirely the local_costmap
[planner_server-4] [INFO] [1756912217.394163938] [global_costmap.global_costmap]: Received request to clear entirely the global_costmap
[controller_server-2] [INFO] [1756912218.063580885] [controller_server]: Received a goal, begin computing control effort.
[controller_server-2] [WARN] [1756912218.065483344] [controller_server]: RegulatedPurePursuitController detected collision ahead!
[controller_server-2] [WARN] [1756912218.165008471] [controller_server]: RegulatedPurePursuitController detected collision ahead!
[controller_server-2] [WARN] [1756912218.264961899] [controller_server]: RegulatedPurePursuitController detected collision ahead!
[controller_server-2] [WARN] [1756912218.365026416] [controller_server]: RegulatedPurePursuitController detected collision ahead!
[controller_server-2] [WARN] [1756912218.464982093] [controller_server]: RegulatedPurePursuitController detected collision ahead!
[controller_server-2] [WARN] [1756912218.565004329] [controller_server]: RegulatedPurePursuitController detected collision ahead!
[controller_server-2] [WARN] [1756912218.664926042] [controller_server]: RegulatedPurePursuitController detected collision ahead!
[controller_server-2] [WARN] [1756912218.764960360] [controller_server]: RegulatedPurePursuitController detected collision ahead!
[controller_server-2] [WARN] [1756912218.864987216] [controller_server]: RegulatedPurePursuitController detected collision ahead!
[controller_server-2] [WARN] [1756912218.964408684] [controller_server]: RegulatedPurePursuitController detected collision ahead!
[controller_server-2] [WARN] [1756912219.064591774] [controller_server]: RegulatedPurePursuitController detected collision ahead!
[controller_server-2] [INFO] [1756912219.163865141] [controller_server]: Passing new path to controller.
[controller_server-2] [WARN] [1756912219.165231588] [controller_server]: RegulatedPurePursuitController detected collision ahead!
[controller_server-2] [WARN] [1756912219.265002104] [controller_server]: RegulatedPurePursuitController detected collision ahead!
[controller_server-2] [WARN] [1756912219.365408718] [controller_server]: RegulatedPurePursuitController detected collision ahead!
[controller_server-2] [WARN] [1756912219.465002101] [controller_server]: RegulatedPurePursuitController detected collision ahead!
[controller_server-2] [WARN] [1756912219.564997678] [controller_server]: RegulatedPurePursuitController detected collision ahead!
[controller_server-2] [WARN] [1756912219.664215215] [controller_server]: RegulatedPurePursuitController detected collision ahead!
[controller_server-2] [WARN] [1756912219.764631081] [controller_server]: RegulatedPurePursuitController detected collision ahead!
[controller_server-2] [WARN] [1756912219.864646468] [controller_server]: RegulatedPurePursuitController detected collision ahead!
[controller_server-2] [WARN] [1756912219.964970185] [controller_server]: RegulatedPurePursuitController detected collision ahead!
[controller_server-2] [WARN] [1756912220.064901645] [controller_server]: RegulatedPurePursuitController detected collision ahead!
[controller_server-2] [ERROR] [1756912220.064992745] [controller_server]: Controller patience exceeded
[controller_server-2] [WARN] [1756912220.065059920] [controller_server]: [follow_path] [ActionServer] Aborting handle.
[controller_server-2] [INFO] [1756912220.082891305] [local_costmap.local_costmap]: Received request to clear entirely the local_costmap
[controller_server-2] [INFO] [1756912220.085171994] [controller_server]: Received a goal, begin computing control effort.
[controller_server-2] [INFO] [1756912220.185368294] [controller_server]: Passing new path to controller.
[controller_server-2] [WARN] [1756912220.187422190] [controller_server]: RegulatedPurePursuitController detected collision ahead!
[controller_server-2] [WARN] [1756912220.187610805] [controller_server]: Control loop missed its desired rate of 10.0000Hz
[controller_server-2] [WARN] [1756912220.188901903] [controller_server]: RegulatedPurePursuitController detected collision ahead!
[controller_server-2] [WARN] [1756912220.286417798] [controller_server]: RegulatedPurePursuitController detected collision ahead!
[controller_server-2] [WARN] [1756912220.386514596] [controller_server]: RegulatedPurePursuitController detected collision ahead!
[controller_server-2] [WARN] [1756912220.486513502] [controller_server]: RegulatedPurePursuitController detected collision ahead!
[controller_server-2] [WARN] [1756912220.585563210] [controller_server]: RegulatedPurePursuitController detected collision ahead!
[controller_server-2] [WARN] [1756912220.685832157] [controller_server]: RegulatedPurePursuitController detected collision ahead!
[controller_server-2] [WARN] [1756912220.786164288] [controller_server]: RegulatedPurePursuitController detected collision ahead!
[controller_server-2] [WARN] [1756912220.886114415] [controller_server]: RegulatedPurePursuitController detected collision ahead!
[controller_server-2] [WARN] [1756912220.985915448] [controller_server]: RegulatedPurePursuitController detected collision ahead!
[controller_server-2] [WARN] [1756912221.086478207] [controller_server]: RegulatedPurePursuitController detected collision ahead!
[controller_server-2] [INFO] [1756912221.185356367] [controller_server]: Passing new path to controller.
[controller_server-2] [WARN] [1756912221.186706570] [controller_server]: RegulatedPurePursuitController detected collision ahead!
[controller_server-2] [WARN] [1756912221.286512198] [controller_server]: RegulatedPurePursuitController detected collision ahead!
[controller_server-2] [WARN] [1756912221.385800255] [controller_server]: RegulatedPurePursuitController detected collision ahead!
[controller_server-2] [WARN] [1756912221.486510936] [controller_server]: RegulatedPurePursuitController detected collision ahead!
[controller_server-2] [WARN] [1756912221.585901827] [controller_server]: RegulatedPurePursuitController detected collision ahead!
[controller_server-2] [WARN] [1756912221.685815189] [controller_server]: RegulatedPurePursuitController detected collision ahead!
[controller_server-2] [WARN] [1756912221.786557834] [controller_server]: RegulatedPurePursuitController detected collision ahead!
[controller_server-2] [WARN] [1756912221.886514239] [controller_server]: RegulatedPurePursuitController detected collision ahead!
[controller_server-2] [WARN] [1756912221.986523301] [controller_server]: RegulatedPurePursuitController detected collision ahead!
[controller_server-2] [WARN] [1756912222.086516520] [controller_server]: RegulatedPurePursuitController detected collision ahead!
[controller_server-2] [ERROR] [1756912222.086617547] [controller_server]: Controller patience exceeded
[controller_server-2] [WARN] [1756912222.086701214] [controller_server]: [follow_path] [ActionServer] Aborting handle.
[behavior_server-5] [INFO] [1756912222.103093416] [behavior_server]: Running spin
[behavior_server-5] [INFO] [1756912222.103285637] [behavior_server]: Turning 1.57 for spin behavior.
[behavior_server-5] [INFO] [1756912225.403528990] [behavior_server]: spin completed successfully
[controller_server-2] [INFO] [1756912225.453679521] [controller_server]: Received a goal, begin computing control effort.
[controller_server-2] [ERROR] [1756912225.555203975] [controller_server]: Exception in transformPose: Lookup would require extrapolation into the future.  Requested time 1756912225.266245 but the latest data is at time 1756912225.252688, when looking up transform from frame [odom] to frame [map]
[controller_server-2] [WARN] [1756912225.555367299] [controller_server]: Unable to transform robot pose into global plan's frame
[controller_server-2] [WARN] [1756912225.555783065] [controller_server]: Control loop missed its desired rate of 10.0000Hz
[controller_server-2] [ERROR] [1756912225.658278358] [controller_server]: Exception in transformPose: Lookup would require extrapolation into the future.  Requested time 1756912225.266245 but the latest data is at time 1756912225.252688, when looking up transform from frame [odom] to frame [map]
[controller_server-2] [WARN] [1756912225.658423359] [controller_server]: Unable to transform robot pose into global plan's frame
[controller_server-2] [WARN] [1756912225.658704499] [controller_server]: Control loop missed its desired rate of 10.0000Hz
[controller_server-2] [ERROR] [1756912225.761837580] [controller_server]: Exception in transformPose: Lookup would require extrapolation into the future.  Requested time 1756912225.266245 but the latest data is at time 1756912225.252688, when looking up transform from frame [odom] to frame [map]
[controller_server-2] [WARN] [1756912225.761954195] [controller_server]: Unable to transform robot pose into global plan's frame
[controller_server-2] [WARN] [1756912225.762141772] [controller_server]: Control loop missed its desired rate of 10.0000Hz
[controller_server-2] [ERROR] [1756912225.863008908] [controller_server]: Exception in transformPose: Lookup would require extrapolation into the future.  Requested time 1756912225.266245 but the latest data is at time 1756912225.252688, when looking up transform from frame [odom] to frame [map]
[controller_server-2] [WARN] [1756912225.863042544] [controller_server]: Unable to transform robot pose into global plan's frame
[controller_server-2] [WARN] [1756912225.863087494] [controller_server]: Control loop missed its desired rate of 10.0000Hz
[controller_server-2] [INFO] [1756912226.553913935] [controller_server]: Passing new path to controller.
[controller_server-2] [INFO] [1756912227.553909812] [controller_server]: Passing new path to controller.
[controller_server-2] [INFO] [1756912228.553916094] [controller_server]: Passing new path to controller.
[controller_server-2] [WARN] [1756912229.554850499] [controller_server]: RegulatedPurePursuitController detected collision ahead!
[controller_server-2] [INFO] [1756912229.653931424] [controller_server]: Passing new path to controller.
[controller_server-2] [WARN] [1756912230.455845272] [controller_server]: RegulatedPurePursuitController detected collision ahead!
[controller_server-2] [WARN] [1756912230.555275201] [controller_server]: RegulatedPurePursuitController detected collision ahead!
[planner_server-4] [WARN] [1756912230.582977458] [planner_server]: GridBased: failed to create plan with tolerance 0.20.
[planner_server-4] [WARN] [1756912230.583032014] [planner_server]: Planning algorithm GridBased failed to generate a valid path to (2.14, 1.44)
[planner_server-4] [WARN] [1756912230.583043908] [planner_server]: [compute_path_to_pose] [ActionServer] Aborting handle.
[planner_server-4] [INFO] [1756912230.602736437] [global_costmap.global_costmap]: Received request to clear entirely the global_costmap
[controller_server-2] [INFO] [1756912230.653904560] [controller_server]: Passing new path to controller.
[controller_server-2] [ERROR] [1756912230.654082378] [controller_server]: Invalid path, Path is empty.
[controller_server-2] [WARN] [1756912230.654117957] [controller_server]: [follow_path] [ActionServer] Aborting handle.
[controller_server-2] [INFO] [1756912230.682713748] [local_costmap.local_costmap]: Received request to clear entirely the local_costmap
[controller_server-2] [INFO] [1756912230.683874625] [controller_server]: Received a goal, begin computing control effort.
[controller_server-2] [ERROR] [1756912230.683982314] [controller_server]: Invalid path, Path is empty.
[controller_server-2] [WARN] [1756912230.684048686] [controller_server]: [follow_path] [ActionServer] Aborting handle.
[bt_navigator-6] [ERROR] [1756912230.723048245] [bt_navigator_navigate_to_pose_rclcpp_node]: Failed to get result for compute_path_to_pose in node halt!
[behavior_server-5] [INFO] [1756912230.723927011] [behavior_server]: Running wait
[bt_navigator-6] [WARN] [1756912230.724101306] [BehaviorTreeEngine]: Behavior Tree tick rate 100.00 was exceeded!
[behavior_server-5] [INFO] [1756912235.724278489] [behavior_server]: wait completed successfully
[controller_server-2] [INFO] [1756912235.774982733] [controller_server]: Received a goal, begin computing control effort.
[controller_server-2] [WARN] [1756912235.775803235] [controller_server]: RegulatedPurePursuitController detected collision ahead!
[controller_server-2] [WARN] [1756912235.876204908] [controller_server]: RegulatedPurePursuitController detected collision ahead!
[controller_server-2] [WARN] [1756912235.977003731] [controller_server]: RegulatedPurePursuitController detected collision ahead!
[controller_server-2] [WARN] [1756912236.076268368] [controller_server]: RegulatedPurePursuitController detected collision ahead!
[controller_server-2] [WARN] [1756912236.175329619] [controller_server]: RegulatedPurePursuitController detected collision ahead!
[controller_server-2] [WARN] [1756912236.276070929] [controller_server]: RegulatedPurePursuitController detected collision ahead!
[controller_server-2] [WARN] [1756912236.376101014] [controller_server]: RegulatedPurePursuitController detected collision ahead!
[controller_server-2] [WARN] [1756912236.476203742] [controller_server]: RegulatedPurePursuitController detected collision ahead!
[controller_server-2] [WARN] [1756912236.577039873] [controller_server]: RegulatedPurePursuitController detected collision ahead!
[controller_server-2] [WARN] [1756912236.676195710] [controller_server]: RegulatedPurePursuitController detected collision ahead!
[controller_server-2] [WARN] [1756912236.776854899] [controller_server]: RegulatedPurePursuitController detected collision ahead!
[controller_server-2] [INFO] [1756912236.875233927] [controller_server]: Passing new path to controller.
[controller_server-2] [WARN] [1756912236.876531323] [controller_server]: RegulatedPurePursuitController detected collision ahead!
[controller_server-2] [WARN] [1756912236.977139861] [controller_server]: RegulatedPurePursuitController detected collision ahead!
[controller_server-2] [WARN] [1756912237.075976533] [controller_server]: RegulatedPurePursuitController detected collision ahead!
[controller_server-2] [WARN] [1756912237.176009599] [controller_server]: RegulatedPurePursuitController detected collision ahead!
[controller_server-2] [WARN] [1756912237.276279481] [controller_server]: RegulatedPurePursuitController detected collision ahead!
[controller_server-2] [WARN] [1756912237.377014007] [controller_server]: RegulatedPurePursuitController detected collision ahead!
[controller_server-2] [WARN] [1756912237.476199452] [controller_server]: RegulatedPurePursuitController detected collision ahead!
[controller_server-2] [WARN] [1756912237.576856945] [controller_server]: RegulatedPurePursuitController detected collision ahead!
[controller_server-2] [WARN] [1756912237.676184566] [controller_server]: RegulatedPurePursuitController detected collision ahead!
[controller_server-2] [WARN] [1756912237.777882298] [controller_server]: RegulatedPurePursuitController detected collision ahead!
[controller_server-2] [ERROR] [1756912237.778012954] [controller_server]: Controller patience exceeded
[controller_server-2] [WARN] [1756912237.778133939] [controller_server]: [follow_path] [ActionServer] Aborting handle.
[controller_server-2] [INFO] [1756912237.794508662] [local_costmap.local_costmap]: Received request to clear entirely the local_costmap
[controller_server-2] [INFO] [1756912237.796647711] [controller_server]: Received a goal, begin computing control effort.
[controller_server-2] [INFO] [1756912237.976906948] [controller_server]: Passing new path to controller.
[controller_server-2] [WARN] [1756912237.977900180] [controller_server]: RegulatedPurePursuitController detected collision ahead!
[controller_server-2] [WARN] [1756912237.977992637] [controller_server]: Control loop missed its desired rate of 10.0000Hz
[controller_server-2] [WARN] [1756912237.978788628] [controller_server]: RegulatedPurePursuitController detected collision ahead!
[controller_server-2] [WARN] [1756912237.997739612] [controller_server]: RegulatedPurePursuitController detected collision ahead!
[controller_server-2] [WARN] [1756912238.097634598] [controller_server]: RegulatedPurePursuitController detected collision ahead!
[controller_server-2] [WARN] [1756912238.197276358] [controller_server]: RegulatedPurePursuitController detected collision ahead!
[controller_server-2] [WARN] [1756912238.297772652] [controller_server]: RegulatedPurePursuitController detected collision ahead!
[controller_server-2] [WARN] [1756912238.397970119] [controller_server]: RegulatedPurePursuitController detected collision ahead!
[controller_server-2] [WARN] [1756912238.497902724] [controller_server]: RegulatedPurePursuitController detected collision ahead!
[controller_server-2] [WARN] [1756912238.597287874] [controller_server]: RegulatedPurePursuitController detected collision ahead!
[controller_server-2] [WARN] [1756912238.697964117] [controller_server]: RegulatedPurePursuitController detected collision ahead!
[controller_server-2] [WARN] [1756912238.797936833] [controller_server]: RegulatedPurePursuitController detected collision ahead!
[controller_server-2] [INFO] [1756912238.896898504] [controller_server]: Passing new path to controller.
[controller_server-2] [WARN] [1756912238.897332947] [controller_server]: RegulatedPurePursuitController detected collision ahead!
[controller_server-2] [WARN] [1756912238.997602142] [controller_server]: RegulatedPurePursuitController detected collision ahead!
[controller_server-2] [WARN] [1756912239.097820749] [controller_server]: RegulatedPurePursuitController detected collision ahead!
[controller_server-2] [WARN] [1756912239.197949467] [controller_server]: RegulatedPurePursuitController detected collision ahead!
[controller_server-2] [WARN] [1756912239.297950687] [controller_server]: RegulatedPurePursuitController detected collision ahead!
[controller_server-2] [WARN] [1756912239.397968298] [controller_server]: RegulatedPurePursuitController detected collision ahead!
[controller_server-2] [WARN] [1756912239.497968714] [controller_server]: RegulatedPurePursuitController detected collision ahead!
[controller_server-2] [WARN] [1756912239.597476348] [controller_server]: RegulatedPurePursuitController detected collision ahead!
[controller_server-2] [WARN] [1756912239.697743926] [controller_server]: RegulatedPurePursuitController detected collision ahead!
[controller_server-2] [WARN] [1756912239.797263027] [controller_server]: RegulatedPurePursuitController detected collision ahead!
[controller_server-2] [ERROR] [1756912239.797299583] [controller_server]: Controller patience exceeded
[controller_server-2] [WARN] [1756912239.797325737] [controller_server]: [follow_path] [ActionServer] Aborting handle.
[behavior_server-5] [INFO] [1756912239.814974890] [behavior_server]: Running backup
[behavior_server-5] [INFO] [1756912239.815312921] [behavior_server]: DriveOnHeading: no acceleration or deceleration limits set
[behavior_server-5] [INFO] [1756912246.515285734] [behavior_server]: backup completed successfully
[controller_server-2] [INFO] [1756912246.565158812] [controller_server]: Received a goal, begin computing control effort.
[controller_server-2] [WARN] [1756912247.366561021] [controller_server]: RegulatedPurePursuitController detected collision ahead!
[controller_server-2] [INFO] [1756912247.665451600] [controller_server]: Passing new path to controller.
[controller_server-2] [INFO] [1756912248.665432127] [controller_server]: Passing new path to controller.
[controller_server-2] [WARN] [1756912249.266229474] [controller_server]: RegulatedPurePursuitController detected collision ahead!
[controller_server-2] [INFO] [1756912249.665384906] [controller_server]: Passing new path to controller.
[controller_server-2] [WARN] [1756912250.066007129] [controller_server]: RegulatedPurePursuitController detected collision ahead!
[controller_server-2] [INFO] [1756912250.765384926] [controller_server]: Passing new path to controller.
[controller_server-2] [INFO] [1756912251.765371314] [controller_server]: Passing new path to controller.
[controller_server-2] [WARN] [1756912252.066467479] [controller_server]: RegulatedPurePursuitController detected collision ahead!
[controller_server-2] [WARN] [1756912252.166382325] [controller_server]: RegulatedPurePursuitController detected collision ahead!
[controller_server-2] [WARN] [1756912252.266374077] [controller_server]: RegulatedPurePursuitController detected collision ahead!
[controller_server-2] [WARN] [1756912252.366184652] [controller_server]: RegulatedPurePursuitController detected collision ahead!
[controller_server-2] [INFO] [1756912252.765378577] [controller_server]: Passing new path to controller.
[controller_server-2] [INFO] [1756912253.765389651] [controller_server]: Passing new path to controller.
[controller_server-2] [INFO] [1756912254.865390042] [controller_server]: Passing new path to controller.
[controller_server-2] [INFO] [1756912255.865377955] [controller_server]: Passing new path to controller.
[controller_server-2] [INFO] [1756912256.865385107] [controller_server]: Passing new path to controller.
[controller_server-2] [INFO] [1756912257.965385321] [controller_server]: Passing new path to controller.
[controller_server-2] [INFO] [1756912258.965459378] [controller_server]: Passing new path to controller.
[controller_server-2] [INFO] [1756912259.965384870] [controller_server]: Passing new path to controller.
[controller_server-2] [INFO] [1756912261.065388540] [controller_server]: Passing new path to controller.
[controller_server-2] [INFO] [1756912262.065397040] [controller_server]: Passing new path to controller.
[controller_server-2] [WARN] [1756912262.366678651] [controller_server]: Control loop missed its desired rate of 10.0000Hz
[controller_server-2] [INFO] [1756912263.065455532] [controller_server]: Passing new path to controller.
[controller_server-2] [INFO] [1756912264.065388405] [controller_server]: Passing new path to controller.
[controller_server-2] [INFO] [1756912265.165459925] [controller_server]: Passing new path to controller.
[controller_server-2] [INFO] [1756912266.165387365] [controller_server]: Passing new path to controller.
[controller_server-2] [INFO] [1756912266.265769606] [controller_server]: Reached the goal!
[bt_navigator-6] [INFO] [1756912266.304503901] [bt_navigator]: Goal succeeded
[rviz2-11] Start navigation
[rviz2-11] [INFO] [1756912577.551391216] [rviz_navigation_dialog_action_client]: NavigateToPose will be called using the BT Navigator's default behavior tree.
[bt_navigator-6] [INFO] [1756912577.552344572] [bt_navigator]: Begin navigating from current location (2.08, 1.48) to (2.37, 0.18)
[controller_server-2] [INFO] [1756912577.573463525] [controller_server]: Received a goal, begin computing control effort.
[controller_server-2] [INFO] [1756912578.673713594] [controller_server]: Passing new path to controller.
[controller_server-2] [INFO] [1756912579.673712014] [controller_server]: Passing new path to controller.
[controller_server-2] [INFO] [1756912580.673722020] [controller_server]: Passing new path to controller.
[controller_server-2] [INFO] [1756912581.773726879] [controller_server]: Passing new path to controller.
[controller_server-2] [INFO] [1756912582.773721601] [controller_server]: Passing new path to controller.
[controller_server-2] [INFO] [1756912583.773715230] [controller_server]: Passing new path to controller.
[controller_server-2] [INFO] [1756912584.773724820] [controller_server]: Passing new path to controller.
[controller_server-2] [INFO] [1756912585.873722698] [controller_server]: Passing new path to controller.
[controller_server-2] [INFO] [1756912586.873788335] [controller_server]: Passing new path to controller.
[rviz2-11] [INFO] [1756912587.017555523] [rviz2]: Trying to create a map of size 103 x 113 using 1 swatches
[planner_server-4] [INFO] [1756912587.042639912] [global_costmap.global_costmap]: StaticLayer: Resizing costmap to 103 X 113 at 0.040000 m/pix
[rviz2-11] [INFO] [1756912587.053547394] [rviz2]: Trying to create a map of size 103 x 113 using 1 swatches
[controller_server-2] [INFO] [1756912587.173601222] [local_costmap.local_costmap]: StaticLayer: Resizing static layer to 103 X 113 at 0.040000 m/pix
[controller_server-2] [INFO] [1756912587.873800439] [controller_server]: Passing new path to controller.
[controller_server-2] [INFO] [1756912588.973795528] [controller_server]: Passing new path to controller.
[controller_server-2] [INFO] [1756912589.973722360] [controller_server]: Passing new path to controller.
[controller_server-2] [INFO] [1756912590.973793677] [controller_server]: Passing new path to controller.
[controller_server-2] [ERROR] [1756912591.675916736] [controller_server]: Exception in transformPose: Lookup would require extrapolation into the future.  Requested time 1756912591.416369 but the latest data is at time 1756912591.369310, when looking up transform from frame [odom] to frame [map]
[controller_server-2] [WARN] [1756912591.676055809] [controller_server]: Unable to transform robot pose into global plan's frame
[controller_server-2] [WARN] [1756912591.676243800] [controller_server]: Control loop missed its desired rate of 10.0000Hz
[controller_server-2] [INFO] [1756912591.706842389] [controller_server]: Reached the goal!
[bt_navigator-6] [INFO] [1756912591.742819408] [bt_navigator]: Goal succeeded
[rviz2-11] Start navigation
[rviz2-11] [INFO] [1756912598.325994719] [rviz_navigation_dialog_action_client]: NavigateToPose will be called using the BT Navigator's default behavior tree.
[bt_navigator-6] [INFO] [1756912598.326902803] [bt_navigator]: Begin navigating from current location (2.32, 0.23) to (1.42, -1.20)
[controller_server-2] [INFO] [1756912598.347957998] [controller_server]: Received a goal, begin computing control effort.
[controller_server-2] [INFO] [1756912599.448251342] [controller_server]: Passing new path to controller.
[controller_server-2] [INFO] [1756912600.448256420] [controller_server]: Passing new path to controller.
[controller_server-2] [WARN] [1756912601.149343165] [controller_server]: RegulatedPurePursuitController detected collision ahead!
[controller_server-2] [WARN] [1756912601.249291399] [controller_server]: RegulatedPurePursuitController detected collision ahead!
[controller_server-2] [WARN] [1756912601.349257958] [controller_server]: RegulatedPurePursuitController detected collision ahead!
[controller_server-2] [INFO] [1756912601.448179611] [controller_server]: Passing new path to controller.
[controller_server-2] [WARN] [1756912601.449464890] [controller_server]: RegulatedPurePursuitController detected collision ahead!
[controller_server-2] [WARN] [1756912601.549164456] [controller_server]: RegulatedPurePursuitController detected collision ahead!
[controller_server-2] [WARN] [1756912601.648818157] [controller_server]: RegulatedPurePursuitController detected collision ahead!
[controller_server-2] [WARN] [1756912601.749222855] [controller_server]: RegulatedPurePursuitController detected collision ahead!
[controller_server-2] [WARN] [1756912601.848955619] [controller_server]: RegulatedPurePursuitController detected collision ahead!
[controller_server-2] [WARN] [1756912601.949253735] [controller_server]: RegulatedPurePursuitController detected collision ahead!
[controller_server-2] [WARN] [1756912602.049260055] [controller_server]: RegulatedPurePursuitController detected collision ahead!
[controller_server-2] [WARN] [1756912602.149262264] [controller_server]: RegulatedPurePursuitController detected collision ahead!
[controller_server-2] [WARN] [1756912602.249273105] [controller_server]: RegulatedPurePursuitController detected collision ahead!
[controller_server-2] [WARN] [1756912602.349343057] [controller_server]: RegulatedPurePursuitController detected collision ahead!
[controller_server-2] [WARN] [1756912602.449077083] [controller_server]: RegulatedPurePursuitController detected collision ahead!
[controller_server-2] [INFO] [1756912602.548247375] [controller_server]: Passing new path to controller.
[controller_server-2] [WARN] [1756912602.549604418] [controller_server]: RegulatedPurePursuitController detected collision ahead!
[controller_server-2] [WARN] [1756912602.649339607] [controller_server]: RegulatedPurePursuitController detected collision ahead!
[controller_server-2] [WARN] [1756912602.749455687] [controller_server]: RegulatedPurePursuitController detected collision ahead!
[controller_server-2] [WARN] [1756912602.849346615] [controller_server]: RegulatedPurePursuitController detected collision ahead!
[controller_server-2] [WARN] [1756912602.949337492] [controller_server]: RegulatedPurePursuitController detected collision ahead!
[controller_server-2] [WARN] [1756912603.049343074] [controller_server]: RegulatedPurePursuitController detected collision ahead!
[controller_server-2] [ERROR] [1756912603.049443557] [controller_server]: Controller patience exceeded
[controller_server-2] [WARN] [1756912603.049524609] [controller_server]: [follow_path] [ActionServer] Aborting handle.
[controller_server-2] [INFO] [1756912603.067401512] [local_costmap.local_costmap]: Received request to clear entirely the local_costmap
[controller_server-2] [INFO] [1756912603.068958450] [controller_server]: Received a goal, begin computing control effort.
[controller_server-2] [WARN] [1756912603.179512106] [controller_server]: RegulatedPurePursuitController detected collision ahead!
[controller_server-2] [WARN] [1756912603.179593386] [controller_server]: Control loop missed its desired rate of 10.0000Hz
[controller_server-2] [WARN] [1756912603.179852037] [controller_server]: RegulatedPurePursuitController detected collision ahead!
[controller_server-2] [WARN] [1756912603.270213442] [controller_server]: RegulatedPurePursuitController detected collision ahead!
[controller_server-2] [WARN] [1756912603.370209327] [controller_server]: RegulatedPurePursuitController detected collision ahead!
[controller_server-2] [WARN] [1756912603.470048981] [controller_server]: RegulatedPurePursuitController detected collision ahead!
[controller_server-2] [INFO] [1756912603.569139160] [controller_server]: Passing new path to controller.
[controller_server-2] [WARN] [1756912603.570006135] [controller_server]: RegulatedPurePursuitController detected collision ahead!
[controller_server-2] [WARN] [1756912603.670277992] [controller_server]: RegulatedPurePursuitController detected collision ahead!
[controller_server-2] [WARN] [1756912603.770249545] [controller_server]: RegulatedPurePursuitController detected collision ahead!
[controller_server-2] [WARN] [1756912603.870583673] [controller_server]: RegulatedPurePursuitController detected collision ahead!
[controller_server-2] [WARN] [1756912603.970450975] [controller_server]: RegulatedPurePursuitController detected collision ahead!
[controller_server-2] [WARN] [1756912604.070379371] [controller_server]: RegulatedPurePursuitController detected collision ahead!
[controller_server-2] [WARN] [1756912604.170377092] [controller_server]: RegulatedPurePursuitController detected collision ahead!
[controller_server-2] [WARN] [1756912604.270057121] [controller_server]: RegulatedPurePursuitController detected collision ahead!
[controller_server-2] [WARN] [1756912604.370214749] [controller_server]: RegulatedPurePursuitController detected collision ahead!
[controller_server-2] [WARN] [1756912604.470228805] [controller_server]: RegulatedPurePursuitController detected collision ahead!
[controller_server-2] [INFO] [1756912604.569146948] [controller_server]: Passing new path to controller.
[controller_server-2] [WARN] [1756912604.570445558] [controller_server]: RegulatedPurePursuitController detected collision ahead!
[controller_server-2] [WARN] [1756912604.670279081] [controller_server]: RegulatedPurePursuitController detected collision ahead!
[controller_server-2] [WARN] [1756912604.770284419] [controller_server]: RegulatedPurePursuitController detected collision ahead!
[controller_server-2] [WARN] [1756912604.870297920] [controller_server]: RegulatedPurePursuitController detected collision ahead!
[controller_server-2] [WARN] [1756912604.970300454] [controller_server]: RegulatedPurePursuitController detected collision ahead!
[controller_server-2] [WARN] [1756912605.069734755] [controller_server]: RegulatedPurePursuitController detected collision ahead!
[controller_server-2] [ERROR] [1756912605.069795889] [controller_server]: Controller patience exceeded
[controller_server-2] [WARN] [1756912605.069844992] [controller_server]: [follow_path] [ActionServer] Aborting handle.
[controller_server-2] [INFO] [1756912605.087615036] [local_costmap.local_costmap]: Received request to clear entirely the local_costmap
[planner_server-4] [INFO] [1756912605.089084246] [global_costmap.global_costmap]: Received request to clear entirely the global_costmap
[controller_server-2] [INFO] [1756912606.067726232] [controller_server]: Received a goal, begin computing control effort.
[controller_server-2] [WARN] [1756912606.068322055] [controller_server]: RegulatedPurePursuitController detected collision ahead!
[controller_server-2] [WARN] [1756912606.168985702] [controller_server]: RegulatedPurePursuitController detected collision ahead!
[controller_server-2] [WARN] [1756912606.269033718] [controller_server]: RegulatedPurePursuitController detected collision ahead!
[controller_server-2] [WARN] [1756912606.368981849] [controller_server]: RegulatedPurePursuitController detected collision ahead!
[controller_server-2] [WARN] [1756912606.468962705] [controller_server]: RegulatedPurePursuitController detected collision ahead!
[controller_server-2] [WARN] [1756912606.569053537] [controller_server]: RegulatedPurePursuitController detected collision ahead!
[controller_server-2] [WARN] [1756912606.668967371] [controller_server]: RegulatedPurePursuitController detected collision ahead!
[controller_server-2] [WARN] [1756912606.768546565] [controller_server]: RegulatedPurePursuitController detected collision ahead!
[controller_server-2] [WARN] [1756912606.868513340] [controller_server]: RegulatedPurePursuitController detected collision ahead!
[controller_server-2] [WARN] [1756912606.969066912] [controller_server]: RegulatedPurePursuitController detected collision ahead!
[controller_server-2] [WARN] [1756912607.069151976] [controller_server]: RegulatedPurePursuitController detected collision ahead!
[controller_server-2] [INFO] [1756912607.167963055] [controller_server]: Passing new path to controller.
[controller_server-2] [WARN] [1756912607.169272099] [controller_server]: RegulatedPurePursuitController detected collision ahead!
[controller_server-2] [WARN] [1756912607.269895730] [controller_server]: RegulatedPurePursuitController detected collision ahead!
[controller_server-2] [WARN] [1756912607.368979178] [controller_server]: RegulatedPurePursuitController detected collision ahead!
[controller_server-2] [WARN] [1756912607.469048644] [controller_server]: RegulatedPurePursuitController detected collision ahead!
[controller_server-2] [WARN] [1756912607.568427290] [controller_server]: RegulatedPurePursuitController detected collision ahead!
[controller_server-2] [WARN] [1756912607.668783922] [controller_server]: RegulatedPurePursuitController detected collision ahead!
[controller_server-2] [WARN] [1756912607.769054199] [controller_server]: RegulatedPurePursuitController detected collision ahead!
[controller_server-2] [WARN] [1756912607.868489802] [controller_server]: RegulatedPurePursuitController detected collision ahead!
[controller_server-2] [WARN] [1756912607.969120494] [controller_server]: RegulatedPurePursuitController detected collision ahead!
[controller_server-2] [WARN] [1756912608.069043939] [controller_server]: RegulatedPurePursuitController detected collision ahead!
[controller_server-2] [ERROR] [1756912608.069143132] [controller_server]: Controller patience exceeded
[controller_server-2] [WARN] [1756912608.069220189] [controller_server]: [follow_path] [ActionServer] Aborting handle.
[controller_server-2] [INFO] [1756912608.087259549] [local_costmap.local_costmap]: Received request to clear entirely the local_costmap
[controller_server-2] [INFO] [1756912608.088423875] [controller_server]: Received a goal, begin computing control effort.
[controller_server-2] [INFO] [1756912608.178648036] [controller_server]: Passing new path to controller.
[controller_server-2] [WARN] [1756912608.180838402] [controller_server]: RegulatedPurePursuitController detected collision ahead!
[controller_server-2] [WARN] [1756912608.189289677] [controller_server]: RegulatedPurePursuitController detected collision ahead!
[controller_server-2] [WARN] [1756912608.289638584] [controller_server]: RegulatedPurePursuitController detected collision ahead!
[controller_server-2] [WARN] [1756912608.389652634] [controller_server]: RegulatedPurePursuitController detected collision ahead!
[controller_server-2] [WARN] [1756912608.489658241] [controller_server]: RegulatedPurePursuitController detected collision ahead!
[controller_server-2] [WARN] [1756912608.590537030] [controller_server]: RegulatedPurePursuitController detected collision ahead!
[controller_server-2] [WARN] [1756912608.690518098] [controller_server]: RegulatedPurePursuitController detected collision ahead!
[controller_server-2] [WARN] [1756912608.789768253] [controller_server]: RegulatedPurePursuitController detected collision ahead!
[controller_server-2] [WARN] [1756912608.890481771] [controller_server]: RegulatedPurePursuitController detected collision ahead!
[controller_server-2] [WARN] [1756912608.989649468] [controller_server]: RegulatedPurePursuitController detected collision ahead!
[controller_server-2] [WARN] [1756912609.088925595] [controller_server]: RegulatedPurePursuitController detected collision ahead!
[controller_server-2] [INFO] [1756912609.188655799] [controller_server]: Passing new path to controller.
[controller_server-2] [WARN] [1756912609.190842307] [controller_server]: RegulatedPurePursuitController detected collision ahead!
[controller_server-2] [WARN] [1756912609.290491003] [controller_server]: RegulatedPurePursuitController detected collision ahead!
[controller_server-2] [WARN] [1756912609.420147395] [controller_server]: RegulatedPurePursuitController detected collision ahead!
[controller_server-2] [WARN] [1756912609.489358993] [controller_server]: RegulatedPurePursuitController detected collision ahead!
[controller_server-2] [WARN] [1756912609.589849376] [controller_server]: RegulatedPurePursuitController detected collision ahead!
[controller_server-2] [WARN] [1756912609.689488055] [controller_server]: RegulatedPurePursuitController detected collision ahead!
[controller_server-2] [WARN] [1756912609.789732660] [controller_server]: RegulatedPurePursuitController detected collision ahead!
[controller_server-2] [WARN] [1756912609.889720158] [controller_server]: RegulatedPurePursuitController detected collision ahead!
[controller_server-2] [WARN] [1756912609.989717165] [controller_server]: RegulatedPurePursuitController detected collision ahead!
[controller_server-2] [WARN] [1756912610.089658539] [controller_server]: RegulatedPurePursuitController detected collision ahead!
[controller_server-2] [ERROR] [1756912610.089754537] [controller_server]: Controller patience exceeded
[controller_server-2] [WARN] [1756912610.089831747] [controller_server]: [follow_path] [ActionServer] Aborting handle.
[behavior_server-5] [INFO] [1756912610.107651062] [behavior_server]: Running spin
[behavior_server-5] [INFO] [1756912610.107806268] [behavior_server]: Turning 1.57 for spin behavior.
[behavior_server-5] [INFO] [1756912613.108066979] [behavior_server]: spin completed successfully
[controller_server-2] [INFO] [1756912613.157947687] [controller_server]: Received a goal, begin computing control effort.
[controller_server-2] [INFO] [1756912614.258161765] [controller_server]: Passing new path to controller.
[controller_server-2] [INFO] [1756912615.258162116] [controller_server]: Passing new path to controller.
[controller_server-2] [INFO] [1756912616.258160972] [controller_server]: Passing new path to controller.
[controller_server-2] [WARN] [1756912616.959388164] [controller_server]: RegulatedPurePursuitController detected collision ahead!
[controller_server-2] [WARN] [1756912617.109301058] [controller_server]: RegulatedPurePursuitController detected collision ahead!
[controller_server-2] [WARN] [1756912617.159238663] [controller_server]: RegulatedPurePursuitController detected collision ahead!
[controller_server-2] [WARN] [1756912617.259314388] [controller_server]: RegulatedPurePursuitController detected collision ahead!
[controller_server-2] [INFO] [1756912617.358159982] [controller_server]: Passing new path to controller.
[controller_server-2] [WARN] [1756912617.359511852] [controller_server]: RegulatedPurePursuitController detected collision ahead!
[controller_server-2] [WARN] [1756912617.459433773] [controller_server]: RegulatedPurePursuitController detected collision ahead!
[controller_server-2] [WARN] [1756912617.559231370] [controller_server]: RegulatedPurePursuitController detected collision ahead!
[controller_server-2] [WARN] [1756912617.658989699] [controller_server]: RegulatedPurePursuitController detected collision ahead!
[controller_server-2] [WARN] [1756912617.758335910] [controller_server]: RegulatedPurePursuitController detected collision ahead!
[controller_server-2] [WARN] [1756912617.858398132] [controller_server]: RegulatedPurePursuitController detected collision ahead!
[controller_server-2] [WARN] [1756912617.959306239] [controller_server]: RegulatedPurePursuitController detected collision ahead!
[controller_server-2] [WARN] [1756912618.059297882] [controller_server]: RegulatedPurePursuitController detected collision ahead!
[controller_server-2] [WARN] [1756912618.159470642] [controller_server]: RegulatedPurePursuitController detected collision ahead!
[controller_server-2] [WARN] [1756912618.259337075] [controller_server]: RegulatedPurePursuitController detected collision ahead!
[controller_server-2] [INFO] [1756912618.358160550] [controller_server]: Passing new path to controller.
[controller_server-2] [WARN] [1756912618.359475580] [controller_server]: RegulatedPurePursuitController detected collision ahead!
[controller_server-2] [WARN] [1756912618.459258731] [controller_server]: RegulatedPurePursuitController detected collision ahead!
[controller_server-2] [WARN] [1756912618.559255217] [controller_server]: RegulatedPurePursuitController detected collision ahead!
[controller_server-2] [WARN] [1756912618.659252553] [controller_server]: RegulatedPurePursuitController detected collision ahead!
[controller_server-2] [WARN] [1756912618.759263043] [controller_server]: RegulatedPurePursuitController detected collision ahead!
[controller_server-2] [WARN] [1756912618.859242531] [controller_server]: RegulatedPurePursuitController detected collision ahead!
[controller_server-2] [ERROR] [1756912618.859330793] [controller_server]: Controller patience exceeded
[controller_server-2] [WARN] [1756912618.859403275] [controller_server]: [follow_path] [ActionServer] Aborting handle.
[controller_server-2] [INFO] [1756912618.877628670] [local_costmap.local_costmap]: Received request to clear entirely the local_costmap
[controller_server-2] [INFO] [1756912618.879404554] [controller_server]: Received a goal, begin computing control effort.
[controller_server-2] [WARN] [1756912618.981610749] [controller_server]: RegulatedPurePursuitController detected collision ahead!
[controller_server-2] [WARN] [1756912618.981930428] [controller_server]: Control loop missed its desired rate of 10.0000Hz
[controller_server-2] [WARN] [1756912618.983869076] [controller_server]: RegulatedPurePursuitController detected collision ahead!
[controller_server-2] [WARN] [1756912619.080870720] [controller_server]: RegulatedPurePursuitController detected collision ahead!
[controller_server-2] [WARN] [1756912619.180969108] [controller_server]: RegulatedPurePursuitController detected collision ahead!
[controller_server-2] [WARN] [1756912619.281272746] [controller_server]: RegulatedPurePursuitController detected collision ahead!
[controller_server-2] [INFO] [1756912619.379604501] [controller_server]: Passing new path to controller.
[controller_server-2] [WARN] [1756912619.380306673] [controller_server]: RegulatedPurePursuitController detected collision ahead!
[controller_server-2] [WARN] [1756912619.480498584] [controller_server]: RegulatedPurePursuitController detected collision ahead!
[controller_server-2] [WARN] [1756912619.580734649] [controller_server]: RegulatedPurePursuitController detected collision ahead!
[controller_server-2] [WARN] [1756912619.680714100] [controller_server]: RegulatedPurePursuitController detected collision ahead!
[controller_server-2] [WARN] [1756912619.780698814] [controller_server]: RegulatedPurePursuitController detected collision ahead!
[controller_server-2] [WARN] [1756912619.880695511] [controller_server]: RegulatedPurePursuitController detected collision ahead!
[controller_server-2] [WARN] [1756912619.980676923] [controller_server]: RegulatedPurePursuitController detected collision ahead!
[controller_server-2] [WARN] [1756912620.080711211] [controller_server]: RegulatedPurePursuitController detected collision ahead!
[controller_server-2] [WARN] [1756912620.180241699] [controller_server]: RegulatedPurePursuitController detected collision ahead!
[controller_server-2] [WARN] [1756912620.280682066] [controller_server]: RegulatedPurePursuitController detected collision ahead!
[controller_server-2] [INFO] [1756912620.379676166] [controller_server]: Passing new path to controller.
[controller_server-2] [WARN] [1756912620.380965545] [controller_server]: RegulatedPurePursuitController detected collision ahead!
[controller_server-2] [WARN] [1756912620.480818357] [controller_server]: RegulatedPurePursuitController detected collision ahead!
[controller_server-2] [WARN] [1756912620.580780229] [controller_server]: RegulatedPurePursuitController detected collision ahead!
[controller_server-2] [WARN] [1756912620.680696937] [controller_server]: RegulatedPurePursuitController detected collision ahead!
[controller_server-2] [WARN] [1756912620.780717303] [controller_server]: RegulatedPurePursuitController detected collision ahead!
[controller_server-2] [WARN] [1756912620.880876005] [controller_server]: RegulatedPurePursuitController detected collision ahead!
[controller_server-2] [ERROR] [1756912620.880967679] [controller_server]: Controller patience exceeded
[controller_server-2] [WARN] [1756912620.881047522] [controller_server]: [follow_path] [ActionServer] Aborting handle.
[behavior_server-5] [INFO] [1756912620.897891043] [behavior_server]: Running wait
[behavior_server-5] [INFO] [1756912625.898145418] [behavior_server]: wait completed successfully
[controller_server-2] [INFO] [1756912625.947769340] [controller_server]: Received a goal, begin computing control effort.
[controller_server-2] [WARN] [1756912625.948980864] [controller_server]: RegulatedPurePursuitController detected collision ahead!
[controller_server-2] [WARN] [1756912626.049159153] [controller_server]: RegulatedPurePursuitController detected collision ahead!
[controller_server-2] [WARN] [1756912626.149081339] [controller_server]: RegulatedPurePursuitController detected collision ahead!
[controller_server-2] [WARN] [1756912626.249158768] [controller_server]: RegulatedPurePursuitController detected collision ahead!
[controller_server-2] [WARN] [1756912626.349095685] [controller_server]: RegulatedPurePursuitController detected collision ahead!
[controller_server-2] [WARN] [1756912626.449157090] [controller_server]: RegulatedPurePursuitController detected collision ahead!
[controller_server-2] [WARN] [1756912626.549148973] [controller_server]: RegulatedPurePursuitController detected collision ahead!
[controller_server-2] [WARN] [1756912626.649168244] [controller_server]: RegulatedPurePursuitController detected collision ahead!
[controller_server-2] [WARN] [1756912626.749066190] [controller_server]: RegulatedPurePursuitController detected collision ahead!
[controller_server-2] [WARN] [1756912626.849164591] [controller_server]: RegulatedPurePursuitController detected collision ahead!
[controller_server-2] [WARN] [1756912626.949250454] [controller_server]: RegulatedPurePursuitController detected collision ahead!
[controller_server-2] [INFO] [1756912627.048063087] [controller_server]: Passing new path to controller.
[controller_server-2] [WARN] [1756912627.049398113] [controller_server]: RegulatedPurePursuitController detected collision ahead!
[controller_server-2] [WARN] [1756912627.149411698] [controller_server]: RegulatedPurePursuitController detected collision ahead!
[controller_server-2] [WARN] [1756912627.249074305] [controller_server]: RegulatedPurePursuitController detected collision ahead!
[controller_server-2] [WARN] [1756912627.349163911] [controller_server]: RegulatedPurePursuitController detected collision ahead!
[controller_server-2] [WARN] [1756912627.449170142] [controller_server]: RegulatedPurePursuitController detected collision ahead!
[controller_server-2] [WARN] [1756912627.549141848] [controller_server]: RegulatedPurePursuitController detected collision ahead!
[controller_server-2] [WARN] [1756912627.649154398] [controller_server]: RegulatedPurePursuitController detected collision ahead!
[controller_server-2] [WARN] [1756912627.748204701] [controller_server]: RegulatedPurePursuitController detected collision ahead!
[controller_server-2] [WARN] [1756912627.849165355] [controller_server]: RegulatedPurePursuitController detected collision ahead!
[controller_server-2] [WARN] [1756912627.949157114] [controller_server]: RegulatedPurePursuitController detected collision ahead!
[controller_server-2] [ERROR] [1756912627.949249041] [controller_server]: Controller patience exceeded
[controller_server-2] [WARN] [1756912627.949324177] [controller_server]: [follow_path] [ActionServer] Aborting handle.
[controller_server-2] [INFO] [1756912627.967443160] [local_costmap.local_costmap]: Received request to clear entirely the local_costmap
[controller_server-2] [INFO] [1756912627.969310583] [controller_server]: Received a goal, begin computing control effort.
[controller_server-2] [WARN] [1756912627.980619520] [controller_server]: RegulatedPurePursuitController detected collision ahead!
[controller_server-2] [INFO] [1756912628.069510889] [controller_server]: Passing new path to controller.
[controller_server-2] [WARN] [1756912628.070836442] [controller_server]: RegulatedPurePursuitController detected collision ahead!
[controller_server-2] [WARN] [1756912628.170605731] [controller_server]: RegulatedPurePursuitController detected collision ahead!
[controller_server-2] [WARN] [1756912628.321225226] [controller_server]: RegulatedPurePursuitController detected collision ahead!
[controller_server-2] [WARN] [1756912628.370379023] [controller_server]: RegulatedPurePursuitController detected collision ahead!
[controller_server-2] [WARN] [1756912628.470589489] [controller_server]: RegulatedPurePursuitController detected collision ahead!
[controller_server-2] [WARN] [1756912628.570602406] [controller_server]: RegulatedPurePursuitController detected collision ahead!
[controller_server-2] [WARN] [1756912628.670700414] [controller_server]: RegulatedPurePursuitController detected collision ahead!
[controller_server-2] [WARN] [1756912628.770581023] [controller_server]: RegulatedPurePursuitController detected collision ahead!
[controller_server-2] [WARN] [1756912628.870589992] [controller_server]: RegulatedPurePursuitController detected collision ahead!
[controller_server-2] [WARN] [1756912628.970580543] [controller_server]: RegulatedPurePursuitController detected collision ahead!
[controller_server-2] [INFO] [1756912629.069512392] [controller_server]: Passing new path to controller.
[controller_server-2] [WARN] [1756912629.070916360] [controller_server]: RegulatedPurePursuitController detected collision ahead!
[controller_server-2] [WARN] [1756912629.170351361] [controller_server]: RegulatedPurePursuitController detected collision ahead!
[controller_server-2] [WARN] [1756912629.270652533] [controller_server]: RegulatedPurePursuitController detected collision ahead!
[controller_server-2] [WARN] [1756912629.370609359] [controller_server]: RegulatedPurePursuitController detected collision ahead!
[controller_server-2] [WARN] [1756912629.470592259] [controller_server]: RegulatedPurePursuitController detected collision ahead!
[controller_server-2] [WARN] [1756912629.570572232] [controller_server]: RegulatedPurePursuitController detected collision ahead!
[controller_server-2] [WARN] [1756912629.670651043] [controller_server]: RegulatedPurePursuitController detected collision ahead!
[controller_server-2] [WARN] [1756912629.770610665] [controller_server]: RegulatedPurePursuitController detected collision ahead!
[controller_server-2] [WARN] [1756912629.870356352] [controller_server]: RegulatedPurePursuitController detected collision ahead!
[controller_server-2] [WARN] [1756912629.970621079] [controller_server]: RegulatedPurePursuitController detected collision ahead!
[controller_server-2] [ERROR] [1756912629.970715860] [controller_server]: Controller patience exceeded
[controller_server-2] [WARN] [1756912629.970858310] [controller_server]: [follow_path] [ActionServer] Aborting handle.
[behavior_server-5] [INFO] [1756912629.987843341] [behavior_server]: Running backup
[behavior_server-5] [INFO] [1756912637.488296214] [behavior_server]: backup completed successfully
[controller_server-2] [INFO] [1756912637.537933534] [controller_server]: Received a goal, begin computing control effort.
[controller_server-2] [INFO] [1756912638.638240289] [controller_server]: Passing new path to controller.
[controller_server-2] [INFO] [1756912639.638237540] [controller_server]: Passing new path to controller.
[controller_server-2] [INFO] [1756912640.638156617] [controller_server]: Passing new path to controller.
[controller_server-2] [INFO] [1756912641.738163962] [controller_server]: Passing new path to controller.
[controller_server-2] [INFO] [1756912642.738156771] [controller_server]: Passing new path to controller.
[controller_server-2] [INFO] [1756912643.738151710] [controller_server]: Passing new path to controller.
[controller_server-2] [INFO] [1756912644.738171637] [controller_server]: Passing new path to controller.
[controller_server-2] [INFO] [1756912645.838233298] [controller_server]: Passing new path to controller.
[controller_server-2] [INFO] [1756912646.838156701] [controller_server]: Passing new path to controller.
[controller_server-2] [INFO] [1756912647.838163764] [controller_server]: Passing new path to controller.
[controller_server-2] [INFO] [1756912648.938163869] [controller_server]: Passing new path to controller.
[controller_server-2] [INFO] [1756912649.438451114] [controller_server]: Reached the goal!
[bt_navigator-6] [INFO] [1756912649.477225272] [bt_navigator]: Goal succeeded
[rviz2-11] [INFO] [1756912657.615707942] [rviz2]: Setting estimate pose: Frame:map, Position(1.49665, -0.576905, 0), Orientation(0, 0, 0.689249, 0.724525) = Angle: 1.5209
[rviz2-11] Start navigation
[rviz2-11] [INFO] [1756912672.817436133] [rviz_navigation_dialog_action_client]: NavigateToPose will be called using the BT Navigator's default behavior tree.
[bt_navigator-6] [INFO] [1756912672.818466433] [bt_navigator]: Begin navigating from current location (1.41, -1.13) to (1.50, 1.55)
[controller_server-2] [INFO] [1756912672.839504296] [controller_server]: Received a goal, begin computing control effort.
[controller_server-2] [INFO] [1756912673.939722925] [controller_server]: Passing new path to controller.
[controller_server-2] [INFO] [1756912674.939719595] [controller_server]: Passing new path to controller.
[controller_server-2] [INFO] [1756912675.939803529] [controller_server]: Passing new path to controller.
[controller_server-2] [INFO] [1756912677.039744124] [controller_server]: Passing new path to controller.
[controller_server-2] [INFO] [1756912678.039744730] [controller_server]: Passing new path to controller.
[controller_server-2] [INFO] [1756912679.039799031] [controller_server]: Passing new path to controller.
[controller_server-2] [INFO] [1756912680.139811433] [controller_server]: Passing new path to controller.
[controller_server-2] [INFO] [1756912681.139744945] [controller_server]: Passing new path to controller.
[controller_server-2] [INFO] [1756912682.139743869] [controller_server]: Passing new path to controller.
[controller_server-2] [INFO] [1756912683.139744554] [controller_server]: Passing new path to controller.
[controller_server-2] [INFO] [1756912684.239737002] [controller_server]: Passing new path to controller.
[controller_server-2] [INFO] [1756912685.239741526] [controller_server]: Passing new path to controller.
[controller_server-2] [INFO] [1756912685.840038565] [controller_server]: Reached the goal!
[bt_navigator-6] [INFO] [1756912685.878770881] [bt_navigator]: Goal succeeded
[rviz2-11] [INFO] [1756912720.335760844] [rviz2]: Setting estimate pose: Frame:map, Position(-0.471543, -0.69299, 0), Orientation(0, 0, -0.626014, 0.779812) = Angle: -1.35286
[rviz2-11] Start navigation
[rviz2-11] [INFO] [1756912723.601121080] [rviz_navigation_dialog_action_client]: NavigateToPose will be called using the BT Navigator's default behavior tree.
[bt_navigator-6] [INFO] [1756912723.601843197] [bt_navigator]: Begin navigating from current location (1.46, 1.52) to (-0.36, -0.97)
[controller_server-2] [INFO] [1756912723.623139315] [controller_server]: Received a goal, begin computing control effort.
[controller_server-2] [INFO] [1756912724.723351928] [controller_server]: Passing new path to controller.
[controller_server-2] [INFO] [1756912725.723373653] [controller_server]: Passing new path to controller.
[controller_server-2] [INFO] [1756912726.723367407] [controller_server]: Passing new path to controller.
[controller_server-2] [INFO] [1756912727.823360445] [controller_server]: Passing new path to controller.
[controller_server-2] [INFO] [1756912728.823351148] [controller_server]: Passing new path to controller.
[controller_server-2] [INFO] [1756912729.823370803] [controller_server]: Passing new path to controller.
[controller_server-2] [INFO] [1756912730.923366369] [controller_server]: Passing new path to controller.
[controller_server-2] [INFO] [1756912731.923346316] [controller_server]: Passing new path to controller.
[controller_server-2] [INFO] [1756912732.923363646] [controller_server]: Passing new path to controller.
[controller_server-2] [INFO] [1756912733.923372692] [controller_server]: Passing new path to controller.
[controller_server-2] [INFO] [1756912735.023344626] [controller_server]: Passing new path to controller.
[controller_server-2] [WARN] [1756912735.725224765] [controller_server]: Control loop missed its desired rate of 10.0000Hz
[controller_server-2] [INFO] [1756912736.023364323] [controller_server]: Passing new path to controller.
[controller_server-2] [INFO] [1756912737.023345624] [controller_server]: Passing new path to controller.
[controller_server-2] [INFO] [1756912738.123371092] [controller_server]: Passing new path to controller.
[controller_server-2] [INFO] [1756912739.123352183] [controller_server]: Passing new path to controller.
[controller_server-2] [INFO] [1756912740.123365152] [controller_server]: Passing new path to controller.
[controller_server-2] [INFO] [1756912741.123359340] [controller_server]: Passing new path to controller.
[controller_server-2] [INFO] [1756912742.023673017] [controller_server]: Reached the goal!
[bt_navigator-6] [INFO] [1756912742.062164607] [bt_navigator]: Goal succeeded
[rviz2-11] Start navigation
[rviz2-11] [INFO] [1756912834.034023799] [rviz_navigation_dialog_action_client]: NavigateToPose will be called using the BT Navigator's default behavior tree.
[bt_navigator-6] [INFO] [1756912834.035035470] [bt_navigator]: Begin navigating from current location (-0.40, -0.91) to (2.27, 1.57)
[controller_server-2] [INFO] [1756912834.056077482] [controller_server]: Received a goal, begin computing control effort.
[controller_server-2] [INFO] [1756912835.156440208] [controller_server]: Passing new path to controller.
[controller_server-2] [INFO] [1756912836.156407435] [controller_server]: Passing new path to controller.
[controller_server-2] [ERROR] [1756912836.457252660] [controller_server]: Exception in transformPose: Lookup would require extrapolation into the future.  Requested time 1756912836.266257 but the latest data is at time 1756912836.236762, when looking up transform from frame [odom] to frame [map]
[controller_server-2] [WARN] [1756912836.457288539] [controller_server]: Unable to transform robot pose into global plan's frame
[controller_server-2] [WARN] [1756912836.457336628] [controller_server]: Control loop missed its desired rate of 10.0000Hz
[controller_server-2] [INFO] [1756912837.156503778] [controller_server]: Passing new path to controller.
[controller_server-2] [INFO] [1756912838.256468322] [controller_server]: Passing new path to controller.
[controller_server-2] [INFO] [1756912839.256396223] [controller_server]: Passing new path to controller.
[controller_server-2] [INFO] [1756912840.256465939] [controller_server]: Passing new path to controller.
[controller_server-2] [INFO] [1756912841.356409314] [controller_server]: Passing new path to controller.
[controller_server-2] [INFO] [1756912842.356400340] [controller_server]: Passing new path to controller.
[controller_server-2] [INFO] [1756912843.356390607] [controller_server]: Passing new path to controller.
[controller_server-2] [WARN] [1756912843.407477944] [controller_server]: RegulatedPurePursuitController detected collision ahead!
[controller_server-2] [WARN] [1756912843.457208342] [controller_server]: RegulatedPurePursuitController detected collision ahead!
[controller_server-2] [WARN] [1756912843.557345689] [controller_server]: RegulatedPurePursuitController detected collision ahead!
[controller_server-2] [WARN] [1756912843.657121082] [controller_server]: RegulatedPurePursuitController detected collision ahead!
[controller_server-2] [WARN] [1756912843.757419902] [controller_server]: RegulatedPurePursuitController detected collision ahead!
[controller_server-2] [WARN] [1756912843.857222777] [controller_server]: RegulatedPurePursuitController detected collision ahead!
[controller_server-2] [WARN] [1756912843.956892670] [controller_server]: RegulatedPurePursuitController detected collision ahead!
[controller_server-2] [WARN] [1756912844.057301042] [controller_server]: RegulatedPurePursuitController detected collision ahead!
[controller_server-2] [WARN] [1756912844.157374322] [controller_server]: RegulatedPurePursuitController detected collision ahead!
[controller_server-2] [WARN] [1756912844.257454086] [controller_server]: RegulatedPurePursuitController detected collision ahead!
[controller_server-2] [INFO] [1756912844.356409861] [controller_server]: Passing new path to controller.
[controller_server-2] [WARN] [1756912844.357661437] [controller_server]: RegulatedPurePursuitController detected collision ahead!
[controller_server-2] [WARN] [1756912844.457334969] [controller_server]: RegulatedPurePursuitController detected collision ahead!
[controller_server-2] [WARN] [1756912844.557355556] [controller_server]: RegulatedPurePursuitController detected collision ahead!
[controller_server-2] [WARN] [1756912844.657317007] [controller_server]: RegulatedPurePursuitController detected collision ahead!
[controller_server-2] [WARN] [1756912844.757191319] [controller_server]: RegulatedPurePursuitController detected collision ahead!
[controller_server-2] [WARN] [1756912844.857346633] [controller_server]: RegulatedPurePursuitController detected collision ahead!
[controller_server-2] [WARN] [1756912844.957354212] [controller_server]: RegulatedPurePursuitController detected collision ahead!
[controller_server-2] [WARN] [1756912845.057178473] [controller_server]: RegulatedPurePursuitController detected collision ahead!
[controller_server-2] [WARN] [1756912845.157250880] [controller_server]: RegulatedPurePursuitController detected collision ahead!
[controller_server-2] [WARN] [1756912845.257421338] [controller_server]: RegulatedPurePursuitController detected collision ahead!
[controller_server-2] [ERROR] [1756912845.257517050] [controller_server]: Controller patience exceeded
[controller_server-2] [WARN] [1756912845.257594167] [controller_server]: [follow_path] [ActionServer] Aborting handle.
[controller_server-2] [INFO] [1756912845.275630757] [local_costmap.local_costmap]: Received request to clear entirely the local_costmap
[controller_server-2] [INFO] [1756912845.277375155] [controller_server]: Received a goal, begin computing control effort.
[controller_server-2] [WARN] [1756912845.378614362] [controller_server]: RegulatedPurePursuitController detected collision ahead!
[controller_server-2] [WARN] [1756912845.378826678] [controller_server]: Control loop missed its desired rate of 10.0000Hz
[controller_server-2] [WARN] [1756912845.379682106] [controller_server]: RegulatedPurePursuitController detected collision ahead!
[controller_server-2] [INFO] [1756912845.477674349] [controller_server]: Passing new path to controller.
[controller_server-2] [WARN] [1756912845.478927834] [controller_server]: RegulatedPurePursuitController detected collision ahead!
[controller_server-2] [WARN] [1756912845.578609239] [controller_server]: RegulatedPurePursuitController detected collision ahead!
[controller_server-2] [WARN] [1756912845.678605867] [controller_server]: RegulatedPurePursuitController detected collision ahead!
[controller_server-2] [WARN] [1756912845.778531768] [controller_server]: RegulatedPurePursuitController detected collision ahead!
[controller_server-2] [WARN] [1756912845.878595831] [controller_server]: RegulatedPurePursuitController detected collision ahead!
[controller_server-2] [WARN] [1756912846.029042013] [controller_server]: RegulatedPurePursuitController detected collision ahead!
[controller_server-2] [WARN] [1756912846.078614701] [controller_server]: RegulatedPurePursuitController detected collision ahead!
[controller_server-2] [WARN] [1756912846.178612927] [controller_server]: RegulatedPurePursuitController detected collision ahead!
[controller_server-2] [WARN] [1756912846.278517652] [controller_server]: RegulatedPurePursuitController detected collision ahead!
[controller_server-2] [WARN] [1756912846.378625327] [controller_server]: RegulatedPurePursuitController detected collision ahead!
[controller_server-2] [INFO] [1756912846.477673606] [controller_server]: Passing new path to controller.
[controller_server-2] [WARN] [1756912846.478877598] [controller_server]: RegulatedPurePursuitController detected collision ahead!
[controller_server-2] [WARN] [1756912846.578115122] [controller_server]: RegulatedPurePursuitController detected collision ahead!
[controller_server-2] [WARN] [1756912846.678506356] [controller_server]: RegulatedPurePursuitController detected collision ahead!
[controller_server-2] [WARN] [1756912846.778539771] [controller_server]: RegulatedPurePursuitController detected collision ahead!
[controller_server-2] [WARN] [1756912846.878611418] [controller_server]: RegulatedPurePursuitController detected collision ahead!
[controller_server-2] [WARN] [1756912846.978613085] [controller_server]: RegulatedPurePursuitController detected collision ahead!
[controller_server-2] [WARN] [1756912847.078616129] [controller_server]: RegulatedPurePursuitController detected collision ahead!
[controller_server-2] [WARN] [1756912847.178607006] [controller_server]: RegulatedPurePursuitController detected collision ahead!
[controller_server-2] [WARN] [1756912847.278514071] [controller_server]: RegulatedPurePursuitController detected collision ahead!
[controller_server-2] [ERROR] [1756912847.278600599] [controller_server]: Controller patience exceeded
[controller_server-2] [WARN] [1756912847.278667364] [controller_server]: [follow_path] [ActionServer] Aborting handle.
[controller_server-2] [INFO] [1756912847.295604937] [local_costmap.local_costmap]: Received request to clear entirely the local_costmap
[planner_server-4] [INFO] [1756912847.296840943] [global_costmap.global_costmap]: Received request to clear entirely the global_costmap
[controller_server-2] [INFO] [1756912848.066132308] [controller_server]: Received a goal, begin computing control effort.
[controller_server-2] [WARN] [1756912848.067195519] [controller_server]: RegulatedPurePursuitController detected collision ahead!
[controller_server-2] [WARN] [1756912848.227842698] [controller_server]: RegulatedPurePursuitController detected collision ahead!
[controller_server-2] [WARN] [1756912848.267287086] [controller_server]: RegulatedPurePursuitController detected collision ahead!
[controller_server-2] [WARN] [1756912848.367295576] [controller_server]: RegulatedPurePursuitController detected collision ahead!
[controller_server-2] [WARN] [1756912848.466962144] [controller_server]: RegulatedPurePursuitController detected collision ahead!
[controller_server-2] [WARN] [1756912848.567175359] [controller_server]: RegulatedPurePursuitController detected collision ahead!
[controller_server-2] [WARN] [1756912848.667298722] [controller_server]: RegulatedPurePursuitController detected collision ahead!
[controller_server-2] [WARN] [1756912848.767376901] [controller_server]: RegulatedPurePursuitController detected collision ahead!
[controller_server-2] [WARN] [1756912848.867370009] [controller_server]: RegulatedPurePursuitController detected collision ahead!
[controller_server-2] [WARN] [1756912848.967298049] [controller_server]: RegulatedPurePursuitController detected collision ahead!
[controller_server-2] [WARN] [1756912849.066515735] [controller_server]: RegulatedPurePursuitController detected collision ahead!
[controller_server-2] [INFO] [1756912849.166363449] [controller_server]: Passing new path to controller.
[controller_server-2] [WARN] [1756912849.167342145] [controller_server]: RegulatedPurePursuitController detected collision ahead!
[controller_server-2] [WARN] [1756912849.267428342] [controller_server]: RegulatedPurePursuitController detected collision ahead!
[controller_server-2] [WARN] [1756912849.367357511] [controller_server]: RegulatedPurePursuitController detected collision ahead!
[controller_server-2] [WARN] [1756912849.467375029] [controller_server]: RegulatedPurePursuitController detected collision ahead!
[controller_server-2] [WARN] [1756912849.567381047] [controller_server]: RegulatedPurePursuitController detected collision ahead!
[controller_server-2] [WARN] [1756912849.667361354] [controller_server]: RegulatedPurePursuitController detected collision ahead!
[controller_server-2] [WARN] [1756912849.767533669] [controller_server]: RegulatedPurePursuitController detected collision ahead!
[controller_server-2] [WARN] [1756912849.867282750] [controller_server]: RegulatedPurePursuitController detected collision ahead!
[controller_server-2] [WARN] [1756912849.968087319] [controller_server]: RegulatedPurePursuitController detected collision ahead!
[controller_server-2] [WARN] [1756912850.068136049] [controller_server]: RegulatedPurePursuitController detected collision ahead!
[controller_server-2] [ERROR] [1756912850.068267832] [controller_server]: Controller patience exceeded
[controller_server-2] [WARN] [1756912850.068386910] [controller_server]: [follow_path] [ActionServer] Aborting handle.
[controller_server-2] [INFO] [1756912850.085622119] [local_costmap.local_costmap]: Received request to clear entirely the local_costmap
[controller_server-2] [INFO] [1756912850.087258783] [controller_server]: Received a goal, begin computing control effort.
[controller_server-2] [INFO] [1756912850.177448860] [controller_server]: Passing new path to controller.
[controller_server-2] [WARN] [1756912850.178584373] [controller_server]: RegulatedPurePursuitController detected collision ahead!
[controller_server-2] [WARN] [1756912850.188252537] [controller_server]: RegulatedPurePursuitController detected collision ahead!
[controller_server-2] [WARN] [1756912850.288390653] [controller_server]: RegulatedPurePursuitController detected collision ahead!
[controller_server-2] [WARN] [1756912850.388436758] [controller_server]: RegulatedPurePursuitController detected collision ahead!
[controller_server-2] [WARN] [1756912850.488374963] [controller_server]: RegulatedPurePursuitController detected collision ahead!
[controller_server-2] [WARN] [1756912850.588265434] [controller_server]: RegulatedPurePursuitController detected collision ahead!
[controller_server-2] [WARN] [1756912850.688378469] [controller_server]: RegulatedPurePursuitController detected collision ahead!
[controller_server-2] [WARN] [1756912850.788373710] [controller_server]: RegulatedPurePursuitController detected collision ahead!
[controller_server-2] [WARN] [1756912850.888623878] [controller_server]: RegulatedPurePursuitController detected collision ahead!
[controller_server-2] [WARN] [1756912850.988367972] [controller_server]: RegulatedPurePursuitController detected collision ahead!
[controller_server-2] [WARN] [1756912851.088492269] [controller_server]: RegulatedPurePursuitController detected collision ahead!
[controller_server-2] [INFO] [1756912851.187458327] [controller_server]: Passing new path to controller.
[controller_server-2] [WARN] [1756912851.188138682] [controller_server]: RegulatedPurePursuitController detected collision ahead!
[controller_server-2] [WARN] [1756912851.288460043] [controller_server]: RegulatedPurePursuitController detected collision ahead!
[controller_server-2] [WARN] [1756912851.388366489] [controller_server]: RegulatedPurePursuitController detected collision ahead!
[controller_server-2] [WARN] [1756912851.488421435] [controller_server]: RegulatedPurePursuitController detected collision ahead!
[controller_server-2] [WARN] [1756912851.588255127] [controller_server]: RegulatedPurePursuitController detected collision ahead!
[controller_server-2] [WARN] [1756912851.688554062] [controller_server]: RegulatedPurePursuitController detected collision ahead!
[controller_server-2] [WARN] [1756912851.788461229] [controller_server]: RegulatedPurePursuitController detected collision ahead!
[controller_server-2] [WARN] [1756912851.888608985] [controller_server]: RegulatedPurePursuitController detected collision ahead!
[controller_server-2] [WARN] [1756912851.988461244] [controller_server]: RegulatedPurePursuitController detected collision ahead!
[controller_server-2] [WARN] [1756912852.088379774] [controller_server]: RegulatedPurePursuitController detected collision ahead!
[controller_server-2] [ERROR] [1756912852.088494251] [controller_server]: Controller patience exceeded
[controller_server-2] [WARN] [1756912852.088585966] [controller_server]: [follow_path] [ActionServer] Aborting handle.
[behavior_server-5] [INFO] [1756912852.106045696] [behavior_server]: Running spin
[behavior_server-5] [INFO] [1756912852.106222847] [behavior_server]: Turning 1.57 for spin behavior.
[behavior_server-5] [WARN] [1756912852.206581605] [behavior_server]: Collision Ahead - Exiting Spin
[behavior_server-5] [WARN] [1756912852.206647201] [behavior_server]: spin failed
[behavior_server-5] [WARN] [1756912852.206671421] [behavior_server]: [spin] [ActionServer] Aborting handle.
[behavior_server-5] [INFO] [1756912852.235898084] [behavior_server]: Running wait
[behavior_server-5] [INFO] [1756912857.236151628] [behavior_server]: wait completed successfully
[controller_server-2] [INFO] [1756912857.286345713] [controller_server]: Received a goal, begin computing control effort.
[controller_server-2] [WARN] [1756912857.287432903] [controller_server]: RegulatedPurePursuitController detected collision ahead!
[controller_server-2] [WARN] [1756912857.387473751] [controller_server]: RegulatedPurePursuitController detected collision ahead!
[controller_server-2] [WARN] [1756912857.487489674] [controller_server]: RegulatedPurePursuitController detected collision ahead!
[controller_server-2] [WARN] [1756912857.587487116] [controller_server]: RegulatedPurePursuitController detected collision ahead!
[controller_server-2] [WARN] [1756912857.687488385] [controller_server]: RegulatedPurePursuitController detected collision ahead!
[controller_server-2] [WARN] [1756912857.787510353] [controller_server]: RegulatedPurePursuitController detected collision ahead!
[controller_server-2] [WARN] [1756912857.887549137] [controller_server]: RegulatedPurePursuitController detected collision ahead!
[controller_server-2] [WARN] [1756912857.987548218] [controller_server]: RegulatedPurePursuitController detected collision ahead!
[controller_server-2] [WARN] [1756912858.087477978] [controller_server]: RegulatedPurePursuitController detected collision ahead!
[controller_server-2] [WARN] [1756912858.187484797] [controller_server]: RegulatedPurePursuitController detected collision ahead!
[controller_server-2] [WARN] [1756912858.287476674] [controller_server]: RegulatedPurePursuitController detected collision ahead!
[controller_server-2] [INFO] [1756912858.386535007] [controller_server]: Passing new path to controller.
[controller_server-2] [WARN] [1756912858.387242893] [controller_server]: RegulatedPurePursuitController detected collision ahead!
[controller_server-2] [WARN] [1756912858.487539715] [controller_server]: RegulatedPurePursuitController detected collision ahead!
[controller_server-2] [WARN] [1756912858.587538450] [controller_server]: RegulatedPurePursuitController detected collision ahead!
[controller_server-2] [WARN] [1756912858.687534693] [controller_server]: RegulatedPurePursuitController detected collision ahead!
[controller_server-2] [WARN] [1756912858.787534670] [controller_server]: RegulatedPurePursuitController detected collision ahead!
[controller_server-2] [WARN] [1756912858.988117465] [controller_server]: RegulatedPurePursuitController detected collision ahead!
[controller_server-2] [WARN] [1756912858.988324800] [controller_server]: Control loop missed its desired rate of 10.0000Hz
[controller_server-2] [WARN] [1756912858.991130431] [controller_server]: RegulatedPurePursuitController detected collision ahead!
[controller_server-2] [WARN] [1756912859.087460904] [controller_server]: RegulatedPurePursuitController detected collision ahead!
[controller_server-2] [WARN] [1756912859.187470533] [controller_server]: RegulatedPurePursuitController detected collision ahead!
[controller_server-2] [WARN] [1756912859.287022309] [controller_server]: RegulatedPurePursuitController detected collision ahead!
[controller_server-2] [ERROR] [1756912859.287077183] [controller_server]: Controller patience exceeded
[controller_server-2] [WARN] [1756912859.287120142] [controller_server]: [follow_path] [ActionServer] Aborting handle.
[controller_server-2] [INFO] [1756912859.305612188] [local_costmap.local_costmap]: Received request to clear entirely the local_costmap
[controller_server-2] [INFO] [1756912859.307269264] [controller_server]: Received a goal, begin computing control effort.
[controller_server-2] [INFO] [1756912859.377459400] [controller_server]: Passing new path to controller.
[controller_server-2] [WARN] [1756912859.378135811] [controller_server]: RegulatedPurePursuitController detected collision ahead!
[controller_server-2] [WARN] [1756912859.408346260] [controller_server]: RegulatedPurePursuitController detected collision ahead!
[controller_server-2] [WARN] [1756912859.508091772] [controller_server]: RegulatedPurePursuitController detected collision ahead!
[controller_server-2] [WARN] [1756912859.608240159] [controller_server]: RegulatedPurePursuitController detected collision ahead!
[controller_server-2] [WARN] [1756912859.708471133] [controller_server]: RegulatedPurePursuitController detected collision ahead!
[controller_server-2] [WARN] [1756912859.808510689] [controller_server]: RegulatedPurePursuitController detected collision ahead!
[controller_server-2] [WARN] [1756912859.908496273] [controller_server]: RegulatedPurePursuitController detected collision ahead!
[controller_server-2] [WARN] [1756912860.008409111] [controller_server]: RegulatedPurePursuitController detected collision ahead!
[controller_server-2] [WARN] [1756912860.108501321] [controller_server]: RegulatedPurePursuitController detected collision ahead!
[controller_server-2] [WARN] [1756912860.208418808] [controller_server]: RegulatedPurePursuitController detected collision ahead!
[controller_server-2] [WARN] [1756912860.307937740] [controller_server]: RegulatedPurePursuitController detected collision ahead!
[controller_server-2] [INFO] [1756912860.407457919] [controller_server]: Passing new path to controller.
[controller_server-2] [WARN] [1756912860.408184267] [controller_server]: RegulatedPurePursuitController detected collision ahead!
[controller_server-2] [WARN] [1756912860.508391164] [controller_server]: RegulatedPurePursuitController detected collision ahead!
[controller_server-2] [WARN] [1756912860.608455287] [controller_server]: RegulatedPurePursuitController detected collision ahead!
[controller_server-2] [WARN] [1756912860.708371134] [controller_server]: RegulatedPurePursuitController detected collision ahead!
[controller_server-2] [WARN] [1756912860.808397764] [controller_server]: RegulatedPurePursuitController detected collision ahead!
[controller_server-2] [WARN] [1756912860.908086377] [controller_server]: RegulatedPurePursuitController detected collision ahead!
[controller_server-2] [WARN] [1756912861.007932192] [controller_server]: RegulatedPurePursuitController detected collision ahead!
[controller_server-2] [WARN] [1756912861.107992885] [controller_server]: RegulatedPurePursuitController detected collision ahead!
[controller_server-2] [WARN] [1756912861.207902597] [controller_server]: RegulatedPurePursuitController detected collision ahead!
[controller_server-2] [WARN] [1756912861.307669830] [controller_server]: RegulatedPurePursuitController detected collision ahead!
[controller_server-2] [ERROR] [1756912861.307696040] [controller_server]: Controller patience exceeded
[controller_server-2] [WARN] [1756912861.307713613] [controller_server]: [follow_path] [ActionServer] Aborting handle.
[behavior_server-5] [INFO] [1756912861.325324264] [behavior_server]: Running backup
[behavior_server-5] [WARN] [1756912861.325440743] [behavior_server]: Collision Ahead - Exiting DriveOnHeading
[behavior_server-5] [WARN] [1756912861.325456446] [behavior_server]: backup failed
[behavior_server-5] [WARN] [1756912861.325461690] [behavior_server]: [backup] [ActionServer] Aborting handle.
[controller_server-2] [INFO] [1756912861.355502732] [local_costmap.local_costmap]: Received request to clear entirely the local_costmap
[planner_server-4] [INFO] [1756912861.356122426] [global_costmap.global_costmap]: Received request to clear entirely the global_costmap
[controller_server-2] [INFO] [1756912862.065906790] [controller_server]: Received a goal, begin computing control effort.
[controller_server-2] [WARN] [1756912862.066364641] [controller_server]: RegulatedPurePursuitController detected collision ahead!
[controller_server-2] [WARN] [1756912862.166996909] [controller_server]: RegulatedPurePursuitController detected collision ahead!
[controller_server-2] [WARN] [1756912862.267031598] [controller_server]: RegulatedPurePursuitController detected collision ahead!
[controller_server-2] [WARN] [1756912862.367061067] [controller_server]: RegulatedPurePursuitController detected collision ahead!
[controller_server-2] [WARN] [1756912862.467080759] [controller_server]: RegulatedPurePursuitController detected collision ahead!
[controller_server-2] [WARN] [1756912862.567079890] [controller_server]: RegulatedPurePursuitController detected collision ahead!
[controller_server-2] [WARN] [1756912862.666901517] [controller_server]: RegulatedPurePursuitController detected collision ahead!
[controller_server-2] [WARN] [1756912862.766987783] [controller_server]: RegulatedPurePursuitController detected collision ahead!
[controller_server-2] [WARN] [1756912862.866990278] [controller_server]: RegulatedPurePursuitController detected collision ahead!
[controller_server-2] [WARN] [1756912862.966997855] [controller_server]: RegulatedPurePursuitController detected collision ahead!
[controller_server-2] [WARN] [1756912863.066997259] [controller_server]: RegulatedPurePursuitController detected collision ahead!
[controller_server-2] [INFO] [1756912863.166063628] [controller_server]: Passing new path to controller.
[controller_server-2] [WARN] [1756912863.167289493] [controller_server]: RegulatedPurePursuitController detected collision ahead!
[controller_server-2] [WARN] [1756912863.266987663] [controller_server]: RegulatedPurePursuitController detected collision ahead!
[controller_server-2] [WARN] [1756912863.366981746] [controller_server]: RegulatedPurePursuitController detected collision ahead!
[controller_server-2] [WARN] [1756912863.466983551] [controller_server]: RegulatedPurePursuitController detected collision ahead!
[controller_server-2] [WARN] [1756912863.566973243] [controller_server]: RegulatedPurePursuitController detected collision ahead!
[controller_server-2] [WARN] [1756912863.667042540] [controller_server]: RegulatedPurePursuitController detected collision ahead!
[controller_server-2] [WARN] [1756912863.767048174] [controller_server]: RegulatedPurePursuitController detected collision ahead!
[controller_server-2] [WARN] [1756912863.866982838] [controller_server]: RegulatedPurePursuitController detected collision ahead!
[controller_server-2] [ERROR] [1756912864.067716057] [controller_server]: Exception in transformPose: Lookup would require extrapolation into the future.  Requested time 1756912863.766361 but the latest data is at time 1756912863.742558, when looking up transform from frame [odom] to frame [map]
[controller_server-2] [WARN] [1756912864.067904696] [controller_server]: Unable to transform robot pose into global plan's frame
[controller_server-2] [ERROR] [1756912864.067978959] [controller_server]: Controller patience exceeded
[controller_server-2] [WARN] [1756912864.068095466] [controller_server]: [follow_path] [ActionServer] Aborting handle.
[controller_server-2] [INFO] [1756912864.085581217] [local_costmap.local_costmap]: Received request to clear entirely the local_costmap
[controller_server-2] [INFO] [1756912864.087264763] [controller_server]: Received a goal, begin computing control effort.
[controller_server-2] [INFO] [1756912864.177478053] [controller_server]: Passing new path to controller.
[controller_server-2] [WARN] [1756912864.178072308] [controller_server]: RegulatedPurePursuitController detected collision ahead!
[controller_server-2] [WARN] [1756912864.188452592] [controller_server]: RegulatedPurePursuitController detected collision ahead!
[controller_server-2] [WARN] [1756912864.289007724] [controller_server]: RegulatedPurePursuitController detected collision ahead!
[controller_server-2] [WARN] [1756912864.388358061] [controller_server]: RegulatedPurePursuitController detected collision ahead!
[controller_server-2] [WARN] [1756912864.488446036] [controller_server]: RegulatedPurePursuitController detected collision ahead!
[controller_server-2] [WARN] [1756912864.588358745] [controller_server]: RegulatedPurePursuitController detected collision ahead!
[controller_server-2] [WARN] [1756912864.769114463] [controller_server]: RegulatedPurePursuitController detected collision ahead!
[controller_server-2] [WARN] [1756912864.788110107] [controller_server]: RegulatedPurePursuitController detected collision ahead!
[controller_server-2] [WARN] [1756912864.888384031] [controller_server]: RegulatedPurePursuitController detected collision ahead!
[controller_server-2] [WARN] [1756912864.987870543] [controller_server]: RegulatedPurePursuitController detected collision ahead!
[controller_server-2] [WARN] [1756912865.088350963] [controller_server]: RegulatedPurePursuitController detected collision ahead!
[controller_server-2] [INFO] [1756912865.187440907] [controller_server]: Passing new path to controller.
[controller_server-2] [WARN] [1756912865.188693759] [controller_server]: RegulatedPurePursuitController detected collision ahead!
[controller_server-2] [WARN] [1756912865.288984582] [controller_server]: RegulatedPurePursuitController detected collision ahead!
[controller_server-2] [WARN] [1756912865.388337329] [controller_server]: RegulatedPurePursuitController detected collision ahead!
[controller_server-2] [WARN] [1756912865.488373457] [controller_server]: RegulatedPurePursuitController detected collision ahead!
[controller_server-2] [WARN] [1756912865.588357912] [controller_server]: RegulatedPurePursuitController detected collision ahead!
[controller_server-2] [WARN] [1756912865.688351845] [controller_server]: RegulatedPurePursuitController detected collision ahead!
[controller_server-2] [WARN] [1756912865.788340245] [controller_server]: RegulatedPurePursuitController detected collision ahead!
[controller_server-2] [WARN] [1756912865.888294887] [controller_server]: RegulatedPurePursuitController detected collision ahead!
[controller_server-2] [WARN] [1756912866.069228913] [controller_server]: RegulatedPurePursuitController detected collision ahead!
[controller_server-2] [WARN] [1756912866.088412743] [controller_server]: RegulatedPurePursuitController detected collision ahead!
[controller_server-2] [ERROR] [1756912866.088520383] [controller_server]: Controller patience exceeded
[controller_server-2] [WARN] [1756912866.088603869] [controller_server]: [follow_path] [ActionServer] Aborting handle.
[behavior_server-5] [INFO] [1756912866.105838790] [behavior_server]: Running spin
[behavior_server-5] [INFO] [1756912866.106029451] [behavior_server]: Turning 1.57 for spin behavior.
[behavior_server-5] [WARN] [1756912866.206370155] [behavior_server]: Collision Ahead - Exiting Spin
[behavior_server-5] [WARN] [1756912866.206433463] [behavior_server]: spin failed
[behavior_server-5] [WARN] [1756912866.206454545] [behavior_server]: [spin] [ActionServer] Aborting handle.
[behavior_server-5] [INFO] [1756912866.235803141] [behavior_server]: Running wait
[behavior_server-5] [INFO] [1756912871.236110222] [behavior_server]: wait completed successfully
[controller_server-2] [INFO] [1756912871.286211862] [controller_server]: Received a goal, begin computing control effort.
[controller_server-2] [WARN] [1756912871.286833831] [controller_server]: RegulatedPurePursuitController detected collision ahead!
[controller_server-2] [WARN] [1756912871.387210562] [controller_server]: RegulatedPurePursuitController detected collision ahead!
[controller_server-2] [WARN] [1756912871.487397113] [controller_server]: RegulatedPurePursuitController detected collision ahead!
[controller_server-2] [WARN] [1756912871.588131912] [controller_server]: RegulatedPurePursuitController detected collision ahead!
[controller_server-2] [WARN] [1756912871.688145900] [controller_server]: RegulatedPurePursuitController detected collision ahead!
[controller_server-2] [WARN] [1756912871.788135130] [controller_server]: RegulatedPurePursuitController detected collision ahead!
[controller_server-2] [WARN] [1756912871.887972162] [controller_server]: RegulatedPurePursuitController detected collision ahead!
[controller_server-2] [WARN] [1756912871.986541791] [controller_server]: RegulatedPurePursuitController detected collision ahead!
[controller_server-2] [WARN] [1756912872.086580835] [controller_server]: RegulatedPurePursuitController detected collision ahead!
[controller_server-2] [WARN] [1756912872.186645693] [controller_server]: RegulatedPurePursuitController detected collision ahead!
[controller_server-2] [WARN] [1756912872.287328805] [controller_server]: RegulatedPurePursuitController detected collision ahead!
[controller_server-2] [INFO] [1756912872.386381982] [controller_server]: Passing new path to controller.
[controller_server-2] [WARN] [1756912872.387586582] [controller_server]: RegulatedPurePursuitController detected collision ahead!
[controller_server-2] [WARN] [1756912872.487318825] [controller_server]: RegulatedPurePursuitController detected collision ahead!
[controller_server-2] [WARN] [1756912872.587026117] [controller_server]: RegulatedPurePursuitController detected collision ahead!
[controller_server-2] [WARN] [1756912872.687250253] [controller_server]: RegulatedPurePursuitController detected collision ahead!
[controller_server-2] [WARN] [1756912872.786983291] [controller_server]: RegulatedPurePursuitController detected collision ahead!
[controller_server-2] [WARN] [1756912872.887238372] [controller_server]: RegulatedPurePursuitController detected collision ahead!
[controller_server-2] [WARN] [1756912872.987073856] [controller_server]: RegulatedPurePursuitController detected collision ahead!
[controller_server-2] [WARN] [1756912873.087313788] [controller_server]: RegulatedPurePursuitController detected collision ahead!
[controller_server-2] [WARN] [1756912873.187046101] [controller_server]: RegulatedPurePursuitController detected collision ahead!
[controller_server-2] [WARN] [1756912873.287168111] [controller_server]: RegulatedPurePursuitController detected collision ahead!
[controller_server-2] [ERROR] [1756912873.287250979] [controller_server]: Controller patience exceeded
[controller_server-2] [WARN] [1756912873.287317368] [controller_server]: [follow_path] [ActionServer] Aborting handle.
[controller_server-2] [INFO] [1756912873.305568022] [local_costmap.local_costmap]: Received request to clear entirely the local_costmap
[controller_server-2] [INFO] [1756912873.307146078] [controller_server]: Received a goal, begin computing control effort.
[controller_server-2] [INFO] [1756912873.377351612] [controller_server]: Passing new path to controller.
[controller_server-2] [WARN] [1756912873.378633790] [controller_server]: RegulatedPurePursuitController detected collision ahead!
[controller_server-2] [WARN] [1756912873.408258423] [controller_server]: RegulatedPurePursuitController detected collision ahead!
[controller_server-2] [WARN] [1756912873.508364083] [controller_server]: RegulatedPurePursuitController detected collision ahead!
[controller_server-2] [WARN] [1756912873.607846582] [controller_server]: RegulatedPurePursuitController detected collision ahead!
[controller_server-2] [WARN] [1756912873.709114588] [controller_server]: RegulatedPurePursuitController detected collision ahead!
[controller_server-2] [WARN] [1756912873.808923793] [controller_server]: RegulatedPurePursuitController detected collision ahead!
[controller_server-2] [WARN] [1756912873.907886234] [controller_server]: RegulatedPurePursuitController detected collision ahead!
[controller_server-2] [WARN] [1756912874.007924057] [controller_server]: RegulatedPurePursuitController detected collision ahead!
[controller_server-2] [WARN] [1756912874.108278975] [controller_server]: RegulatedPurePursuitController detected collision ahead!
[controller_server-2] [WARN] [1756912874.208293101] [controller_server]: RegulatedPurePursuitController detected collision ahead!
[controller_server-2] [WARN] [1756912874.308366673] [controller_server]: RegulatedPurePursuitController detected collision ahead!
[controller_server-2] [INFO] [1756912874.407352262] [controller_server]: Passing new path to controller.
[controller_server-2] [WARN] [1756912874.408615116] [controller_server]: RegulatedPurePursuitController detected collision ahead!
[controller_server-2] [WARN] [1756912874.508342195] [controller_server]: RegulatedPurePursuitController detected collision ahead!
[controller_server-2] [WARN] [1756912874.608169911] [controller_server]: RegulatedPurePursuitController detected collision ahead!
[controller_server-2] [WARN] [1756912874.708066885] [controller_server]: RegulatedPurePursuitController detected collision ahead!
[controller_server-2] [WARN] [1756912874.808249425] [controller_server]: RegulatedPurePursuitController detected collision ahead!
[controller_server-2] [WARN] [1756912874.908189451] [controller_server]: RegulatedPurePursuitController detected collision ahead!
[controller_server-2] [WARN] [1756912875.008334686] [controller_server]: RegulatedPurePursuitController detected collision ahead!
[controller_server-2] [WARN] [1756912875.108358854] [controller_server]: RegulatedPurePursuitController detected collision ahead!
[controller_server-2] [WARN] [1756912875.208354252] [controller_server]: RegulatedPurePursuitController detected collision ahead!
[controller_server-2] [WARN] [1756912875.308341790] [controller_server]: RegulatedPurePursuitController detected collision ahead!
[controller_server-2] [ERROR] [1756912875.308436631] [controller_server]: Controller patience exceeded
[controller_server-2] [WARN] [1756912875.308541976] [controller_server]: [follow_path] [ActionServer] Aborting handle.
[behavior_server-5] [INFO] [1756912875.325825371] [behavior_server]: Running backup
[behavior_server-5] [WARN] [1756912875.326215311] [behavior_server]: Collision Ahead - Exiting DriveOnHeading
[behavior_server-5] [WARN] [1756912875.326253790] [behavior_server]: backup failed
[behavior_server-5] [WARN] [1756912875.326272973] [behavior_server]: [backup] [ActionServer] Aborting handle.
[controller_server-2] [INFO] [1756912875.355623827] [local_costmap.local_costmap]: Received request to clear entirely the local_costmap
[planner_server-4] [INFO] [1756912875.356817711] [global_costmap.global_costmap]: Received request to clear entirely the global_costmap
[controller_server-2] [INFO] [1756912876.066200013] [controller_server]: Received a goal, begin computing control effort.
[controller_server-2] [WARN] [1756912876.067383274] [controller_server]: RegulatedPurePursuitController detected collision ahead!
[controller_server-2] [WARN] [1756912876.167428484] [controller_server]: RegulatedPurePursuitController detected collision ahead!
[controller_server-2] [WARN] [1756912876.267424242] [controller_server]: RegulatedPurePursuitController detected collision ahead!
[controller_server-2] [WARN] [1756912876.367154982] [controller_server]: RegulatedPurePursuitController detected collision ahead!
[controller_server-2] [WARN] [1756912876.467269385] [controller_server]: RegulatedPurePursuitController detected collision ahead!
[controller_server-2] [WARN] [1756912876.567366252] [controller_server]: RegulatedPurePursuitController detected collision ahead!
[controller_server-2] [WARN] [1756912876.667426892] [controller_server]: RegulatedPurePursuitController detected collision ahead!
[controller_server-2] [WARN] [1756912876.767431643] [controller_server]: RegulatedPurePursuitController detected collision ahead!
[controller_server-2] [WARN] [1756912876.867420367] [controller_server]: RegulatedPurePursuitController detected collision ahead!
[controller_server-2] [WARN] [1756912876.967460576] [controller_server]: RegulatedPurePursuitController detected collision ahead!
[controller_server-2] [WARN] [1756912877.067430812] [controller_server]: RegulatedPurePursuitController detected collision ahead!
[controller_server-2] [INFO] [1756912877.166499704] [controller_server]: Passing new path to controller.
[controller_server-2] [WARN] [1756912877.167749976] [controller_server]: RegulatedPurePursuitController detected collision ahead!
[controller_server-2] [WARN] [1756912877.266975594] [controller_server]: RegulatedPurePursuitController detected collision ahead!
[controller_server-2] [WARN] [1756912877.367357230] [controller_server]: RegulatedPurePursuitController detected collision ahead!
[controller_server-2] [WARN] [1756912877.467352342] [controller_server]: RegulatedPurePursuitController detected collision ahead!
[controller_server-2] [WARN] [1756912877.567356378] [controller_server]: RegulatedPurePursuitController detected collision ahead!
[controller_server-2] [WARN] [1756912877.667354312] [controller_server]: RegulatedPurePursuitController detected collision ahead!
[controller_server-2] [WARN] [1756912877.767364129] [controller_server]: RegulatedPurePursuitController detected collision ahead!
[controller_server-2] [WARN] [1756912877.867352976] [controller_server]: RegulatedPurePursuitController detected collision ahead!
[controller_server-2] [WARN] [1756912877.967422822] [controller_server]: RegulatedPurePursuitController detected collision ahead!
[controller_server-2] [WARN] [1756912878.066982462] [controller_server]: RegulatedPurePursuitController detected collision ahead!
[controller_server-2] [ERROR] [1756912878.067045290] [controller_server]: Controller patience exceeded
[controller_server-2] [WARN] [1756912878.067091188] [controller_server]: [follow_path] [ActionServer] Aborting handle.
[controller_server-2] [INFO] [1756912878.085515145] [local_costmap.local_costmap]: Received request to clear entirely the local_costmap
[controller_server-2] [INFO] [1756912878.087504492] [controller_server]: Received a goal, begin computing control effort.
[controller_server-2] [INFO] [1756912878.177706242] [controller_server]: Passing new path to controller.
[controller_server-2] [WARN] [1756912878.178635921] [controller_server]: RegulatedPurePursuitController detected collision ahead!
[controller_server-2] [WARN] [1756912878.188148153] [controller_server]: RegulatedPurePursuitController detected collision ahead!
[controller_server-2] [WARN] [1756912878.288343718] [controller_server]: RegulatedPurePursuitController detected collision ahead!
[controller_server-2] [WARN] [1756912878.388267053] [controller_server]: RegulatedPurePursuitController detected collision ahead!
[controller_server-2] [WARN] [1756912878.488685892] [controller_server]: RegulatedPurePursuitController detected collision ahead!
[controller_server-2] [WARN] [1756912878.588576085] [controller_server]: RegulatedPurePursuitController detected collision ahead!
[controller_server-2] [WARN] [1756912878.688653187] [controller_server]: RegulatedPurePursuitController detected collision ahead!
[controller_server-2] [WARN] [1756912878.788650257] [controller_server]: RegulatedPurePursuitController detected collision ahead!
[controller_server-2] [WARN] [1756912878.888667489] [controller_server]: RegulatedPurePursuitController detected collision ahead!
[controller_server-2] [WARN] [1756912878.988733332] [controller_server]: RegulatedPurePursuitController detected collision ahead!
[controller_server-2] [WARN] [1756912879.088561372] [controller_server]: RegulatedPurePursuitController detected collision ahead!
[controller_server-2] [INFO] [1756912879.187711921] [controller_server]: Passing new path to controller.
[controller_server-2] [WARN] [1756912879.188885756] [controller_server]: RegulatedPurePursuitController detected collision ahead!
[controller_server-2] [WARN] [1756912879.288639917] [controller_server]: RegulatedPurePursuitController detected collision ahead!
[controller_server-2] [WARN] [1756912879.388741397] [controller_server]: RegulatedPurePursuitController detected collision ahead!
[controller_server-2] [WARN] [1756912879.488728190] [controller_server]: RegulatedPurePursuitController detected collision ahead!
[controller_server-2] [WARN] [1756912879.588744598] [controller_server]: RegulatedPurePursuitController detected collision ahead!
[controller_server-2] [WARN] [1756912879.789526780] [controller_server]: RegulatedPurePursuitController detected collision ahead!
[controller_server-2] [WARN] [1756912879.789724475] [controller_server]: Control loop missed its desired rate of 10.0000Hz
[controller_server-2] [WARN] [1756912879.792946675] [controller_server]: RegulatedPurePursuitController detected collision ahead!
[controller_server-2] [WARN] [1756912879.888630149] [controller_server]: RegulatedPurePursuitController detected collision ahead!
[controller_server-2] [WARN] [1756912879.988463359] [controller_server]: RegulatedPurePursuitController detected collision ahead!
[controller_server-2] [WARN] [1756912880.088738620] [controller_server]: RegulatedPurePursuitController detected collision ahead!
[controller_server-2] [ERROR] [1756912880.088836086] [controller_server]: Controller patience exceeded
[controller_server-2] [WARN] [1756912880.088919012] [controller_server]: [follow_path] [ActionServer] Aborting handle.
[behavior_server-5] [INFO] [1756912880.105874219] [behavior_server]: Running spin
[behavior_server-5] [INFO] [1756912880.106045388] [behavior_server]: Turning 1.57 for spin behavior.
[behavior_server-5] [WARN] [1756912880.206421311] [behavior_server]: Collision Ahead - Exiting Spin
[behavior_server-5] [WARN] [1756912880.206488968] [behavior_server]: spin failed
[behavior_server-5] [WARN] [1756912880.206512997] [behavior_server]: [spin] [ActionServer] Aborting handle.
[behavior_server-5] [INFO] [1756912880.235641523] [behavior_server]: Running wait
[behavior_server-5] [INFO] [1756912885.235996761] [behavior_server]: wait completed successfully
[controller_server-2] [INFO] [1756912885.286646471] [controller_server]: Received a goal, begin computing control effort.
[controller_server-2] [INFO] [1756912886.386863972] [controller_server]: Passing new path to controller.
[controller_server-2] [WARN] [1756912886.987905778] [controller_server]: RegulatedPurePursuitController detected collision ahead!
[controller_server-2] [WARN] [1756912887.087806075] [controller_server]: RegulatedPurePursuitController detected collision ahead!
[controller_server-2] [WARN] [1756912887.187487678] [controller_server]: RegulatedPurePursuitController detected collision ahead!
[controller_server-2] [WARN] [1756912887.287403151] [controller_server]: RegulatedPurePursuitController detected collision ahead!
[controller_server-2] [INFO] [1756912887.386860138] [controller_server]: Passing new path to controller.
[controller_server-2] [WARN] [1756912887.388130323] [controller_server]: RegulatedPurePursuitController detected collision ahead!
[controller_server-2] [WARN] [1756912887.487795837] [controller_server]: RegulatedPurePursuitController detected collision ahead!
[controller_server-2] [WARN] [1756912887.587779681] [controller_server]: RegulatedPurePursuitController detected collision ahead!
[controller_server-2] [WARN] [1756912887.687784076] [controller_server]: RegulatedPurePursuitController detected collision ahead!
[controller_server-2] [WARN] [1756912887.828227849] [controller_server]: RegulatedPurePursuitController detected collision ahead!
[controller_server-2] [WARN] [1756912887.887355551] [controller_server]: RegulatedPurePursuitController detected collision ahead!
[controller_server-2] [WARN] [1756912887.987576530] [controller_server]: RegulatedPurePursuitController detected collision ahead!
[controller_server-2] [WARN] [1756912888.087825696] [controller_server]: RegulatedPurePursuitController detected collision ahead!
[controller_server-2] [WARN] [1756912888.187828556] [controller_server]: RegulatedPurePursuitController detected collision ahead!
[controller_server-2] [WARN] [1756912888.287845154] [controller_server]: RegulatedPurePursuitController detected collision ahead!
[controller_server-2] [INFO] [1756912888.386863858] [controller_server]: Passing new path to controller.
[controller_server-2] [WARN] [1756912888.388338157] [controller_server]: RegulatedPurePursuitController detected collision ahead!
[controller_server-2] [WARN] [1756912888.487845400] [controller_server]: RegulatedPurePursuitController detected collision ahead!
[controller_server-2] [WARN] [1756912888.587858133] [controller_server]: RegulatedPurePursuitController detected collision ahead!
[controller_server-2] [WARN] [1756912888.687905509] [controller_server]: RegulatedPurePursuitController detected collision ahead!
[controller_server-2] [WARN] [1756912888.787929974] [controller_server]: RegulatedPurePursuitController detected collision ahead!
[controller_server-2] [WARN] [1756912888.887450202] [controller_server]: RegulatedPurePursuitController detected collision ahead!
[controller_server-2] [WARN] [1756912888.987235172] [controller_server]: RegulatedPurePursuitController detected collision ahead!
[controller_server-2] [ERROR] [1756912888.987280068] [controller_server]: Controller patience exceeded
[controller_server-2] [WARN] [1756912888.987314901] [controller_server]: [follow_path] [ActionServer] Aborting handle.
[controller_server-2] [INFO] [1756912889.005466592] [local_costmap.local_costmap]: Received request to clear entirely the local_costmap
[controller_server-2] [INFO] [1756912889.006309304] [controller_server]: Received a goal, begin computing control effort.
[controller_server-2] [WARN] [1756912889.177406198] [controller_server]: RegulatedPurePursuitController detected collision ahead!
[controller_server-2] [WARN] [1756912889.177590788] [controller_server]: Control loop missed its desired rate of 10.0000Hz
[controller_server-2] [WARN] [1756912889.178458605] [controller_server]: RegulatedPurePursuitController detected collision ahead!
[controller_server-2] [WARN] [1756912889.207814097] [controller_server]: RegulatedPurePursuitController detected collision ahead!
[controller_server-2] [WARN] [1756912889.308458544] [controller_server]: RegulatedPurePursuitController detected collision ahead!
[controller_server-2] [INFO] [1756912889.406463572] [controller_server]: Passing new path to controller.
[controller_server-2] [WARN] [1756912889.407780074] [controller_server]: RegulatedPurePursuitController detected collision ahead!
[controller_server-2] [WARN] [1756912889.506675647] [controller_server]: RegulatedPurePursuitController detected collision ahead!
[controller_server-2] [WARN] [1756912889.607500307] [controller_server]: RegulatedPurePursuitController detected collision ahead!
[controller_server-2] [WARN] [1756912889.707522865] [controller_server]: RegulatedPurePursuitController detected collision ahead!
[controller_server-2] [WARN] [1756912889.807443007] [controller_server]: RegulatedPurePursuitController detected collision ahead!
[controller_server-2] [WARN] [1756912889.907430745] [controller_server]: RegulatedPurePursuitController detected collision ahead!
[controller_server-2] [WARN] [1756912890.007140372] [controller_server]: RegulatedPurePursuitController detected collision ahead!
[controller_server-2] [WARN] [1756912890.107436568] [controller_server]: RegulatedPurePursuitController detected collision ahead!
[controller_server-2] [WARN] [1756912890.207442655] [controller_server]: RegulatedPurePursuitController detected collision ahead!
[controller_server-2] [WARN] [1756912890.307445849] [controller_server]: RegulatedPurePursuitController detected collision ahead!
[controller_server-2] [WARN] [1756912890.407460268] [controller_server]: RegulatedPurePursuitController detected collision ahead!
[controller_server-2] [INFO] [1756912890.506469328] [controller_server]: Passing new path to controller.
[controller_server-2] [WARN] [1756912890.507801683] [controller_server]: RegulatedPurePursuitController detected collision ahead!
[controller_server-2] [WARN] [1756912890.607191957] [controller_server]: RegulatedPurePursuitController detected collision ahead!
[controller_server-2] [WARN] [1756912890.706970311] [controller_server]: RegulatedPurePursuitController detected collision ahead!
[controller_server-2] [WARN] [1756912890.807437337] [controller_server]: RegulatedPurePursuitController detected collision ahead!
[controller_server-2] [WARN] [1756912890.907440264] [controller_server]: RegulatedPurePursuitController detected collision ahead!
[controller_server-2] [WARN] [1756912891.007447986] [controller_server]: RegulatedPurePursuitController detected collision ahead!
[controller_server-2] [ERROR] [1756912891.007553633] [controller_server]: Controller patience exceeded
[controller_server-2] [WARN] [1756912891.007627442] [controller_server]: [follow_path] [ActionServer] Aborting handle.
[bt_navigator-6] [WARN] [1756912891.035230388] [bt_navigator]: [navigate_to_pose] [ActionServer] Aborting handle.
[bt_navigator-6] [ERROR] [1756912891.035362044] [bt_navigator]: Goal failed
[rviz2-11] Start navigation
[rviz2-11] [INFO] [1756912977.268219584] [rviz_navigation_dialog_action_client]: NavigateToPose will be called using the BT Navigator's default behavior tree.
[bt_navigator-6] [INFO] [1756912977.268812549] [bt_navigator]: Begin navigating from current location (2.28, 1.53) to (-0.23, -1.16)
[controller_server-2] [INFO] [1756912977.289907655] [controller_server]: Received a goal, begin computing control effort.
[controller_server-2] [INFO] [1756912978.390100386] [controller_server]: Passing new path to controller.
[controller_server-2] [INFO] [1756912979.390105072] [controller_server]: Passing new path to controller.
[controller_server-2] [INFO] [1756912980.390100823] [controller_server]: Passing new path to controller.
[controller_server-2] [INFO] [1756912981.490091999] [controller_server]: Passing new path to controller.
[controller_server-2] [INFO] [1756912982.490097186] [controller_server]: Passing new path to controller.
[controller_server-2] [INFO] [1756912983.490159970] [controller_server]: Passing new path to controller.
[controller_server-2] [INFO] [1756912984.590101281] [controller_server]: Passing new path to controller.
[controller_server-2] [INFO] [1756912985.590171767] [controller_server]: Passing new path to controller.
[controller_server-2] [WARN] [1756912985.591260457] [controller_server]: RegulatedPurePursuitController detected collision ahead!
[controller_server-2] [WARN] [1756912985.791061322] [controller_server]: RegulatedPurePursuitController detected collision ahead!
[controller_server-2] [WARN] [1756912985.891057340] [controller_server]: RegulatedPurePursuitController detected collision ahead!
[controller_server-2] [WARN] [1756912985.991068171] [controller_server]: RegulatedPurePursuitController detected collision ahead!
[controller_server-2] [WARN] [1756912986.090766656] [controller_server]: RegulatedPurePursuitController detected collision ahead!
[controller_server-2] [WARN] [1756912986.191063703] [controller_server]: RegulatedPurePursuitController detected collision ahead!
[controller_server-2] [WARN] [1756912986.290577050] [controller_server]: RegulatedPurePursuitController detected collision ahead!
[controller_server-2] [WARN] [1756912986.390535398] [controller_server]: RegulatedPurePursuitController detected collision ahead!
[controller_server-2] [WARN] [1756912986.490904911] [controller_server]: RegulatedPurePursuitController detected collision ahead!
[controller_server-2] [INFO] [1756912986.590093508] [controller_server]: Passing new path to controller.
[controller_server-2] [WARN] [1756912986.590979958] [controller_server]: RegulatedPurePursuitController detected collision ahead!
[controller_server-2] [WARN] [1756912986.690248525] [controller_server]: RegulatedPurePursuitController detected collision ahead!
[controller_server-2] [WARN] [1756912986.791063692] [controller_server]: RegulatedPurePursuitController detected collision ahead!
[controller_server-2] [WARN] [1756912986.891049658] [controller_server]: RegulatedPurePursuitController detected collision ahead!
[controller_server-2] [WARN] [1756912986.991039400] [controller_server]: RegulatedPurePursuitController detected collision ahead!
[controller_server-2] [WARN] [1756912987.091125364] [controller_server]: RegulatedPurePursuitController detected collision ahead!
[controller_server-2] [WARN] [1756912987.190814738] [controller_server]: RegulatedPurePursuitController detected collision ahead!
[controller_server-2] [WARN] [1756912987.290721710] [controller_server]: RegulatedPurePursuitController detected collision ahead!
[controller_server-2] [WARN] [1756912987.391040544] [controller_server]: RegulatedPurePursuitController detected collision ahead!
[controller_server-2] [WARN] [1756912987.491085814] [controller_server]: RegulatedPurePursuitController detected collision ahead!
[controller_server-2] [INFO] [1756912987.590100485] [controller_server]: Passing new path to controller.
[controller_server-2] [WARN] [1756912987.591365326] [controller_server]: RegulatedPurePursuitController detected collision ahead!
[controller_server-2] [WARN] [1756912987.691047195] [controller_server]: RegulatedPurePursuitController detected collision ahead!
[controller_server-2] [ERROR] [1756912987.691140331] [controller_server]: Controller patience exceeded
[controller_server-2] [WARN] [1756912987.691217295] [controller_server]: [follow_path] [ActionServer] Aborting handle.
[controller_server-2] [INFO] [1756912987.709250058] [local_costmap.local_costmap]: Received request to clear entirely the local_costmap
[controller_server-2] [INFO] [1756912987.710782982] [controller_server]: Received a goal, begin computing control effort.
[controller_server-2] [WARN] [1756912987.781933202] [controller_server]: RegulatedPurePursuitController detected collision ahead!
[controller_server-2] [WARN] [1756912987.811882518] [controller_server]: RegulatedPurePursuitController detected collision ahead!
[controller_server-2] [WARN] [1756912987.911910664] [controller_server]: RegulatedPurePursuitController detected collision ahead!
[controller_server-2] [WARN] [1756912988.011918166] [controller_server]: RegulatedPurePursuitController detected collision ahead!
[controller_server-2] [WARN] [1756912988.111507362] [controller_server]: RegulatedPurePursuitController detected collision ahead!
[controller_server-2] [WARN] [1756912988.211500333] [controller_server]: RegulatedPurePursuitController detected collision ahead!
[controller_server-2] [WARN] [1756912988.311509008] [controller_server]: RegulatedPurePursuitController detected collision ahead!
[controller_server-2] [WARN] [1756912988.411907858] [controller_server]: RegulatedPurePursuitController detected collision ahead!
[controller_server-2] [WARN] [1756912988.511949176] [controller_server]: RegulatedPurePursuitController detected collision ahead!
[controller_server-2] [WARN] [1756912988.611922679] [controller_server]: RegulatedPurePursuitController detected collision ahead!
[controller_server-2] [INFO] [1756912988.710987940] [controller_server]: Passing new path to controller.
[controller_server-2] [WARN] [1756912988.712301638] [controller_server]: RegulatedPurePursuitController detected collision ahead!
[controller_server-2] [WARN] [1756912988.811746287] [controller_server]: RegulatedPurePursuitController detected collision ahead!
[controller_server-2] [WARN] [1756912988.911922583] [controller_server]: RegulatedPurePursuitController detected collision ahead!
[controller_server-2] [WARN] [1756912989.011479062] [controller_server]: RegulatedPurePursuitController detected collision ahead!
[controller_server-2] [WARN] [1756912989.111656829] [controller_server]: RegulatedPurePursuitController detected collision ahead!
[controller_server-2] [WARN] [1756912989.211133141] [controller_server]: RegulatedPurePursuitController detected collision ahead!
[controller_server-2] [WARN] [1756912989.311120325] [controller_server]: RegulatedPurePursuitController detected collision ahead!
[controller_server-2] [WARN] [1756912989.411912179] [controller_server]: RegulatedPurePursuitController detected collision ahead!
[controller_server-2] [WARN] [1756912989.511926016] [controller_server]: RegulatedPurePursuitController detected collision ahead!
[controller_server-2] [WARN] [1756912989.611930229] [controller_server]: RegulatedPurePursuitController detected collision ahead!
[controller_server-2] [INFO] [1756912989.710980525] [controller_server]: Passing new path to controller.
[controller_server-2] [WARN] [1756912989.711994102] [controller_server]: RegulatedPurePursuitController detected collision ahead!
[controller_server-2] [ERROR] [1756912989.712035247] [controller_server]: Controller patience exceeded
[controller_server-2] [WARN] [1756912989.712074879] [controller_server]: [follow_path] [ActionServer] Aborting handle.
[behavior_server-5] [INFO] [1756912989.739752317] [behavior_server]: Running backup
[behavior_server-5] [INFO] [1756912996.240258241] [behavior_server]: backup completed successfully
[controller_server-2] [INFO] [1756912996.289753539] [controller_server]: Received a goal, begin computing control effort.
[controller_server-2] [WARN] [1756912997.090569974] [controller_server]: RegulatedPurePursuitController detected collision ahead!
[controller_server-2] [WARN] [1756912997.191015061] [controller_server]: RegulatedPurePursuitController detected collision ahead!
[controller_server-2] [WARN] [1756912997.290938049] [controller_server]: RegulatedPurePursuitController detected collision ahead!
[controller_server-2] [INFO] [1756912997.389985829] [controller_server]: Passing new path to controller.
[controller_server-2] [WARN] [1756912997.391172247] [controller_server]: RegulatedPurePursuitController detected collision ahead!
[controller_server-2] [WARN] [1756912997.490653034] [controller_server]: RegulatedPurePursuitController detected collision ahead!
[controller_server-2] [WARN] [1756912997.590574519] [controller_server]: RegulatedPurePursuitController detected collision ahead!
[controller_server-2] [WARN] [1756912997.690613470] [controller_server]: RegulatedPurePursuitController detected collision ahead!
[controller_server-2] [WARN] [1756912997.790806863] [controller_server]: RegulatedPurePursuitController detected collision ahead!
[controller_server-2] [WARN] [1756912997.890640711] [controller_server]: RegulatedPurePursuitController detected collision ahead!
[controller_server-2] [WARN] [1756912997.990581208] [controller_server]: RegulatedPurePursuitController detected collision ahead!
[controller_server-2] [WARN] [1756912998.091053449] [controller_server]: RegulatedPurePursuitController detected collision ahead!
[controller_server-2] [WARN] [1756912998.190556280] [controller_server]: RegulatedPurePursuitController detected collision ahead!
[controller_server-2] [WARN] [1756912998.290918621] [controller_server]: RegulatedPurePursuitController detected collision ahead!
[controller_server-2] [INFO] [1756912998.390017142] [controller_server]: Passing new path to controller.
[controller_server-2] [WARN] [1756912998.390545264] [controller_server]: RegulatedPurePursuitController detected collision ahead!
[controller_server-2] [WARN] [1756912998.490929242] [controller_server]: RegulatedPurePursuitController detected collision ahead!
[controller_server-2] [WARN] [1756912998.590913458] [controller_server]: RegulatedPurePursuitController detected collision ahead!
[controller_server-2] [WARN] [1756912998.690899395] [controller_server]: RegulatedPurePursuitController detected collision ahead!
[controller_server-2] [WARN] [1756912998.790949890] [controller_server]: RegulatedPurePursuitController detected collision ahead!
[controller_server-2] [WARN] [1756912998.890903751] [controller_server]: RegulatedPurePursuitController detected collision ahead!
[controller_server-2] [WARN] [1756912998.990130046] [controller_server]: RegulatedPurePursuitController detected collision ahead!
[controller_server-2] [WARN] [1756912999.090480553] [controller_server]: RegulatedPurePursuitController detected collision ahead!
[controller_server-2] [ERROR] [1756912999.090532794] [controller_server]: Controller patience exceeded
[controller_server-2] [WARN] [1756912999.090570125] [controller_server]: [follow_path] [ActionServer] Aborting handle.
[controller_server-2] [INFO] [1756912999.109084569] [local_costmap.local_costmap]: Received request to clear entirely the local_costmap
[controller_server-2] [INFO] [1756912999.109778709] [controller_server]: Received a goal, begin computing control effort.
[controller_server-2] [WARN] [1756912999.180857270] [controller_server]: RegulatedPurePursuitController detected collision ahead!
[controller_server-2] [WARN] [1756912999.210830278] [controller_server]: RegulatedPurePursuitController detected collision ahead!
[controller_server-2] [WARN] [1756912999.310829441] [controller_server]: RegulatedPurePursuitController detected collision ahead!
[controller_server-2] [INFO] [1756912999.409890461] [controller_server]: Passing new path to controller.
[controller_server-2] [WARN] [1756912999.411020843] [controller_server]: RegulatedPurePursuitController detected collision ahead!
[controller_server-2] [WARN] [1756912999.510721546] [controller_server]: RegulatedPurePursuitController detected collision ahead!
[controller_server-2] [WARN] [1756912999.610714952] [controller_server]: RegulatedPurePursuitController detected collision ahead!
[controller_server-2] [WARN] [1756912999.710873373] [controller_server]: RegulatedPurePursuitController detected collision ahead!
[controller_server-2] [WARN] [1756912999.810736670] [controller_server]: RegulatedPurePursuitController detected collision ahead!
[controller_server-2] [WARN] [1756912999.910871032] [controller_server]: RegulatedPurePursuitController detected collision ahead!
[controller_server-2] [WARN] [1756913000.010866787] [controller_server]: RegulatedPurePursuitController detected collision ahead!
[controller_server-2] [WARN] [1756913000.110631596] [controller_server]: RegulatedPurePursuitController detected collision ahead!
[controller_server-2] [WARN] [1756913000.210698836] [controller_server]: RegulatedPurePursuitController detected collision ahead!
[controller_server-2] [WARN] [1756913000.310654547] [controller_server]: RegulatedPurePursuitController detected collision ahead!
[controller_server-2] [INFO] [1756913000.409891849] [controller_server]: Passing new path to controller.
[controller_server-2] [WARN] [1756913000.411270654] [controller_server]: RegulatedPurePursuitController detected collision ahead!
[controller_server-2] [WARN] [1756913000.510894027] [controller_server]: RegulatedPurePursuitController detected collision ahead!
[controller_server-2] [WARN] [1756913000.610855475] [controller_server]: RegulatedPurePursuitController detected collision ahead!
[controller_server-2] [WARN] [1756913000.710861051] [controller_server]: RegulatedPurePursuitController detected collision ahead!
[controller_server-2] [WARN] [1756913000.810870598] [controller_server]: RegulatedPurePursuitController detected collision ahead!
[controller_server-2] [WARN] [1756913000.920566621] [controller_server]: RegulatedPurePursuitController detected collision ahead!
[controller_server-2] [WARN] [1756913001.010726428] [controller_server]: RegulatedPurePursuitController detected collision ahead!
[controller_server-2] [WARN] [1756913001.110494113] [controller_server]: RegulatedPurePursuitController detected collision ahead!
[controller_server-2] [ERROR] [1756913001.110560527] [controller_server]: Controller patience exceeded
[controller_server-2] [WARN] [1756913001.110613584] [controller_server]: [follow_path] [ActionServer] Aborting handle.
[controller_server-2] [INFO] [1756913001.129417928] [local_costmap.local_costmap]: Received request to clear entirely the local_costmap
[planner_server-4] [INFO] [1756913001.130829772] [global_costmap.global_costmap]: Received request to clear entirely the global_costmap
[controller_server-2] [INFO] [1756913002.069702005] [controller_server]: Received a goal, begin computing control effort.
[controller_server-2] [WARN] [1756913002.070255218] [controller_server]: RegulatedPurePursuitController detected collision ahead!
[controller_server-2] [WARN] [1756913002.171184843] [controller_server]: RegulatedPurePursuitController detected collision ahead!
[controller_server-2] [WARN] [1756913002.270843209] [controller_server]: RegulatedPurePursuitController detected collision ahead!
[controller_server-2] [WARN] [1756913002.370813656] [controller_server]: RegulatedPurePursuitController detected collision ahead!
[controller_server-2] [WARN] [1756913002.470857470] [controller_server]: RegulatedPurePursuitController detected collision ahead!
[controller_server-2] [WARN] [1756913002.570805498] [controller_server]: RegulatedPurePursuitController detected collision ahead!
[controller_server-2] [WARN] [1756913002.670927744] [controller_server]: RegulatedPurePursuitController detected collision ahead!
[controller_server-2] [WARN] [1756913002.771216885] [controller_server]: RegulatedPurePursuitController detected collision ahead!
[controller_server-2] [WARN] [1756913002.871601623] [controller_server]: RegulatedPurePursuitController detected collision ahead!
[controller_server-2] [WARN] [1756913002.971589968] [controller_server]: RegulatedPurePursuitController detected collision ahead!
[controller_server-2] [WARN] [1756913003.071580068] [controller_server]: RegulatedPurePursuitController detected collision ahead!
[controller_server-2] [INFO] [1756913003.169929525] [controller_server]: Passing new path to controller.
[controller_server-2] [WARN] [1756913003.172067392] [controller_server]: RegulatedPurePursuitController detected collision ahead!
[controller_server-2] [WARN] [1756913003.271664251] [controller_server]: RegulatedPurePursuitController detected collision ahead!
[controller_server-2] [WARN] [1756913003.371643184] [controller_server]: RegulatedPurePursuitController detected collision ahead!
[controller_server-2] [WARN] [1756913003.471553886] [controller_server]: RegulatedPurePursuitController detected collision ahead!
[controller_server-2] [WARN] [1756913003.570408407] [controller_server]: RegulatedPurePursuitController detected collision ahead!
[controller_server-2] [WARN] [1756913003.670787079] [controller_server]: RegulatedPurePursuitController detected collision ahead!
[controller_server-2] [WARN] [1756913003.770866232] [controller_server]: RegulatedPurePursuitController detected collision ahead!
[controller_server-2] [WARN] [1756913003.870843553] [controller_server]: RegulatedPurePursuitController detected collision ahead!
[controller_server-2] [WARN] [1756913003.970898186] [controller_server]: RegulatedPurePursuitController detected collision ahead!
[controller_server-2] [WARN] [1756913004.071598671] [controller_server]: RegulatedPurePursuitController detected collision ahead!
[controller_server-2] [ERROR] [1756913004.071725608] [controller_server]: Controller patience exceeded
[controller_server-2] [WARN] [1756913004.071918985] [controller_server]: [follow_path] [ActionServer] Aborting handle.
[controller_server-2] [INFO] [1756913004.089251971] [local_costmap.local_costmap]: Received request to clear entirely the local_costmap
[controller_server-2] [INFO] [1756913004.090305984] [controller_server]: Received a goal, begin computing control effort.
[controller_server-2] [INFO] [1756913004.180447261] [controller_server]: Passing new path to controller.
[controller_server-2] [WARN] [1756913004.181827479] [controller_server]: RegulatedPurePursuitController detected collision ahead!
[controller_server-2] [WARN] [1756913004.191361907] [controller_server]: RegulatedPurePursuitController detected collision ahead!
[controller_server-2] [WARN] [1756913004.291410033] [controller_server]: RegulatedPurePursuitController detected collision ahead!
[controller_server-2] [WARN] [1756913004.391422089] [controller_server]: RegulatedPurePursuitController detected collision ahead!
[controller_server-2] [WARN] [1756913004.491452125] [controller_server]: RegulatedPurePursuitController detected collision ahead!
[controller_server-2] [WARN] [1756913004.592240842] [controller_server]: RegulatedPurePursuitController detected collision ahead!
[controller_server-2] [WARN] [1756913004.691777373] [controller_server]: RegulatedPurePursuitController detected collision ahead!
[controller_server-2] [WARN] [1756913004.790815870] [controller_server]: RegulatedPurePursuitController detected collision ahead!
[controller_server-2] [WARN] [1756913004.891384213] [controller_server]: RegulatedPurePursuitController detected collision ahead!
[controller_server-2] [WARN] [1756913004.991386062] [controller_server]: RegulatedPurePursuitController detected collision ahead!
[controller_server-2] [WARN] [1756913005.091394037] [controller_server]: RegulatedPurePursuitController detected collision ahead!
[controller_server-2] [INFO] [1756913005.190523145] [controller_server]: Passing new path to controller.
[controller_server-2] [WARN] [1756913005.191800646] [controller_server]: RegulatedPurePursuitController detected collision ahead!
[controller_server-2] [WARN] [1756913005.291393912] [controller_server]: RegulatedPurePursuitController detected collision ahead!
[controller_server-2] [WARN] [1756913005.391349375] [controller_server]: RegulatedPurePursuitController detected collision ahead!
[controller_server-2] [WARN] [1756913005.491384586] [controller_server]: RegulatedPurePursuitController detected collision ahead!
[controller_server-2] [WARN] [1756913005.641803337] [controller_server]: RegulatedPurePursuitController detected collision ahead!
[controller_server-2] [WARN] [1756913005.691335660] [controller_server]: RegulatedPurePursuitController detected collision ahead!
[controller_server-2] [WARN] [1756913005.791348546] [controller_server]: RegulatedPurePursuitController detected collision ahead!
[controller_server-2] [WARN] [1756913005.891404522] [controller_server]: RegulatedPurePursuitController detected collision ahead!
[controller_server-2] [WARN] [1756913005.991478752] [controller_server]: RegulatedPurePursuitController detected collision ahead!
[controller_server-2] [WARN] [1756913006.091451824] [controller_server]: RegulatedPurePursuitController detected collision ahead!
[controller_server-2] [ERROR] [1756913006.091553011] [controller_server]: Controller patience exceeded
[controller_server-2] [WARN] [1756913006.091633725] [controller_server]: [follow_path] [ActionServer] Aborting handle.
[behavior_server-5] [INFO] [1756913006.109728842] [behavior_server]: Running spin
[behavior_server-5] [INFO] [1756913006.109984456] [behavior_server]: Turning 1.57 for spin behavior.
[behavior_server-5] [INFO] [1756913009.210274611] [behavior_server]: spin completed successfully
[controller_server-2] [INFO] [1756913009.259811862] [controller_server]: Received a goal, begin computing control effort.
[controller_server-2] [INFO] [1756913010.360106523] [controller_server]: Passing new path to controller.
[controller_server-2] [INFO] [1756913011.360028068] [controller_server]: Passing new path to controller.
[controller_server-2] [WARN] [1756913011.861009895] [controller_server]: RegulatedPurePursuitController detected collision ahead!
[controller_server-2] [WARN] [1756913011.960881709] [controller_server]: RegulatedPurePursuitController detected collision ahead!
[controller_server-2] [WARN] [1756913012.060984847] [controller_server]: RegulatedPurePursuitController detected collision ahead!
[controller_server-2] [WARN] [1756913012.160987959] [controller_server]: RegulatedPurePursuitController detected collision ahead!
[controller_server-2] [WARN] [1756913012.260976978] [controller_server]: RegulatedPurePursuitController detected collision ahead!
[controller_server-2] [INFO] [1756913012.360041774] [controller_server]: Passing new path to controller.
[controller_server-2] [WARN] [1756913012.361319888] [controller_server]: RegulatedPurePursuitController detected collision ahead!
[controller_server-2] [WARN] [1756913012.460186732] [controller_server]: RegulatedPurePursuitController detected collision ahead!
[controller_server-2] [WARN] [1756913012.560678192] [controller_server]: RegulatedPurePursuitController detected collision ahead!
[controller_server-2] [WARN] [1756913012.660676261] [controller_server]: RegulatedPurePursuitController detected collision ahead!
[controller_server-2] [WARN] [1756913012.761207135] [controller_server]: RegulatedPurePursuitController detected collision ahead!
[controller_server-2] [WARN] [1756913012.861155616] [controller_server]: RegulatedPurePursuitController detected collision ahead!
[controller_server-2] [WARN] [1756913012.961055075] [controller_server]: RegulatedPurePursuitController detected collision ahead!
[controller_server-2] [WARN] [1756913013.061018070] [controller_server]: RegulatedPurePursuitController detected collision ahead!
[controller_server-2] [WARN] [1756913013.161052649] [controller_server]: RegulatedPurePursuitController detected collision ahead!
[controller_server-2] [WARN] [1756913013.260974737] [controller_server]: RegulatedPurePursuitController detected collision ahead!
[controller_server-2] [WARN] [1756913013.360884300] [controller_server]: RegulatedPurePursuitController detected collision ahead!
[controller_server-2] [INFO] [1756913013.460036350] [controller_server]: Passing new path to controller.
[controller_server-2] [WARN] [1756913013.461056825] [controller_server]: RegulatedPurePursuitController detected collision ahead!
[controller_server-2] [WARN] [1756913013.560909695] [controller_server]: RegulatedPurePursuitController detected collision ahead!
[controller_server-2] [WARN] [1756913013.661051030] [controller_server]: RegulatedPurePursuitController detected collision ahead!
[controller_server-2] [WARN] [1756913013.760976225] [controller_server]: RegulatedPurePursuitController detected collision ahead!
[controller_server-2] [ERROR] [1756913013.761067250] [controller_server]: Controller patience exceeded
[controller_server-2] [WARN] [1756913013.761146832] [controller_server]: [follow_path] [ActionServer] Aborting handle.
[controller_server-2] [INFO] [1756913013.779323905] [local_costmap.local_costmap]: Received request to clear entirely the local_costmap
[controller_server-2] [INFO] [1756913013.781055749] [controller_server]: Received a goal, begin computing control effort.
[controller_server-2] [WARN] [1756913013.982205150] [controller_server]: RegulatedPurePursuitController detected collision ahead!
[controller_server-2] [WARN] [1756913013.982422786] [controller_server]: Control loop missed its desired rate of 10.0000Hz
[controller_server-2] [WARN] [1756913013.983396937] [controller_server]: RegulatedPurePursuitController detected collision ahead!
[controller_server-2] [WARN] [1756913014.084588821] [controller_server]: RegulatedPurePursuitController detected collision ahead!
[controller_server-2] [WARN] [1756913014.185846183] [controller_server]: RegulatedPurePursuitController detected collision ahead!
[controller_server-2] [WARN] [1756913014.287094804] [controller_server]: RegulatedPurePursuitController detected collision ahead!
[controller_server-2] [WARN] [1756913014.388241358] [controller_server]: RegulatedPurePursuitController detected collision ahead!
[controller_server-2] [INFO] [1756913014.488578254] [controller_server]: Passing new path to controller.
[controller_server-2] [WARN] [1756913014.489888194] [controller_server]: RegulatedPurePursuitController detected collision ahead!
[controller_server-2] [WARN] [1756913014.591007358] [controller_server]: RegulatedPurePursuitController detected collision ahead!
[controller_server-2] [WARN] [1756913014.692199414] [controller_server]: RegulatedPurePursuitController detected collision ahead!
[controller_server-2] [WARN] [1756913014.793473900] [controller_server]: RegulatedPurePursuitController detected collision ahead!
[controller_server-2] [WARN] [1756913014.894694896] [controller_server]: RegulatedPurePursuitController detected collision ahead!
[controller_server-2] [WARN] [1756913014.995139416] [controller_server]: RegulatedPurePursuitController detected collision ahead!
[controller_server-2] [WARN] [1756913015.095433142] [controller_server]: RegulatedPurePursuitController detected collision ahead!
[controller_server-2] [WARN] [1756913015.196545556] [controller_server]: RegulatedPurePursuitController detected collision ahead!
[controller_server-2] [WARN] [1756913015.297787450] [controller_server]: RegulatedPurePursuitController detected collision ahead!
[controller_server-2] [WARN] [1756913015.399090073] [controller_server]: RegulatedPurePursuitController detected collision ahead!
[controller_server-2] [INFO] [1756913015.499373336] [controller_server]: Passing new path to controller.
[controller_server-2] [WARN] [1756913015.500502771] [controller_server]: RegulatedPurePursuitController detected collision ahead!
[controller_server-2] [WARN] [1756913015.601623875] [controller_server]: RegulatedPurePursuitController detected collision ahead!
[controller_server-2] [WARN] [1756913015.702727384] [controller_server]: RegulatedPurePursuitController detected collision ahead!
[controller_server-2] [WARN] [1756913015.803331173] [controller_server]: RegulatedPurePursuitController detected collision ahead!
[controller_server-2] [ERROR] [1756913015.803371794] [controller_server]: Controller patience exceeded
[controller_server-2] [WARN] [1756913015.803406242] [controller_server]: [follow_path] [ActionServer] Aborting handle.
[behavior_server-5] [INFO] [1756913015.819626026] [behavior_server]: Running wait
[behavior_server-5] [INFO] [1756913020.819845833] [behavior_server]: wait completed successfully
[controller_server-2] [INFO] [1756913020.870058377] [controller_server]: Received a goal, begin computing control effort.
[controller_server-2] [WARN] [1756913020.871107752] [controller_server]: RegulatedPurePursuitController detected collision ahead!
[controller_server-2] [WARN] [1756913020.971470936] [controller_server]: RegulatedPurePursuitController detected collision ahead!
[controller_server-2] [WARN] [1756913021.071048993] [controller_server]: RegulatedPurePursuitController detected collision ahead!
[controller_server-2] [WARN] [1756913021.171317427] [controller_server]: RegulatedPurePursuitController detected collision ahead!
[controller_server-2] [WARN] [1756913021.271278330] [controller_server]: RegulatedPurePursuitController detected collision ahead!
[controller_server-2] [WARN] [1756913021.371005882] [controller_server]: RegulatedPurePursuitController detected collision ahead!
[controller_server-2] [WARN] [1756913021.471437917] [controller_server]: RegulatedPurePursuitController detected collision ahead!
[controller_server-2] [WARN] [1756913021.571125935] [controller_server]: RegulatedPurePursuitController detected collision ahead!
[controller_server-2] [WARN] [1756913021.671473305] [controller_server]: RegulatedPurePursuitController detected collision ahead!
[controller_server-2] [WARN] [1756913021.771202029] [controller_server]: RegulatedPurePursuitController detected collision ahead!
[controller_server-2] [WARN] [1756913021.871160951] [controller_server]: RegulatedPurePursuitController detected collision ahead!
[controller_server-2] [INFO] [1756913021.970366647] [controller_server]: Passing new path to controller.
[controller_server-2] [WARN] [1756913021.972415496] [controller_server]: RegulatedPurePursuitController detected collision ahead!
[controller_server-2] [WARN] [1756913022.071272212] [controller_server]: RegulatedPurePursuitController detected collision ahead!
[controller_server-2] [WARN] [1756913022.171286051] [controller_server]: RegulatedPurePursuitController detected collision ahead!
[controller_server-2] [WARN] [1756913022.271296294] [controller_server]: RegulatedPurePursuitController detected collision ahead!
[controller_server-2] [WARN] [1756913022.371338308] [controller_server]: RegulatedPurePursuitController detected collision ahead!
[controller_server-2] [WARN] [1756913022.471275239] [controller_server]: RegulatedPurePursuitController detected collision ahead!
[controller_server-2] [WARN] [1756913022.570438210] [controller_server]: RegulatedPurePursuitController detected collision ahead!
[controller_server-2] [WARN] [1756913022.672044922] [controller_server]: RegulatedPurePursuitController detected collision ahead!
[controller_server-2] [WARN] [1756913022.771289824] [controller_server]: RegulatedPurePursuitController detected collision ahead!
[controller_server-2] [WARN] [1756913022.871333301] [controller_server]: RegulatedPurePursuitController detected collision ahead!
[controller_server-2] [ERROR] [1756913022.871425070] [controller_server]: Controller patience exceeded
[controller_server-2] [WARN] [1756913022.871504738] [controller_server]: [follow_path] [ActionServer] Aborting handle.
[controller_server-2] [INFO] [1756913022.889423178] [local_costmap.local_costmap]: Received request to clear entirely the local_costmap
[controller_server-2] [INFO] [1756913022.891298596] [controller_server]: Received a goal, begin computing control effort.
[controller_server-2] [INFO] [1756913022.981571475] [controller_server]: Passing new path to controller.
[controller_server-2] [WARN] [1756913022.982845597] [controller_server]: RegulatedPurePursuitController detected collision ahead!
[controller_server-2] [WARN] [1756913022.992511465] [controller_server]: RegulatedPurePursuitController detected collision ahead!
[controller_server-2] [WARN] [1756913023.092649915] [controller_server]: RegulatedPurePursuitController detected collision ahead!
[controller_server-2] [WARN] [1756913023.192407064] [controller_server]: RegulatedPurePursuitController detected collision ahead!
[controller_server-2] [ERROR] [1756913023.393169734] [controller_server]: Exception in transformPose: Lookup would require extrapolation into the future.  Requested time 1756913023.166388 but the latest data is at time 1756913022.994897, when looking up transform from frame [odom] to frame [map]
[controller_server-2] [WARN] [1756913023.393363938] [controller_server]: Unable to transform robot pose into global plan's frame
[controller_server-2] [WARN] [1756913023.393558360] [controller_server]: Control loop missed its desired rate of 10.0000Hz
[controller_server-2] [ERROR] [1756913023.497240626] [controller_server]: Exception in transformPose: Lookup would require extrapolation into the future.  Requested time 1756913023.166388 but the latest data is at time 1756913022.994897, when looking up transform from frame [odom] to frame [map]
[controller_server-2] [WARN] [1756913023.497352436] [controller_server]: Unable to transform robot pose into global plan's frame
[controller_server-2] [WARN] [1756913023.497560853] [controller_server]: Control loop missed its desired rate of 10.0000Hz
[controller_server-2] [ERROR] [1756913023.599348240] [controller_server]: Exception in transformPose: Lookup would require extrapolation into the future.  Requested time 1756913023.166388 but the latest data is at time 1756913022.994897, when looking up transform from frame [odom] to frame [map]
[controller_server-2] [WARN] [1756913023.599477736] [controller_server]: Unable to transform robot pose into global plan's frame
[controller_server-2] [WARN] [1756913023.599669999] [controller_server]: Control loop missed its desired rate of 10.0000Hz
[controller_server-2] [ERROR] [1756913023.703827660] [controller_server]: Exception in transformPose: Lookup would require extrapolation into the future.  Requested time 1756913023.166388 but the latest data is at time 1756913022.994897, when looking up transform from frame [odom] to frame [map]
[controller_server-2] [WARN] [1756913023.703948271] [controller_server]: Unable to transform robot pose into global plan's frame
[controller_server-2] [WARN] [1756913023.704141710] [controller_server]: Control loop missed its desired rate of 10.0000Hz
[controller_server-2] [ERROR] [1756913023.805731262] [controller_server]: Exception in transformPose: Lookup would require extrapolation into the future.  Requested time 1756913023.166388 but the latest data is at time 1756913023.154878, when looking up transform from frame [odom] to frame [map]
[controller_server-2] [WARN] [1756913023.805842439] [controller_server]: Unable to transform robot pose into global plan's frame
[controller_server-2] [WARN] [1756913023.806021653] [controller_server]: Control loop missed its desired rate of 10.0000Hz
[controller_server-2] [WARN] [1756913023.849353887] [controller_server]: RegulatedPurePursuitController detected collision ahead!
[controller_server-2] [WARN] [1756913023.892450062] [controller_server]: RegulatedPurePursuitController detected collision ahead!
[controller_server-2] [INFO] [1756913023.991492043] [controller_server]: Passing new path to controller.
[controller_server-2] [WARN] [1756913023.992613174] [controller_server]: RegulatedPurePursuitController detected collision ahead!
[controller_server-2] [WARN] [1756913024.092373387] [controller_server]: RegulatedPurePursuitController detected collision ahead!
[controller_server-2] [WARN] [1756913024.192417260] [controller_server]: RegulatedPurePursuitController detected collision ahead!
[controller_server-2] [WARN] [1756913024.292426553] [controller_server]: RegulatedPurePursuitController detected collision ahead!
[controller_server-2] [WARN] [1756913024.392604923] [controller_server]: RegulatedPurePursuitController detected collision ahead!
[controller_server-2] [WARN] [1756913024.492416928] [controller_server]: RegulatedPurePursuitController detected collision ahead!
[controller_server-2] [WARN] [1756913024.592633472] [controller_server]: RegulatedPurePursuitController detected collision ahead!
[controller_server-2] [WARN] [1756913024.692292864] [controller_server]: RegulatedPurePursuitController detected collision ahead!
[controller_server-2] [WARN] [1756913024.791903156] [controller_server]: RegulatedPurePursuitController detected collision ahead!
[controller_server-2] [WARN] [1756913024.892422655] [controller_server]: RegulatedPurePursuitController detected collision ahead!
[controller_server-2] [ERROR] [1756913024.892526930] [controller_server]: Controller patience exceeded
[controller_server-2] [WARN] [1756913024.892599817] [controller_server]: [follow_path] [ActionServer] Aborting handle.
[behavior_server-5] [INFO] [1756913024.909636569] [behavior_server]: Running backup
[behavior_server-5] [INFO] [1756913032.010158388] [behavior_server]: backup completed successfully
[controller_server-2] [INFO] [1756913032.060147411] [controller_server]: Received a goal, begin computing control effort.
[controller_server-2] [INFO] [1756913033.160433683] [controller_server]: Passing new path to controller.
[controller_server-2] [INFO] [1756913034.160347790] [controller_server]: Passing new path to controller.
[rviz2-11] [INFO] [1756913035.017990119] [rviz2]: Trying to create a map of size 104 x 113 using 1 swatches
[planner_server-4] [INFO] [1756913035.042632570] [global_costmap.global_costmap]: StaticLayer: Resizing costmap to 104 X 113 at 0.040000 m/pix
[rviz2-11] [INFO] [1756913035.055580038] [rviz2]: Trying to create a map of size 104 x 113 using 1 swatches
[controller_server-2] [INFO] [1756913035.160460273] [controller_server]: Passing new path to controller.
[controller_server-2] [INFO] [1756913035.173599715] [local_costmap.local_costmap]: StaticLayer: Resizing static layer to 104 X 113 at 0.040000 m/pix
[controller_server-2] [INFO] [1756913036.260367720] [controller_server]: Passing new path to controller.
[controller_server-2] [INFO] [1756913037.260432900] [controller_server]: Passing new path to controller.
[controller_server-2] [INFO] [1756913038.260402388] [controller_server]: Passing new path to controller.
[controller_server-2] [WARN] [1756913038.961126394] [controller_server]: RegulatedPurePursuitController detected collision ahead!
[controller_server-2] [WARN] [1756913039.060729107] [controller_server]: RegulatedPurePursuitController detected collision ahead!
[controller_server-2] [WARN] [1756913039.160941522] [controller_server]: RegulatedPurePursuitController detected collision ahead!
[controller_server-2] [WARN] [1756913039.261061458] [controller_server]: RegulatedPurePursuitController detected collision ahead!
[controller_server-2] [INFO] [1756913039.360343108] [controller_server]: Passing new path to controller.
[controller_server-2] [WARN] [1756913039.360612960] [controller_server]: RegulatedPurePursuitController detected collision ahead!
[controller_server-2] [WARN] [1756913039.461102373] [controller_server]: RegulatedPurePursuitController detected collision ahead!
[controller_server-2] [WARN] [1756913039.561072314] [controller_server]: RegulatedPurePursuitController detected collision ahead!
[controller_server-2] [WARN] [1756913039.661085092] [controller_server]: RegulatedPurePursuitController detected collision ahead!
[controller_server-2] [WARN] [1756913039.760937477] [controller_server]: RegulatedPurePursuitController detected collision ahead!
[controller_server-2] [WARN] [1756913039.861194385] [controller_server]: RegulatedPurePursuitController detected collision ahead!
[controller_server-2] [WARN] [1756913039.961180793] [controller_server]: RegulatedPurePursuitController detected collision ahead!
[controller_server-2] [WARN] [1756913040.061187988] [controller_server]: RegulatedPurePursuitController detected collision ahead!
[controller_server-2] [WARN] [1756913040.161178160] [controller_server]: RegulatedPurePursuitController detected collision ahead!
[controller_server-2] [WARN] [1756913040.261210308] [controller_server]: RegulatedPurePursuitController detected collision ahead!
[controller_server-2] [INFO] [1756913040.360435287] [controller_server]: Passing new path to controller.
[controller_server-2] [WARN] [1756913040.361542173] [controller_server]: RegulatedPurePursuitController detected collision ahead!
[controller_server-2] [WARN] [1756913040.461174362] [controller_server]: RegulatedPurePursuitController detected collision ahead!
[controller_server-2] [WARN] [1756913040.561095618] [controller_server]: RegulatedPurePursuitController detected collision ahead!
[controller_server-2] [WARN] [1756913040.660938361] [controller_server]: RegulatedPurePursuitController detected collision ahead!
[controller_server-2] [WARN] [1756913040.760997253] [controller_server]: RegulatedPurePursuitController detected collision ahead!
[controller_server-2] [WARN] [1756913040.861180166] [controller_server]: RegulatedPurePursuitController detected collision ahead!
[controller_server-2] [ERROR] [1756913040.861278584] [controller_server]: Controller patience exceeded
[controller_server-2] [WARN] [1756913040.861365093] [controller_server]: [follow_path] [ActionServer] Aborting handle.
[controller_server-2] [INFO] [1756913040.879302104] [local_costmap.local_costmap]: Received request to clear entirely the local_costmap
[controller_server-2] [INFO] [1756913040.880843833] [controller_server]: Received a goal, begin computing control effort.
[controller_server-2] [WARN] [1756913040.981698013] [controller_server]: RegulatedPurePursuitController detected collision ahead!
[controller_server-2] [WARN] [1756913040.981899927] [controller_server]: Control loop missed its desired rate of 10.0000Hz
[controller_server-2] [WARN] [1756913040.982531455] [controller_server]: RegulatedPurePursuitController detected collision ahead!
[controller_server-2] [WARN] [1756913041.081710505] [controller_server]: RegulatedPurePursuitController detected collision ahead!
[controller_server-2] [WARN] [1756913041.181787007] [controller_server]: RegulatedPurePursuitController detected collision ahead!
[controller_server-2] [WARN] [1756913041.281707322] [controller_server]: RegulatedPurePursuitController detected collision ahead!
[controller_server-2] [INFO] [1756913041.380997932] [controller_server]: Passing new path to controller.
[controller_server-2] [WARN] [1756913041.382128448] [controller_server]: RegulatedPurePursuitController detected collision ahead!
[controller_server-2] [WARN] [1756913041.481696992] [controller_server]: RegulatedPurePursuitController detected collision ahead!
[controller_server-2] [WARN] [1756913041.581701229] [controller_server]: RegulatedPurePursuitController detected collision ahead!
[controller_server-2] [WARN] [1756913041.681682532] [controller_server]: RegulatedPurePursuitController detected collision ahead!
[controller_server-2] [WARN] [1756913041.781683523] [controller_server]: RegulatedPurePursuitController detected collision ahead!
[controller_server-2] [WARN] [1756913041.881687291] [controller_server]: RegulatedPurePursuitController detected collision ahead!
[controller_server-2] [WARN] [1756913041.981670900] [controller_server]: RegulatedPurePursuitController detected collision ahead!
[controller_server-2] [WARN] [1756913042.081719409] [controller_server]: RegulatedPurePursuitController detected collision ahead!
[controller_server-2] [WARN] [1756913042.181680699] [controller_server]: RegulatedPurePursuitController detected collision ahead!
[controller_server-2] [WARN] [1756913042.281693240] [controller_server]: RegulatedPurePursuitController detected collision ahead!
[controller_server-2] [INFO] [1756913042.380980403] [controller_server]: Passing new path to controller.
[controller_server-2] [WARN] [1756913042.382032462] [controller_server]: RegulatedPurePursuitController detected collision ahead!
[controller_server-2] [WARN] [1756913042.481814886] [controller_server]: RegulatedPurePursuitController detected collision ahead!
[controller_server-2] [WARN] [1756913042.581706553] [controller_server]: RegulatedPurePursuitController detected collision ahead!
[controller_server-2] [WARN] [1756913042.681774552] [controller_server]: RegulatedPurePursuitController detected collision ahead!
[controller_server-2] [WARN] [1756913042.781703461] [controller_server]: RegulatedPurePursuitController detected collision ahead!
[controller_server-2] [WARN] [1756913042.881711414] [controller_server]: RegulatedPurePursuitController detected collision ahead!
[controller_server-2] [ERROR] [1756913042.881804359] [controller_server]: Controller patience exceeded
[controller_server-2] [WARN] [1756913042.881889798] [controller_server]: [follow_path] [ActionServer] Aborting handle.
[controller_server-2] [INFO] [1756913042.899308152] [local_costmap.local_costmap]: Received request to clear entirely the local_costmap
[planner_server-4] [INFO] [1756913042.900220531] [global_costmap.global_costmap]: Received request to clear entirely the global_costmap
[controller_server-2] [INFO] [1756913043.070035020] [controller_server]: Received a goal, begin computing control effort.
[controller_server-2] [WARN] [1756913043.071350945] [controller_server]: RegulatedPurePursuitController detected collision ahead!
[controller_server-2] [WARN] [1756913043.171130784] [controller_server]: RegulatedPurePursuitController detected collision ahead!
[controller_server-2] [WARN] [1756913043.271121866] [controller_server]: RegulatedPurePursuitController detected collision ahead!
[controller_server-2] [WARN] [1756913043.371201594] [controller_server]: RegulatedPurePursuitController detected collision ahead!
[controller_server-2] [WARN] [1756913043.471324485] [controller_server]: RegulatedPurePursuitController detected collision ahead!
[controller_server-2] [WARN] [1756913043.571042636] [controller_server]: RegulatedPurePursuitController detected collision ahead!
[controller_server-2] [WARN] [1756913043.670936491] [controller_server]: RegulatedPurePursuitController detected collision ahead!
[controller_server-2] [WARN] [1756913043.771051259] [controller_server]: RegulatedPurePursuitController detected collision ahead!
[controller_server-2] [WARN] [1756913043.871047970] [controller_server]: RegulatedPurePursuitController detected collision ahead!
[controller_server-2] [WARN] [1756913043.971058485] [controller_server]: RegulatedPurePursuitController detected collision ahead!
[controller_server-2] [WARN] [1756913044.071031546] [controller_server]: RegulatedPurePursuitController detected collision ahead!
[controller_server-2] [INFO] [1756913044.170355803] [controller_server]: Passing new path to controller.
[controller_server-2] [WARN] [1756913044.171425652] [controller_server]: RegulatedPurePursuitController detected collision ahead!
[controller_server-2] [WARN] [1756913044.270547961] [controller_server]: RegulatedPurePursuitController detected collision ahead!
[controller_server-2] [WARN] [1756913044.370982177] [controller_server]: RegulatedPurePursuitController detected collision ahead!
[controller_server-2] [WARN] [1756913044.471048819] [controller_server]: RegulatedPurePursuitController detected collision ahead!
[controller_server-2] [WARN] [1756913044.571043647] [controller_server]: RegulatedPurePursuitController detected collision ahead!
[controller_server-2] [WARN] [1756913044.671060825] [controller_server]: RegulatedPurePursuitController detected collision ahead!
[controller_server-2] [WARN] [1756913044.771087033] [controller_server]: RegulatedPurePursuitController detected collision ahead!
[controller_server-2] [WARN] [1756913044.870995464] [controller_server]: RegulatedPurePursuitController detected collision ahead!
[controller_server-2] [WARN] [1756913044.971048033] [controller_server]: RegulatedPurePursuitController detected collision ahead!
[controller_server-2] [WARN] [1756913045.071049717] [controller_server]: RegulatedPurePursuitController detected collision ahead!
[controller_server-2] [ERROR] [1756913045.071150465] [controller_server]: Controller patience exceeded
[controller_server-2] [WARN] [1756913045.071228771] [controller_server]: [follow_path] [ActionServer] Aborting handle.
[controller_server-2] [INFO] [1756913045.089444623] [local_costmap.local_costmap]: Received request to clear entirely the local_costmap
[controller_server-2] [INFO] [1756913045.091331647] [controller_server]: Received a goal, begin computing control effort.
[controller_server-2] [INFO] [1756913045.181524308] [controller_server]: Passing new path to controller.
[controller_server-2] [WARN] [1756913045.182552889] [controller_server]: RegulatedPurePursuitController detected collision ahead!
[controller_server-2] [WARN] [1756913045.192165299] [controller_server]: RegulatedPurePursuitController detected collision ahead!
[controller_server-2] [WARN] [1756913045.291762079] [controller_server]: RegulatedPurePursuitController detected collision ahead!
[controller_server-2] [WARN] [1756913045.392240861] [controller_server]: RegulatedPurePursuitController detected collision ahead!
[controller_server-2] [WARN] [1756913045.492163515] [controller_server]: RegulatedPurePursuitController detected collision ahead!
[controller_server-2] [WARN] [1756913045.592261782] [controller_server]: RegulatedPurePursuitController detected collision ahead!
[controller_server-2] [WARN] [1756913045.692095317] [controller_server]: RegulatedPurePursuitController detected collision ahead!
[controller_server-2] [WARN] [1756913045.792212833] [controller_server]: RegulatedPurePursuitController detected collision ahead!
[controller_server-2] [WARN] [1756913045.892289402] [controller_server]: RegulatedPurePursuitController detected collision ahead!
[controller_server-2] [WARN] [1756913045.992298220] [controller_server]: RegulatedPurePursuitController detected collision ahead!
[controller_server-2] [WARN] [1756913046.092423606] [controller_server]: RegulatedPurePursuitController detected collision ahead!
[controller_server-2] [INFO] [1756913046.191603128] [controller_server]: Passing new path to controller.
[controller_server-2] [WARN] [1756913046.192774139] [controller_server]: RegulatedPurePursuitController detected collision ahead!
[controller_server-2] [WARN] [1756913046.292376581] [controller_server]: RegulatedPurePursuitController detected collision ahead!
[controller_server-2] [WARN] [1756913046.392010454] [controller_server]: RegulatedPurePursuitController detected collision ahead!
[controller_server-2] [WARN] [1756913046.492369362] [controller_server]: RegulatedPurePursuitController detected collision ahead!
[controller_server-2] [WARN] [1756913046.592355359] [controller_server]: RegulatedPurePursuitController detected collision ahead!
[controller_server-2] [WARN] [1756913046.692349305] [controller_server]: RegulatedPurePursuitController detected collision ahead!
[c