[INFO] [launch]: All log files can be found below /home/robot/.ros/log/2025-09-05-17-21-34-158357-robot-pc04-6954
[INFO] [launch]: Default logging verbosity is set to INFO
[INFO] [async_slam_toolbox_node-1]: process started with pid [6958]
[INFO] [controller_server-2]: process started with pid [6960]
[INFO] [smoother_server-3]: process started with pid [6962]
[INFO] [planner_server-4]: process started with pid [6964]
[INFO] [behavior_server-5]: process started with pid [6966]
[INFO] [bt_navigator-6]: process started with pid [6968]
[INFO] [waypoint_follower-7]: process started with pid [6970]
[INFO] [velocity_smoother-8]: process started with pid [6972]
[INFO] [lifecycle_manager-9]: process started with pid [6974]
[INFO] [explore-10]: process started with pid [6976]
[INFO] [rviz2-11]: process started with pid [6978]
[waypoint_follower-7] [INFO] [1757085694.283445326] [waypoint_follower]: 
[waypoint_follower-7] 	waypoint_follower lifecycle node launched. 
[waypoint_follower-7] 	Waiting on external lifecycle transitions to activate
[waypoint_follower-7] 	See https://design.ros2.org/articles/node_lifecycle.html for more information.
[waypoint_follower-7] [INFO] [1757085694.284053845] [waypoint_follower]: Creating
[velocity_smoother-8] [INFO] [1757085694.284403252] [velocity_smoother]: 
[velocity_smoother-8] 	velocity_smoother lifecycle node launched. 
[velocity_smoother-8] 	Waiting on external lifecycle transitions to activate
[velocity_smoother-8] 	See https://design.ros2.org/articles/node_lifecycle.html for more information.
[bt_navigator-6] [INFO] [1757085694.285189315] [bt_navigator]: 
[bt_navigator-6] 	bt_navigator lifecycle node launched. 
[bt_navigator-6] 	Waiting on external lifecycle transitions to activate
[bt_navigator-6] 	See https://design.ros2.org/articles/node_lifecycle.html for more information.
[bt_navigator-6] [INFO] [1757085694.285255906] [bt_navigator]: Creating
[lifecycle_manager-9] [INFO] [1757085694.286645747] [lifecycle_manager_navigation]: Creating
[behavior_server-5] [INFO] [1757085694.287014294] [behavior_server]: 
[behavior_server-5] 	behavior_server lifecycle node launched. 
[behavior_server-5] 	Waiting on external lifecycle transitions to activate
[behavior_server-5] 	See https://design.ros2.org/articles/node_lifecycle.html for more information.
[smoother_server-3] [INFO] [1757085694.287196385] [smoother_server]: 
[smoother_server-3] 	smoother_server lifecycle node launched. 
[smoother_server-3] 	Waiting on external lifecycle transitions to activate
[smoother_server-3] 	See https://design.ros2.org/articles/node_lifecycle.html for more information.
[lifecycle_manager-9] [INFO] [1757085694.288553293] [lifecycle_manager_navigation]: [34m[1mCreating and initializing lifecycle service clients[0m[0m
[smoother_server-3] [INFO] [1757085694.289902723] [smoother_server]: Creating smoother server
[async_slam_toolbox_node-1] [INFO] [1757085694.291845914] [slam]: Node using stack size 40000000
[planner_server-4] [INFO] [1757085694.292601280] [planner_server]: 
[planner_server-4] 	planner_server lifecycle node launched. 
[planner_server-4] 	Waiting on external lifecycle transitions to activate
[planner_server-4] 	See https://design.ros2.org/articles/node_lifecycle.html for more information.
[planner_server-4] [INFO] [1757085694.293835144] [planner_server]: Creating
[controller_server-2] [INFO] [1757085694.294347793] [controller_server]: 
[controller_server-2] 	controller_server lifecycle node launched. 
[controller_server-2] 	Waiting on external lifecycle transitions to activate
[controller_server-2] 	See https://design.ros2.org/articles/node_lifecycle.html for more information.
[explore-10] [INFO] [1757085694.296145357] [explore_node]: Waiting for costmap to become available, topic: map
[lifecycle_manager-9] [INFO] [1757085694.296187495] [lifecycle_manager_navigation]: [34m[1mStarting managed nodes bringup...[0m[0m
[lifecycle_manager-9] [INFO] [1757085694.296210668] [lifecycle_manager_navigation]: [34m[1mConfiguring controller_server[0m[0m
[controller_server-2] [INFO] [1757085694.296203102] [controller_server]: Creating controller server
[controller_server-2] [INFO] [1757085694.299410699] [local_costmap.local_costmap]: 
[controller_server-2] 	local_costmap lifecycle node launched. 
[controller_server-2] 	Waiting on external lifecycle transitions to activate
[controller_server-2] 	See https://design.ros2.org/articles/node_lifecycle.html for more information.
[planner_server-4] [INFO] [1757085694.299919448] [global_costmap.global_costmap]: 
[planner_server-4] 	global_costmap lifecycle node launched. 
[planner_server-4] 	Waiting on external lifecycle transitions to activate
[planner_server-4] 	See https://design.ros2.org/articles/node_lifecycle.html for more information.
[planner_server-4] [INFO] [1757085694.300302008] [global_costmap.global_costmap]: Creating Costmap
[controller_server-2] [INFO] [1757085694.300303060] [local_costmap.local_costmap]: Creating Costmap
[controller_server-2] [INFO] [1757085694.301642556] [controller_server]: Configuring controller interface
[controller_server-2] [INFO] [1757085694.301713012] [controller_server]: getting goal checker plugins..
[controller_server-2] [INFO] [1757085694.301768444] [controller_server]: Controller frequency set to 10.0000Hz
[controller_server-2] [INFO] [1757085694.301787762] [local_costmap.local_costmap]: Configuring
[controller_server-2] [INFO] [1757085694.304195387] [local_costmap.local_costmap]: Using plugin "obstacle_layer"
[controller_server-2] [INFO] [1757085694.307563758] [local_costmap.local_costmap]: Subscribed to Topics: scan
[controller_server-2] [INFO] [1757085694.310078948] [local_costmap.local_costmap]: Initialized plugin "obstacle_layer"
[controller_server-2] [INFO] [1757085694.310097818] [local_costmap.local_costmap]: Using plugin "inflation_layer"
[controller_server-2] [INFO] [1757085694.310559382] [local_costmap.local_costmap]: Initialized plugin "inflation_layer"
[controller_server-2] [INFO] [1757085694.314515669] [controller_server]: Created progress_checker : progress_checker of type nav2_controller::SimpleProgressChecker
[controller_server-2] [INFO] [1757085694.314923640] [controller_server]: Created goal checker : goal_checker of type nav2_controller::SimpleGoalChecker
[controller_server-2] [INFO] [1757085694.315016011] [controller_server]: Controller Server has goal_checker  goal checkers available.
[controller_server-2] [INFO] [1757085694.315529234] [controller_server]: Created controller : FollowPath of type nav2_regulated_pure_pursuit_controller::RegulatedPurePursuitController
[controller_server-2] [INFO] [1757085694.316811364] [controller_server]: Controller Server has FollowPath  controllers available.
[lifecycle_manager-9] [INFO] [1757085694.318698650] [lifecycle_manager_navigation]: [34m[1mConfiguring smoother_server[0m[0m
[smoother_server-3] [INFO] [1757085694.318823085] [smoother_server]: Configuring smoother server
[async_slam_toolbox_node-1] [INFO] [1757085694.320707718] [slam]: Using solver plugin solver_plugins::CeresSolver
[async_slam_toolbox_node-1] [INFO] [1757085694.320887874] [slam]: CeresSolver: Using SCHUR_JACOBI preconditioner.
[smoother_server-3] [INFO] [1757085694.323700971] [smoother_server]: Created smoother : simple_smoother of type nav2_smoother::SimpleSmoother
[smoother_server-3] [INFO] [1757085694.323982374] [smoother_server]: Smoother Server has simple_smoother  smoothers available.
[lifecycle_manager-9] [INFO] [1757085694.326669682] [lifecycle_manager_navigation]: [34m[1mConfiguring planner_server[0m[0m
[planner_server-4] [INFO] [1757085694.326800095] [planner_server]: Configuring
[planner_server-4] [INFO] [1757085694.326821006] [global_costmap.global_costmap]: Configuring
[planner_server-4] [INFO] [1757085694.328485505] [global_costmap.global_costmap]: Using plugin "static_layer"
[planner_server-4] [INFO] [1757085694.329881388] [global_costmap.global_costmap]: Subscribing to the map topic (/map) with transient local durability
[planner_server-4] [INFO] [1757085694.330299056] [global_costmap.global_costmap]: Initialized plugin "static_layer"
[planner_server-4] [INFO] [1757085694.330309371] [global_costmap.global_costmap]: Using plugin "obstacle_layer"
[planner_server-4] [INFO] [1757085694.330436979] [global_costmap.global_costmap]: Subscribed to Topics: scan
[planner_server-4] [INFO] [1757085694.331340418] [global_costmap.global_costmap]: Initialized plugin "obstacle_layer"
[planner_server-4] [INFO] [1757085694.331350137] [global_costmap.global_costmap]: Using plugin "inflation_layer"
[planner_server-4] [INFO] [1757085694.331590027] [global_costmap.global_costmap]: Initialized plugin "inflation_layer"
[planner_server-4] [INFO] [1757085694.334396071] [planner_server]: Created global planner plugin GridBased of type nav2_navfn_planner/NavfnPlanner
[planner_server-4] [INFO] [1757085694.334415181] [planner_server]: Configuring plugin GridBased of type NavfnPlanner
[planner_server-4] [INFO] [1757085694.334547768] [planner_server]: Planner Server has GridBased  planners available.
[lifecycle_manager-9] [INFO] [1757085694.336829726] [lifecycle_manager_navigation]: [34m[1mConfiguring behavior_server[0m[0m
[behavior_server-5] [INFO] [1757085694.336994558] [behavior_server]: Configuring
[behavior_server-5] [INFO] [1757085694.342073324] [behavior_server]: Creating behavior plugin spin of type nav2_behaviors/Spin
[behavior_server-5] [INFO] [1757085694.342998155] [behavior_server]: Configuring spin
[behavior_server-5] [INFO] [1757085694.347422464] [behavior_server]: Creating behavior plugin backup of type nav2_behaviors/BackUp
[behavior_server-5] [INFO] [1757085694.349466729] [behavior_server]: Configuring backup
[behavior_server-5] [INFO] [1757085694.352614402] [behavior_server]: Creating behavior plugin drive_on_heading of type nav2_behaviors/DriveOnHeading
[behavior_server-5] [INFO] [1757085694.353783428] [behavior_server]: Configuring drive_on_heading
[behavior_server-5] [INFO] [1757085694.357384408] [behavior_server]: Creating behavior plugin wait of type nav2_behaviors/Wait
[behavior_server-5] [INFO] [1757085694.358370958] [behavior_server]: Configuring wait
[behavior_server-5] [INFO] [1757085694.360952072] [behavior_server]: Creating behavior plugin assisted_teleop of type nav2_behaviors/AssistedTeleop
[behavior_server-5] [INFO] [1757085694.363180150] [behavior_server]: Configuring assisted_teleop
[lifecycle_manager-9] [INFO] [1757085694.366665860] [lifecycle_manager_navigation]: [34m[1mConfiguring bt_navigator[0m[0m
[bt_navigator-6] [INFO] [1757085694.366851675] [bt_navigator]: Configuring
[lifecycle_manager-9] [INFO] [1757085694.387961093] [lifecycle_manager_navigation]: [34m[1mConfiguring waypoint_follower[0m[0m
[waypoint_follower-7] [INFO] [1757085694.388091659] [waypoint_follower]: Configuring
[waypoint_follower-7] [INFO] [1757085694.393751224] [waypoint_follower]: Created waypoint_task_executor : wait_at_waypoint of type nav2_waypoint_follower::WaitAtWaypoint
[lifecycle_manager-9] [INFO] [1757085694.394128170] [lifecycle_manager_navigation]: [34m[1mConfiguring velocity_smoother[0m[0m
[velocity_smoother-8] [INFO] [1757085694.394257892] [velocity_smoother]: Configuring velocity smoother
[lifecycle_manager-9] [INFO] [1757085694.395687879] [lifecycle_manager_navigation]: [34m[1mActivating controller_server[0m[0m
[controller_server-2] [INFO] [1757085694.395775444] [controller_server]: Activating
[controller_server-2] [INFO] [1757085694.395808232] [local_costmap.local_costmap]: Activating
[controller_server-2] [INFO] [1757085694.395822188] [local_costmap.local_costmap]: Checking transform
[controller_server-2] [INFO] [1757085694.395844553] [local_costmap.local_costmap]: Timed out waiting for transform from base_link to odom to become available, tf error: Invalid frame ID "odom" passed to canTransform argument target_frame - frame does not exist
[rviz2-11] [INFO] [1757085694.740582205] [rviz2]: Stereo is NOT SUPPORTED
[rviz2-11] [INFO] [1757085694.740639518] [rviz2]: OpenGl version: 4.6 (GLSL 4.6)
[rviz2-11] [INFO] [1757085694.779913760] [rviz2]: Stereo is NOT SUPPORTED
[controller_server-2] [INFO] [1757085694.895931454] [local_costmap.local_costmap]: Timed out waiting for transform from base_link to odom to become available, tf error: Invalid frame ID "odom" passed to canTransform argument target_frame - frame does not exist
[controller_server-2] [INFO] [1757085695.395924632] [local_costmap.local_costmap]: Timed out waiting for transform from base_link to odom to become available, tf error: Invalid frame ID "odom" passed to canTransform argument target_frame - frame does not exist
[controller_server-2] [INFO] [1757085695.895898617] [local_costmap.local_costmap]: Timed out waiting for transform from base_link to odom to become available, tf error: Invalid frame ID "odom" passed to canTransform argument target_frame - frame does not exist
[controller_server-2] [INFO] [1757085696.395910780] [local_costmap.local_costmap]: Timed out waiting for transform from base_link to odom to become available, tf error: Invalid frame ID "odom" passed to canTransform argument target_frame - frame does not exist
[controller_server-2] [INFO] [1757085696.895931293] [local_costmap.local_costmap]: Timed out waiting for transform from base_link to odom to become available, tf error: Invalid frame ID "odom" passed to canTransform argument target_frame - frame does not exist
[controller_server-2] [INFO] [1757085697.395887628] [local_costmap.local_costmap]: Timed out waiting for transform from base_link to odom to become available, tf error: Invalid frame ID "odom" passed to canTransform argument target_frame - frame does not exist
[controller_server-2] [INFO] [1757085697.895913755] [local_costmap.local_costmap]: Timed out waiting for transform from base_link to odom to become available, tf error: Invalid frame ID "odom" passed to canTransform argument target_frame - frame does not exist
[controller_server-2] [INFO] [1757085698.395993357] [local_costmap.local_costmap]: Timed out waiting for transform from base_link to odom to become available, tf error: Invalid frame ID "odom" passed to canTransform argument target_frame - frame does not exist
[controller_server-2] [INFO] [1757085698.895931251] [local_costmap.local_costmap]: Timed out waiting for transform from base_link to odom to become available, tf error: Invalid frame ID "odom" passed to canTransform argument target_frame - frame does not exist
[controller_server-2] [INFO] [1757085699.395927993] [local_costmap.local_costmap]: Timed out waiting for transform from base_link to odom to become available, tf error: Invalid frame ID "odom" passed to canTransform argument target_frame - frame does not exist
[controller_server-2] [INFO] [1757085699.895923406] [local_costmap.local_costmap]: Timed out waiting for transform from base_link to odom to become available, tf error: Invalid frame ID "odom" passed to canTransform argument target_frame - frame does not exist
[controller_server-2] [INFO] [1757085700.396195521] [local_costmap.local_costmap]: start
[controller_server-2] [INFO] [1757085700.598132414] [controller_server]: Activating controller: FollowPath of type regulated_pure_pursuit_controller::RegulatedPurePursuitController
[controller_server-2] [INFO] [1757085700.598226422] [controller_server]: Creating bond (controller_server) to lifecycle manager.
[lifecycle_manager-9] [INFO] [1757085700.706863041] [lifecycle_manager_navigation]: Server controller_server connected with bond.
[lifecycle_manager-9] [INFO] [1757085700.706965727] [lifecycle_manager_navigation]: [34m[1mActivating smoother_server[0m[0m
[smoother_server-3] [INFO] [1757085700.707624980] [smoother_server]: Activating
[smoother_server-3] [INFO] [1757085700.707728274] [smoother_server]: Creating bond (smoother_server) to lifecycle manager.
[lifecycle_manager-9] [INFO] [1757085700.814945151] [lifecycle_manager_navigation]: Server smoother_server connected with bond.
[lifecycle_manager-9] [INFO] [1757085700.815036637] [lifecycle_manager_navigation]: [34m[1mActivating planner_server[0m[0m
[planner_server-4] [INFO] [1757085700.815622081] [planner_server]: Activating
[planner_server-4] [INFO] [1757085700.815741128] [global_costmap.global_costmap]: Activating
[planner_server-4] [INFO] [1757085700.815778591] [global_costmap.global_costmap]: Checking transform
[planner_server-4] [INFO] [1757085700.815837619] [global_costmap.global_costmap]: Timed out waiting for transform from base_link to map to become available, tf error: Invalid frame ID "map" passed to canTransform argument target_frame - frame does not exist
[planner_server-4] [INFO] [1757085701.315982287] [global_costmap.global_costmap]: Timed out waiting for transform from base_link to map to become available, tf error: Invalid frame ID "map" passed to canTransform argument target_frame - frame does not exist
[planner_server-4] [INFO] [1757085701.815982831] [global_costmap.global_costmap]: Timed out waiting for transform from base_link to map to become available, tf error: Invalid frame ID "map" passed to canTransform argument target_frame - frame does not exist
[planner_server-4] [INFO] [1757085702.315933123] [global_costmap.global_costmap]: Timed out waiting for transform from base_link to map to become available, tf error: Invalid frame ID "map" passed to canTransform argument target_frame - frame does not exist
[async_slam_toolbox_node-1] [WARN] [1757085702.459083235] [slam]: minimum laser range setting (0.0 m) exceeds the capabilities of the used Lidar (0.1 m)
[planner_server-4] [INFO] [1757085702.816116443] [global_costmap.global_costmap]: start
[planner_server-4] [INFO] [1757085703.817893787] [planner_server]: Activating plugin GridBased of type NavfnPlanner
[planner_server-4] [INFO] [1757085703.819613199] [planner_server]: Creating bond (planner_server) to lifecycle manager.
[rviz2-11] [INFO] [1757085703.835932193] [rviz2]: Trying to create a map of size 100 x 100 using 1 swatches
[lifecycle_manager-9] [INFO] [1757085703.926634704] [lifecycle_manager_navigation]: Server planner_server connected with bond.
[lifecycle_manager-9] [INFO] [1757085703.926738109] [lifecycle_manager_navigation]: [34m[1mActivating behavior_server[0m[0m
[behavior_server-5] [INFO] [1757085703.927342480] [behavior_server]: Activating
[behavior_server-5] [INFO] [1757085703.927411349] [behavior_server]: Activating spin
[behavior_server-5] [INFO] [1757085703.927438474] [behavior_server]: Activating backup
[behavior_server-5] [INFO] [1757085703.927457358] [behavior_server]: Activating drive_on_heading
[behavior_server-5] [INFO] [1757085703.927474215] [behavior_server]: Activating wait
[behavior_server-5] [INFO] [1757085703.927491452] [behavior_server]: Activating assisted_teleop
[behavior_server-5] [INFO] [1757085703.927515130] [behavior_server]: Creating bond (behavior_server) to lifecycle manager.
[lifecycle_manager-9] [INFO] [1757085704.035129802] [lifecycle_manager_navigation]: Server behavior_server connected with bond.
[lifecycle_manager-9] [INFO] [1757085704.035226881] [lifecycle_manager_navigation]: [34m[1mActivating bt_navigator[0m[0m
[bt_navigator-6] [INFO] [1757085704.035866719] [bt_navigator]: Activating
[bt_navigator-6] [INFO] [1757085704.068033458] [bt_navigator]: Creating bond (bt_navigator) to lifecycle manager.
[lifecycle_manager-9] [INFO] [1757085704.169652022] [lifecycle_manager_navigation]: Server bt_navigator connected with bond.
[lifecycle_manager-9] [INFO] [1757085704.169741350] [lifecycle_manager_navigation]: [34m[1mActivating waypoint_follower[0m[0m
[waypoint_follower-7] [INFO] [1757085704.170479011] [waypoint_follower]: Activating
[waypoint_follower-7] [INFO] [1757085704.170586837] [waypoint_follower]: Creating bond (waypoint_follower) to lifecycle manager.
[lifecycle_manager-9] [INFO] [1757085704.279585140] [lifecycle_manager_navigation]: Server waypoint_follower connected with bond.
[lifecycle_manager-9] [INFO] [1757085704.279681597] [lifecycle_manager_navigation]: [34m[1mActivating velocity_smoother[0m[0m
[velocity_smoother-8] [INFO] [1757085704.280307802] [velocity_smoother]: Activating
[velocity_smoother-8] [INFO] [1757085704.280429893] [velocity_smoother]: Creating bond (velocity_smoother) to lifecycle manager.
[planner_server-4] [INFO] [1757085704.327775716] [global_costmap.global_costmap]: StaticLayer: Resizing costmap to 62 X 36 at 0.040000 m/pix
[rviz2-11] [INFO] [1757085704.348517579] [rviz2]: Trying to create a map of size 62 x 36 using 1 swatches
[lifecycle_manager-9] [INFO] [1757085704.388439640] [lifecycle_manager_navigation]: Server velocity_smoother connected with bond.
[lifecycle_manager-9] [INFO] [1757085704.388495672] [lifecycle_manager_navigation]: [34m[1mManaged nodes are active[0m[0m
[lifecycle_manager-9] [INFO] [1757085704.388508405] [lifecycle_manager_navigation]: [34m[1mCreating bond timer...[0m[0m
[rviz2-11] [INFO] [1757085705.851768237] [rviz2]: Trying to create a map of size 62 x 36 using 1 swatches
[explore-10] [INFO] [1757085706.323792125] [explore_node]: Waiting to connect to move_base nav2 server
[explore-10] [INFO] [1757085706.324074928] [explore_node]: Connected to move_base nav2 server
[explore-10] [INFO] [1757085706.324085600] [explore_node]: Getting initial pose of the robot
[explore-10] [ERROR] [1757085706.630053864] [explore_node]: Extrapolation Error looking up robot pose: Lookup would require extrapolation at time 1757085706.324149, but only time 1757085702.569006 is in the buffer, when looking up transform from frame [base_link] to frame [map]
[explore-10] 
[explore-10] [INFO] [1757085706.634315786] [explore_node]: [NAV] Remembered last goal (1.22, 0.39, yaw from quat).
[bt_navigator-6] [INFO] [1757085706.635864034] [bt_navigator]: Begin navigating from current location (0.00, 0.00) to (1.22, 0.39)
[controller_server-2] [INFO] [1757085706.657548384] [controller_server]: Received a goal, begin computing control effort.
[controller_server-2] [WARN] [1757085706.657658900] [controller_server]: No goal checker was specified in parameter 'current_goal_checker'. Server will use only plugin loaded goal_checker . This warning will appear once.
[controller_server-2] [ERROR] [1757085706.759187588] [controller_server]: Exception in transformPose: Lookup would require extrapolation at time 1757085706.620739, but only time 1757085702.569006 is in the buffer, when looking up transform from frame [odom] to frame [map]
[controller_server-2] [WARN] [1757085706.759343027] [controller_server]: Unable to transform robot pose into global plan's frame
[controller_server-2] [WARN] [1757085706.759601911] [controller_server]: Control loop missed its desired rate of 10.0000Hz
[controller_server-2] [ERROR] [1757085706.861021395] [controller_server]: Exception in transformPose: Lookup would require extrapolation at time 1757085706.720715, but only time 1757085702.569006 is in the buffer, when looking up transform from frame [odom] to frame [map]
[controller_server-2] [WARN] [1757085706.861145040] [controller_server]: Unable to transform robot pose into global plan's frame
[controller_server-2] [WARN] [1757085706.861378433] [controller_server]: Control loop missed its desired rate of 10.0000Hz
[controller_server-2] [ERROR] [1757085706.963321379] [controller_server]: Exception in transformPose: Lookup would require extrapolation at time 1757085706.770745, but only time 1757085702.569006 is in the buffer, when looking up transform from frame [odom] to frame [map]
[controller_server-2] [WARN] [1757085706.963440582] [controller_server]: Unable to transform robot pose into global plan's frame
[controller_server-2] [WARN] [1757085706.963628591] [controller_server]: Control loop missed its desired rate of 10.0000Hz
[controller_server-2] [ERROR] [1757085707.065612281] [controller_server]: Exception in transformPose: Lookup would require extrapolation at time 1757085706.920887, but only time 1757085702.569006 is in the buffer, when looking up transform from frame [odom] to frame [map]
[controller_server-2] [WARN] [1757085707.065760457] [controller_server]: Unable to transform robot pose into global plan's frame
[controller_server-2] [WARN] [1757085707.065972714] [controller_server]: Control loop missed its desired rate of 10.0000Hz
[controller_server-2] [ERROR] [1757085707.168219525] [controller_server]: Exception in transformPose: Lookup would require extrapolation at time 1757085706.920887, but only time 1757085702.569006 is in the buffer, when looking up transform from frame [odom] to frame [map]
[controller_server-2] [WARN] [1757085707.168333468] [controller_server]: Unable to transform robot pose into global plan's frame
[controller_server-2] [WARN] [1757085707.168512248] [controller_server]: Control loop missed its desired rate of 10.0000Hz
[controller_server-2] [ERROR] [1757085707.270252625] [controller_server]: Exception in transformPose: Lookup would require extrapolation at time 1757085706.920887, but only time 1757085702.569006 is in the buffer, when looking up transform from frame [odom] to frame [map]
[controller_server-2] [WARN] [1757085707.270445484] [controller_server]: Unable to transform robot pose into global plan's frame
[controller_server-2] [WARN] [1757085707.270667730] [controller_server]: Control loop missed its desired rate of 10.0000Hz
[controller_server-2] [ERROR] [1757085707.372196169] [controller_server]: Exception in transformPose: Lookup would require extrapolation at time 1757085706.920887, but only time 1757085702.569006 is in the buffer, when looking up transform from frame [odom] to frame [map]
[controller_server-2] [WARN] [1757085707.372321634] [controller_server]: Unable to transform robot pose into global plan's frame
[controller_server-2] [WARN] [1757085707.372526895] [controller_server]: Control loop missed its desired rate of 10.0000Hz
[controller_server-2] [ERROR] [1757085707.473645308] [controller_server]: Exception in transformPose: Lookup would require extrapolation at time 1757085706.920887, but only time 1757085702.569006 is in the buffer, when looking up transform from frame [odom] to frame [map]
[controller_server-2] [WARN] [1757085707.473760841] [controller_server]: Unable to transform robot pose into global plan's frame
[controller_server-2] [WARN] [1757085707.473936927] [controller_server]: Control loop missed its desired rate of 10.0000Hz
[controller_server-2] [ERROR] [1757085707.575036178] [controller_server]: Exception in transformPose: Lookup would require extrapolation at time 1757085707.420908, but only time 1757085702.569006 is in the buffer, when looking up transform from frame [odom] to frame [map]
[controller_server-2] [WARN] [1757085707.575155793] [controller_server]: Unable to transform robot pose into global plan's frame
[controller_server-2] [WARN] [1757085707.575356725] [controller_server]: Control loop missed its desired rate of 10.0000Hz
[controller_server-2] [ERROR] [1757085707.676318971] [controller_server]: Exception in transformPose: Lookup would require extrapolation at time 1757085707.520704, but only time 1757085702.569006 is in the buffer, when looking up transform from frame [odom] to frame [map]
[controller_server-2] [WARN] [1757085707.676423524] [controller_server]: Unable to transform robot pose into global plan's frame
[controller_server-2] [WARN] [1757085707.676588574] [controller_server]: Control loop missed its desired rate of 10.0000Hz
[controller_server-2] [ERROR] [1757085707.778310841] [controller_server]: Exception in transformPose: Lookup would require extrapolation at time 1757085707.570661, but only time 1757085702.569006 is in the buffer, when looking up transform from frame [odom] to frame [map]
[controller_server-2] [WARN] [1757085707.778445299] [controller_server]: Unable to transform robot pose into global plan's frame
[controller_server-2] [WARN] [1757085707.778633922] [controller_server]: Control loop missed its desired rate of 10.0000Hz
[controller_server-2] [INFO] [1757085707.778661032] [controller_server]: Passing new path to controller.
[controller_server-2] [ERROR] [1757085707.879928662] [controller_server]: Exception in transformPose: Lookup would require extrapolation at time 1757085707.720742, but only time 1757085702.569006 is in the buffer, when looking up transform from frame [odom] to frame [map]
[controller_server-2] [WARN] [1757085707.880051820] [controller_server]: Unable to transform robot pose into global plan's frame
[controller_server-2] [WARN] [1757085707.880236589] [controller_server]: Control loop missed its desired rate of 10.0000Hz
[controller_server-2] [ERROR] [1757085707.981512923] [controller_server]: Exception in transformPose: Lookup would require extrapolation at time 1757085707.820761, but only time 1757085702.569006 is in the buffer, when looking up transform from frame [odom] to frame [map]
[controller_server-2] [WARN] [1757085707.981633794] [controller_server]: Unable to transform robot pose into global plan's frame
[controller_server-2] [WARN] [1757085707.981821281] [controller_server]: Control loop missed its desired rate of 10.0000Hz
[controller_server-2] [ERROR] [1757085708.083034973] [controller_server]: Exception in transformPose: Lookup would require extrapolation at time 1757085707.920707, but only time 1757085702.569006 is in the buffer, when looking up transform from frame [odom] to frame [map]
[controller_server-2] [WARN] [1757085708.083164831] [controller_server]: Unable to transform robot pose into global plan's frame
[controller_server-2] [WARN] [1757085708.083347964] [controller_server]: Control loop missed its desired rate of 10.0000Hz
[controller_server-2] [ERROR] [1757085708.184429526] [controller_server]: Exception in transformPose: Lookup would require extrapolation at time 1757085708.020787, but only time 1757085702.569006 is in the buffer, when looking up transform from frame [odom] to frame [map]
[controller_server-2] [WARN] [1757085708.184545405] [controller_server]: Unable to transform robot pose into global plan's frame
[controller_server-2] [WARN] [1757085708.184722349] [controller_server]: Control loop missed its desired rate of 10.0000Hz
[controller_server-2] [ERROR] [1757085708.286080530] [controller_server]: Exception in transformPose: Lookup would require extrapolation at time 1757085708.122741, but only time 1757085702.569006 is in the buffer, when looking up transform from frame [odom] to frame [map]
[controller_server-2] [WARN] [1757085708.286203483] [controller_server]: Unable to transform robot pose into global plan's frame
[controller_server-2] [WARN] [1757085708.286387844] [controller_server]: Control loop missed its desired rate of 10.0000Hz
[controller_server-2] [ERROR] [1757085708.387916944] [controller_server]: Exception in transformPose: Lookup would require extrapolation at time 1757085708.170724, but only time 1757085702.569006 is in the buffer, when looking up transform from frame [odom] to frame [map]
[controller_server-2] [WARN] [1757085708.388032796] [controller_server]: Unable to transform robot pose into global plan's frame
[controller_server-2] [WARN] [1757085708.388214151] [controller_server]: Control loop missed its desired rate of 10.0000Hz
[controller_server-2] [ERROR] [1757085708.489575360] [controller_server]: Exception in transformPose: Lookup would require extrapolation at time 1757085708.320728, but only time 1757085702.569006 is in the buffer, when looking up transform from frame [odom] to frame [map]
[controller_server-2] [WARN] [1757085708.489693523] [controller_server]: Unable to transform robot pose into global plan's frame
[controller_server-2] [WARN] [1757085708.489871134] [controller_server]: Control loop missed its desired rate of 10.0000Hz
[controller_server-2] [ERROR] [1757085708.591209566] [controller_server]: Exception in transformPose: Lookup would require extrapolation at time 1757085708.420706, but only time 1757085702.569006 is in the buffer, when looking up transform from frame [odom] to frame [map]
[controller_server-2] [WARN] [1757085708.591331174] [controller_server]: Unable to transform robot pose into global plan's frame
[controller_server-2] [WARN] [1757085708.591514558] [controller_server]: Control loop missed its desired rate of 10.0000Hz
[controller_server-2] [ERROR] [1757085708.692684362] [controller_server]: Exception in transformPose: Lookup would require extrapolation at time 1757085708.520869, but only time 1757085702.569006 is in the buffer, when looking up transform from frame [odom] to frame [map]
[controller_server-2] [WARN] [1757085708.692801670] [controller_server]: Unable to transform robot pose into global plan's frame
[controller_server-2] [ERROR] [1757085708.692860514] [controller_server]: Controller patience exceeded
[controller_server-2] [WARN] [1757085708.692933699] [controller_server]: [follow_path] [ActionServer] Aborting handle.
[controller_server-2] [INFO] [1757085708.706479427] [local_costmap.local_costmap]: Received request to clear entirely the local_costmap
[controller_server-2] [INFO] [1757085708.709264830] [controller_server]: Received a goal, begin computing control effort.
[controller_server-2] [INFO] [1757085708.799441761] [controller_server]: Passing new path to controller.
[controller_server-2] [ERROR] [1757085708.900802711] [controller_server]: Exception in transformPose: Lookup would require extrapolation at time 1757085708.724273, but only time 1757085702.569006 is in the buffer, when looking up transform from frame [odom] to frame [map]
[controller_server-2] [WARN] [1757085708.900924735] [controller_server]: Unable to transform robot pose into global plan's frame
[controller_server-2] [WARN] [1757085708.901111891] [controller_server]: Control loop missed its desired rate of 10.0000Hz
[controller_server-2] [ERROR] [1757085709.002186061] [controller_server]: Exception in transformPose: Lookup would require extrapolation at time 1757085708.820723, but only time 1757085702.569006 is in the buffer, when looking up transform from frame [odom] to frame [map]
[controller_server-2] [WARN] [1757085709.002306913] [controller_server]: Unable to transform robot pose into global plan's frame
[controller_server-2] [WARN] [1757085709.002483916] [controller_server]: Control loop missed its desired rate of 10.0000Hz
[controller_server-2] [ERROR] [1757085709.103836041] [controller_server]: Exception in transformPose: Lookup would require extrapolation at time 1757085708.920748, but only time 1757085702.569006 is in the buffer, when looking up transform from frame [odom] to frame [map]
[controller_server-2] [WARN] [1757085709.104008685] [controller_server]: Unable to transform robot pose into global plan's frame
[controller_server-2] [WARN] [1757085709.104212647] [controller_server]: Control loop missed its desired rate of 10.0000Hz
[controller_server-2] [ERROR] [1757085709.205449601] [controller_server]: Exception in transformPose: Lookup would require extrapolation at time 1757085709.020748, but only time 1757085702.569006 is in the buffer, when looking up transform from frame [odom] to frame [map]
[controller_server-2] [WARN] [1757085709.205568498] [controller_server]: Unable to transform robot pose into global plan's frame
[controller_server-2] [WARN] [1757085709.205751861] [controller_server]: Control loop missed its desired rate of 10.0000Hz
[controller_server-2] [ERROR] [1757085709.307344399] [controller_server]: Exception in transformPose: Lookup would require extrapolation at time 1757085709.070667, but only time 1757085702.569006 is in the buffer, when looking up transform from frame [odom] to frame [map]
[controller_server-2] [WARN] [1757085709.307493702] [controller_server]: Unable to transform robot pose into global plan's frame
[controller_server-2] [WARN] [1757085709.307791968] [controller_server]: Control loop missed its desired rate of 10.0000Hz
[controller_server-2] [ERROR] [1757085709.409679785] [controller_server]: Exception in transformPose: Lookup would require extrapolation at time 1757085709.222702, but only time 1757085702.569006 is in the buffer, when looking up transform from frame [odom] to frame [map]
[controller_server-2] [WARN] [1757085709.409824893] [controller_server]: Unable to transform robot pose into global plan's frame
[controller_server-2] [WARN] [1757085709.410190626] [controller_server]: Control loop missed its desired rate of 10.0000Hz
[controller_server-2] [ERROR] [1757085709.511971323] [controller_server]: Exception in transformPose: Lookup would require extrapolation at time 1757085709.320723, but only time 1757085702.569006 is in the buffer, when looking up transform from frame [odom] to frame [map]
[controller_server-2] [WARN] [1757085709.512106239] [controller_server]: Unable to transform robot pose into global plan's frame
[controller_server-2] [ERROR] [1757085709.711700291] [controller_server]: Exception in transformPose: Lookup would require extrapolation at time 1757085709.570841, but only time 1757085702.569006 is in the buffer, when looking up transform from frame [odom] to frame [map]
[controller_server-2] [WARN] [1757085709.711819896] [controller_server]: Unable to transform robot pose into global plan's frame
[controller_server-2] [WARN] [1757085709.712010912] [controller_server]: Control loop missed its desired rate of 10.0000Hz
[controller_server-2] [ERROR] [1757085709.813258900] [controller_server]: Exception in transformPose: Lookup would require extrapolation at time 1757085709.620701, but only time 1757085702.569006 is in the buffer, when looking up transform from frame [odom] to frame [map]
[controller_server-2] [WARN] [1757085709.813364896] [controller_server]: Unable to transform robot pose into global plan's frame
[controller_server-2] [WARN] [1757085709.813521867] [controller_server]: Control loop missed its desired rate of 10.0000Hz
[controller_server-2] [INFO] [1757085709.813545656] [controller_server]: Passing new path to controller.
[controller_server-2] [ERROR] [1757085709.914939430] [controller_server]: Exception in transformPose: Lookup would require extrapolation at time 1757085709.720697, but only time 1757085702.569006 is in the buffer, when looking up transform from frame [odom] to frame [map]
[controller_server-2] [WARN] [1757085709.915062648] [controller_server]: Unable to transform robot pose into global plan's frame
[controller_server-2] [WARN] [1757085709.915260539] [controller_server]: Control loop missed its desired rate of 10.0000Hz
[controller_server-2] [ERROR] [1757085710.017014746] [controller_server]: Exception in transformPose: Lookup would require extrapolation at time 1757085709.870729, but only time 1757085702.569006 is in the buffer, when looking up transform from frame [odom] to frame [map]
[controller_server-2] [WARN] [1757085710.017141714] [controller_server]: Unable to transform robot pose into global plan's frame
[controller_server-2] [WARN] [1757085710.017325985] [controller_server]: Control loop missed its desired rate of 10.0000Hz
[controller_server-2] [ERROR] [1757085710.119281780] [controller_server]: Exception in transformPose: Lookup would require extrapolation at time 1757085709.970702, but only time 1757085702.569006 is in the buffer, when looking up transform from frame [odom] to frame [map]
[controller_server-2] [WARN] [1757085710.119481063] [controller_server]: Unable to transform robot pose into global plan's frame
[controller_server-2] [WARN] [1757085710.119677375] [controller_server]: Control loop missed its desired rate of 10.0000Hz
[controller_server-2] [ERROR] [1757085710.221344676] [controller_server]: Exception in transformPose: Lookup would require extrapolation at time 1757085710.070733, but only time 1757085702.569006 is in the buffer, when looking up transform from frame [odom] to frame [map]
[controller_server-2] [WARN] [1757085710.221477283] [controller_server]: Unable to transform robot pose into global plan's frame
[controller_server-2] [WARN] [1757085710.221669189] [controller_server]: Control loop missed its desired rate of 10.0000Hz
[controller_server-2] [ERROR] [1757085710.323304058] [controller_server]: Exception in transformPose: Lookup would require extrapolation at time 1757085710.070733, but only time 1757085702.569006 is in the buffer, when looking up transform from frame [odom] to frame [map]
[controller_server-2] [WARN] [1757085710.323464686] [controller_server]: Unable to transform robot pose into global plan's frame
[controller_server-2] [WARN] [1757085710.323732029] [controller_server]: Control loop missed its desired rate of 10.0000Hz
[controller_server-2] [ERROR] [1757085710.424920225] [controller_server]: Exception in transformPose: Lookup would require extrapolation at time 1757085710.270735, but only time 1757085702.569006 is in the buffer, when looking up transform from frame [odom] to frame [map]
[controller_server-2] [WARN] [1757085710.425045149] [controller_server]: Unable to transform robot pose into global plan's frame
[controller_server-2] [WARN] [1757085710.425233791] [controller_server]: Control loop missed its desired rate of 10.0000Hz
[controller_server-2] [ERROR] [1757085710.526487084] [controller_server]: Exception in transformPose: Lookup would require extrapolation at time 1757085710.370742, but only time 1757085702.569006 is in the buffer, when looking up transform from frame [odom] to frame [map]
[controller_server-2] [WARN] [1757085710.526610539] [controller_server]: Unable to transform robot pose into global plan's frame
[controller_server-2] [WARN] [1757085710.526839588] [controller_server]: Control loop missed its desired rate of 10.0000Hz
[controller_server-2] [ERROR] [1757085710.628011099] [controller_server]: Exception in transformPose: Lookup would require extrapolation at time 1757085710.470724, but only time 1757085702.569006 is in the buffer, when looking up transform from frame [odom] to frame [map]
[controller_server-2] [WARN] [1757085710.628129764] [controller_server]: Unable to transform robot pose into global plan's frame
[controller_server-2] [WARN] [1757085710.628307567] [controller_server]: Control loop missed its desired rate of 10.0000Hz
[controller_server-2] [ERROR] [1757085710.730143044] [controller_server]: Exception in transformPose: Lookup would require extrapolation at time 1757085710.470724, but only time 1757085702.569006 is in the buffer, when looking up transform from frame [odom] to frame [map]
[controller_server-2] [WARN] [1757085710.730262042] [controller_server]: Unable to transform robot pose into global plan's frame
[controller_server-2] [ERROR] [1757085710.730304583] [controller_server]: Controller patience exceeded
[controller_server-2] [WARN] [1757085710.730382514] [controller_server]: [follow_path] [ActionServer] Aborting handle.
[controller_server-2] [INFO] [1757085710.748677886] [local_costmap.local_costmap]: Received request to clear entirely the local_costmap
[planner_server-4] [INFO] [1757085710.751005376] [global_costmap.global_costmap]: Received request to clear entirely the global_costmap
[controller_server-2] [INFO] [1757085710.836888302] [controller_server]: Received a goal, begin computing control effort.
[controller_server-2] [ERROR] [1757085710.938133792] [controller_server]: Exception in transformPose: Lookup would require extrapolation at time 1757085710.470724, but only time 1757085702.569006 is in the buffer, when looking up transform from frame [odom] to frame [map]
[controller_server-2] [WARN] [1757085710.938291075] [controller_server]: Unable to transform robot pose into global plan's frame
[controller_server-2] [WARN] [1757085710.938471840] [controller_server]: Control loop missed its desired rate of 10.0000Hz
[controller_server-2] [ERROR] [1757085711.039667359] [controller_server]: Exception in transformPose: Lookup would require extrapolation at time 1757085710.470724, but only time 1757085702.569006 is in the buffer, when looking up transform from frame [odom] to frame [map]
[controller_server-2] [WARN] [1757085711.039847241] [controller_server]: Unable to transform robot pose into global plan's frame
[controller_server-2] [WARN] [1757085711.040095367] [controller_server]: Control loop missed its desired rate of 10.0000Hz
[controller_server-2] [ERROR] [1757085711.141332842] [controller_server]: Exception in transformPose: Lookup would require extrapolation at time 1757085710.970731, but only time 1757085702.569006 is in the buffer, when looking up transform from frame [odom] to frame [map]
[controller_server-2] [WARN] [1757085711.141453014] [controller_server]: Unable to transform robot pose into global plan's frame
[controller_server-2] [WARN] [1757085711.141616748] [controller_server]: Control loop missed its desired rate of 10.0000Hz
[controller_server-2] [ERROR] [1757085711.242783519] [controller_server]: Exception in transformPose: Lookup would require extrapolation at time 1757085711.120720, but only time 1757085702.569006 is in the buffer, when looking up transform from frame [odom] to frame [map]
[controller_server-2] [WARN] [1757085711.242910586] [controller_server]: Unable to transform robot pose into global plan's frame
[controller_server-2] [WARN] [1757085711.243149717] [controller_server]: Control loop missed its desired rate of 10.0000Hz
[controller_server-2] [ERROR] [1757085711.344153831] [controller_server]: Exception in transformPose: Lookup would require extrapolation at time 1757085711.220737, but only time 1757085702.569006 is in the buffer, when looking up transform from frame [odom] to frame [map]
[controller_server-2] [WARN] [1757085711.344278780] [controller_server]: Unable to transform robot pose into global plan's frame
[controller_server-2] [WARN] [1757085711.344471109] [controller_server]: Control loop missed its desired rate of 10.0000Hz
[controller_server-2] [ERROR] [1757085711.445752054] [controller_server]: Exception in transformPose: Lookup would require extrapolation at time 1757085711.320714, but only time 1757085702.569006 is in the buffer, when looking up transform from frame [odom] to frame [map]
[controller_server-2] [WARN] [1757085711.445850915] [controller_server]: Unable to transform robot pose into global plan's frame
[controller_server-2] [WARN] [1757085711.446037559] [controller_server]: Control loop missed its desired rate of 10.0000Hz
[controller_server-2] [ERROR] [1757085711.547293544] [controller_server]: Exception in transformPose: Lookup would require extrapolation at time 1757085711.420750, but only time 1757085702.569006 is in the buffer, when looking up transform from frame [odom] to frame [map]
[controller_server-2] [WARN] [1757085711.547439352] [controller_server]: Unable to transform robot pose into global plan's frame
[controller_server-2] [WARN] [1757085711.547786203] [controller_server]: Control loop missed its desired rate of 10.0000Hz
[controller_server-2] [ERROR] [1757085711.648925556] [controller_server]: Exception in transformPose: Lookup would require extrapolation at time 1757085711.520846, but only time 1757085702.569006 is in the buffer, when looking up transform from frame [odom] to frame [map]
[controller_server-2] [WARN] [1757085711.649054208] [controller_server]: Unable to transform robot pose into global plan's frame
[controller_server-2] [WARN] [1757085711.649270948] [controller_server]: Control loop missed its desired rate of 10.0000Hz
[controller_server-2] [ERROR] [1757085711.750641008] [controller_server]: Exception in transformPose: Lookup would require extrapolation at time 1757085711.570771, but only time 1757085702.569006 is in the buffer, when looking up transform from frame [odom] to frame [map]
[controller_server-2] [WARN] [1757085711.750757138] [controller_server]: Unable to transform robot pose into global plan's frame
[controller_server-2] [WARN] [1757085711.750940176] [controller_server]: Control loop missed its desired rate of 10.0000Hz
[controller_server-2] [ERROR] [1757085711.852065983] [controller_server]: Exception in transformPose: Lookup would require extrapolation at time 1757085711.720737, but only time 1757085702.569006 is in the buffer, when looking up transform from frame [odom] to frame [map]
[controller_server-2] [WARN] [1757085711.852193919] [controller_server]: Unable to transform robot pose into global plan's frame
[controller_server-2] [WARN] [1757085711.852432245] [controller_server]: Control loop missed its desired rate of 10.0000Hz
[controller_server-2] [ERROR] [1757085711.953691301] [controller_server]: Exception in transformPose: Lookup would require extrapolation at time 1757085711.820852, but only time 1757085702.569006 is in the buffer, when looking up transform from frame [odom] to frame [map]
[controller_server-2] [WARN] [1757085711.953958210] [controller_server]: Unable to transform robot pose into global plan's frame
[controller_server-2] [WARN] [1757085711.954152687] [controller_server]: Control loop missed its desired rate of 10.0000Hz
[controller_server-2] [INFO] [1757085711.954180671] [controller_server]: Passing new path to controller.
[controller_server-2] [ERROR] [1757085712.055414888] [controller_server]: Exception in transformPose: Lookup would require extrapolation at time 1757085711.920697, but only time 1757085702.569006 is in the buffer, when looking up transform from frame [odom] to frame [map]
[controller_server-2] [WARN] [1757085712.055545818] [controller_server]: Unable to transform robot pose into global plan's frame
[controller_server-2] [WARN] [1757085712.055773712] [controller_server]: Control loop missed its desired rate of 10.0000Hz
[controller_server-2] [ERROR] [1757085712.157066544] [controller_server]: Exception in transformPose: Lookup would require extrapolation at time 1757085711.970764, but only time 1757085702.569006 is in the buffer, when looking up transform from frame [odom] to frame [map]
[controller_server-2] [WARN] [1757085712.157196392] [controller_server]: Unable to transform robot pose into global plan's frame
[controller_server-2] [WARN] [1757085712.157389476] [controller_server]: Control loop missed its desired rate of 10.0000Hz
[controller_server-2] [ERROR] [1757085712.258581322] [controller_server]: Exception in transformPose: Lookup would require extrapolation at time 1757085712.120712, but only time 1757085702.569006 is in the buffer, when looking up transform from frame [odom] to frame [map]
[controller_server-2] [WARN] [1757085712.258706376] [controller_server]: Unable to transform robot pose into global plan's frame
[controller_server-2] [WARN] [1757085712.258891677] [controller_server]: Control loop missed its desired rate of 10.0000Hz
[controller_server-2] [ERROR] [1757085712.359954395] [controller_server]: Exception in transformPose: Lookup would require extrapolation at time 1757085712.220731, but only time 1757085702.569006 is in the buffer, when looking up transform from frame [odom] to frame [map]
[controller_server-2] [WARN] [1757085712.360055278] [controller_server]: Unable to transform robot pose into global plan's frame
[controller_server-2] [WARN] [1757085712.360200801] [controller_server]: Control loop missed its desired rate of 10.0000Hz
[controller_server-2] [ERROR] [1757085712.461730061] [controller_server]: Exception in transformPose: Lookup would require extrapolation at time 1757085712.320759, but only time 1757085702.569006 is in the buffer, when looking up transform from frame [odom] to frame [map]
[controller_server-2] [WARN] [1757085712.461852845] [controller_server]: Unable to transform robot pose into global plan's frame
[controller_server-2] [WARN] [1757085712.462085944] [controller_server]: Control loop missed its desired rate of 10.0000Hz
[controller_server-2] [ERROR] [1757085712.563592834] [controller_server]: Exception in transformPose: Lookup would require extrapolation at time 1757085712.420905, but only time 1757085702.569006 is in the buffer, when looking up transform from frame [odom] to frame [map]
[controller_server-2] [WARN] [1757085712.563704734] [controller_server]: Unable to transform robot pose into global plan's frame
[controller_server-2] [WARN] [1757085712.563887110] [controller_server]: Control loop missed its desired rate of 10.0000Hz
[controller_server-2] [ERROR] [1757085712.665184380] [controller_server]: Exception in transformPose: Lookup would require extrapolation at time 1757085712.520684, but only time 1757085702.569006 is in the buffer, when looking up transform from frame [odom] to frame [map]
[controller_server-2] [WARN] [1757085712.665316781] [controller_server]: Unable to transform robot pose into global plan's frame
[controller_server-2] [WARN] [1757085712.665565263] [controller_server]: Control loop missed its desired rate of 10.0000Hz
[controller_server-2] [ERROR] [1757085712.766849358] [controller_server]: Exception in transformPose: Lookup would require extrapolation at time 1757085712.625551, but only time 1757085702.569006 is in the buffer, when looking up transform from frame [odom] to frame [map]
[controller_server-2] [WARN] [1757085712.766975736] [controller_server]: Unable to transform robot pose into global plan's frame
[controller_server-2] [WARN] [1757085712.767164802] [controller_server]: Control loop missed its desired rate of 10.0000Hz
[bt_navigator-6] [ERROR] [1757085712.768185299] [transformPoseInTargetFrame]: Extrapolation Error looking up target frame: Lookup would require extrapolation into the past.  Requested time 1757085702.569006 but the earliest data is at time 1757085702.720708, when looking up transform from frame [base_link] to frame [map]
[bt_navigator-6] 
[bt_navigator-6] [WARN] [1757085712.768423651] [BehaviorTreeEngine]: Behavior Tree tick rate 100.00 was exceeded!
[controller_server-2] [ERROR] [1757085712.868427689] [controller_server]: Exception in transformPose: Lookup would require extrapolation at time 1757085712.720733, but only time 1757085702.569006 is in the buffer, when looking up transform from frame [odom] to frame [map]
[controller_server-2] [WARN] [1757085712.868607274] [controller_server]: Unable to transform robot pose into global plan's frame
[controller_server-2] [ERROR] [1757085712.868668416] [controller_server]: Controller patience exceeded
[controller_server-2] [WARN] [1757085712.868769697] [controller_server]: [follow_path] [ActionServer] Aborting handle.
[bt_navigator-6] [ERROR] [1757085712.870126694] [transformPoseInTargetFrame]: Extrapolation Error looking up target frame: Lookup would require extrapolation into the past.  Requested time 1757085702.569006 but the earliest data is at time 1757085702.770732, when looking up transform from frame [base_link] to frame [map]
[bt_navigator-6] 
[bt_navigator-6] [WARN] [1757085712.870355152] [BehaviorTreeEngine]: Behavior Tree tick rate 100.00 was exceeded!
[bt_navigator-6] [ERROR] [1757085712.973100217] [transformPoseInTargetFrame]: Extrapolation Error looking up target frame: Lookup would require extrapolation into the past.  Requested time 1757085702.569006 but the earliest data is at time 1757085702.770732, when looking up transform from frame [base_link] to frame [map]
[bt_navigator-6] 
[bt_navigator-6] [WARN] [1757085712.973299129] [BehaviorTreeEngine]: Behavior Tree tick rate 100.00 was exceeded!
[controller_server-2] [INFO] [1757085712.973750986] [local_costmap.local_costmap]: Received request to clear entirely the local_costmap
[controller_server-2] [INFO] [1757085712.975545743] [controller_server]: Received a goal, begin computing control effort.
[bt_navigator-6] [ERROR] [1757085713.077823017] [transformPoseInTargetFrame]: Extrapolation Error looking up target frame: Lookup would require extrapolation into the past.  Requested time 1757085702.569006 but the earliest data is at time 1757085702.770732, when looking up transform from frame [base_link] to frame [map]
[bt_navigator-6] 
[bt_navigator-6] [WARN] [1757085713.078059334] [BehaviorTreeEngine]: Behavior Tree tick rate 100.00 was exceeded!
[controller_server-2] [ERROR] [1757085713.107011368] [controller_server]: Exception in transformPose: Lookup would require extrapolation at time 1757085712.820746, but only time 1757085702.569006 is in the buffer, when looking up transform from frame [odom] to frame [map]
[controller_server-2] [WARN] [1757085713.107146152] [controller_server]: Unable to transform robot pose into global plan's frame
[controller_server-2] [WARN] [1757085713.107352557] [controller_server]: Control loop missed its desired rate of 10.0000Hz
[planner_server-4] [ERROR] [1757085713.121583536] [transformPoseInTargetFrame]: Extrapolation Error looking up target frame: Lookup would require extrapolation into the past.  Requested time 1757085702.569006 but the earliest data is at time 1757085702.770732, when looking up transform from frame [base_link] to frame [map]
[planner_server-4] 
[planner_server-4] [ERROR] [1757085713.177167264] [transformPoseInTargetFrame]: Extrapolation Error looking up target frame: Lookup would require extrapolation into the past.  Requested time 1757085702.569006 but the earliest data is at time 1757085702.770732, when looking up transform from frame [base_link] to frame [map]
[planner_server-4] 
[planner_server-4] [WARN] [1757085713.177317232] [planner_server]: [compute_path_to_pose] [ActionServer] Aborting handle.
[bt_navigator-6] [ERROR] [1757085713.180242519] [transformPoseInTargetFrame]: Extrapolation Error looking up target frame: Lookup would require extrapolation into the past.  Requested time 1757085702.569006 but the earliest data is at time 1757085702.770732, when looking up transform from frame [base_link] to frame [map]
[bt_navigator-6] 
[bt_navigator-6] [WARN] [1757085713.180469819] [BehaviorTreeEngine]: Behavior Tree tick rate 100.00 was exceeded!
[controller_server-2] [ERROR] [1757085713.208487397] [controller_server]: Exception in transformPose: Lookup would require extrapolation at time 1757085712.820746, but only time 1757085702.569006 is in the buffer, when looking up transform from frame [odom] to frame [map]
[controller_server-2] [WARN] [1757085713.208565341] [controller_server]: Unable to transform robot pose into global plan's frame
[controller_server-2] [WARN] [1757085713.208709700] [controller_server]: Control loop missed its desired rate of 10.0000Hz
[bt_navigator-6] [ERROR] [1757085713.281888332] [transformPoseInTargetFrame]: Extrapolation Error looking up target frame: Lookup would require extrapolation into the past.  Requested time 1757085702.569006 but the earliest data is at time 1757085702.770732, when looking up transform from frame [base_link] to frame [map]
[bt_navigator-6] 
[bt_navigator-6] [WARN] [1757085713.282161752] [BehaviorTreeEngine]: Behavior Tree tick rate 100.00 was exceeded!
[planner_server-4] [INFO] [1757085713.282459362] [global_costmap.global_costmap]: Received request to clear entirely the global_costmap
[explore-10] [ERROR] [1757085713.296727158] [explore_node]: Extrapolation Error looking up robot pose: Lookup would require extrapolation into the future.  Requested time 1757085712.990407 but the latest data is at time 1757085712.820746, when looking up transform from frame [base_link] to frame [map]
[explore-10] 
[controller_server-2] [ERROR] [1757085713.310076362] [controller_server]: Exception in transformPose: Lookup would require extrapolation at time 1757085712.820746, but only time 1757085702.569006 is in the buffer, when looking up transform from frame [odom] to frame [map]
[controller_server-2] [WARN] [1757085713.310195301] [controller_server]: Unable to transform robot pose into global plan's frame
[controller_server-2] [WARN] [1757085713.310392336] [controller_server]: Control loop missed its desired rate of 10.0000Hz
[controller_server-2] [INFO] [1757085713.310420445] [controller_server]: Passing new path to controller.
[controller_server-2] [ERROR] [1757085713.310545330] [controller_server]: Invalid path, Path is empty.
[controller_server-2] [WARN] [1757085713.310593011] [controller_server]: [follow_path] [ActionServer] Aborting handle.
[bt_navigator-6] [ERROR] [1757085713.386821942] [transformPoseInTargetFrame]: Extrapolation Error looking up target frame: Lookup would require extrapolation into the past.  Requested time 1757085702.569006 but the earliest data is at time 1757085703.220760, when looking up transform from frame [base_link] to frame [map]
[bt_navigator-6] 
[bt_navigator-6] [WARN] [1757085713.386998497] [BehaviorTreeEngine]: Behavior Tree tick rate 100.00 was exceeded!
[bt_navigator-6] [ERROR] [1757085713.488684655] [transformPoseInTargetFrame]: Extrapolation Error looking up target frame: Lookup would require extrapolation into the past.  Requested time 1757085702.569006 but the earliest data is at time 1757085703.320691, when looking up transform from frame [base_link] to frame [map]
[bt_navigator-6] 
[bt_navigator-6] [WARN] [1757085713.488911845] [BehaviorTreeEngine]: Behavior Tree tick rate 100.00 was exceeded!
[bt_navigator-6] [ERROR] [1757085713.590867766] [transformPoseInTargetFrame]: Extrapolation Error looking up target frame: Lookup would require extrapolation into the past.  Requested time 1757085702.569006 but the earliest data is at time 1757085703.470736, when looking up transform from frame [base_link] to frame [map]
[bt_navigator-6] 
[bt_navigator-6] [WARN] [1757085713.591130207] [BehaviorTreeEngine]: Behavior Tree tick rate 100.00 was exceeded!
[bt_navigator-6] [ERROR] [1757085713.692568263] [transformPoseInTargetFrame]: Extrapolation Error looking up target frame: Lookup would require extrapolation into the past.  Requested time 1757085702.569006 but the earliest data is at time 1757085703.570798, when looking up transform from frame [base_link] to frame [map]
[bt_navigator-6] 
[bt_navigator-6] [WARN] [1757085713.692769245] [BehaviorTreeEngine]: Behavior Tree tick rate 100.00 was exceeded!
[bt_navigator-6] [ERROR] [1757085713.713684704] [bt_navigator_navigate_to_pose_rclcpp_node]: Failed to get result for compute_path_to_pose in node halt!
[behavior_server-5] [INFO] [1757085713.714752994] [behavior_server]: Running spin
[bt_navigator-6] [ERROR] [1757085713.815857771] [transformPoseInTargetFrame]: Extrapolation Error looking up target frame: Lookup would require extrapolation into the past.  Requested time 1757085702.569006 but the earliest data is at time 1757085703.773412, when looking up transform from frame [base_link] to frame [map]
[bt_navigator-6] 
[bt_navigator-6] [WARN] [1757085713.816049719] [BehaviorTreeEngine]: Behavior Tree tick rate 100.00 was exceeded!
[behavior_server-5] [ERROR] [1757085713.816135733] [transformPoseInTargetFrame]: Extrapolation Error looking up target frame: Lookup would require extrapolation into the past.  Requested time 1757085702.569006 but the earliest data is at time 1757085703.670785, when looking up transform from frame [base_link] to frame [map]
[behavior_server-5] 
[behavior_server-5] [ERROR] [1757085713.816213112] [behavior_server]: Current robot pose is not available.
[behavior_server-5] [INFO] [1757085713.816258837] [behavior_server]: Initial checks failed for spin
[behavior_server-5] [WARN] [1757085713.816303557] [behavior_server]: [spin] [ActionServer] Aborting handle.
[bt_navigator-6] [ERROR] [1757085713.918573918] [transformPoseInTargetFrame]: Extrapolation Error looking up target frame: Lookup would require extrapolation into the past.  Requested time 1757085702.569006 but the earliest data is at time 1757085703.870705, when looking up transform from frame [base_link] to frame [map]
[bt_navigator-6] 
[bt_navigator-6] [WARN] [1757085713.918816813] [BehaviorTreeEngine]: Behavior Tree tick rate 100.00 was exceeded!
[bt_navigator-6] [ERROR] [1757085714.021250981] [transformPoseInTargetFrame]: Extrapolation Error looking up target frame: Lookup would require extrapolation into the past.  Requested time 1757085702.569006 but the earliest data is at time 1757085703.986741, when looking up transform from frame [base_link] to frame [map]
[bt_navigator-6] 
[bt_navigator-6] [WARN] [1757085714.021496355] [BehaviorTreeEngine]: Behavior Tree tick rate 100.00 was exceeded!
[behavior_server-5] [INFO] [1757085714.022342018] [behavior_server]: Running wait
[planner_server-4] [ERROR] [1757085714.119689945] [transformPoseInTargetFrame]: Extrapolation Error looking up target frame: Lookup would require extrapolation into the past.  Requested time 1757085702.569006 but the earliest data is at time 1757085704.021443, when looking up transform from frame [base_link] to frame [map]
[planner_server-4] 
[bt_navigator-6] [ERROR] [1757085714.124521526] [transformPoseInTargetFrame]: Extrapolation Error looking up target frame: Lookup would require extrapolation into the past.  Requested time 1757085702.569006 but the earliest data is at time 1757085704.021443, when looking up transform from frame [base_link] to frame [map]
[bt_navigator-6] 
[bt_navigator-6] [WARN] [1757085714.124764066] [BehaviorTreeEngine]: Behavior Tree tick rate 100.00 was exceeded!
[bt_navigator-6] [ERROR] [1757085714.227063862] [transformPoseInTargetFrame]: Extrapolation Error looking up target frame: Lookup would require extrapolation into the past.  Requested time 1757085702.569006 but the earliest data is at time 1757085704.140762, when looking up transform from frame [base_link] to frame [map]
[bt_navigator-6] 
[bt_navigator-6] [WARN] [1757085714.227294649] [BehaviorTreeEngine]: Behavior Tree tick rate 100.00 was exceeded!
[bt_navigator-6] [ERROR] [1757085714.329575820] [transformPoseInTargetFrame]: Extrapolation Error looking up target frame: Lookup would require extrapolation into the past.  Requested time 1757085702.569006 but the earliest data is at time 1757085704.172303, when looking up transform from frame [base_link] to frame [map]
[bt_navigator-6] 
[bt_navigator-6] [WARN] [1757085714.329812541] [BehaviorTreeEngine]: Behavior Tree tick rate 100.00 was exceeded!
[bt_navigator-6] [ERROR] [1757085714.432189797] [transformPoseInTargetFrame]: Extrapolation Error looking up target frame: Lookup would require extrapolation into the past.  Requested time 1757085702.569006 but the earliest data is at time 1757085704.321355, when looking up transform from frame [base_link] to frame [map]
[bt_navigator-6] 
[bt_navigator-6] [WARN] [1757085714.432425306] [BehaviorTreeEngine]: Behavior Tree tick rate 100.00 was exceeded!
[bt_navigator-6] [ERROR] [1757085714.534569007] [transformPoseInTargetFrame]: Extrapolation Error looking up target frame: Lookup would require extrapolation into the past.  Requested time 1757085702.569006 but the earliest data is at time 1757085704.420919, when looking up transform from frame [base_link] to frame [map]
[bt_navigator-6] 
[bt_navigator-6] [WARN] [1757085714.534825069] [BehaviorTreeEngine]: Behavior Tree tick rate 100.00 was exceeded!
[bt_navigator-6] [ERROR] [1757085714.637196930] [transformPoseInTargetFrame]: Extrapolation Error looking up target frame: Lookup would require extrapolation into the past.  Requested time 1757085702.569006 but the earliest data is at time 1757085704.420919, when looking up transform from frame [base_link] to frame [map]
[bt_navigator-6] 
[bt_navigator-6] [WARN] [1757085714.637494064] [BehaviorTreeEngine]: Behavior Tree tick rate 100.00 was exceeded!
[bt_navigator-6] [ERROR] [1757085714.739900203] [transformPoseInTargetFrame]: Extrapolation Error looking up target frame: Lookup would require extrapolation into the past.  Requested time 1757085702.569006 but the earliest data is at time 1757085704.420919, when looking up transform from frame [base_link] to frame [map]
[bt_navigator-6] 
[bt_navigator-6] [WARN] [1757085714.740138443] [BehaviorTreeEngine]: Behavior Tree tick rate 100.00 was exceeded!
[bt_navigator-6] [ERROR] [1757085714.842513882] [transformPoseInTargetFrame]: Extrapolation Error looking up target frame: Lookup would require extrapolation into the past.  Requested time 1757085702.569006 but the earliest data is at time 1757085704.420919, when looking up transform from frame [base_link] to frame [map]
[bt_navigator-6] 
[bt_navigator-6] [WARN] [1757085714.842727228] [BehaviorTreeEngine]: Behavior Tree tick rate 100.00 was exceeded!
[bt_navigator-6] [ERROR] [1757085714.944826750] [transformPoseInTargetFrame]: Extrapolation Error looking up target frame: Lookup would require extrapolation into the past.  Requested time 1757085702.569006 but the earliest data is at time 1757085704.420919, when looking up transform from frame [base_link] to frame [map]
[bt_navigator-6] 
[bt_navigator-6] [WARN] [1757085714.945041260] [BehaviorTreeEngine]: Behavior Tree tick rate 100.00 was exceeded!
[bt_navigator-6] [ERROR] [1757085715.046956987] [transformPoseInTargetFrame]: Extrapolation Error looking up target frame: Lookup would require extrapolation into the past.  Requested time 1757085702.569006 but the earliest data is at time 1757085704.770726, when looking up transform from frame [base_link] to frame [map]
[bt_navigator-6] 
[bt_navigator-6] [WARN] [1757085715.047032181] [BehaviorTreeEngine]: Behavior Tree tick rate 100.00 was exceeded!
[planner_server-4] [ERROR] [1757085715.122466057] [transformPoseInTargetFrame]: Extrapolation Error looking up target frame: Lookup would require extrapolation into the past.  Requested time 1757085702.569006 but the earliest data is at time 1757085705.070676, when looking up transform from frame [base_link] to frame [map]
[planner_server-4] 
[bt_navigator-6] [ERROR] [1757085715.148862419] [transformPoseInTargetFrame]: Extrapolation Error looking up target frame: Lookup would require extrapolation into the past.  Requested time 1757085702.569006 but the earliest data is at time 1757085705.070676, when looking up transform from frame [base_link] to frame [map]
[bt_navigator-6] 
[bt_navigator-6] [WARN] [1757085715.148989518] [BehaviorTreeEngine]: Behavior Tree tick rate 100.00 was exceeded!
[bt_navigator-6] [ERROR] [1757085715.250225610] [transformPoseInTargetFrame]: Extrapolation Error looking up target frame: Lookup would require extrapolation into the past.  Requested time 1757085702.569006 but the earliest data is at time 1757085705.170811, when looking up transform from frame [base_link] to frame [map]
[bt_navigator-6] 
[bt_navigator-6] [WARN] [1757085715.250406909] [BehaviorTreeEngine]: Behavior Tree tick rate 100.00 was exceeded!
[bt_navigator-6] [ERROR] [1757085715.351441019] [transformPoseInTargetFrame]: Extrapolation Error looking up target frame: Lookup would require extrapolation into the past.  Requested time 1757085702.569006 but the earliest data is at time 1757085705.270734, when looking up transform from frame [base_link] to frame [map]
[bt_navigator-6] 
[bt_navigator-6] [WARN] [1757085715.351606989] [BehaviorTreeEngine]: Behavior Tree tick rate 100.00 was exceeded!
[bt_navigator-6] [ERROR] [1757085715.452655503] [transformPoseInTargetFrame]: Extrapolation Error looking up target frame: Lookup would require extrapolation into the past.  Requested time 1757085702.569006 but the earliest data is at time 1757085705.371397, when looking up transform from frame [base_link] to frame [map]
[bt_navigator-6] 
[bt_navigator-6] [WARN] [1757085715.452814348] [BehaviorTreeEngine]: Behavior Tree tick rate 100.00 was exceeded!
[bt_navigator-6] [ERROR] [1757085715.553870603] [transformPoseInTargetFrame]: Extrapolation Error looking up target frame: Lookup would require extrapolation into the past.  Requested time 1757085702.569006 but the earliest data is at time 1757085705.470722, when looking up transform from frame [base_link] to frame [map]
[bt_navigator-6] 
[bt_navigator-6] [WARN] [1757085715.554087626] [BehaviorTreeEngine]: Behavior Tree tick rate 100.00 was exceeded!
[bt_navigator-6] [ERROR] [1757085715.655167570] [transformPoseInTargetFrame]: Extrapolation Error looking up target frame: Lookup would require extrapolation into the past.  Requested time 1757085702.569006 but the earliest data is at time 1757085705.570667, when looking up transform from frame [base_link] to frame [map]
[bt_navigator-6] 
[bt_navigator-6] [WARN] [1757085715.655391663] [BehaviorTreeEngine]: Behavior Tree tick rate 100.00 was exceeded!
[bt_navigator-6] [ERROR] [1757085715.757256936] [transformPoseInTargetFrame]: Extrapolation Error looking up target frame: Lookup would require extrapolation into the past.  Requested time 1757085702.569006 but the earliest data is at time 1757085705.720722, when looking up transform from frame [base_link] to frame [map]
[bt_navigator-6] 
[bt_navigator-6] [WARN] [1757085715.757436262] [BehaviorTreeEngine]: Behavior Tree tick rate 100.00 was exceeded!
[bt_navigator-6] [ERROR] [1757085715.859471295] [transformPoseInTargetFrame]: Extrapolation Error looking up target frame: Lookup would require extrapolation into the past.  Requested time 1757085702.569006 but the earliest data is at time 1757085705.822706, when looking up transform from frame [base_link] to frame [map]
[bt_navigator-6] 
[bt_navigator-6] [WARN] [1757085715.859696117] [BehaviorTreeEngine]: Behavior Tree tick rate 100.00 was exceeded!
[bt_navigator-6] [ERROR] [1757085715.960997084] [transformPoseInTargetFrame]: Extrapolation Error looking up target frame: Lookup would require extrapolation into the past.  Requested time 1757085702.569006 but the earliest data is at time 1757085705.870705, when looking up transform from frame [base_link] to frame [map]
[bt_navigator-6] 
[bt_navigator-6] [WARN] [1757085715.961186166] [BehaviorTreeEngine]: Behavior Tree tick rate 100.00 was exceeded!
[bt_navigator-6] [ERROR] [1757085716.062532229] [transformPoseInTargetFrame]: Extrapolation Error looking up target frame: Lookup would require extrapolation into the past.  Requested time 1757085702.569006 but the earliest data is at time 1757085706.020743, when looking up transform from frame [base_link] to frame [map]
[bt_navigator-6] 
[bt_navigator-6] [WARN] [1757085716.062732363] [BehaviorTreeEngine]: Behavior Tree tick rate 100.00 was exceeded!
[planner_server-4] [ERROR] [1757085716.119703508] [transformPoseInTargetFrame]: Extrapolation Error looking up target frame: Lookup would require extrapolation into the past.  Requested time 1757085702.569006 but the earliest data is at time 1757085706.020743, when looking up transform from frame [base_link] to frame [map]
[planner_server-4] 
[bt_navigator-6] [ERROR] [1757085716.164013549] [transformPoseInTargetFrame]: Extrapolation Error looking up target frame: Lookup would require extrapolation into the past.  Requested time 1757085702.569006 but the earliest data is at time 1757085706.070769, when looking up transform from frame [base_link] to frame [map]
[bt_navigator-6] 
[bt_navigator-6] [WARN] [1757085716.164103741] [BehaviorTreeEngine]: Behavior Tree tick rate 100.00 was exceeded!
[bt_navigator-6] [ERROR] [1757085716.265158682] [transformPoseInTargetFrame]: Extrapolation Error looking up target frame: Lookup would require extrapolation into the past.  Requested time 1757085702.569006 but the earliest data is at time 1757085706.170848, when looking up transform from frame [base_link] to frame [map]
[bt_navigator-6] 
[bt_navigator-6] [WARN] [1757085716.265282510] [BehaviorTreeEngine]: Behavior Tree tick rate 100.00 was exceeded!
[bt_navigator-6] [ERROR] [1757085716.366891691] [transformPoseInTargetFrame]: Extrapolation Error looking up target frame: Lookup would require extrapolation into the past.  Requested time 1757085702.569006 but the earliest data is at time 1757085706.321765, when looking up transform from frame [base_link] to frame [map]
[bt_navigator-6] 
[bt_navigator-6] [WARN] [1757085716.367132420] [BehaviorTreeEngine]: Behavior Tree tick rate 100.00 was exceeded!
[bt_navigator-6] [ERROR] [1757085716.468614557] [transformPoseInTargetFrame]: Extrapolation Error looking up target frame: Lookup would require extrapolation into the past.  Requested time 1757085702.569006 but the earliest data is at time 1757085706.321765, when looking up transform from frame [base_link] to frame [map]
[bt_navigator-6] 
[bt_navigator-6] [WARN] [1757085716.468830293] [BehaviorTreeEngine]: Behavior Tree tick rate 100.00 was exceeded!
[bt_navigator-6] [ERROR] [1757085716.570090517] [transformPoseInTargetFrame]: Extrapolation Error looking up target frame: Lookup would require extrapolation into the past.  Requested time 1757085702.569006 but the earliest data is at time 1757085706.472930, when looking up transform from frame [base_link] to frame [map]
[bt_navigator-6] 
[bt_navigator-6] [WARN] [1757085716.570297292] [BehaviorTreeEngine]: Behavior Tree tick rate 100.00 was exceeded!
[bt_navigator-6] [ERROR] [1757085716.672533410] [transformPoseInTargetFrame]: Extrapolation Error looking up target frame: Lookup would require extrapolation into the past.  Requested time 1757085702.569006 but the earliest data is at time 1757085706.472930, when looking up transform from frame [base_link] to frame [map]
[bt_navigator-6] 
[bt_navigator-6] [WARN] [1757085716.672846062] [BehaviorTreeEngine]: Behavior Tree tick rate 100.00 was exceeded!
[bt_navigator-6] [ERROR] [1757085716.775506914] [transformPoseInTargetFrame]: Extrapolation Error looking up target frame: Lookup would require extrapolation into the past.  Requested time 1757085702.569006 but the earliest data is at time 1757085706.472930, when looking up transform from frame [base_link] to frame [map]
[bt_navigator-6] 
[bt_navigator-6] [WARN] [1757085716.775759683] [BehaviorTreeEngine]: Behavior Tree tick rate 100.00 was exceeded!
[bt_navigator-6] [ERROR] [1757085716.878011980] [transformPoseInTargetFrame]: Extrapolation Error looking up target frame: Lookup would require extrapolation into the past.  Requested time 1757085702.569006 but the earliest data is at time 1757085706.472930, when looking up transform from frame [base_link] to frame [map]
[bt_navigator-6] 
[bt_navigator-6] [WARN] [1757085716.878254688] [BehaviorTreeEngine]: Behavior Tree tick rate 100.00 was exceeded!
[bt_navigator-6] [ERROR] [1757085716.980093814] [transformPoseInTargetFrame]: Extrapolation Error looking up target frame: Lookup would require extrapolation into the past.  Requested time 1757085702.569006 but the earliest data is at time 1757085706.472930, when looking up transform from frame [base_link] to frame [map]
[bt_navigator-6] 
[bt_navigator-6] [WARN] [1757085716.980344921] [BehaviorTreeEngine]: Behavior Tree tick rate 100.00 was exceeded!
[bt_navigator-6] [ERROR] [1757085717.083112983] [transformPoseInTargetFrame]: Extrapolation Error looking up target frame: Lookup would require extrapolation into the past.  Requested time 1757085702.569006 but the earliest data is at time 1757085706.472930, when looking up transform from frame [base_link] to frame [map]
[bt_navigator-6] 
[bt_navigator-6] [WARN] [1757085717.083366915] [BehaviorTreeEngine]: Behavior Tree tick rate 100.00 was exceeded!
[planner_server-4] [ERROR] [1757085717.122777736] [transformPoseInTargetFrame]: Extrapolation Error looking up target frame: Lookup would require extrapolation into the past.  Requested time 1757085702.569006 but the earliest data is at time 1757085706.472930, when looking up transform from frame [base_link] to frame [map]
[planner_server-4] 
[bt_navigator-6] [ERROR] [1757085717.185927057] [transformPoseInTargetFrame]: Extrapolation Error looking up target frame: Lookup would require extrapolation into the past.  Requested time 1757085702.569006 but the earliest data is at time 1757085706.620739, when looking up transform from frame [base_link] to frame [map]
[bt_navigator-6] 
[bt_navigator-6] [WARN] [1757085717.186175927] [BehaviorTreeEngine]: Behavior Tree tick rate 100.00 was exceeded!
[bt_navigator-6] [ERROR] [1757085717.288803476] [transformPoseInTargetFrame]: Extrapolation Error looking up target frame: Lookup would require extrapolation into the past.  Requested time 1757085702.569006 but the earliest data is at time 1757085706.620739, when looking up transform from frame [base_link] to frame [map]
[bt_navigator-6] 
[bt_navigator-6] [WARN] [1757085717.289059722] [BehaviorTreeEngine]: Behavior Tree tick rate 100.00 was exceeded!
[bt_navigator-6] [ERROR] [1757085717.391397739] [transformPoseInTargetFrame]: Extrapolation Error looking up target frame: Lookup would require extrapolation into the past.  Requested time 1757085702.569006 but the earliest data is at time 1757085706.620739, when looking up transform from frame [base_link] to frame [map]
[bt_navigator-6] 
[bt_navigator-6] [WARN] [1757085717.391599769] [BehaviorTreeEngine]: Behavior Tree tick rate 100.00 was exceeded!
[bt_navigator-6] [ERROR] [1757085717.494177213] [transformPoseInTargetFrame]: Extrapolation Error looking up target frame: Lookup would require extrapolation into the past.  Requested time 1757085702.569006 but the earliest data is at time 1757085706.620739, when looking up transform from frame [base_link] to frame [map]
[bt_navigator-6] 
[bt_navigator-6] [WARN] [1757085717.494434068] [BehaviorTreeEngine]: Behavior Tree tick rate 100.00 was exceeded!
[bt_navigator-6] [ERROR] [1757085717.596961440] [transformPoseInTargetFrame]: Extrapolation Error looking up target frame: Lookup would require extrapolation into the past.  Requested time 1757085702.569006 but the earliest data is at time 1757085706.620739, when looking up transform from frame [base_link] to frame [map]
[bt_navigator-6] 
[bt_navigator-6] [WARN] [1757085717.597185158] [BehaviorTreeEngine]: Behavior Tree tick rate 100.00 was exceeded!
[bt_navigator-6] [ERROR] [1757085717.698851419] [transformPoseInTargetFrame]: Extrapolation Error looking up target frame: Lookup would require extrapolation into the past.  Requested time 1757085702.569006 but the earliest data is at time 1757085707.520704, when looking up transform from frame [base_link] to frame [map]
[bt_navigator-6] 
[bt_navigator-6] [WARN] [1757085717.698932119] [BehaviorTreeEngine]: Behavior Tree tick rate 100.00 was exceeded!
[bt_navigator-6] [ERROR] [1757085717.800342358] [transformPoseInTargetFrame]: Extrapolation Error looking up target frame: Lookup would require extrapolation into the past.  Requested time 1757085702.569006 but the earliest data is at time 1757085707.720742, when looking up transform from frame [base_link] to frame [map]
[bt_navigator-6] 
[bt_navigator-6] [WARN] [1757085717.800499373] [BehaviorTreeEngine]: Behavior Tree tick rate 100.00 was exceeded!
[bt_navigator-6] [ERROR] [1757085717.902571960] [transformPoseInTargetFrame]: Extrapolation Error looking up target frame: Lookup would require extrapolation into the past.  Requested time 1757085702.569006 but the earliest data is at time 1757085707.820761, when looking up transform from frame [base_link] to frame [map]
[bt_navigator-6] 
[bt_navigator-6] [WARN] [1757085717.902769070] [BehaviorTreeEngine]: Behavior Tree tick rate 100.00 was exceeded!
[bt_navigator-6] [ERROR] [1757085718.004304694] [transformPoseInTargetFrame]: Extrapolation Error looking up target frame: Lookup would require extrapolation into the past.  Requested time 1757085702.569006 but the earliest data is at time 1757085707.920707, when looking up transform from frame [base_link] to frame [map]
[bt_navigator-6] 
[bt_navigator-6] [WARN] [1757085718.004514917] [BehaviorTreeEngine]: Behavior Tree tick rate 100.00 was exceeded!
[bt_navigator-6] [ERROR] [1757085718.106494452] [transformPoseInTargetFrame]: Extrapolation Error looking up target frame: Lookup would require extrapolation into the past.  Requested time 1757085702.569006 but the earliest data is at time 1757085707.970810, when looking up transform from frame [base_link] to frame [map]
[bt_navigator-6] 
[bt_navigator-6] [WARN] [1757085718.106687987] [BehaviorTreeEngine]: Behavior Tree tick rate 100.00 was exceeded!
[planner_server-4] [ERROR] [1757085718.122020608] [transformPoseInTargetFrame]: Extrapolation Error looking up target frame: Lookup would require extrapolation into the past.  Requested time 1757085702.569006 but the earliest data is at time 1757085708.020787, when looking up transform from frame [base_link] to frame [map]
[planner_server-4] 
[bt_navigator-6] [ERROR] [1757085718.207960315] [transformPoseInTargetFrame]: Extrapolation Error looking up target frame: Lookup would require extrapolation into the past.  Requested time 1757085702.569006 but the earliest data is at time 1757085708.122741, when looking up transform from frame [base_link] to frame [map]
[bt_navigator-6] 
[bt_navigator-6] [WARN] [1757085718.208097122] [BehaviorTreeEngine]: Behavior Tree tick rate 100.00 was exceeded!
[bt_navigator-6] [ERROR] [1757085718.309547887] [transformPoseInTargetFrame]: Extrapolation Error looking up target frame: Lookup would require extrapolation into the past.  Requested time 1757085702.569006 but the earliest data is at time 1757085708.270802, when looking up transform from frame [base_link] to frame [map]
[bt_navigator-6] 
[bt_navigator-6] [WARN] [1757085718.309770938] [BehaviorTreeEngine]: Behavior Tree tick rate 100.00 was exceeded!
[bt_navigator-6] [ERROR] [1757085718.411177963] [transformPoseInTargetFrame]: Extrapolation Error looking up target frame: Lookup would require extrapolation into the past.  Requested time 1757085702.569006 but the earliest data is at time 1757085708.270802, when looking up transform from frame [base_link] to frame [map]
[bt_navigator-6] 
[bt_navigator-6] [WARN] [1757085718.411358626] [BehaviorTreeEngine]: Behavior Tree tick rate 100.00 was exceeded!
[bt_navigator-6] [ERROR] [1757085718.512838547] [transformPoseInTargetFrame]: Extrapolation Error looking up target frame: Lookup would require extrapolation into the past.  Requested time 1757085702.569006 but the earliest data is at time 1757085708.470718, when looking up transform from frame [base_link] to frame [map]
[bt_navigator-6] 
[bt_navigator-6] [WARN] [1757085718.513041770] [BehaviorTreeEngine]: Behavior Tree tick rate 100.00 was exceeded!
[bt_navigator-6] [ERROR] [1757085718.615006515] [transformPoseInTargetFrame]: Extrapolation Error looking up target frame: Lookup would require extrapolation into the past.  Requested time 1757085702.569006 but the earliest data is at time 1757085708.470718, when looking up transform from frame [base_link] to frame [map]
[bt_navigator-6] 
[bt_navigator-6] [WARN] [1757085718.615211505] [BehaviorTreeEngine]: Behavior Tree tick rate 100.00 was exceeded!
[bt_navigator-6] [ERROR] [1757085718.717244228] [transformPoseInTargetFrame]: Extrapolation Error looking up target frame: Lookup would require extrapolation into the past.  Requested time 1757085702.569006 but the earliest data is at time 1757085708.570820, when looking up transform from frame [base_link] to frame [map]
[bt_navigator-6] 
[bt_navigator-6] [WARN] [1757085718.717463782] [BehaviorTreeEngine]: Behavior Tree tick rate 100.00 was exceeded!
[bt_navigator-6] [ERROR] [1757085718.819289433] [transformPoseInTargetFrame]: Extrapolation Error looking up target frame: Lookup would require extrapolation into the past.  Requested time 1757085702.569006 but the earliest data is at time 1757085708.724273, when looking up transform from frame [base_link] to frame [map]
[bt_navigator-6] 
[bt_navigator-6] [WARN] [1757085718.819535231] [BehaviorTreeEngine]: Behavior Tree tick rate 100.00 was exceeded!
[bt_navigator-6] [ERROR] [1757085718.920935954] [transformPoseInTargetFrame]: Extrapolation Error looking up target frame: Lookup would require extrapolation into the past.  Requested time 1757085702.569006 but the earliest data is at time 1757085708.820723, when looking up transform from frame [base_link] to frame [map]
[bt_navigator-6] 
[bt_navigator-6] [WARN] [1757085718.921113027] [BehaviorTreeEngine]: Behavior Tree tick rate 100.00 was exceeded!
[bt_navigator-6] [ERROR] [1757085719.022484082] [transformPoseInTargetFrame]: Extrapolation Error looking up target frame: Lookup would require extrapolation into the past.  Requested time 1757085702.569006 but the earliest data is at time 1757085708.820723, when looking up transform from frame [base_link] to frame [map]
[bt_navigator-6] 
[bt_navigator-6] [WARN] [1757085719.022676426] [BehaviorTreeEngine]: Behavior Tree tick rate 100.00 was exceeded!
[behavior_server-5] [INFO] [1757085719.022671580] [behavior_server]: wait completed successfully
[planner_server-4] [ERROR] [1757085719.120892763] [transformPoseInTargetFrame]: Extrapolation Error looking up target frame: Lookup would require extrapolation into the past.  Requested time 1757085702.569006 but the earliest data is at time 1757085708.820723, when looking up transform from frame [base_link] to frame [map]
[planner_server-4] 
[bt_navigator-6] [ERROR] [1757085719.124044837] [transformPoseInTargetFrame]: Extrapolation Error looking up target frame: Lookup would require extrapolation into the past.  Requested time 1757085702.569006 but the earliest data is at time 1757085709.020748, when looking up transform from frame [base_link] to frame [map]
[bt_navigator-6] 
[bt_navigator-6] [WARN] [1757085719.124276433] [BehaviorTreeEngine]: Behavior Tree tick rate 100.00 was exceeded!
[bt_navigator-6] [ERROR] [1757085719.226329624] [transformPoseInTargetFrame]: Extrapolation Error looking up target frame: Lookup would require extrapolation into the past.  Requested time 1757085702.569006 but the earliest data is at time 1757085709.120754, when looking up transform from frame [base_link] to frame [map]
[bt_navigator-6] 
[bt_navigator-6] [WARN] [1757085719.226524952] [BehaviorTreeEngine]: Behavior Tree tick rate 100.00 was exceeded!
[bt_navigator-6] [ERROR] [1757085719.328083921] [transformPoseInTargetFrame]: Extrapolation Error looking up target frame: Lookup would require extrapolation into the past.  Requested time 1757085702.569006 but the earliest data is at time 1757085709.222702, when looking up transform from frame [base_link] to frame [map]
[bt_navigator-6] 
[bt_navigator-6] [WARN] [1757085719.328282245] [BehaviorTreeEngine]: Behavior Tree tick rate 100.00 was exceeded!
[bt_navigator-6] [ERROR] [1757085719.430013280] [transformPoseInTargetFrame]: Extrapolation Error looking up target frame: Lookup would require extrapolation into the past.  Requested time 1757085702.569006 but the earliest data is at time 1757085709.371085, when looking up transform from frame [base_link] to frame [map]
[bt_navigator-6] 
[bt_navigator-6] [WARN] [1757085719.430188690] [BehaviorTreeEngine]: Behavior Tree tick rate 100.00 was exceeded!
[bt_navigator-6] [ERROR] [1757085719.532184726] [transformPoseInTargetFrame]: Extrapolation Error looking up target frame: Lookup would require extrapolation into the past.  Requested time 1757085702.569006 but the earliest data is at time 1757085709.421998, when looking up transform from frame [base_link] to frame [map]
[bt_navigator-6] 
[bt_navigator-6] [WARN] [1757085719.532428658] [BehaviorTreeEngine]: Behavior Tree tick rate 100.00 was exceeded!
[bt_navigator-6] [ERROR] [1757085719.634737881] [transformPoseInTargetFrame]: Extrapolation Error looking up target frame: Lookup would require extrapolation into the past.  Requested time 1757085702.569006 but the earliest data is at time 1757085709.520780, when looking up transform from frame [base_link] to frame [map]
[bt_navigator-6] 
[bt_navigator-6] [WARN] [1757085719.635011032] [BehaviorTreeEngine]: Behavior Tree tick rate 100.00 was exceeded!
[bt_navigator-6] [ERROR] [1757085719.737102240] [transformPoseInTargetFrame]: Extrapolation Error looking up target frame: Lookup would require extrapolation into the past.  Requested time 1757085702.569006 but the earliest data is at time 1757085709.670741, when looking up transform from frame [base_link] to frame [map]
[bt_navigator-6] 
[bt_navigator-6] [WARN] [1757085719.737323951] [BehaviorTreeEngine]: Behavior Tree tick rate 100.00 was exceeded!
[bt_navigator-6] [ERROR] [1757085719.838800671] [transformPoseInTargetFrame]: Extrapolation Error looking up target frame: Lookup would require extrapolation into the past.  Requested time 1757085702.569006 but the earliest data is at time 1757085709.720697, when looking up transform from frame [base_link] to frame [map]
[bt_navigator-6] 
[bt_navigator-6] [WARN] [1757085719.839029537] [BehaviorTreeEngine]: Behavior Tree tick rate 100.00 was exceeded!
[bt_navigator-6] [ERROR] [1757085719.940821924] [transformPoseInTargetFrame]: Extrapolation Error looking up target frame: Lookup would require extrapolation into the past.  Requested time 1757085702.569006 but the earliest data is at time 1757085709.720697, when looking up transform from frame [base_link] to frame [map]
[bt_navigator-6] 
[bt_navigator-6] [WARN] [1757085719.941022256] [BehaviorTreeEngine]: Behavior Tree tick rate 100.00 was exceeded!
[explore-10] [ERROR] [1757085719.962967678] [explore_node]: Extrapolation Error looking up robot pose: Lookup would require extrapolation at time 1757085719.656609, but only time 1757085702.569006 is in the buffer, when looking up transform from frame [base_link] to frame [map]
[explore-10] 
[bt_navigator-6] [ERROR] [1757085720.042590114] [transformPoseInTargetFrame]: Extrapolation Error looking up target frame: Lookup would require extrapolation into the past.  Requested time 1757085702.569006 but the earliest data is at time 1757085709.720697, when looking up transform from frame [base_link] to frame [map]
[bt_navigator-6] 
[bt_navigator-6] [WARN] [1757085720.042785962] [BehaviorTreeEngine]: Behavior Tree tick rate 100.00 was exceeded!
[planner_server-4] [ERROR] [1757085720.121808006] [transformPoseInTargetFrame]: Extrapolation Error looking up target frame: Lookup would require extrapolation into the past.  Requested time 1757085702.569006 but the earliest data is at time 1757085709.670741, when looking up transform from frame [base_link] to frame [map]
[planner_server-4] 
[bt_navigator-6] [ERROR] [1757085720.144088772] [transformPoseInTargetFrame]: Extrapolation Error looking up target frame: Lookup would require extrapolation into the past.  Requested time 1757085702.569006 but the earliest data is at time 1757085709.720697, when looking up transform from frame [base_link] to frame [map]
[bt_navigator-6] 
[bt_navigator-6] [WARN] [1757085720.144291370] [BehaviorTreeEngine]: Behavior Tree tick rate 100.00 was exceeded!
[bt_navigator-6] [ERROR] [1757085720.245579713] [transformPoseInTargetFrame]: Extrapolation Error looking up target frame: Lookup would require extrapolation into the past.  Requested time 1757085702.569006 but the earliest data is at time 1757085710.120755, when looking up transform from frame [base_link] to frame [map]
[bt_navigator-6] 
[bt_navigator-6] [WARN] [1757085720.245762896] [BehaviorTreeEngine]: Behavior Tree tick rate 100.00 was exceeded!
[bt_navigator-6] [ERROR] [1757085720.347207333] [transformPoseInTargetFrame]: Extrapolation Error looking up target frame: Lookup would require extrapolation into the past.  Requested time 1757085702.569006 but the earliest data is at time 1757085710.270735, when looking up transform from frame [base_link] to frame [map]
[bt_navigator-6] 
[bt_navigator-6] [WARN] [1757085720.347445467] [BehaviorTreeEngine]: Behavior Tree tick rate 100.00 was exceeded!
[bt_navigator-6] [ERROR] [1757085720.449810238] [transformPoseInTargetFrame]: Extrapolation Error looking up target frame: Lookup would require extrapolation into the past.  Requested time 1757085702.569006 but the earliest data is at time 1757085710.370742, when looking up transform from frame [base_link] to frame [map]
[bt_navigator-6] 
[bt_navigator-6] [WARN] [1757085720.450065517] [BehaviorTreeEngine]: Behavior Tree tick rate 100.00 was exceeded!
[bt_navigator-6] [ERROR] [1757085720.552417834] [transformPoseInTargetFrame]: Extrapolation Error looking up target frame: Lookup would require extrapolation into the past.  Requested time 1757085702.569006 but the earliest data is at time 1757085710.520790, when looking up transform from frame [base_link] to frame [map]
[bt_navigator-6] 
[bt_navigator-6] [WARN] [1757085720.552673188] [BehaviorTreeEngine]: Behavior Tree tick rate 100.00 was exceeded!
[bt_navigator-6] [ERROR] [1757085720.655118021] [transformPoseInTargetFrame]: Extrapolation Error looking up target frame: Lookup would require extrapolation into the past.  Requested time 1757085702.569006 but the earliest data is at time 1757085710.570801, when looking up transform from frame [base_link] to frame [map]
[bt_navigator-6] 
[bt_navigator-6] [WARN] [1757085720.655372208] [BehaviorTreeEngine]: Behavior Tree tick rate 100.00 was exceeded!
[bt_navigator-6] [ERROR] [1757085720.757318060] [transformPoseInTargetFrame]: Extrapolation Error looking up target frame: Lookup would require extrapolation into the past.  Requested time 1757085702.569006 but the earliest data is at time 1757085710.720708, when looking up transform from frame [base_link] to frame [map]
[bt_navigator-6] 
[bt_navigator-6] [WARN] [1757085720.757537795] [BehaviorTreeEngine]: Behavior Tree tick rate 100.00 was exceeded!
[bt_navigator-6] [ERROR] [1757085720.860011776] [transformPoseInTargetFrame]: Extrapolation Error looking up target frame: Lookup would require extrapolation into the past.  Requested time 1757085702.569006 but the earliest data is at time 1757085710.770756, when looking up transform from frame [base_link] to frame [map]
[bt_navigator-6] 
[bt_navigator-6] [WARN] [1757085720.860296786] [BehaviorTreeEngine]: Behavior Tree tick rate 100.00 was exceeded!
[bt_navigator-6] [ERROR] [1757085720.962684469] [transformPoseInTargetFrame]: Extrapolation Error looking up target frame: Lookup would require extrapolation into the past.  Requested time 1757085702.569006 but the earliest data is at time 1757085710.920745, when looking up transform from frame [base_link] to frame [map]
[bt_navigator-6] 
[bt_navigator-6] [WARN] [1757085720.962910507] [BehaviorTreeEngine]: Behavior Tree tick rate 100.00 was exceeded!
[bt_navigator-6] [ERROR] [1757085721.065121479] [transformPoseInTargetFrame]: Extrapolation Error looking up target frame: Lookup would require extrapolation into the past.  Requested time 1757085702.569006 but the earliest data is at time 1757085710.970731, when looking up transform from frame [base_link] to frame [map]
[bt_navigator-6] 
[bt_navigator-6] [WARN] [1757085721.065378388] [BehaviorTreeEngine]: Behavior Tree tick rate 100.00 was exceeded!
[planner_server-4] [ERROR] [1757085721.119535714] [transformPoseInTargetFrame]: Extrapolation Error looking up target frame: Lookup would require extrapolation into the past.  Requested time 1757085702.569006 but the earliest data is at time 1757085711.020792, when looking up transform from frame [base_link] to frame [map]
[planner_server-4] 
[bt_navigator-6] [ERROR] [1757085721.167088692] [transformPoseInTargetFrame]: Extrapolation Error looking up target frame: Lookup would require extrapolation into the past.  Requested time 1757085702.569006 but the earliest data is at time 1757085711.120720, when looking up transform from frame [base_link] to frame [map]
[bt_navigator-6] 
[bt_navigator-6] [WARN] [1757085721.167222897] [BehaviorTreeEngine]: Behavior Tree tick rate 100.00 was exceeded!
[bt_navigator-6] [ERROR] [1757085721.268488142] [transformPoseInTargetFrame]: Extrapolation Error looking up target frame: Lookup would require extrapolation into the past.  Requested time 1757085702.569006 but the earliest data is at time 1757085711.170923, when looking up transform from frame [base_link] to frame [map]
[bt_navigator-6] 
[bt_navigator-6] [WARN] [1757085721.268688489] [BehaviorTreeEngine]: Behavior Tree tick rate 100.00 was exceeded!
[bt_navigator-6] [ERROR] [1757085721.370038497] [transformPoseInTargetFrame]: Extrapolation Error looking up target frame: Lookup would require extrapolation into the past.  Requested time 1757085702.569006 but the earliest data is at time 1757085711.270761, when looking up transform from frame [base_link] to frame [map]
[bt_navigator-6] 
[bt_navigator-6] [WARN] [1757085721.370297700] [BehaviorTreeEngine]: Behavior Tree tick rate 100.00 was exceeded!
[bt_navigator-6] [ERROR] [1757085721.471699630] [transformPoseInTargetFrame]: Extrapolation Error looking up target frame: Lookup would require extrapolation into the past.  Requested time 1757085702.569006 but the earliest data is at time 1757085711.370713, when looking up transform from frame [base_link] to frame [map]
[bt_navigator-6] 
[bt_navigator-6] [WARN] [1757085721.471895531] [BehaviorTreeEngine]: Behavior Tree tick rate 100.00 was exceeded!
[bt_navigator-6] [ERROR] [1757085721.574226982] [transformPoseInTargetFrame]: Extrapolation Error looking up target frame: Lookup would require extrapolation into the past.  Requested time 1757085702.569006 but the earliest data is at time 1757085711.520846, when looking up transform from frame [base_link] to frame [map]
[bt_navigator-6] 
[bt_navigator-6] [WARN] [1757085721.574468329] [BehaviorTreeEngine]: Behavior Tree tick rate 100.00 was exceeded!
[bt_navigator-6] [ERROR] [1757085721.676439944] [transformPoseInTargetFrame]: Extrapolation Error looking up target frame: Lookup would require extrapolation into the past.  Requested time 1757085702.569006 but the earliest data is at time 1757085711.620714, when looking up transform from frame [base_link] to frame [map]
[bt_navigator-6] 
[bt_navigator-6] [WARN] [1757085721.676683486] [BehaviorTreeEngine]: Behavior Tree tick rate 100.00 was exceeded!
[bt_navigator-6] [ERROR] [1757085721.779177277] [transformPoseInTargetFrame]: Extrapolation Error looking up target frame: Lookup would require extrapolation into the past.  Requested time 1757085702.569006 but the earliest data is at time 1757085711.720737, when looking up transform from frame [base_link] to frame [map]
[bt_navigator-6] 
[bt_navigator-6] [WARN] [1757085721.779392855] [BehaviorTreeEngine]: Behavior Tree tick rate 100.00 was exceeded!
[bt_navigator-6] [ERROR] [1757085721.880558155] [transformPoseInTargetFrame]: Extrapolation Error looking up target frame: Lookup would require extrapolation into the past.  Requested time 1757085702.569006 but the earliest data is at time 1757085711.770764, when looking up transform from frame [base_link] to frame [map]
[bt_navigator-6] 
[bt_navigator-6] [WARN] [1757085721.880796181] [BehaviorTreeEngine]: Behavior Tree tick rate 100.00 was exceeded!
[bt_navigator-6] [ERROR] [1757085721.982140050] [transformPoseInTargetFrame]: Extrapolation Error looking up target frame: Lookup would require extrapolation into the past.  Requested time 1757085702.569006 but the earliest data is at time 1757085711.920697, when looking up transform from frame [base_link] to frame [map]
[bt_navigator-6] 
[bt_navigator-6] [WARN] [1757085721.982350875] [BehaviorTreeEngine]: Behavior Tree tick rate 100.00 was exceeded!
[bt_navigator-6] [ERROR] [1757085722.084444270] [transformPoseInTargetFrame]: Extrapolation Error looking up target frame: Lookup would require extrapolation into the past.  Requested time 1757085702.569006 but the earliest data is at time 1757085711.970764, when looking up transform from frame [base_link] to frame [map]
[bt_navigator-6] 
[bt_navigator-6] [WARN] [1757085722.084761019] [BehaviorTreeEngine]: Behavior Tree tick rate 100.00 was exceeded!
[planner_server-4] [ERROR] [1757085722.119352415] [transformPoseInTargetFrame]: Extrapolation Error looking up target frame: Lookup would require extrapolation into the past.  Requested time 1757085702.569006 but the earliest data is at time 1757085712.020768, when looking up transform from frame [base_link] to frame [map]
[planner_server-4] 
[bt_navigator-6] [ERROR] [1757085722.186274967] [transformPoseInTargetFrame]: Extrapolation Error looking up target frame: Lookup would require extrapolation into the past.  Requested time 1757085702.569006 but the earliest data is at time 1757085712.120712, when looking up transform from frame [base_link] to frame [map]
[bt_navigator-6] 
[bt_navigator-6] [WARN] [1757085722.186452694] [BehaviorTreeEngine]: Behavior Tree tick rate 100.00 was exceeded!
[bt_navigator-6] [ERROR] [1757085722.287529287] [transformPoseInTargetFrame]: Extrapolation Error looking up target frame: Lookup would require extrapolation into the past.  Requested time 1757085702.569006 but the earliest data is at time 1757085712.170814, when looking up transform from frame [base_link] to frame [map]
[bt_navigator-6] 
[bt_navigator-6] [WARN] [1757085722.287720999] [BehaviorTreeEngine]: Behavior Tree tick rate 100.00 was exceeded!
[bt_navigator-6] [ERROR] [1757085722.389275673] [transformPoseInTargetFrame]: Extrapolation Error looking up target frame: Lookup would require extrapolation into the past.  Requested time 1757085702.569006 but the earliest data is at time 1757085712.320759, when looking up transform from frame [base_link] to frame [map]
[bt_navigator-6] 
[bt_navigator-6] [WARN] [1757085722.389453746] [BehaviorTreeEngine]: Behavior Tree tick rate 100.00 was exceeded!
[bt_navigator-6] [ERROR] [1757085722.490989062] [transformPoseInTargetFrame]: Extrapolation Error looking up target frame: Lookup would require extrapolation into the past.  Requested time 1757085702.569006 but the earliest data is at time 1757085712.370920, when looking up transform from frame [base_link] to frame [map]
[bt_navigator-6] 
[bt_navigator-6] [WARN] [1757085722.491179292] [BehaviorTreeEngine]: Behavior Tree tick rate 100.00 was exceeded!
[bt_navigator-6] [ERROR] [1757085722.592835980] [transformPoseInTargetFrame]: Extrapolation Error looking up target frame: Lookup would require extrapolation into the past.  Requested time 1757085702.569006 but the earliest data is at time 1757085712.472039, when looking up transform from frame [base_link] to frame [map]
[bt_navigator-6] 
[bt_navigator-6] [WARN] [1757085722.592960334] [BehaviorTreeEngine]: Behavior Tree tick rate 100.00 was exceeded!
[bt_navigator-6] [ERROR] [1757085722.694311647] [transformPoseInTargetFrame]: Extrapolation Error looking up target frame: Lookup would require extrapolation into the past.  Requested time 1757085702.569006 but the earliest data is at time 1757085712.625551, when looking up transform from frame [base_link] to frame [map]
[bt_navigator-6] 
[bt_navigator-6] [WARN] [1757085722.694512598] [BehaviorTreeEngine]: Behavior Tree tick rate 100.00 was exceeded!
[bt_navigator-6] [ERROR] [1757085722.795873135] [transformPoseInTargetFrame]: Extrapolation Error looking up target frame: Lookup would require extrapolation into the past.  Requested time 1757085702.569006 but the earliest data is at time 1757085712.678721, when looking up transform from frame [base_link] to frame [map]
[bt_navigator-6] 
[bt_navigator-6] [WARN] [1757085722.796080843] [BehaviorTreeEngine]: Behavior Tree tick rate 100.00 was exceeded!
[bt_navigator-6] [ERROR] [1757085722.897345547] [transformPoseInTargetFrame]: Extrapolation Error looking up target frame: Lookup would require extrapolation into the past.  Requested time 1757085702.569006 but the earliest data is at time 1757085712.770666, when looking up transform from frame [base_link] to frame [map]
[bt_navigator-6] 
[bt_navigator-6] [WARN] [1757085722.897598004] [BehaviorTreeEngine]: Behavior Tree tick rate 100.00 was exceeded!
[bt_navigator-6] [ERROR] [1757085722.998792275] [transformPoseInTargetFrame]: Extrapolation Error looking up target frame: Lookup would require extrapolation into the past.  Requested time 1757085702.569006 but the earliest data is at time 1757085712.870833, when looking up transform from frame [base_link] to frame [map]
[bt_navigator-6] 
[bt_navigator-6] [WARN] [1757085722.998969184] [BehaviorTreeEngine]: Behavior Tree tick rate 100.00 was exceeded!
[bt_navigator-6] [ERROR] [1757085723.100215779] [transformPoseInTargetFrame]: Extrapolation Error looking up target frame: Lookup would require extrapolation into the past.  Requested time 1757085702.569006 but the earliest data is at time 1757085713.020715, when looking up transform from frame [base_link] to frame [map]
[bt_navigator-6] 
[bt_navigator-6] [WARN] [1757085723.100413772] [BehaviorTreeEngine]: Behavior Tree tick rate 100.00 was exceeded!
[planner_server-4] [ERROR] [1757085723.120156713] [transformPoseInTargetFrame]: Extrapolation Error looking up target frame: Lookup would require extrapolation into the past.  Requested time 1757085702.569006 but the earliest data is at time 1757085713.070835, when looking up transform from frame [base_link] to frame [map]
[planner_server-4] 
[bt_navigator-6] [ERROR] [1757085723.201723172] [transformPoseInTargetFrame]: Extrapolation Error looking up target frame: Lookup would require extrapolation into the past.  Requested time 1757085702.569006 but the earliest data is at time 1757085713.070835, when looking up transform from frame [base_link] to frame [map]
[bt_navigator-6] 
[bt_navigator-6] [WARN] [1757085723.201933228] [BehaviorTreeEngine]: Behavior Tree tick rate 100.00 was exceeded!
[bt_navigator-6] [ERROR] [1757085723.303217195] [transformPoseInTargetFrame]: Extrapolation Error looking up target frame: Lookup would require extrapolation into the past.  Requested time 1757085702.569006 but the earliest data is at time 1757085713.175496, when looking up transform from frame [base_link] to frame [map]
[bt_navigator-6] 
[bt_navigator-6] [WARN] [1757085723.303318016] [BehaviorTreeEngine]: Behavior Tree tick rate 100.00 was exceeded!
[bt_navigator-6] [ERROR] [1757085723.404480345] [transformPoseInTargetFrame]: Extrapolation Error looking up target frame: Lookup would require extrapolation into the past.  Requested time 1757085702.569006 but the earliest data is at time 1757085713.320671, when looking up transform from frame [base_link] to frame [map]
[bt_navigator-6] 
[bt_navigator-6] [WARN] [1757085723.404592546] [BehaviorTreeEngine]: Behavior Tree tick rate 100.00 was exceeded!
[bt_navigator-6] [ERROR] [1757085723.505641086] [transformPoseInTargetFrame]: Extrapolation Error looking up target frame: Lookup would require extrapolation into the past.  Requested time 1757085702.569006 but the earliest data is at time 1757085713.370878, when looking up transform from frame [base_link] to frame [map]
[bt_navigator-6] 
[bt_navigator-6] [WARN] [1757085723.505764430] [BehaviorTreeEngine]: Behavior Tree tick rate 100.00 was exceeded!
[bt_navigator-6] [ERROR] [1757085723.606701284] [transformPoseInTargetFrame]: Extrapolation Error looking up target frame: Lookup would require extrapolation into the past.  Requested time 1757085702.569006 but the earliest data is at time 1757085713.520697, when looking up transform from frame [base_link] to frame [map]
[bt_navigator-6] 
[bt_navigator-6] [WARN] [1757085723.606778542] [BehaviorTreeEngine]: Behavior Tree tick rate 100.00 was exceeded!
[bt_navigator-6] [ERROR] [1757085723.707653765] [transformPoseInTargetFrame]: Extrapolation Error looking up target frame: Lookup would require extrapolation into the past.  Requested time 1757085702.569006 but the earliest data is at time 1757085713.570717, when looking up transform from frame [base_link] to frame [map]
[bt_navigator-6] 
[bt_navigator-6] [WARN] [1757085723.707729405] [BehaviorTreeEngine]: Behavior Tree tick rate 100.00 was exceeded!
[bt_navigator-6] [ERROR] [1757085723.808599894] [transformPoseInTargetFrame]: Extrapolation Error looking up target frame: Lookup would require extrapolation into the past.  Requested time 1757085702.569006 but the earliest data is at time 1757085713.720773, when looking up transform from frame [base_link] to frame [map]
[bt_navigator-6] 
[bt_navigator-6] [WARN] [1757085723.808674700] [BehaviorTreeEngine]: Behavior Tree tick rate 100.00 was exceeded!
[bt_navigator-6] [ERROR] [1757085723.909468233] [transformPoseInTargetFrame]: Extrapolation Error looking up target frame: Lookup would require extrapolation into the past.  Requested time 1757085702.569006 but the earliest data is at time 1757085713.820815, when looking up transform from frame [base_link] to frame [map]
[bt_navigator-6] 
[bt_navigator-6] [WARN] [1757085723.909559561] [BehaviorTreeEngine]: Behavior Tree tick rate 100.00 was exceeded!
[bt_navigator-6] [ERROR] [1757085724.010370300] [transformPoseInTargetFrame]: Extrapolation Error looking up target frame: Lookup would require extrapolation into the past.  Requested time 1757085702.569006 but the earliest data is at time 1757085713.970920, when looking up transform from frame [base_link] to frame [map]
[bt_navigator-6] 
[bt_navigator-6] [WARN] [1757085724.010462239] [BehaviorTreeEngine]: Behavior Tree tick rate 100.00 was exceeded!
[bt_navigator-6] [ERROR] [1757085724.111251872] [transformPoseInTargetFrame]: Extrapolation Error looking up target frame: Lookup would require extrapolation into the past.  Requested time 1757085702.569006 but the earliest data is at time 1757085714.070752, when looking up transform from frame [base_link] to frame [map]
[bt_navigator-6] 
[bt_navigator-6] [WARN] [1757085724.111327315] [BehaviorTreeEngine]: Behavior Tree tick rate 100.00 was exceeded!
[planner_server-4] [ERROR] [1757085724.118268902] [transformPoseInTargetFrame]: Extrapolation Error looking up target frame: Lookup would require extrapolation into the past.  Requested time 1757085702.569006 but the earliest data is at time 1757085714.070752, when looking up transform from frame [base_link] to frame [map]
[planner_server-4] 
[bt_navigator-6] [ERROR] [1757085724.212352138] [transformPoseInTargetFrame]: Extrapolation Error looking up target frame: Lookup would require extrapolation into the past.  Requested time 1757085702.569006 but the earliest data is at time 1757085714.170666, when looking up transform from frame [base_link] to frame [map]
[bt_navigator-6] 
[bt_navigator-6] [WARN] [1757085724.212606866] [BehaviorTreeEngine]: Behavior Tree tick rate 100.00 was exceeded!
[bt_navigator-6] [ERROR] [1757085724.314057545] [transformPoseInTargetFrame]: Extrapolation Error looking up target frame: Lookup would require extrapolation into the past.  Requested time 1757085702.569006 but the earliest data is at time 1757085714.220679, when looking up transform from frame [base_link] to frame [map]
[bt_navigator-6] 
[bt_navigator-6] [WARN] [1757085724.314270278] [BehaviorTreeEngine]: Behavior Tree tick rate 100.00 was exceeded!
[bt_navigator-6] [ERROR] [1757085724.415769660] [transformPoseInTargetFrame]: Extrapolation Error looking up target frame: Lookup would require extrapolation into the past.  Requested time 1757085702.569006 but the earliest data is at time 1757085714.270778, when looking up transform from frame [base_link] to frame [map]
[bt_navigator-6] 
[bt_navigator-6] [WARN] [1757085724.415956318] [BehaviorTreeEngine]: Behavior Tree tick rate 100.00 was exceeded!
[bt_navigator-6] [ERROR] [1757085724.517167199] [transformPoseInTargetFrame]: Extrapolation Error looking up target frame: Lookup would require extrapolation into the past.  Requested time 1757085702.569006 but the earliest data is at time 1757085714.471027, when looking up transform from frame [base_link] to frame [map]
[bt_navigator-6] 
[bt_navigator-6] [WARN] [1757085724.517373304] [BehaviorTreeEngine]: Behavior Tree tick rate 100.00 was exceeded!
[bt_navigator-6] [ERROR] [1757085724.618749906] [transformPoseInTargetFrame]: Extrapolation Error looking up target frame: Lookup would require extrapolation into the past.  Requested time 1757085702.569006 but the earliest data is at time 1757085714.471027, when looking up transform from frame [base_link] to frame [map]
[bt_navigator-6] 
[bt_navigator-6] [WARN] [1757085724.618939143] [BehaviorTreeEngine]: Behavior Tree tick rate 100.00 was exceeded!
[bt_navigator-6] [ERROR] [1757085724.720735075] [transformPoseInTargetFrame]: Extrapolation Error looking up target frame: Lookup would require extrapolation into the past.  Requested time 1757085702.569006 but the earliest data is at time 1757085714.630080, when looking up transform from frame [base_link] to frame [map]
[bt_navigator-6] 
[bt_navigator-6] [WARN] [1757085724.720983347] [BehaviorTreeEngine]: Behavior Tree tick rate 100.00 was exceeded!
[bt_navigator-6] [ERROR] [1757085724.822853033] [transformPoseInTargetFrame]: Extrapolation Error looking up target frame: Lookup would require extrapolation into the past.  Requested time 1757085702.569006 but the earliest data is at time 1757085714.720846, when looking up transform from frame [base_link] to frame [map]
[bt_navigator-6] 
[bt_navigator-6] [WARN] [1757085724.823022994] [BehaviorTreeEngine]: Behavior Tree tick rate 100.00 was exceeded!
[bt_navigator-6] [ERROR] [1757085724.924838182] [transformPoseInTargetFrame]: Extrapolation Error looking up target frame: Lookup would require extrapolation into the past.  Requested time 1757085702.569006 but the earliest data is at time 1757085714.820691, when looking up transform from frame [base_link] to frame [map]
[bt_navigator-6] 
[bt_navigator-6] [WARN] [1757085724.925030185] [BehaviorTreeEngine]: Behavior Tree tick rate 100.00 was exceeded!
[bt_navigator-6] [ERROR] [1757085725.026482109] [transformPoseInTargetFrame]: Extrapolation Error looking up target frame: Lookup would require extrapolation into the past.  Requested time 1757085702.569006 but the earliest data is at time 1757085714.820691, when looking up transform from frame [base_link] to frame [map]
[bt_navigator-6] 
[bt_navigator-6] [WARN] [1757085725.026686328] [BehaviorTreeEngine]: Behavior Tree tick rate 100.00 was exceeded!
[planner_server-4] [ERROR] [1757085725.120997498] [transformPoseInTargetFrame]: Extrapolation Error looking up target frame: Lookup would require extrapolation into the past.  Requested time 1757085702.569006 but the earliest data is at time 1757085714.820691, when looking up transform from frame [base_link] to frame [map]
[planner_server-4] 
[bt_navigator-6] [ERROR] [1757085725.128744677] [transformPoseInTargetFrame]: Extrapolation Error looking up target frame: Lookup would require extrapolation into the past.  Requested time 1757085702.569006 but the earliest data is at time 1757085714.820691, when looking up transform from frame [base_link] to frame [map]
[bt_navigator-6] 
[bt_navigator-6] [WARN] [1757085725.128930592] [BehaviorTreeEngine]: Behavior Tree tick rate 100.00 was exceeded!
[bt_navigator-6] [ERROR] [1757085725.230157295] [transformPoseInTargetFrame]: Extrapolation Error looking up target frame: Lookup would require extrapolation into the past.  Requested time 1757085702.569006 but the earliest data is at time 1757085714.820691, when looking up transform from frame [base_link] to frame [map]
[bt_navigator-6] 
[bt_navigator-6] [WARN] [1757085725.230350272] [BehaviorTreeEngine]: Behavior Tree tick rate 100.00 was exceeded!
[bt_navigator-6] [ERROR] [1757085725.331548066] [transformPoseInTargetFrame]: Extrapolation Error looking up target frame: Lookup would require extrapolation into the past.  Requested time 1757085702.569006 but the earliest data is at time 1757085714.820691, when looking up transform from frame [base_link] to frame [map]
[bt_navigator-6] 
[bt_navigator-6] [WARN] [1757085725.331658636] [BehaviorTreeEngine]: Behavior Tree tick rate 100.00 was exceeded!
[bt_navigator-6] [ERROR] [1757085725.432539277] [transformPoseInTargetFrame]: Extrapolation Error looking up target frame: Lookup would require extrapolation into the past.  Requested time 1757085702.569006 but the earliest data is at time 1757085715.370723, when looking up transform from frame [base_link] to frame [map]
[bt_navigator-6] 
[bt_navigator-6] [WARN] [1757085725.432676906] [BehaviorTreeEngine]: Behavior Tree tick rate 100.00 was exceeded!
[bt_navigator-6] [ERROR] [1757085725.533649329] [transformPoseInTargetFrame]: Extrapolation Error looking up target frame: Lookup would require extrapolation into the past.  Requested time 1757085702.569006 but the earliest data is at time 1757085715.470706, when looking up transform from frame [base_link] to frame [map]
[bt_navigator-6] 
[bt_navigator-6] [WARN] [1757085725.533794323] [BehaviorTreeEngine]: Behavior Tree tick rate 100.00 was exceeded!
[bt_navigator-6] [ERROR] [1757085725.634894449] [transformPoseInTargetFrame]: Extrapolation Error looking up target frame: Lookup would require extrapolation into the past.  Requested time 1757085702.569006 but the earliest data is at time 1757085715.570661, when looking up transform from frame [base_link] to frame [map]
[bt_navigator-6] 
[bt_navigator-6] [WARN] [1757085725.635063187] [BehaviorTreeEngine]: Behavior Tree tick rate 100.00 was exceeded!
[bt_navigator-6] [ERROR] [1757085725.736179441] [transformPoseInTargetFrame]: Extrapolation Error looking up target frame: Lookup would require extrapolation into the past.  Requested time 1757085702.569006 but the earliest data is at time 1757085715.620841, when looking up transform from frame [base_link] to frame [map]
[bt_navigator-6] 
[bt_navigator-6] [WARN] [1757085725.736346519] [BehaviorTreeEngine]: Behavior Tree tick rate 100.00 was exceeded!
[bt_navigator-6] [ERROR] [1757085725.837729767] [transformPoseInTargetFrame]: Extrapolation Error looking up target frame: Lookup would require extrapolation into the past.  Requested time 1757085702.569006 but the earliest data is at time 1757085715.770770, when looking up transform from frame [base_link] to frame [map]
[bt_navigator-6] 
[bt_navigator-6] [WARN] [1757085725.837966538] [BehaviorTreeEngine]: Behavior Tree tick rate 100.00 was exceeded!
[bt_navigator-6] [ERROR] [1757085725.939348369] [transformPoseInTargetFrame]: Extrapolation Error looking up target frame: Lookup would require extrapolation into the past.  Requested time 1757085702.569006 but the earliest data is at time 1757085715.770770, when looking up transform from frame [base_link] to frame [map]
[bt_navigator-6] 
[bt_navigator-6] [WARN] [1757085725.939538898] [BehaviorTreeEngine]: Behavior Tree tick rate 100.00 was exceeded!
[bt_navigator-6] [ERROR] [1757085726.040721434] [transformPoseInTargetFrame]: Extrapolation Error looking up target frame: Lookup would require extrapolation into the past.  Requested time 1757085702.569006 but the earliest data is at time 1757085715.920701, when looking up transform from frame [base_link] to frame [map]
[bt_navigator-6] 
[bt_navigator-6] [WARN] [1757085726.040921133] [BehaviorTreeEngine]: Behavior Tree tick rate 100.00 was exceeded!
[planner_server-4] [ERROR] [1757085726.120433555] [transformPoseInTargetFrame]: Extrapolation Error looking up target frame: Lookup would require extrapolation into the past.  Requested time 1757085702.569006 but the earliest data is at time 1757085716.070742, when looking up transform from frame [base_link] to frame [map]
[planner_server-4] 
[bt_navigator-6] [ERROR] [1757085726.142295886] [transformPoseInTargetFrame]: Extrapolation Error looking up target frame: Lookup would require extrapolation into the past.  Requested time 1757085702.569006 but the earliest data is at time 1757085716.120873, when looking up transform from frame [base_link] to frame [map]
[bt_navigator-6] 
[bt_navigator-6] [WARN] [1757085726.142488337] [BehaviorTreeEngine]: Behavior Tree tick rate 100.00 was exceeded!
[bt_navigator-6] [ERROR] [1757085726.243763706] [transformPoseInTargetFrame]: Extrapolation Error looking up target frame: Lookup would require extrapolation into the past.  Requested time 1757085702.569006 but the earliest data is at time 1757085716.170735, when looking up transform from frame [base_link] to frame [map]
[bt_navigator-6] 
[bt_navigator-6] [WARN] [1757085726.243918728] [BehaviorTreeEngine]: Behavior Tree tick rate 100.00 was exceeded!
[bt_navigator-6] [ERROR] [1757085726.345217762] [transformPoseInTargetFrame]: Extrapolation Error looking up target frame: Lookup would require extrapolation into the past.  Requested time 1757085702.569006 but the earliest data is at time 1757085716.270816, when looking up transform from frame [base_link] to frame [map]
[bt_navigator-6] 
[bt_navigator-6] [WARN] [1757085726.345404203] [BehaviorTreeEngine]: Behavior Tree tick rate 100.00 was exceeded!
[bt_navigator-6] [ERROR] [1757085726.446731018] [transformPoseInTargetFrame]: Extrapolation Error looking up target frame: Lookup would require extrapolation into the past.  Requested time 1757085702.569006 but the earliest data is at time 1757085716.420735, when looking up transform from frame [base_link] to frame [map]
[bt_navigator-6] 
[bt_navigator-6] [WARN] [1757085726.446941140] [BehaviorTreeEngine]: Behavior Tree tick rate 100.00 was exceeded!
[bt_navigator-6] [ERROR] [1757085726.548851795] [transformPoseInTargetFrame]: Extrapolation Error looking up target frame: Lookup would require extrapolation into the past.  Requested time 1757085702.569006 but the earliest data is at time 1757085716.420735, when looking up transform from frame [base_link] to frame [map]
[bt_navigator-6] 
[bt_navigator-6] [WARN] [1757085726.549029526] [BehaviorTreeEngine]: Behavior Tree tick rate 100.00 was exceeded!
[explore-10] [ERROR] [1757085726.627292744] [explore_node]: Extrapolation Error looking up robot pose: Lookup would require extrapolation at time 1757085726.322728, but only time 1757085702.569006 is in the buffer, when looking up transform from frame [base_link] to frame [map]
[explore-10] 
[bt_navigator-6] [ERROR] [1757085726.651333545] [transformPoseInTargetFrame]: Extrapolation Error looking up target frame: Lookup would require extrapolation into the past.  Requested time 1757085702.569006 but the earliest data is at time 1757085716.570954, when looking up transform from frame [base_link] to frame [map]
[bt_navigator-6] 
[bt_navigator-6] [WARN] [1757085726.651576817] [BehaviorTreeEngine]: Behavior Tree tick rate 100.00 was exceeded!
[bt_navigator-6] [ERROR] [1757085726.753641799] [transformPoseInTargetFrame]: Extrapolation Error looking up target frame: Lookup would require extrapolation into the past.  Requested time 1757085702.569006 but the earliest data is at time 1757085716.670753, when looking up transform from frame [base_link] to frame [map]
[bt_navigator-6] 
[bt_navigator-6] [WARN] [1757085726.753939532] [BehaviorTreeEngine]: Behavior Tree tick rate 100.00 was exceeded!
[bt_navigator-6] [ERROR] [1757085726.856044002] [transformPoseInTargetFrame]: Extrapolation Error looking up target frame: Lookup would require extrapolation into the past.  Requested time 1757085702.569006 but the earliest data is at time 1757085716.820696, when looking up transform from frame [base_link] to frame [map]
[bt_navigator-6] 
[bt_navigator-6] [WARN] [1757085726.856344299] [BehaviorTreeEngine]: Behavior Tree tick rate 100.00 was exceeded!
[bt_navigator-6] [ERROR] [1757085726.957886576] [transformPoseInTargetFrame]: Extrapolation Error looking up target frame: Lookup would require extrapolation into the past.  Requested time 1757085702.569006 but the earliest data is at time 1757085716.870935, when looking up transform from frame [base_link] to frame [map]
[bt_navigator-6] 
[bt_navigator-6] [WARN] [1757085726.958183022] [BehaviorTreeEngine]: Behavior Tree tick rate 100.00 was exceeded!
[bt_navigator-6] [ERROR] [1757085727.060338721] [transformPoseInTargetFrame]: Extrapolation Error looking up target frame: Lookup would require extrapolation into the past.  Requested time 1757085702.569006 but the earliest data is at time 1757085716.970784, when looking up transform from frame [base_link] to frame [map]
[bt_navigator-6] 
[bt_navigator-6] [WARN] [1757085727.060661980] [BehaviorTreeEngine]: Behavior Tree tick rate 100.00 was exceeded!
[planner_server-4] [ERROR] [1757085727.121220235] [transformPoseInTargetFrame]: Extrapolation Error looking up target frame: Lookup would require extrapolation into the past.  Requested time 1757085702.569006 but the earliest data is at time 1757085717.020752, when looking up transform from frame [base_link] to frame [map]
[planner_server-4] 
[bt_navigator-6] [ERROR] [1757085727.163018997] [transformPoseInTargetFrame]: Extrapolation Error looking up target frame: Lookup would require extrapolation into the past.  Requested time 1757085702.569006 but the earliest data is at time 1757085717.020752, when looking up transform from frame [base_link] to frame [map]
[bt_navigator-6] 
[bt_navigator-6] [WARN] [1757085727.163271687] [BehaviorTreeEngine]: Behavior Tree tick rate 100.00 was exceeded!
[bt_navigator-6] [ERROR] [1757085727.265505336] [transformPoseInTargetFrame]: Extrapolation Error looking up target frame: Lookup would require extrapolation into the past.  Requested time 1757085702.569006 but the earliest data is at time 1757085717.171049, when looking up transform from frame [base_link] to frame [map]
[bt_navigator-6] 
[bt_navigator-6] [WARN] [1757085727.265761063] [BehaviorTreeEngine]: Behavior Tree tick rate 100.00 was exceeded!
[bt_navigator-6] [ERROR] [1757085727.367909066] [transformPoseInTargetFrame]: Extrapolation Error looking up target frame: Lookup would require extrapolation into the past.  Requested time 1757085702.569006 but the earliest data is at time 1757085717.270875, when looking up transform from frame [base_link] to frame [map]
[bt_navigator-6] 
[bt_navigator-6] [WARN] [1757085727.368161656] [BehaviorTreeEngine]: Behavior Tree tick rate 100.00 was exceeded!
[bt_navigator-6] [ERROR] [1757085727.470475113] [transformPoseInTargetFrame]: Extrapolation Error looking up target frame: Lookup would require extrapolation into the past.  Requested time 1757085702.569006 but the earliest data is at time 1757085717.320777, when looking up transform from frame [base_link] to frame [map]
[bt_navigator-6] 
[bt_navigator-6] [WARN] [1757085727.470718039] [BehaviorTreeEngine]: Behavior Tree tick rate 100.00 was exceeded!
[bt_navigator-6] [ERROR] [1757085727.571821663] [transformPoseInTargetFrame]: Extrapolation Error looking up target frame: Lookup would require extrapolation into the past.  Requested time 1757085702.569006 but the earliest data is at time 1757085717.320777, when looking up transform from frame [base_link] to frame [map]
[bt_navigator-6] 
[bt_navigator-6] [WARN] [1757085727.571931786] [BehaviorTreeEngine]: Behavior Tree tick rate 100.00 was exceeded!
[bt_navigator-6] [ERROR] [1757085727.673330966] [transformPoseInTargetFrame]: Extrapolation Error looking up target frame: Lookup would require extrapolation into the past.  Requested time 1757085702.569006 but the earliest data is at time 1757085717.588975, when looking up transform from frame [base_link] to frame [map]
[bt_navigator-6] 
[bt_navigator-6] [WARN] [1757085727.673576852] [BehaviorTreeEngine]: Behavior Tree tick rate 100.00 was exceeded!
[bt_navigator-6] [ERROR] [1757085727.776149550] [transformPoseInTargetFrame]: Extrapolation Error looking up target frame: Lookup would require extrapolation into the past.  Requested time 1757085702.569006 but the earliest data is at time 1757085717.588975, when looking up transform from frame [base_link] to frame [map]
[bt_navigator-6] 
[bt_navigator-6] [WARN] [1757085727.776487689] [BehaviorTreeEngine]: Behavior Tree tick rate 100.00 was exceeded!
[bt_navigator-6] [ERROR] [1757085727.878249896] [transformPoseInTargetFrame]: Extrapolation Error looking up target frame: Lookup would require extrapolation into the past.  Requested time 1757085702.569006 but the earliest data is at time 1757085717.588975, when looking up transform from frame [base_link] to frame [map]
[bt_navigator-6] 
[bt_navigator-6] [WARN] [1757085727.878445745] [BehaviorTreeEngine]: Behavior Tree tick rate 100.00 was exceeded!
[bt_navigator-6] [ERROR] [1757085727.979777332] [transformPoseInTargetFrame]: Extrapolation Error looking up target frame: Lookup would require extrapolation into the past.  Requested time 1757085702.569006 but the earliest data is at time 1757085717.588975, when looking up transform from frame [base_link] to frame [map]
[bt_navigator-6] 
[bt_navigator-6] [WARN] [1757085727.979986190] [BehaviorTreeEngine]: Behavior Tree tick rate 100.00 was exceeded!
[bt_navigator-6] [ERROR] [1757085728.082146060] [transformPoseInTargetFrame]: Extrapolation Error looking up target frame: Lookup would require extrapolation into the past.  Requested time 1757085702.569006 but the earliest data is at time 1757085717.588975, when looking up transform from frame [base_link] to frame [map]
[bt_navigator-6] 
[bt_navigator-6] [WARN] [1757085728.082457929] [BehaviorTreeEngine]: Behavior Tree tick rate 100.00 was exceeded!
[planner_server-4] [ERROR] [1757085728.122744295] [transformPoseInTargetFrame]: Extrapolation Error looking up target frame: Lookup would require extrapolation into the past.  Requested time 1757085702.569006 but the earliest data is at time 1757085717.822917, when looking up transform from frame [base_link] to frame [map]
[planner_server-4] 
[bt_navigator-6] [ERROR] [1757085728.183869458] [transformPoseInTargetFrame]: Extrapolation Error looking up target frame: Lookup would require extrapolation into the past.  Requested time 1757085702.569006 but the earliest data is at time 1757085717.920718, when looking up transform from frame [base_link] to frame [map]
[bt_navigator-6] 
[bt_navigator-6] [WARN] [1757085728.183922040] [BehaviorTreeEngine]: Behavior Tree tick rate 100.00 was exceeded!
[bt_navigator-6] [ERROR] [1757085728.285263728] [transformPoseInTargetFrame]: Extrapolation Error looking up target frame: Lookup would require extrapolation into the past.  Requested time 1757085702.569006 but the earliest data is at time 1757085718.220786, when looking up transform from frame [base_link] to frame [map]
[bt_navigator-6] 
[bt_navigator-6] [WARN] [1757085728.285469939] [BehaviorTreeEngine]: Behavior Tree tick rate 100.00 was exceeded!
[bt_navigator-6] [ERROR] [1757085728.387694899] [transformPoseInTargetFrame]: Extrapolation Error looking up target frame: Lookup would require extrapolation into the past.  Requested time 1757085702.569006 but the earliest data is at time 1757085718.320718, when looking up transform from frame [base_link] to frame [map]
[bt_navigator-6] 
[bt_navigator-6] [WARN] [1757085728.387935412] [BehaviorTreeEngine]: Behavior Tree tick rate 100.00 was exceeded!
[bt_navigator-6] [ERROR] [1757085728.490151035] [transformPoseInTargetFrame]: Extrapolation Error looking up target frame: Lookup would require extrapolation into the past.  Requested time 1757085702.569006 but the earliest data is at time 1757085718.420713, when looking up transform from frame [base_link] to frame [map]
[bt_navigator-6] 
[bt_navigator-6] [WARN] [1757085728.490349731] [BehaviorTreeEngine]: Behavior Tree tick rate 100.00 was exceeded!
[bt_navigator-6] [ERROR] [1757085728.592002318] [transformPoseInTargetFrame]: Extrapolation Error looking up target frame: Lookup would require extrapolation into the past.  Requested time 1757085702.569006 but the earliest data is at time 1757085718.420713, when looking up transform from frame [base_link] to frame [map]
[bt_navigator-6] 
[bt_navigator-6] [WARN] [1757085728.592179432] [BehaviorTreeEngine]: Behavior Tree tick rate 100.00 was exceeded!
[bt_navigator-6] [ERROR] [1757085728.693824440] [transformPoseInTargetFrame]: Extrapolation Error looking up target frame: Lookup would require extrapolation into the past.  Requested time 1757085702.569006 but the earliest data is at time 1757085718.420713, when looking up transform from frame [base_link] to frame [map]
[bt_navigator-6] 
[bt_navigator-6] [WARN] [1757085728.694076297] [BehaviorTreeEngine]: Behavior Tree tick rate 100.00 was exceeded!
[bt_navigator-6] [ERROR] [1757085728.795921292] [transformPoseInTargetFrame]: Extrapolation Error looking up target frame: Lookup would require extrapolation into the past.  Requested time 1757085702.569006 but the earliest data is at time 1757085718.420713, when looking up transform from frame [base_link] to frame [map]
[bt_navigator-6] 
[bt_navigator-6] [WARN] [1757085728.796162663] [BehaviorTreeEngine]: Behavior Tree tick rate 100.00 was exceeded!
[bt_navigator-6] [ERROR] [1757085728.898132124] [transformPoseInTargetFrame]: Extrapolation Error looking up target frame: Lookup would require extrapolation into the past.  Requested time 1757085702.569006 but the earliest data is at time 1757085718.420713, when looking up transform from frame [base_link] to frame [map]
[bt_navigator-6] 
[bt_navigator-6] [WARN] [1757085728.898337962] [BehaviorTreeEngine]: Behavior Tree tick rate 100.00 was exceeded!
[bt_navigator-6] [ERROR] [1757085729.000203014] [transformPoseInTargetFrame]: Extrapolation Error looking up target frame: Lookup would require extrapolation into the past.  Requested time 1757085702.569006 but the earliest data is at time 1757085718.520734, when looking up transform from frame [base_link] to frame [map]
[bt_navigator-6] 
[bt_navigator-6] [WARN] [1757085729.000420609] [BehaviorTreeEngine]: Behavior Tree tick rate 100.00 was exceeded!
[bt_navigator-6] [ERROR] [1757085729.101576761] [transformPoseInTargetFrame]: Extrapolation Error looking up target frame: Lookup would require extrapolation into the past.  Requested time 1757085702.569006 but the earliest data is at time 1757085718.970751, when looking up transform from frame [base_link] to frame [map]
[bt_navigator-6] 
[bt_navigator-6] [WARN] [1757085729.101837584] [BehaviorTreeEngine]: Behavior Tree tick rate 100.00 was exceeded!
[planner_server-4] [ERROR] [1757085729.121468753] [transformPoseInTargetFrame]: Extrapolation Error looking up target frame: Lookup would require extrapolation into the past.  Requested time 1757085702.569006 but the earliest data is at time 1757085718.970751, when looking up transform from frame [base_link] to frame [map]
[planner_server-4] 
[bt_navigator-6] [ERROR] [1757085729.203004183] [transformPoseInTargetFrame]: Extrapolation Error looking up target frame: Lookup would require extrapolation into the past.  Requested time 1757085702.569006 but the earliest data is at time 1757085719.070735, when looking up transform from frame [base_link] to frame [map]
[bt_navigator-6] 
[bt_navigator-6] [WARN] [1757085729.203186466] [BehaviorTreeEngine]: Behavior Tree tick rate 100.00 was exceeded!
[bt_navigator-6] [ERROR] [1757085729.304273841] [transformPoseInTargetFrame]: Extrapolation Error looking up target frame: Lookup would require extrapolation into the past.  Requested time 1757085702.569006 but the earliest data is at time 1757085719.220692, when looking up transform from frame [base_link] to frame [map]
[bt_navigator-6] 
[bt_navigator-6] [WARN] [1757085729.304434413] [BehaviorTreeEngine]: Behavior Tree tick rate 100.00 was exceeded!
[bt_navigator-6] [ERROR] [1757085729.406145734] [transformPoseInTargetFrame]: Extrapolation Error looking up target frame: Lookup would require extrapolation into the past.  Requested time 1757085702.569006 but the earliest data is at time 1757085719.270764, when looking up transform from frame [base_link] to frame [map]
[bt_navigator-6] 
[bt_navigator-6] [WARN] [1757085729.406357288] [BehaviorTreeEngine]: Behavior Tree tick rate 100.00 was exceeded!
[bt_navigator-6] [ERROR] [1757085729.507679914] [transformPoseInTargetFrame]: Extrapolation Error looking up target frame: Lookup would require extrapolation into the past.  Requested time 1757085702.569006 but the earliest data is at time 1757085719.370800, when looking up transform from frame [base_link] to frame [map]
[bt_navigator-6] 
[bt_navigator-6] [WARN] [1757085729.507876413] [BehaviorTreeEngine]: Behavior Tree tick rate 100.00 was exceeded!
[bt_navigator-6] [ERROR] [1757085729.609256635] [transformPoseInTargetFrame]: Extrapolation Error looking up target frame: Lookup would require extrapolation into the past.  Requested time 1757085702.569006 but the earliest data is at time 1757085719.520747, when looking up transform from frame [base_link] to frame [map]
[bt_navigator-6] 
[bt_navigator-6] [WARN] [1757085729.609462654] [BehaviorTreeEngine]: Behavior Tree tick rate 100.00 was exceeded!
[bt_navigator-6] [ERROR] [1757085729.710948571] [transformPoseInTargetFrame]: Extrapolation Error looking up target frame: Lookup would require extrapolation into the past.  Requested time 1757085702.569006 but the earliest data is at time 1757085719.621080, when looking up transform from frame [base_link] to frame [map]
[bt_navigator-6] 
[bt_navigator-6] [WARN] [1757085729.711096132] [BehaviorTreeEngine]: Behavior Tree tick rate 100.00 was exceeded!
[bt_navigator-6] [ERROR] [1757085729.812784379] [transformPoseInTargetFrame]: Extrapolation Error looking up target frame: Lookup would require extrapolation into the past.  Requested time 1757085702.569006 but the earliest data is at time 1757085719.724300, when looking up transform from frame [base_link] to frame [map]
[bt_navigator-6] 
[bt_navigator-6] [WARN] [1757085729.812979212] [BehaviorTreeEngine]: Behavior Tree tick rate 100.00 was exceeded!
[bt_navigator-6] [ERROR] [1757085729.914775716] [transformPoseInTargetFrame]: Extrapolation Error looking up target frame: Lookup would require extrapolation into the past.  Requested time 1757085702.569006 but the earliest data is at time 1757085719.822697, when looking up transform from frame [base_link] to frame [map]
[bt_navigator-6] 
[bt_navigator-6] [WARN] [1757085729.914976003] [BehaviorTreeEngine]: Behavior Tree tick rate 100.00 was exceeded!
[bt_navigator-6] [ERROR] [1757085730.016408561] [transformPoseInTargetFrame]: Extrapolation Error looking up target frame: Lookup would require extrapolation into the past.  Requested time 1757085702.569006 but the earliest data is at time 1757085719.922142, when looking up transform from frame [base_link] to frame [map]
[bt_navigator-6] 
[bt_navigator-6] [WARN] [1757085730.016598654] [BehaviorTreeEngine]: Behavior Tree tick rate 100.00 was exceeded!
[bt_navigator-6] [ERROR] [1757085730.117699796] [transformPoseInTargetFrame]: Extrapolation Error looking up target frame: Lookup would require extrapolation into the past.  Requested time 1757085702.569006 but the earliest data is at time 1757085720.020753, when looking up transform from frame [base_link] to frame [map]
[bt_navigator-6] 
[bt_navigator-6] [WARN] [1757085730.117967417] [BehaviorTreeEngine]: Behavior Tree tick rate 100.00 was exceeded!
[planner_server-4] [ERROR] [1757085730.121998650] [transformPoseInTargetFrame]: Extrapolation Error looking up target frame: Lookup would require extrapolation into the past.  Requested time 1757085702.569006 but the earliest data is at time 1757085720.020753, when looking up transform from frame [base_link] to frame [map]
[planner_server-4] 
[bt_navigator-6] [ERROR] [1757085730.219481223] [transformPoseInTargetFrame]: Extrapolation Error looking up target frame: Lookup would require extrapolation into the past.  Requested time 1757085702.569006 but the earliest data is at time 1757085720.120737, when looking up transform from frame [base_link] to frame [map]
[bt_navigator-6] 
[bt_navigator-6] [WARN] [1757085730.219658860] [BehaviorTreeEngine]: Behavior Tree tick rate 100.00 was exceeded!
[bt_navigator-6] [ERROR] [1757085730.320733083] [transformPoseInTargetFrame]: Extrapolation Error looking up target frame: Lookup would require extrapolation into the past.  Requested time 1757085702.569006 but the earliest data is at time 1757085720.270721, when looking up transform from frame [base_link] to frame [map]
[bt_navigator-6] 
[bt_navigator-6] [WARN] [1757085730.320931254] [BehaviorTreeEngine]: Behavior Tree tick rate 100.00 was exceeded!
[bt_navigator-6] [ERROR] [1757085730.422205285] [transformPoseInTargetFrame]: Extrapolation Error looking up target frame: Lookup would require extrapolation into the past.  Requested time 1757085702.569006 but the earliest data is at time 1757085720.370676, when looking up transform from frame [base_link] to frame [map]
[bt_navigator-6] 
[bt_navigator-6] [WARN] [1757085730.422402658] [BehaviorTreeEngine]: Behavior Tree tick rate 100.00 was exceeded!
[bt_navigator-6] [ERROR] [1757085730.523485145] [transformPoseInTargetFrame]: Extrapolation Error looking up target frame: Lookup would require extrapolation into the past.  Requested time 1757085702.569006 but the earliest data is at time 1757085720.420765, when looking up transform from frame [base_link] to frame [map]
[bt_navigator-6] 
[bt_navigator-6] [WARN] [1757085730.523653698] [BehaviorTreeEngine]: Behavior Tree tick rate 100.00 was exceeded!
[bt_navigator-6] [ERROR] [1757085730.625221443] [transformPoseInTargetFrame]: Extrapolation Error looking up target frame: Lookup would require extrapolation into the past.  Requested time 1757085702.569006 but the earliest data is at time 1757085720.520988, when looking up transform from frame [base_link] to frame [map]
[bt_navigator-6] 
[bt_navigator-6] [WARN] [1757085730.625408395] [BehaviorTreeEngine]: Behavior Tree tick rate 100.00 was exceeded!
[bt_navigator-6] [ERROR] [1757085730.727162257] [transformPoseInTargetFrame]: Extrapolation Error looking up target frame: Lookup would require extrapolation into the past.  Requested time 1757085702.569006 but the earliest data is at time 1757085720.620777, when looking up transform from frame [base_link] to frame [map]
[bt_navigator-6] 
[bt_navigator-6] [WARN] [1757085730.727336568] [BehaviorTreeEngine]: Behavior Tree tick rate 100.00 was exceeded!
[bt_navigator-6] [ERROR] [1757085730.828501866] [transformPoseInTargetFrame]: Extrapolation Error looking up target frame: Lookup would require extrapolation into the past.  Requested time 1757085702.569006 but the earliest data is at time 1757085720.620777, when looking up transform from frame [base_link] to frame [map]
[bt_navigator-6] 
[bt_navigator-6] [WARN] [1757085730.828704156] [BehaviorTreeEngine]: Behavior Tree tick rate 100.00 was exceeded!
[bt_navigator-6] [ERROR] [1757085730.929735335] [transformPoseInTargetFrame]: Extrapolation Error looking up target frame: Lookup would require extrapolation into the past.  Requested time 1757085702.569006 but the earliest data is at time 1757085720.870788, when looking up transform from frame [base_link] to frame [map]
[bt_navigator-6] 
[bt_navigator-6] [WARN] [1757085730.929928880] [BehaviorTreeEngine]: Behavior Tree tick rate 100.00 was exceeded!
[bt_navigator-6] [ERROR] [1757085731.031350014] [transformPoseInTargetFrame]: Extrapolation Error looking up target frame: Lookup would require extrapolation into the past.  Requested time 1757085702.569006 but the earliest data is at time 1757085720.970720, when looking up transform from frame [base_link] to frame [map]
[bt_navigator-6] 
[bt_navigator-6] [WARN] [1757085731.031543883] [BehaviorTreeEngine]: Behavior Tree tick rate 100.00 was exceeded!
[planner_server-4] [ERROR] [1757085731.120019387] [transformPoseInTargetFrame]: Extrapolation Error looking up target frame: Lookup would require extrapolation into the past.  Requested time 1757085702.569006 but the earliest data is at time 1757085721.070731, when looking up transform from frame [base_link] to frame [map]
[planner_server-4] 
[bt_navigator-6] [ERROR] [1757085731.132716612] [transformPoseInTargetFrame]: Extrapolation Error looking up target frame: Lookup would require extrapolation into the past.  Requested time 1757085702.569006 but the earliest data is at time 1757085721.070731, when looking up transform from frame [base_link] to frame [map]
[bt_navigator-6] 
[bt_navigator-6] [WARN] [1757085731.132951693] [BehaviorTreeEngine]: Behavior Tree tick rate 100.00 was exceeded!
[bt_navigator-6] [ERROR] [1757085731.234485213] [transformPoseInTargetFrame]: Extrapolation Error looking up target frame: Lookup would require extrapolation into the past.  Requested time 1757085702.569006 but the earliest data is at time 1757085721.170719, when looking up transform from frame [base_link] to frame [map]
[bt_navigator-6] 
[bt_navigator-6] [WARN] [1757085731.234661680] [BehaviorTreeEngine]: Behavior Tree tick rate 100.00 was exceeded!
[bt_navigator-6] [ERROR] [1757085731.336479341] [transformPoseInTargetFrame]: Extrapolation Error looking up target frame: Lookup would require extrapolation into the past.  Requested time 1757085702.569006 but the earliest data is at time 1757085721.270711, when looking up transform from frame [base_link] to frame [map]
[bt_navigator-6] 
[bt_navigator-6] [WARN] [1757085731.336719505] [BehaviorTreeEngine]: Behavior Tree tick rate 100.00 was exceeded!
[bt_navigator-6] [ERROR] [1757085731.439361395] [transformPoseInTargetFrame]: Extrapolation Error looking up target frame: Lookup would require extrapolation into the past.  Requested time 1757085702.569006 but the earliest data is at time 1757085721.320754, when looking up transform from frame [base_link] to frame [map]
[bt_navigator-6] 
[bt_navigator-6] [WARN] [1757085731.439601337] [BehaviorTreeEngine]: Behavior Tree tick rate 100.00 was exceeded!
[bt_navigator-6] [ERROR] [1757085731.541787362] [transformPoseInTargetFrame]: Extrapolation Error looking up target frame: Lookup would require extrapolation into the past.  Requested time 1757085702.569006 but the earliest data is at time 1757085721.420758, when looking up transform from frame [base_link] to frame [map]
[bt_navigator-6] 
[bt_navigator-6] [WARN] [1757085731.541859746] [BehaviorTreeEngine]: Behavior Tree tick rate 100.00 was exceeded!
[bt_navigator-6] [ERROR] [1757085731.643853066] [transformPoseInTargetFrame]: Extrapolation Error looking up target frame: Lookup would require extrapolation into the past.  Requested time 1757085702.569006 but the earliest data is at time 1757085721.574740, when looking up transform from frame [base_link] to frame [map]
[bt_navigator-6] 
[bt_navigator-6] [WARN] [1757085731.644061188] [BehaviorTreeEngine]: Behavior Tree tick rate 100.00 was exceeded!
[bt_navigator-6] [ERROR] [1757085731.746179635] [transformPoseInTargetFrame]: Extrapolation Error looking up target frame: Lookup would require extrapolation into the past.  Requested time 1757085702.569006 but the earliest data is at time 1757085721.574740, when looking up transform from frame [base_link] to frame [map]
[bt_navigator-6] 
[bt_navigator-6] [WARN] [1757085731.746406328] [BehaviorTreeEngine]: Behavior Tree tick rate 100.00 was exceeded!
[bt_navigator-6] [ERROR] [1757085731.848396296] [transformPoseInTargetFrame]: Extrapolation Error looking up target frame: Lookup would require extrapolation into the past.  Requested time 1757085702.569006 but the earliest data is at time 1757085721.820822, when looking up transform from frame [base_link] to frame [map]
[bt_navigator-6] 
[bt_navigator-6] [WARN] [1757085731.848595076] [BehaviorTreeEngine]: Behavior Tree tick rate 100.00 was exceeded!
[bt_navigator-6] [ERROR] [1757085731.949666299] [transformPoseInTargetFrame]: Extrapolation Error looking up target frame: Lookup would require extrapolation into the past.  Requested time 1757085702.569006 but the earliest data is at time 1757085721.920742, when looking up transform from frame [base_link] to frame [map]
[bt_navigator-6] 
[bt_navigator-6] [WARN] [1757085731.949855461] [BehaviorTreeEngine]: Behavior Tree tick rate 100.00 was exceeded!
[bt_navigator-6] [ERROR] [1757085732.051071790] [transformPoseInTargetFrame]: Extrapolation Error looking up target frame: Lookup would require extrapolation into the past.  Requested time 1757085702.569006 but the earliest data is at time 1757085721.970704, when looking up transform from frame [base_link] to frame [map]
[bt_navigator-6] 
[bt_navigator-6] [WARN] [1757085732.051240032] [BehaviorTreeEngine]: Behavior Tree tick rate 100.00 was exceeded!
[planner_server-4] [ERROR] [1757085732.121368394] [transformPoseInTargetFrame]: Extrapolation Error looking up target frame: Lookup would require extrapolation into the past.  Requested time 1757085702.569006 but the earliest data is at time 1757085722.070910, when looking up transform from frame [base_link] to frame [map]
[planner_server-4] 
[bt_navigator-6] [ERROR] [1757085732.152338697] [transformPoseInTargetFrame]: Extrapolation Error looking up target frame: Lookup would require extrapolation into the past.  Requested time 1757085702.569006 but the earliest data is at time 1757085721.970704, when looking up transform from frame [base_link] to frame [map]
[bt_navigator-6] 
[bt_navigator-6] [WARN] [1757085732.152531191] [BehaviorTreeEngine]: Behavior Tree tick rate 100.00 was exceeded!
[bt_navigator-6] [ERROR] [1757085732.253640950] [transformPoseInTargetFrame]: Extrapolation Error looking up target frame: Lookup would require extrapolation into the past.  Requested time 1757085702.569006 but the earliest data is at time 1757085722.227010, when looking up transform from frame [base_link] to frame [map]
[bt_navigator-6] 
[bt_navigator-6] [WARN] [1757085732.253814234] [BehaviorTreeEngine]: Behavior Tree tick rate 100.00 was exceeded!
[bt_navigator-6] [ERROR] [1757085732.355373448] [transformPoseInTargetFrame]: Extrapolation Error looking up target frame: Lookup would require extrapolation into the past.  Requested time 1757085702.569006 but the earliest data is at time 1757085722.270792, when looking up transform from frame [base_link] to frame [map]
[bt_navigator-6] 
[bt_navigator-6] [WARN] [1757085732.355506595] [BehaviorTreeEngine]: Behavior Tree tick rate 100.00 was exceeded!
[bt_navigator-6] [ERROR] [1757085732.457057393] [transformPoseInTargetFrame]: Extrapolation Error looking up target frame: Lookup would require extrapolation into the past.  Requested time 1757085702.569006 but the earliest data is at time 1757085722.370707, when looking up transform from frame [base_link] to frame [map]
[bt_navigator-6] 
[bt_navigator-6] [WARN] [1757085732.457236396] [BehaviorTreeEngine]: Behavior Tree tick rate 100.00 was exceeded!
[bt_navigator-6] [ERROR] [1757085732.558763595] [transformPoseInTargetFrame]: Extrapolation Error looking up target frame: Lookup would require extrapolation into the past.  Requested time 1757085702.569006 but the earliest data is at time 1757085722.470829, when looking up transform from frame [base_link] to frame [map]
[bt_navigator-6] 
[bt_navigator-6] [WARN] [1757085732.558968575] [BehaviorTreeEngine]: Behavior Tree tick rate 100.00 was exceeded!
[bt_navigator-6] [ERROR] [1757085732.661068539] [transformPoseInTargetFrame]: Extrapolation Error looking up target frame: Lookup would require extrapolation into the past.  Requested time 1757085702.569006 but the earliest data is at time 1757085722.570750, when looking up transform from frame [base_link] to frame [map]
[bt_navigator-6] 
[bt_navigator-6] [WARN] [1757085732.661263799] [BehaviorTreeEngine]: Behavior Tree tick rate 100.00 was exceeded!
[bt_navigator-6] [ERROR] [1757085732.762446857] [transformPoseInTargetFrame]: Extrapolation Error looking up target frame: Lookup would require extrapolation into the past.  Requested time 1757085702.569006 but the earliest data is at time 1757085722.720831, when looking up transform from frame [base_link] to frame [map]
[bt_navigator-6] 
[bt_navigator-6] [WARN] [1757085732.762579490] [BehaviorTreeEngine]: Behavior Tree tick rate 100.00 was exceeded!
[bt_navigator-6] [ERROR] [1757085732.863579910] [transformPoseInTargetFrame]: Extrapolation Error looking up target frame: Lookup would require extrapolation into the past.  Requested time 1757085702.569006 but the earliest data is at time 1757085722.720831, when looking up transform from frame [base_link] to frame [map]
[bt_navigator-6] 
[bt_navigator-6] [WARN] [1757085732.863760546] [BehaviorTreeEngine]: Behavior Tree tick rate 100.00 was exceeded!
[bt_navigator-6] [ERROR] [1757085732.965054895] [transformPoseInTargetFrame]: Extrapolation Error looking up target frame: Lookup would require extrapolation into the past.  Requested time 1757085702.569006 but the earliest data is at time 1757085722.870775, when looking up transform from frame [base_link] to frame [map]
[bt_navigator-6] 
[bt_navigator-6] [WARN] [1757085732.965259783] [BehaviorTreeEngine]: Behavior Tree tick rate 100.00 was exceeded!
[bt_navigator-6] [ERROR] [1757085733.066346726] [transformPoseInTargetFrame]: Extrapolation Error looking up target frame: Lookup would require extrapolation into the past.  Requested time 1757085702.569006 but the earliest data is at time 1757085723.020753, when looking up transform from frame [base_link] to frame [map]
[bt_navigator-6] 
[bt_navigator-6] [WARN] [1757085733.066530018] [BehaviorTreeEngine]: Behavior Tree tick rate 100.00 was exceeded!
[planner_server-4] [ERROR] [1757085733.122254427] [transformPoseInTargetFrame]: Extrapolation Error looking up target frame: Lookup would require extrapolation into the past.  Requested time 1757085702.569006 but the earliest data is at time 1757085723.020753, when looking up transform from frame [base_link] to frame [map]
[planner_server-4] 
[bt_navigator-6] [ERROR] [1757085733.167897375] [transformPoseInTargetFrame]: Extrapolation Error looking up target frame: Lookup would require extrapolation into the past.  Requested time 1757085702.569006 but the earliest data is at time 1757085723.120781, when looking up transform from frame [base_link] to frame [map]
[bt_navigator-6] 
[bt_navigator-6] [WARN] [1757085733.168107149] [BehaviorTreeEngine]: Behavior Tree tick rate 100.00 was exceeded!
[bt_navigator-6] [ERROR] [1757085733.270080593] [transformPoseInTargetFrame]: Extrapolation Error looking up target frame: Lookup would require extrapolation into the past.  Requested time 1757085702.569006 but the earliest data is at time 1757085723.120781, when looking up transform from frame [base_link] to frame [map]
[bt_navigator-6] 
[bt_navigator-6] [WARN] [1757085733.270218289] [BehaviorTreeEngine]: Behavior Tree tick rate 100.00 was exceeded!
[explore-10] [ERROR] [1757085733.292422217] [explore_node]: Extrapolation Error looking up robot pose: Lookup would require extrapolation at time 1757085732.988719, but only time 1757085702.569006 is in the buffer, when looking up transform from frame [base_link] to frame [map]
[explore-10] 
[bt_navigator-6] [ERROR] [1757085733.372163313] [transformPoseInTargetFrame]: Extrapolation Error looking up target frame: Lookup would require extrapolation into the past.  Requested time 1757085702.569006 but the earliest data is at time 1757085723.270775, when looking up transform from frame [base_link] to frame [map]
[bt_navigator-6] 
[bt_navigator-6] [WARN] [1757085733.372364462] [BehaviorTreeEngine]: Behavior Tree tick rate 100.00 was exceeded!
[bt_navigator-6] [ERROR] [1757085733.473797617] [transformPoseInTargetFrame]: Extrapolation Error looking up target frame: Lookup would require extrapolation into the past.  Requested time 1757085702.569006 but the earliest data is at time 1757085723.370764, when looking up transform from frame [base_link] to frame [map]
[bt_navigator-6] 
[bt_navigator-6] [WARN] [1757085733.473925774] [BehaviorTreeEngine]: Behavior Tree tick rate 100.00 was exceeded!
[bt_navigator-6] [ERROR] [1757085733.575192314] [transformPoseInTargetFrame]: Extrapolation Error looking up target frame: Lookup would require extrapolation into the past.  Requested time 1757085702.569006 but the earliest data is at time 1757085723.470714, when looking up transform from frame [base_link] to frame [map]
[bt_navigator-6] 
[bt_navigator-6] [WARN] [1757085733.575379479] [BehaviorTreeEngine]: Behavior Tree tick rate 100.00 was exceeded!
[bt_navigator-6] [ERROR] [1757085733.677005894] [transformPoseInTargetFrame]: Extrapolation Error looking up target frame: Lookup would require extrapolation into the past.  Requested time 1757085702.569006 but the earliest data is at time 1757085723.570700, when looking up transform from frame [base_link] to frame [map]
[bt_navigator-6] 
[bt_navigator-6] [WARN] [1757085733.677192475] [BehaviorTreeEngine]: Behavior Tree tick rate 100.00 was exceeded!
[bt_navigator-6] [ERROR] [1757085733.778497892] [transformPoseInTargetFrame]: Extrapolation Error looking up target frame: Lookup would require extrapolation into the past.  Requested time 1757085702.569006 but the earliest data is at time 1757085723.670894, when looking up transform from frame [base_link] to frame [map]
[bt_navigator-6] 
[bt_navigator-6] [WARN] [1757085733.778559270] [BehaviorTreeEngine]: Behavior Tree tick rate 100.00 was exceeded!
[rviz2-11] [INFO] [1757085733.826063694] [rviz2]: Trying to create a map of size 100 x 100 using 1 swatches
[bt_navigator-6] [WARN] [1757085733.828984968] [BehaviorTreeEngine]: Behavior Tree tick rate 100.00 was exceeded!
[planner_server-4] [WARN] [1757085733.834645114] [planner_server]: Planner loop missed its desired rate of 1.0000 Hz. Current loop rate is 0.0487 Hz
[bt_navigator-6] [ERROR] [1757085733.950501269] [transformPoseInTargetFrame]: Extrapolation Error looking up target frame: Lookup would require extrapolation at time 1757085733.920696, but only time 1757085733.932545 is in the buffer, when looking up transform from frame [base_link] to frame [map]
[bt_navigator-6] 
[bt_navigator-6] [WARN] [1757085733.950704713] [BehaviorTreeEngine]: Behavior Tree tick rate 100.00 was exceeded!
[controller_server-2] [INFO] [1757085733.951473447] [controller_server]: Received a goal, begin computing control effort.
[bt_navigator-6] [WARN] [1757085734.012486834] [BehaviorTreeEngine]: Behavior Tree tick rate 100.00 was exceeded!
[controller_server-2] [ERROR] [1757085734.053636720] [controller_server]: Exception in transformPose: Lookup would require extrapolation at time 1757085733.920696, but only time 1757085733.932545 is in the buffer, when looking up transform from frame [odom] to frame [map]
[controller_server-2] [WARN] [1757085734.053776524] [controller_server]: Unable to transform robot pose into global plan's frame
[controller_server-2] [WARN] [1757085734.053989199] [controller_server]: Control loop missed its desired rate of 10.0000Hz
[controller_server-2] [ERROR] [1757085734.156283625] [controller_server]: Exception in transformPose: Lookup would require extrapolation at time 1757085734.021990, but only time 1757085733.932545 is in the buffer, when looking up transform from frame [odom] to frame [map]
[controller_server-2] [WARN] [1757085734.156405605] [controller_server]: Unable to transform robot pose into global plan's frame
[controller_server-2] [WARN] [1757085734.156592054] [controller_server]: Control loop missed its desired rate of 10.0000Hz
[controller_server-2] [ERROR] [1757085734.257581335] [controller_server]: Exception in transformPose: Lookup would require extrapolation at time 1757085734.070705, but only time 1757085733.932545 is in the buffer, when looking up transform from frame [odom] to frame [map]
[controller_server-2] [WARN] [1757085734.257630957] [controller_server]: Unable to transform robot pose into global plan's frame
[controller_server-2] [WARN] [1757085734.257696583] [controller_server]: Control loop missed its desired rate of 10.0000Hz
[controller_server-2] [ERROR] [1757085734.359063921] [controller_server]: Exception in transformPose: Lookup would require extrapolation at time 1757085734.220694, but only time 1757085733.932545 is in the buffer, when looking up transform from frame [odom] to frame [map]
[controller_server-2] [WARN] [1757085734.359290730] [controller_server]: Unable to transform robot pose into global plan's frame
[controller_server-2] [WARN] [1757085734.359647196] [controller_server]: Control loop missed its desired rate of 10.0000Hz
[controller_server-2] [ERROR] [1757085734.460818831] [controller_server]: Exception in transformPose: Lookup would require extrapolation at time 1757085734.220694, but only time 1757085733.932545 is in the buffer, when looking up transform from frame [odom] to frame [map]
[controller_server-2] [WARN] [1757085734.460949513] [controller_server]: Unable to transform robot pose into global plan's frame
[controller_server-2] [WARN] [1757085734.461137202] [controller_server]: Control loop missed its desired rate of 10.0000Hz
[controller_server-2] [ERROR] [1757085734.563246936] [controller_server]: Exception in transformPose: Lookup would require extrapolation at time 1757085734.420698, but only time 1757085733.932545 is in the buffer, when looking up transform from frame [odom] to frame [map]
[controller_server-2] [WARN] [1757085734.563397663] [controller_server]: Unable to transform robot pose into global plan's frame
[controller_server-2] [WARN] [1757085734.563688142] [controller_server]: Control loop missed its desired rate of 10.0000Hz
[controller_server-2] [ERROR] [1757085734.666156425] [controller_server]: Exception in transformPose: Lookup would require extrapolation at time 1757085734.520891, but only time 1757085733.932545 is in the buffer, when looking up transform from frame [odom] to frame [map]
[controller_server-2] [WARN] [1757085734.666479402] [controller_server]: Unable to transform robot pose into global plan's frame
[controller_server-2] [WARN] [1757085734.666716037] [controller_server]: Control loop missed its desired rate of 10.0000Hz
[controller_server-2] [ERROR] [1757085734.768021228] [controller_server]: Exception in transformPose: Lookup would require extrapolation at time 1757085734.570778, but only time 1757085733.932545 is in the buffer, when looking up transform from frame [odom] to frame [map]
[controller_server-2] [WARN] [1757085734.768136629] [controller_server]: Unable to transform robot pose into global plan's frame
[controller_server-2] [WARN] [1757085734.768319093] [controller_server]: Control loop missed its desired rate of 10.0000Hz
[controller_server-2] [ERROR] [1757085734.869350233] [controller_server]: Exception in transformPose: Lookup would require extrapolation at time 1757085734.720740, but only time 1757085733.932545 is in the buffer, when looking up transform from frame [odom] to frame [map]
[controller_server-2] [WARN] [1757085734.869467867] [controller_server]: Unable to transform robot pose into global plan's frame
[controller_server-2] [WARN] [1757085734.869641535] [controller_server]: Control loop missed its desired rate of 10.0000Hz
[controller_server-2] [ERROR] [1757085734.972262222] [controller_server]: Exception in transformPose: Lookup would require extrapolation at time 1757085734.820705, but only time 1757085733.932545 is in the buffer, when looking up transform from frame [odom] to frame [map]
[controller_server-2] [WARN] [1757085734.972418036] [controller_server]: Unable to transform robot pose into global plan's frame
[controller_server-2] [WARN] [1757085734.972741905] [controller_server]: Control loop missed its desired rate of 10.0000Hz
[controller_server-2] [ERROR] [1757085735.074413225] [controller_server]: Exception in transformPose: Lookup would require extrapolation at time 1757085734.921119, but only time 1757085733.932545 is in the buffer, when looking up transform from frame [odom] to frame [map]
[controller_server-2] [WARN] [1757085735.074550608] [controller_server]: Unable to transform robot pose into global plan's frame
[controller_server-2] [WARN] [1757085735.074737438] [controller_server]: Control loop missed its desired rate of 10.0000Hz
[controller_server-2] [INFO] [1757085735.074765563] [controller_server]: Passing new path to controller.
[controller_server-2] [ERROR] [1757085735.176061923] [controller_server]: Exception in transformPose: Lookup would require extrapolation at time 1757085735.020687, but only time 1757085733.932545 is in the buffer, when looking up transform from frame [odom] to frame [map]
[controller_server-2] [WARN] [1757085735.176164296] [controller_server]: Unable to transform robot pose into global plan's frame
[controller_server-2] [WARN] [1757085735.176382878] [controller_server]: Control loop missed its desired rate of 10.0000Hz
[controller_server-2] [ERROR] [1757085735.278609085] [controller_server]: Exception in transformPose: Lookup would require extrapolation at time 1757085735.120744, but only time 1757085733.932545 is in the buffer, when looking up transform from frame [odom] to frame [map]
[controller_server-2] [WARN] [1757085735.278830130] [controller_server]: Unable to transform robot pose into global plan's frame
[controller_server-2] [WARN] [1757085735.279117427] [controller_server]: Control loop missed its desired rate of 10.0000Hz
[controller_server-2] [ERROR] [1757085735.380389631] [controller_server]: Exception in transformPose: Lookup would require extrapolation at time 1757085735.220724, but only time 1757085733.932545 is in the buffer, when looking up transform from frame [odom] to frame [map]
[controller_server-2] [WARN] [1757085735.380528781] [controller_server]: Unable to transform robot pose into global plan's frame
[controller_server-2] [WARN] [1757085735.380725216] [controller_server]: Control loop missed its desired rate of 10.0000Hz
[controller_server-2] [ERROR] [1757085735.481798924] [controller_server]: Exception in transformPose: Lookup would require extrapolation at time 1757085735.321314, but only time 1757085733.932545 is in the buffer, when looking up transform from frame [odom] to frame [map]
[controller_server-2] [WARN] [1757085735.481931299] [controller_server]: Unable to transform robot pose into global plan's frame
[controller_server-2] [WARN] [1757085735.482112848] [controller_server]: Control loop missed its desired rate of 10.0000Hz
[controller_server-2] [ERROR] [1757085735.584500475] [controller_server]: Exception in transformPose: Lookup would require extrapolation at time 1757085735.420831, but only time 1757085733.932545 is in the buffer, when looking up transform from frame [odom] to frame [map]
[controller_server-2] [WARN] [1757085735.584650821] [controller_server]: Unable to transform robot pose into global plan's frame
[controller_server-2] [WARN] [1757085735.584980968] [controller_server]: Control loop missed its desired rate of 10.0000Hz
[controller_server-2] [ERROR] [1757085735.686711942] [controller_server]: Exception in transformPose: Lookup would require extrapolation at time 1757085735.470764, but only time 1757085733.932545 is in the buffer, when looking up transform from frame [odom] to frame [map]
[controller_server-2] [WARN] [1757085735.686843268] [controller_server]: Unable to transform robot pose into global plan's frame
[controller_server-2] [WARN] [1757085735.687023822] [controller_server]: Control loop missed its desired rate of 10.0000Hz
[controller_server-2] [ERROR] [1757085735.788300920] [controller_server]: Exception in transformPose: Lookup would require extrapolation at time 1757085735.570726, but only time 1757085733.932545 is in the buffer, when looking up transform from frame [odom] to frame [map]
[controller_server-2] [WARN] [1757085735.788427313] [controller_server]: Unable to transform robot pose into global plan's frame
[controller_server-2] [WARN] [1757085735.788618861] [controller_server]: Control loop missed its desired rate of 10.0000Hz
[controller_server-2] [ERROR] [1757085735.889804647] [controller_server]: Exception in transformPose: Lookup would require extrapolation at time 1757085735.721833, but only time 1757085733.932545 is in the buffer, when looking up transform from frame [odom] to frame [map]
[controller_server-2] [WARN] [1757085735.889937966] [controller_server]: Unable to transform robot pose into global plan's frame
[controller_server-2] [WARN] [1757085735.890126735] [controller_server]: Control loop missed its desired rate of 10.0000Hz
[controller_server-2] [ERROR] [1757085735.991489997] [controller_server]: Exception in transformPose: Lookup would require extrapolation at time 1757085735.820899, but only time 1757085733.932545 is in the buffer, when looking up transform from frame [odom] to frame [map]
[controller_server-2] [WARN] [1757085735.991610108] [controller_server]: Unable to transform robot pose into global plan's frame
[controller_server-2] [ERROR] [1757085735.991652892] [controller_server]: Controller patience exceeded
[controller_server-2] [WARN] [1757085735.991726671] [controller_server]: [follow_path] [ActionServer] Aborting handle.
[controller_server-2] [INFO] [1757085736.003169902] [local_costmap.local_costmap]: Received request to clear entirely the local_costmap
[controller_server-2] [INFO] [1757085736.005451290] [controller_server]: Received a goal, begin computing control effort.
[controller_server-2] [INFO] [1757085736.205669647] [controller_server]: Passing new path to controller.
[controller_server-2] [ERROR] [1757085736.307146635] [controller_server]: Exception in transformPose: Lookup would require extrapolation at time 1757085736.120708, but only time 1757085733.932545 is in the buffer, when looking up transform from frame [odom] to frame [map]
[controller_server-2] [WARN] [1757085736.307329734] [controller_server]: Unable to transform robot pose into global plan's frame
[controller_server-2] [WARN] [1757085736.307585248] [controller_server]: Control loop missed its desired rate of 10.0000Hz
[controller_server-2] [ERROR] [1757085736.408842114] [controller_server]: Exception in transformPose: Lookup would require extrapolation at time 1757085736.270922, but only time 1757085733.932545 is in the buffer, when looking up transform from frame [odom] to frame [map]
[controller_server-2] [WARN] [1757085736.408960174] [controller_server]: Unable to transform robot pose into global plan's frame
[controller_server-2] [ERROR] [1757085736.608893713] [controller_server]: Exception in transformPose: Lookup would require extrapolation at time 1757085736.470693, but only time 1757085733.932545 is in the buffer, when looking up transform from frame [odom] to frame [map]
[controller_server-2] [WARN] [1757085736.609015390] [controller_server]: Unable to transform robot pose into global plan's frame
[controller_server-2] [WARN] [1757085736.609194934] [controller_server]: Control loop missed its desired rate of 10.0000Hz
[controller_server-2] [INFO] [1757085737.107672952] [controller_server]: Passing new path to controller.
[controller_server-2] [ERROR] [1757085737.408778462] [controller_server]: Exception in transformPose: Lookup would require extrapolation into the future.  Requested time 1757085737.221406 but the latest data is at time 1757085736.774955, when looking up transform from frame [odom] to frame [map]
[controller_server-2] [WARN] [1757085737.408903187] [controller_server]: Unable to transform robot pose into global plan's frame
[controller_server-2] [WARN] [1757085737.409093618] [controller_server]: Control loop missed its desired rate of 10.0000Hz
[controller_server-2] [ERROR] [1757085737.510256647] [controller_server]: Exception in transformPose: Lookup would require extrapolation into the future.  Requested time 1757085737.221406 but the latest data is at time 1757085736.774955, when looking up transform from frame [odom] to frame [map]
[controller_server-2] [WARN] [1757085737.510381421] [controller_server]: Unable to transform robot pose into global plan's frame
[controller_server-2] [WARN] [1757085737.510582609] [controller_server]: Control loop missed its desired rate of 10.0000Hz
[controller_server-2] [ERROR] [1757085737.611627081] [controller_server]: Exception in transformPose: Lookup would require extrapolation into the future.  Requested time 1757085737.470792 but the latest data is at time 1757085736.774955, when looking up transform from frame [odom] to frame [map]
[controller_server-2] [WARN] [1757085737.611742944] [controller_server]: Unable to transform robot pose into global plan's frame
[controller_server-2] [WARN] [1757085737.611916399] [controller_server]: Control loop missed its desired rate of 10.0000Hz
[controller_server-2] [ERROR] [1757085737.713624107] [controller_server]: Exception in transformPose: Lookup would require extrapolation into the future.  Requested time 1757085737.570771 but the latest data is at time 1757085736.774955, when looking up transform from frame [odom] to frame [map]
[controller_server-2] [WARN] [1757085737.713742128] [controller_server]: Unable to transform robot pose into global plan's frame
[controller_server-2] [WARN] [1757085737.713953627] [controller_server]: Control loop missed its desired rate of 10.0000Hz
[controller_server-2] [ERROR] [1757085737.815712932] [controller_server]: Exception in transformPose: Lookup would require extrapolation into the future.  Requested time 1757085737.670725 but the latest data is at time 1757085736.774955, when looking up transform from frame [odom] to frame [map]
[controller_server-2] [WARN] [1757085737.815862522] [controller_server]: Unable to transform robot pose into global plan's frame
[controller_server-2] [WARN] [1757085737.816060379] [controller_server]: Control loop missed its desired rate of 10.0000Hz
[controller_server-2] [ERROR] [1757085737.917732395] [controller_server]: Exception in transformPose: Lookup would require extrapolation into the future.  Requested time 1757085737.770740 but the latest data is at time 1757085736.774955, when looking up transform from frame [odom] to frame [map]
[controller_server-2] [WARN] [1757085737.917858460] [controller_server]: Unable to transform robot pose into global plan's frame
[controller_server-2] [WARN] [1757085737.918110448] [controller_server]: Control loop missed its desired rate of 10.0000Hz
[controller_server-2] [ERROR] [1757085738.019334213] [controller_server]: Exception in transformPose: Lookup would require extrapolation into the future.  Requested time 1757085737.870770 but the latest data is at time 1757085736.774955, when looking up transform from frame [odom] to frame [map]
[controller_server-2] [WARN] [1757085738.019514488] [controller_server]: Unable to transform robot pose into global plan's frame
[controller_server-2] [WARN] [1757085738.019725433] [controller_server]: Control loop missed its desired rate of 10.0000Hz
[controller_server-2] [ERROR] [1757085738.120874654] [controller_server]: Exception in transformPose: Lookup would require extrapolation into the future.  Requested time 1757085737.970715 but the latest data is at time 1757085736.774955, when looking up transform from frame [odom] to frame [map]
[controller_server-2] [WARN] [1757085738.120991795] [controller_server]: Unable to transform robot pose into global plan's frame
[controller_server-2] [WARN] [1757085738.121198008] [controller_server]: Control loop missed its desired rate of 10.0000Hz
[controller_server-2] [INFO] [1757085738.121226709] [controller_server]: Passing new path to controller.
[controller_server-2] [ERROR] [1757085738.222356548] [controller_server]: Exception in transformPose: Lookup would require extrapolation into the future.  Requested time 1757085738.070672 but the latest data is at time 1757085736.774955, when looking up transform from frame [odom] to frame [map]
[controller_server-2] [WARN] [1757085738.222472754] [controller_server]: Unable to transform robot pose into global plan's frame
[controller_server-2] [WARN] [1757085738.222674082] [controller_server]: Control loop missed its desired rate of 10.0000Hz
[controller_server-2] [ERROR] [1757085738.324210789] [controller_server]: Exception in transformPose: Lookup would require extrapolation into the future.  Requested time 1757085738.170777 but the latest data is at time 1757085736.774955, when looking up transform from frame [odom] to frame [map]
[controller_server-2] [WARN] [1757085738.324333778] [controller_server]: Unable to transform robot pose into global plan's frame
[controller_server-2] [WARN] [1757085738.324525890] [controller_server]: Control loop missed its desired rate of 10.0000Hz
[controller_server-2] [WARN] [1757085738.427095019] [controller_server]: Control loop missed its desired rate of 10.0000Hz
[controller_server-2] [ERROR] [1757085738.709728547] [controller_server]: Exception in transformPose: Lookup would require extrapolation into the future.  Requested time 1757085738.570797 but the latest data is at time 1757085738.483381, when looking up transform from frame [odom] to frame [map]
[controller_server-2] [WARN] [1757085738.709857765] [controller_server]: Unable to transform robot pose into global plan's frame
[controller_server-2] [WARN] [1757085738.710080326] [controller_server]: Control loop missed its desired rate of 10.0000Hz
[controller_server-2] [ERROR] [1757085738.811697716] [controller_server]: Exception in transformPose: Lookup would require extrapolation into the future.  Requested time 1757085738.670696 but the latest data is at time 1757085738.483381, when looking up transform from frame [odom] to frame [map]
[controller_server-2] [WARN] [1757085738.811834937] [controller_server]: Unable to transform robot pose into global plan's frame
[controller_server-2] [WARN] [1757085738.812023739] [controller_server]: Control loop missed its desired rate of 10.0000Hz
[controller_server-2] [ERROR] [1757085738.913555162] [controller_server]: Exception in transformPose: Lookup would require extrapolation into the future.  Requested time 1757085738.720700 but the latest data is at time 1757085738.483381, when looking up transform from frame [odom] to frame [map]
[controller_server-2] [WARN] [1757085738.913670710] [controller_server]: Unable to transform robot pose into global plan's frame
[controller_server-2] [WARN] [1757085738.913841239] [controller_server]: Control loop missed its desired rate of 10.0000Hz
[controller_server-2] [ERROR] [1757085739.015768819] [controller_server]: Exception in transformPose: Lookup would require extrapolation into the future.  Requested time 1757085738.870739 but the latest data is at time 1757085738.483381, when looking up transform from frame [odom] to frame [map]
[controller_server-2] [WARN] [1757085739.015908878] [controller_server]: Unable to transform robot pose into global plan's frame
[controller_server-2] [WARN] [1757085739.016103289] [controller_server]: Control loop missed its desired rate of 10.0000Hz
[controller_server-2] [ERROR] [1757085739.117855071] [controller_server]: Exception in transformPose: Lookup would require extrapolation into the future.  Requested time 1757085738.970760 but the latest data is at time 1757085738.483381, when looking up transform from frame [odom] to frame [map]
[controller_server-2] [WARN] [1757085739.118078423] [controller_server]: Unable to transform robot pose into global plan's frame
[controller_server-2] [WARN] [1757085739.118268321] [controller_server]: Control loop missed its desired rate of 10.0000Hz
[controller_server-2] [INFO] [1757085739.118295674] [controller_server]: Passing new path to controller.
[controller_server-2] [ERROR] [1757085739.220332626] [controller_server]: Exception in transformPose: Lookup would require extrapolation into the future.  Requested time 1757085739.020722 but the latest data is at time 1757085738.483381, when looking up transform from frame [odom] to frame [map]
[controller_server-2] [WARN] [1757085739.220459697] [controller_server]: Unable to transform robot pose into global plan's frame
[controller_server-2] [WARN] [1757085739.220645717] [controller_server]: Control loop missed its desired rate of 10.0000Hz
[controller_server-2] [ERROR] [1757085739.322379130] [controller_server]: Exception in transformPose: Lookup would require extrapolation into the future.  Requested time 1757085739.070893 but the latest data is at time 1757085738.483381, when looking up transform from frame [odom] to frame [map]
[controller_server-2] [WARN] [1757085739.322504132] [controller_server]: Unable to transform robot pose into global plan's frame
[controller_server-2] [WARN] [1757085739.322693113] [controller_server]: Control loop missed its desired rate of 10.0000Hz
[controller_server-2] [ERROR] [1757085739.424578628] [controller_server]: Exception in transformPose: Lookup would require extrapolation into the future.  Requested time 1757085739.270902 but the latest data is at time 1757085738.483381, when looking up transform from frame [odom] to frame [map]
[controller_server-2] [WARN] [1757085739.424699097] [controller_server]: Unable to transform robot pose into global plan's frame
[controller_server-2] [WARN] [1757085739.424882908] [controller_server]: Control loop missed its desired rate of 10.0000Hz
[controller_server-2] [ERROR] [1757085739.526649022] [controller_server]: Exception in transformPose: Lookup would require extrapolation into the future.  Requested time 1757085739.325806 but the latest data is at time 1757085738.483381, when looking up transform from frame [odom] to frame [map]
[controller_server-2] [WARN] [1757085739.526770339] [controller_server]: Unable to transform robot pose into global plan's frame
[controller_server-2] [WARN] [1757085739.526958518] [controller_server]: Control loop missed its desired rate of 10.0000Hz
[controller_server-2] [ERROR] [1757085739.628354659] [controller_server]: Exception in transformPose: Lookup would require extrapolation into the future.  Requested time 1757085739.470915 but the latest data is at time 1757085738.483381, when looking up transform from frame [odom] to frame [map]
[controller_server-2] [WARN] [1757085739.628476255] [controller_server]: Unable to transform robot pose into global plan's frame
[controller_server-2] [WARN] [1757085739.628653994] [controller_server]: Control loop missed its desired rate of 10.0000Hz
[controller_server-2] [ERROR] [1757085739.730234956] [controller_server]: Exception in transformPose: Lookup would require extrapolation into the future.  Requested time 1757085739.570719 but the latest data is at time 1757085738.483381, when looking up transform from frame [odom] to frame [map]
[controller_server-2] [WARN] [1757085739.730365879] [controller_server]: Unable to transform robot pose into global plan's frame
[controller_server-2] [WARN] [1757085739.730586562] [controller_server]: Control loop missed its desired rate of 10.0000Hz
[controller_server-2] [ERROR] [1757085739.832102118] [controller_server]: Exception in transformPose: Lookup would require extrapolation into the future.  Requested time 1757085739.670721 but the latest data is at time 1757085738.483381, when looking up transform from frame [odom] to frame [map]
[controller_server-2] [WARN] [1757085739.832225118] [controller_server]: Unable to transform robot pose into global plan's frame
[controller_server-2] [WARN] [1757085739.832415691] [controller_server]: Control loop missed its desired rate of 10.0000Hz
[controller_server-2] [ERROR] [1757085739.934293155] [controller_server]: Exception in transformPose: Lookup would require extrapolation into the future.  Requested time 1757085739.770775 but the latest data is at time 1757085738.483381, when looking up transform from frame [odom] to frame [map]
[controller_server-2] [WARN] [1757085739.934465450] [controller_server]: Unable to transform robot pose into global plan's frame
[controller_server-2] [WARN] [1757085739.934665655] [controller_server]: Control loop missed its desired rate of 10.0000Hz
[explore-10] [ERROR] [1757085739.957586350] [explore_node]: Extrapolation Error looking up robot pose: Lookup would require extrapolation into the future.  Requested time 1757085739.654787 but the latest data is at time 1757085738.483381, when looking up transform from frame [base_link] to frame [map]
[explore-10] 
[controller_server-2] [ERROR] [1757085740.036084489] [controller_server]: Exception in transformPose: Lookup would require extrapolation into the future.  Requested time 1757085739.870812 but the latest data is at time 1757085738.483381, when looking up transform from frame [odom] to frame [map]
[controller_server-2] [WARN] [1757085740.036231114] [controller_server]: Unable to transform robot pose into global plan's frame
[controller_server-2] [WARN] [1757085740.036450017] [controller_server]: Control loop missed its desired rate of 10.0000Hz
[controller_server-2] [ERROR] [1757085740.137501042] [controller_server]: Exception in transformPose: Lookup would require extrapolation into the future.  Requested time 1757085739.970747 but the latest data is at time 1757085738.483381, when looking up transform from frame [odom] to frame [map]
[controller_server-2] [WARN] [1757085740.137617232] [controller_server]: Unable to transform robot pose into global plan's frame
[controller_server-2] [WARN] [1757085740.137800971] [controller_server]: Control loop missed its desired rate of 10.0000Hz
[controller_server-2] [INFO] [1757085740.137826697] [controller_server]: Passing new path to controller.
[controller_server-2] [ERROR] [1757085740.238921730] [controller_server]: Exception in transformPose: Lookup would require extrapolation into the future.  Requested time 1757085740.070727 but the latest data is at time 1757085738.483381, when looking up transform from frame [odom] to frame [map]
[controller_server-2] [WARN] [1757085740.239042857] [controller_server]: Unable to transform robot pose into global plan's frame
[controller_server-2] [WARN] [1757085740.239228572] [controller_server]: Control loop missed its desired rate of 10.0000Hz
[controller_server-2] [ERROR] [1757085740.341024731] [controller_server]: Exception in transformPose: Lookup would require extrapolation into the future.  Requested time 1757085740.170825 but the latest data is at time 1757085738.483381, when looking up transform from frame [odom] to frame [map]
[controller_server-2] [WARN] [1757085740.341175484] [controller_server]: Unable to transform robot pose into global plan's frame
[controller_server-2] [WARN] [1757085740.341469772] [controller_server]: Control loop missed its desired rate of 10.0000Hz
[controller_server-2] [ERROR] [1757085740.443457846] [controller_server]: Exception in transformPose: Lookup would require extrapolation into the future.  Requested time 1757085740.270727 but the latest data is at time 1757085738.483381, when looking up transform from frame [odom] to frame [map]
[controller_server-2] [WARN] [1757085740.443586756] [controller_server]: Unable to transform robot pose into global plan's frame
[controller_server-2] [WARN] [1757085740.443792004] [controller_server]: Control loop missed its desired rate of 10.0000Hz
[controller_server-2] [ERROR] [1757085740.544898299] [controller_server]: Exception in transformPose: Lookup would require extrapolation into the future.  Requested time 1757085740.270727 but the latest data is at time 1757085738.483381, when looking up transform from frame [odom] to frame [map]
[controller_server-2] [WARN] [1757085740.545029192] [controller_server]: Unable to transform robot pose into global plan's frame
[controller_server-2] [ERROR] [1757085740.545075464] [controller_server]: Controller patience exceeded
[controller_server-2] [WARN] [1757085740.545146447] [controller_server]: [follow_path] [ActionServer] Aborting handle.
[behavior_server-5] [INFO] [1757085740.563425437] [behavior_server]: Running backup
[behavior_server-5] [INFO] [1757085740.563773773] [behavior_server]: DriveOnHeading: no acceleration or deceleration limits set
[explore-10] [ERROR] [1757085741.189927777] [explore_node]: Extrapolation Error looking up robot pose: Lookup would require extrapolation into the future.  Requested time 1757085740.886806 but the latest data is at time 1757085738.483381, when looking up transform from frame [base_link] to frame [map]
[explore-10] 
[explore-10] [ERROR] [1757085742.419979192] [explore_node]: Extrapolation Error looking up robot pose: Lookup would require extrapolation into the future.  Requested time 1757085742.115974 but the latest data is at time 1757085738.483381, when looking up transform from frame [base_link] to frame [map]
[explore-10] 
[explore-10] [ERROR] [1757085743.651614946] [explore_node]: Extrapolation Error looking up robot pose: Lookup would require extrapolation into the future.  Requested time 1757085743.348110 but the latest data is at time 1757085743.320700, when looking up transform from frame [base_link] to frame [map]
[explore-10] 
[explore-10] [ERROR] [1757085746.623632469] [explore_node]: Extrapolation Error looking up robot pose: Lookup would require extrapolation into the future.  Requested time 1757085746.320917 but the latest data is at time 1757085744.628437, when looking up transform from frame [base_link] to frame [map]
[explore-10] 
[behavior_server-5] [WARN] [1757085750.563838584] [behavior_server]: Exceeded time allowance before reaching the DriveOnHeading goal - Exiting DriveOnHeading
[behavior_server-5] [WARN] [1757085750.563943972] [behavior_server]: backup failed
[behavior_server-5] [WARN] [1757085750.564000027] [behavior_server]: [backup] [ActionServer] Aborting handle.
[controller_server-2] [INFO] [1757085750.582935754] [local_costmap.local_costmap]: Received request to clear entirely the local_costmap
[planner_server-4] [INFO] [1757085750.584175937] [global_costmap.global_costmap]: Received request to clear entirely the global_costmap
[controller_server-2] [INFO] [1757085750.843102935] [controller_server]: Received a goal, begin computing control effort.
[controller_server-2] [ERROR] [1757085750.944477603] [controller_server]: Exception in transformPose: Lookup would require extrapolation into the future.  Requested time 1757085750.820729 but the latest data is at time 1757085744.628437, when looking up transform from frame [odom] to frame [map]
[controller_server-2] [WARN] [1757085750.944617978] [controller_server]: Unable to transform robot pose into global plan's frame
[controller_server-2] [WARN] [1757085750.944823838] [controller_server]: Control loop missed its desired rate of 10.0000Hz
[controller_server-2] [ERROR] [1757085751.045993514] [controller_server]: Exception in transformPose: Lookup would require extrapolation into the future.  Requested time 1757085750.920728 but the latest data is at time 1757085744.628437, when looking up transform from frame [odom] to frame [map]
[controller_server-2] [WARN] [1757085751.046187599] [controller_server]: Unable to transform robot pose into global plan's frame
[controller_server-2] [WARN] [1757085751.046420932] [controller_server]: Control loop missed its desired rate of 10.0000Hz
[controller_server-2] [ERROR] [1757085751.149790446] [controller_server]: Exception in transformPose: Lookup would require extrapolation into the future.  Requested time 1757085751.020721 but the latest data is at time 1757085744.628437, when looking up transform from frame [odom] to frame [map]
[controller_server-2] [WARN] [1757085751.149994108] [controller_server]: Unable to transform robot pose into global plan's frame
[controller_server-2] [WARN] [1757085751.150253610] [controller_server]: Control loop missed its desired rate of 10.0000Hz
[controller_server-2] [ERROR] [1757085751.251553005] [controller_server]: Exception in transformPose: Lookup would require extrapolation into the future.  Requested time 1757085751.120748 but the latest data is at time 1757085744.628437, when looking up transform from frame [odom] to frame [map]
[controller_server-2] [WARN] [1757085751.251671158] [controller_server]: Unable to transform robot pose into global plan's frame
[controller_server-2] [WARN] [1757085751.251859258] [controller_server]: Control loop missed its desired rate of 10.0000Hz
[controller_server-2] [ERROR] [1757085751.354573388] [controller_server]: Exception in transformPose: Lookup would require extrapolation into the future.  Requested time 1757085751.220706 but the latest data is at time 1757085744.628437, when looking up transform from frame [odom] to frame [map]
[controller_server-2] [WARN] [1757085751.354688764] [controller_server]: Unable to transform robot pose into global plan's frame
[controller_server-2] [WARN] [1757085751.354868793] [controller_server]: Control loop missed its desired rate of 10.0000Hz
[controller_server-2] [ERROR] [1757085751.455944452] [controller_server]: Exception in transformPose: Lookup would require extrapolation into the future.  Requested time 1757085751.323123 but the latest data is at time 1757085744.628437, when looking up transform from frame [odom] to frame [map]
[controller_server-2] [WARN] [1757085751.456068647] [controller_server]: Unable to transform robot pose into global plan's frame
[controller_server-2] [WARN] [1757085751.456254837] [controller_server]: Control loop missed its desired rate of 10.0000Hz
[controller_server-2] [ERROR] [1757085751.559128604] [controller_server]: Exception in transformPose: Lookup would require extrapolation into the future.  Requested time 1757085751.420861 but the latest data is at time 1757085744.628437, when looking up transform from frame [odom] to frame [map]
[controller_server-2] [WARN] [1757085751.559248204] [controller_server]: Unable to transform robot pose into global plan's frame
[controller_server-2] [WARN] [1757085751.559434851] [controller_server]: Control loop missed its desired rate of 10.0000Hz
[controller_server-2] [ERROR] [1757085751.660568618] [controller_server]: Exception in transformPose: Lookup would require extrapolation into the future.  Requested time 1757085751.522677 but the latest data is at time 1757085744.628437, when looking up transform from frame [odom] to frame [map]
[controller_server-2] [WARN] [1757085751.660694307] [controller_server]: Unable to transform robot pose into global plan's frame
[controller_server-2] [WARN] [1757085751.660882756] [controller_server]: Control loop missed its desired rate of 10.0000Hz
[controller_server-2] [ERROR] [1757085751.763851902] [controller_server]: Exception in transformPose: Lookup would require extrapolation into the future.  Requested time 1757085751.620705 but the latest data is at time 1757085744.628437, when looking up transform from frame [odom] to frame [map]
[controller_server-2] [WARN] [1757085751.763972797] [controller_server]: Unable to transform robot pose into global plan's frame
[controller_server-2] [WARN] [1757085751.764205920] [controller_server]: Control loop missed its desired rate of 10.0000Hz
[controller_server-2] [ERROR] [1757085751.865228144] [controller_server]: Exception in transformPose: Lookup would require extrapolation into the future.  Requested time 1757085751.720703 but the latest data is at time 1757085744.628437, when looking up transform from frame [odom] to frame [map]
[controller_server-2] [WARN] [1757085751.865345140] [controller_server]: Unable to transform robot pose into global plan's frame
[controller_server-2] [WARN] [1757085751.865572702] [controller_server]: Control loop missed its desired rate of 10.0000Hz
[controller_server-2] [ERROR] [1757085751.968288802] [controller_server]: Exception in transformPose: Lookup would require extrapolation into the future.  Requested time 1757085751.820731 but the latest data is at time 1757085744.628437, when looking up transform from frame [odom] to frame [map]
[controller_server-2] [WARN] [1757085751.968411047] [controller_server]: Unable to transform robot pose into global plan's frame
[controller_server-2] [WARN] [1757085751.968596594] [controller_server]: Control loop missed its desired rate of 10.0000Hz
[controller_server-2] [INFO] [1757085751.968622652] [controller_server]: Passing new path to controller.
[controller_server-2] [ERROR] [1757085752.070174486] [controller_server]: Exception in transformPose: Lookup would require extrapolation into the future.  Requested time 1757085751.920729 but the latest data is at time 1757085744.628437, when looking up transform from frame [odom] to frame [map]
[controller_server-2] [WARN] [1757085752.070312107] [controller_server]: Unable to transform robot pose into global plan's frame
[controller_server-2] [WARN] [1757085752.070499139] [controller_server]: Control loop missed its desired rate of 10.0000Hz
[controller_server-2] [ERROR] [1757085752.173431063] [controller_server]: Exception in transformPose: Lookup would require extrapolation into the future.  Requested time 1757085752.020713 but the latest data is at time 1757085744.628437, when looking up transform from frame [odom] to frame [map]
[controller_server-2] [WARN] [1757085752.173537888] [controller_server]: Unable to transform robot pose into global plan's frame
[controller_server-2] [WARN] [1757085752.173700898] [controller_server]: Control loop missed its desired rate of 10.0000Hz
[controller_server-2] [ERROR] [1757085752.275093638] [controller_server]: Exception in transformPose: Lookup would require extrapolation into the future.  Requested time 1757085752.120681 but the latest data is at time 1757085744.628437, when looking up transform from frame [odom] to frame [map]
[controller_server-2] [WARN] [1757085752.275208518] [controller_server]: Unable to transform robot pose into global plan's frame
[controller_server-2] [WARN] [1757085752.275388133] [controller_server]: Control loop missed its desired rate of 10.0000Hz
[controller_server-2] [ERROR] [1757085752.378418448] [controller_server]: Exception in transformPose: Lookup would require extrapolation into the future.  Requested time 1757085752.220698 but the latest data is at time 1757085744.628437, when looking up transform from frame [odom] to frame [map]
[controller_server-2] [WARN] [1757085752.378549539] [controller_server]: Unable to transform robot pose into global plan's frame
[controller_server-2] [WARN] [1757085752.378775252] [controller_server]: Control loop missed its desired rate of 10.0000Hz
[controller_server-2] [ERROR] [1757085752.480160344] [controller_server]: Exception in transformPose: Lookup would require extrapolation into the future.  Requested time 1757085752.320688 but the latest data is at time 1757085744.628437, when looking up transform from frame [odom] to frame [map]
[controller_server-2] [WARN] [1757085752.480271493] [controller_server]: Unable to transform robot pose into global plan's frame
[controller_server-2] [WARN] [1757085752.480468267] [controller_server]: Control loop missed its desired rate of 10.0000Hz
[controller_server-2] [ERROR] [1757085752.583729460] [controller_server]: Exception in transformPose: Lookup would require extrapolation into the future.  Requested time 1757085752.420705 but the latest data is at time 1757085744.628437, when looking up transform from frame [odom] to frame [map]
[controller_server-2] [WARN] [1757085752.583854965] [controller_server]: Unable to transform robot pose into global plan's frame
[controller_server-2] [WARN] [1757085752.584075616] [controller_server]: Control loop missed its desired rate of 10.0000Hz
[controller_server-2] [ERROR] [1757085752.685797279] [controller_server]: Exception in transformPose: Lookup would require extrapolation into the future.  Requested time 1757085752.520686 but the latest data is at time 1757085744.628437, when looking up transform from frame [odom] to frame [map]
[controller_server-2] [WARN] [1757085752.685936235] [controller_server]: Unable to transform robot pose into global plan's frame
[controller_server-2] [WARN] [1757085752.686136733] [controller_server]: Control loop missed its desired rate of 10.0000Hz
[controller_server-2] [ERROR] [1757085752.788854212] [controller_server]: Exception in transformPose: Lookup would require extrapolation into the future.  Requested time 1757085752.620680 but the latest data is at time 1757085744.628437, when looking up transform from frame [odom] to frame [map]
[controller_server-2] [WARN] [1757085752.788974964] [controller_server]: Unable to transform robot pose into global plan's frame
[controller_server-2] [WARN] [1757085752.789159609] [controller_server]: Control loop missed its desired rate of 10.0000Hz
[controller_server-2] [ERROR] [1757085752.890195421] [controller_server]: Exception in transformPose: Lookup would require extrapolation into the future.  Requested time 1757085752.720714 but the latest data is at time 1757085744.628437, when looking up transform from frame [odom] to frame [map]
[controller_server-2] [WARN] [1757085752.890321300] [controller_server]: Unable to transform robot pose into global plan's frame
[controller_server-2] [ERROR] [1757085752.890365602] [controller_server]: Controller patience exceeded
[controller_server-2] [WARN] [1757085752.890438058] [controller_server]: [follow_path] [ActionServer] Aborting handle.
[controller_server-2] [INFO] [1757085752.902997369] [local_costmap.local_costmap]: Received request to clear entirely the local_costmap
[controller_server-2] [INFO] [1757085752.905392357] [controller_server]: Received a goal, begin computing control effort.
[controller_server-2] [INFO] [1757085753.005597190] [controller_server]: Passing new path to controller.
[controller_server-2] [ERROR] [1757085753.107246665] [controller_server]: Exception in transformPose: Lookup would require extrapolation into the future.  Requested time 1757085752.873064 but the latest data is at time 1757085744.628437, when looking up transform from frame [odom] to frame [map]
[controller_server-2] [WARN] [1757085753.107393782] [controller_server]: Unable to transform robot pose into global plan's frame
[controller_server-2] [WARN] [1757085753.107706459] [controller_server]: Control loop missed its desired rate of 10.0000Hz
[controller_server-2] [ERROR] [1757085753.209677886] [controller_server]: Exception in transformPose: Lookup would require extrapolation into the future.  Requested time 1757085753.070697 but the latest data is at time 1757085744.628437, when looking up transform from frame [odom] to frame [map]
[controller_server-2] [WARN] [1757085753.209808769] [controller_server]: Unable to transform robot pose into global plan's frame
[explore-10] [ERROR] [1757085753.291534126] [explore_node]: Extrapolation Error looking up robot pose: Lookup would require extrapolation into the future.  Requested time 1757085752.987056 but the latest data is at time 1757085744.628437, when looking up transform from frame [base_link] to frame [map]
[explore-10] 
[controller_server-2] [ERROR] [1757085753.409773740] [controller_server]: Exception in transformPose: Lookup would require extrapolation into the future.  Requested time 1757085753.220729 but the latest data is at time 1757085744.628437, when looking up transform from frame [odom] to frame [map]
[controller_server-2] [WARN] [1757085753.409928637] [controller_server]: Unable to transform robot pose into global plan's frame
[controller_server-2] [WARN] [1757085753.410123525] [controller_server]: Control loop missed its desired rate of 10.0000Hz
[controller_server-2] [ERROR] [1757085753.513594459] [controller_server]: Exception in transformPose: Lookup would require extrapolation into the future.  Requested time 1757085753.270725 but the latest data is at time 1757085744.628437, when looking up transform from frame [odom] to frame [map]
[controller_server-2] [WARN] [1757085753.513715797] [controller_server]: Unable to transform robot pose into global plan's frame
[controller_server-2] [WARN] [1757085753.513900369] [controller_server]: Control loop missed its desired rate of 10.0000Hz
[controller_server-2] [ERROR] [1757085753.614830729] [controller_server]: Exception in transformPose: Lookup would require extrapolation into the future.  Requested time 1757085753.470781 but the latest data is at time 1757085744.628437, when looking up transform from frame [odom] to frame [map]
[controller_server-2] [WARN] [1757085753.614905618] [controller_server]: Unable to transform robot pose into global plan's frame
[controller_server-2] [WARN] [1757085753.615015720] [controller_server]: Control loop missed its desired rate of 10.0000Hz
[controller_server-2] [ERROR] [1757085753.716881006] [controller_server]: Exception in transformPose: Lookup would require extrapolation into the future.  Requested time 1757085753.570722 but the latest data is at time 1757085744.628437, when looking up transform from frame [odom] to frame [map]
[controller_server-2] [WARN] [1757085753.716999418] [controller_server]: Unable to transform robot pose into global plan's frame
[controller_server-2] [WARN] [1757085753.717180401] [controller_server]: Control loop missed its desired rate of 10.0000Hz
[controller_server-2] [ERROR] [1757085753.818466085] [controller_server]: Exception in transformPose: Lookup would require extrapolation into the future.  Requested time 1757085753.670675 but the latest data is at time 1757085744.628437, when looking up transform from frame [odom] to frame [map]
[controller_server-2] [WARN] [1757085753.818586027] [controller_server]: Unable to transform robot pose into global plan's frame
[controller_server-2] [WARN] [1757085753.818779826] [controller_server]: Control loop missed its desired rate of 10.0000Hz
[controller_server-2] [ERROR] [1757085753.922236104] [controller_server]: Exception in transformPose: Lookup would require extrapolation into the future.  Requested time 1757085753.771509 but the latest data is at time 1757085744.628437, when looking up transform from frame [odom] to frame [map]
[controller_server-2] [WARN] [1757085753.922360631] [controller_server]: Unable to transform robot pose into global plan's frame
[controller_server-2] [WARN] [1757085753.922546599] [controller_server]: Control loop missed its desired rate of 10.0000Hz
[controller_server-2] [ERROR] [1757085754.023689859] [controller_server]: Exception in transformPose: Lookup would require extrapolation into the future.  Requested time 1757085753.872806 but the latest data is at time 1757085744.628437, when looking up transform from frame [odom] to frame [map]
[controller_server-2] [WARN] [1757085754.023824633] [controller_server]: Unable to transform robot pose into global plan's frame
[controller_server-2] [WARN] [1757085754.024016342] [controller_server]: Control loop missed its desired rate of 10.0000Hz
[controller_server-2] [INFO] [1757085754.024045478] [controller_server]: Passing new path to controller.
[controller_server-2] [ERROR] [1757085754.126877524] [controller_server]: Exception in transformPose: Lookup would require extrapolation into the future.  Requested time 1757085753.872806 but the latest data is at time 1757085744.628437, when looking up transform from frame [odom] to frame [map]
[controller_server-2] [WARN] [1757085754.127000156] [controller_server]: Unable to transform robot pose into global plan's frame
[controller_server-2] [WARN] [1757085754.127188159] [controller_server]: Control loop missed its desired rate of 10.0000Hz
[controller_server-2] [ERROR] [1757085754.228249200] [controller_server]: Exception in transformPose: Lookup would require extrapolation into the future.  Requested time 1757085754.070931 but the latest data is at time 1757085744.628437, when looking up transform from frame [odom] to frame [map]
[controller_server-2] [WARN] [1757085754.228365794] [controller_server]: Unable to transform robot pose into global plan's frame
[controller_server-2] [WARN] [1757085754.228537174] [controller_server]: Control loop missed its desired rate of 10.0000Hz
[controller_server-2] [ERROR] [1757085754.331102398] [controller_server]: Exception in transformPose: Lookup would require extrapolation into the future.  Requested time 1757085754.120730 but the latest data is at time 1757085744.628437, when looking up transform from frame [odom] to frame [map]
[controller_server-2] [WARN] [1757085754.331218098] [controller_server]: Unable to transform robot pose into global plan's frame
[controller_server-2] [WARN] [1757085754.331388128] [controller_server]: Control loop missed its desired rate of 10.0000Hz
[controller_server-2] [ERROR] [1757085754.432577265] [controller_server]: Exception in transformPose: Lookup would require extrapolation into the future.  Requested time 1757085754.120730 but the latest data is at time 1757085744.628437, when looking up transform from frame [odom] to frame [map]
[controller_server-2] [WARN] [1757085754.432700004] [controller_server]: Unable to transform robot pose into global plan's frame
[controller_server-2] [WARN] [1757085754.432892522] [controller_server]: Control loop missed its desired rate of 10.0000Hz
[controller_server-2] [ERROR] [1757085754.535676280] [controller_server]: Exception in transformPose: Lookup would require extrapolation into the future.  Requested time 1757085754.120730 but the latest data is at time 1757085744.628437, when looking up transform from frame [odom] to frame [map]
[controller_server-2] [WARN] [1757085754.535796386] [controller_server]: Unable to transform robot pose into global plan's frame
[controller_server-2] [WARN] [1757085754.535977481] [controller_server]: Control loop missed its desired rate of 10.0000Hz
[controller_server-2] [ERROR] [1757085754.636974545] [controller_server]: Exception in transformPose: Lookup would require extrapolation into the future.  Requested time 1757085754.120730 but the latest data is at time 1757085744.628437, when looking up transform from frame [odom] to frame [map]
[controller_server-2] [WARN] [1757085754.637141034] [controller_server]: Unable to transform robot pose into global plan's frame
[controller_server-2] [WARN] [1757085754.637328187] [controller_server]: Control loop missed its desired rate of 10.0000Hz
[controller_server-2] [ERROR] [1757085754.740263715] [controller_server]: Exception in transformPose: Lookup would require extrapolation into the future.  Requested time 1757085754.570748 but the latest data is at time 1757085744.628437, when looking up transform from frame [odom] to frame [map]
[controller_server-2] [WARN] [1757085754.740392806] [controller_server]: Unable to transform robot pose into global plan's frame
[controller_server-2] [WARN] [1757085754.740613499] [controller_server]: Control loop missed its desired rate of 10.0000Hz
[controller_server-2] [ERROR] [1757085754.841613614] [controller_server]: Exception in transformPose: Lookup would require extrapolation into the future.  Requested time 1757085754.620797 but the latest data is at time 1757085744.628437, when looking up transform from frame [odom] to frame [map]
[controller_server-2] [WARN] [1757085754.841727612] [controller_server]: Unable to transform robot pose into global plan's frame
[controller_server-2] [WARN] [1757085754.841900625] [controller_server]: Control loop missed its desired rate of 10.0000Hz
[bt_navigator-6] [ERROR] [1757085754.854232833] [transformPoseInTargetFrame]: Extrapolation Error looking up target frame: Lookup would require extrapolation into the past.  Requested time 1757085744.628437 but the earliest data is at time 1757085744.786661, when looking up transform from frame [base_link] to frame [map]
[bt_navigator-6] 
[bt_navigator-6] [WARN] [1757085754.854484786] [BehaviorTreeEngine]: Behavior Tree tick rate 100.00 was exceeded!
[controller_server-2] [ERROR] [1757085754.944808246] [controller_server]: Exception in transformPose: Lookup would require extrapolation into the future.  Requested time 1757085754.820709 but the latest data is at time 1757085744.628437, when looking up transform from frame [odom] to frame [map]
[controller_server-2] [WARN] [1757085754.944938170] [controller_server]: Unable to transform robot pose into global plan's frame
[controller_server-2] [ERROR] [1757085754.944980469] [controller_server]: Controller patience exceeded
[controller_server-2] [WARN] [1757085754.945063663] [controller_server]: [follow_path] [ActionServer] Aborting handle.
[bt_navigator-6] [ERROR] [1757085754.956509838] [transformPoseInTargetFrame]: Extrapolation Error looking up target frame: Lookup would require extrapolation into the past.  Requested time 1757085744.628437 but the earliest data is at time 1757085744.871752, when looking up transform from frame [base_link] to frame [map]
[bt_navigator-6] 
[bt_navigator-6] [WARN] [1757085754.956579353] [BehaviorTreeEngine]: Behavior Tree tick rate 100.00 was exceeded!
[bt_navigator-6] [ERROR] [1757085755.058637080] [transformPoseInTargetFrame]: Extrapolation Error looking up target frame: Lookup would require extrapolation into the past.  Requested time 1757085744.628437 but the earliest data is at time 1757085744.970836, when looking up transform from frame [base_link] to frame [map]
[bt_navigator-6] 
[bt_navigator-6] [WARN] [1757085755.058951173] [BehaviorTreeEngine]: Behavior Tree tick rate 100.00 was exceeded!
[bt_navigator-6] [ERROR] [1757085755.080107713] [bt_navigator_navigate_to_pose_rclcpp_node]: Failed to get result for compute_path_to_pose in node halt!
[behavior_server-5] [INFO] [1757085755.081060587] [behavior_server]: Running spin
[planner_server-4] [ERROR] [1757085755.120563061] [transformPoseInTargetFrame]: Extrapolation Error looking up target frame: Lookup would require extrapolation into the past.  Requested time 1757085744.628437 but the earliest data is at time 1757085745.020840, when looking up transform from frame [base_link] to frame [map]
[planner_server-4] 
[behavior_server-5] [ERROR] [1757085755.182177336] [transformPoseInTargetFrame]: Extrapolation Error looking up target frame: Lookup would require extrapolation into the past.  Requested time 1757085744.628437 but the earliest data is at time 1757085745.120756, when looking up transform from frame [base_link] to frame [map]
[behavior_server-5] 
[behavior_server-5] [ERROR] [1757085755.182247728] [behavior_server]: Current robot pose is not available.
[behavior_server-5] [INFO] [1757085755.182296278] [behavior_server]: Initial checks failed for spin
[behavior_server-5] [WARN] [1757085755.182320136] [behavior_server]: [spin] [ActionServer] Aborting handle.
[bt_navigator-6] [ERROR] [1757085755.183183593] [transformPoseInTargetFrame]: Extrapolation Error looking up target frame: Lookup would require extrapolation into the past.  Requested time 1757085744.628437 but the earliest data is at time 1757085745.120756, when looking up transform from frame [base_link] to frame [map]
[bt_navigator-6] 
[bt_navigator-6] [WARN] [1757085755.183390709] [BehaviorTreeEngine]: Behavior Tree tick rate 100.00 was exceeded!
[planner_server-4] [ERROR] [1757085755.262886255] [transformPoseInTargetFrame]: Extrapolation Error looking up target frame: Lookup would require extrapolation into the past.  Requested time 1757085744.628437 but the earliest data is at time 1757085745.220735, when looking up transform from frame [base_link] to frame [map]
[planner_server-4] 
[planner_server-4] [INFO] [1757085755.262970678] [planner_server]: [compute_path_to_pose] [ActionServer] Client requested to cancel the goal. Cancelling.
[bt_navigator-6] [ERROR] [1757085755.285345330] [transformPoseInTargetFrame]: Extrapolation Error looking up target frame: Lookup would require extrapolation into the past.  Requested time 1757085744.628437 but the earliest data is at time 1757085745.220735, when looking up transform from frame [base_link] to frame [map]
[bt_navigator-6] 
[bt_navigator-6] [WARN] [1757085755.285561405] [BehaviorTreeEngine]: Behavior Tree tick rate 100.00 was exceeded!
[behavior_server-5] [INFO] [1757085755.286414871] [behavior_server]: Running wait
[bt_navigator-6] [ERROR] [1757085755.388896554] [transformPoseInTargetFrame]: Extrapolation Error looking up target frame: Lookup would require extrapolation into the past.  Requested time 1757085744.628437 but the earliest data is at time 1757085745.270943, when looking up transform from frame [base_link] to frame [map]
[bt_navigator-6] 
[bt_navigator-6] [WARN] [1757085755.389136643] [BehaviorTreeEngine]: Behavior Tree tick rate 100.00 was exceeded!
[bt_navigator-6] [ERROR] [1757085755.491479286] [transformPoseInTargetFrame]: Extrapolation Error looking up target frame: Lookup would require extrapolation into the past.  Requested time 1757085744.628437 but the earliest data is at time 1757085745.370834, when looking up transform from frame [base_link] to frame [map]
[bt_navigator-6] 
[bt_navigator-6] [WARN] [1757085755.491722553] [BehaviorTreeEngine]: Behavior Tree tick rate 100.00 was exceeded!
[bt_navigator-6] [ERROR] [1757085755.594173846] [transformPoseInTargetFrame]: Extrapolation Error looking up target frame: Lookup would require extrapolation into the past.  Requested time 1757085744.628437 but the earliest data is at time 1757085745.470770, when looking up transform from frame [base_link] to frame [map]
[bt_navigator-6] 
[bt_navigator-6] [WARN] [1757085755.594416630] [BehaviorTreeEngine]: Behavior Tree tick rate 100.00 was exceeded!
[bt_navigator-6] [ERROR] [1757085755.696980738] [transformPoseInTargetFrame]: Extrapolation Error looking up target frame: Lookup would require extrapolation into the past.  Requested time 1757085744.628437 but the earliest data is at time 1757085745.620719, when looking up transform from frame [base_link] to frame [map]
[bt_navigator-6] 
[bt_navigator-6] [WARN] [1757085755.697181355] [BehaviorTreeEngine]: Behavior Tree tick rate 100.00 was exceeded!
[bt_navigator-6] [ERROR] [1757085755.798442931] [transformPoseInTargetFrame]: Extrapolation Error looking up target frame: Lookup would require extrapolation into the past.  Requested time 1757085744.628437 but the earliest data is at time 1757085745.720739, when looking up transform from frame [base_link] to frame [map]
[bt_navigator-6] 
[bt_navigator-6] [WARN] [1757085755.798633832] [BehaviorTreeEngine]: Behavior Tree tick rate 100.00 was exceeded!
[bt_navigator-6] [ERROR] [1757085755.900759402] [transformPoseInTargetFrame]: Extrapolation Error looking up target frame: Lookup would require extrapolation into the past.  Requested time 1757085744.628437 but the earliest data is at time 1757085745.820752, when looking up transform from frame [base_link] to frame [map]
[bt_navigator-6] 
[bt_navigator-6] [WARN] [1757085755.900969462] [BehaviorTreeEngine]: Behavior Tree tick rate 100.00 was exceeded!
[bt_navigator-6] [ERROR] [1757085756.003219945] [transformPoseInTargetFrame]: Extrapolation Error looking up target frame: Lookup would require extrapolation into the past.  Requested time 1757085744.628437 but the earliest data is at time 1757085745.920695, when looking up transform from frame [base_link] to frame [map]
[bt_navigator-6] 
[bt_navigator-6] [WARN] [1757085756.003444076] [BehaviorTreeEngine]: Behavior Tree tick rate 100.00 was exceeded!
[bt_navigator-6] [ERROR] [1757085756.105688406] [transformPoseInTargetFrame]: Extrapolation Error looking up target frame: Lookup would require extrapolation into the past.  Requested time 1757085744.628437 but the earliest data is at time 1757085745.971247, when looking up transform from frame [base_link] to frame [map]
[bt_navigator-6] 
[bt_navigator-6] [WARN] [1757085756.106013094] [BehaviorTreeEngine]: Behavior Tree tick rate 100.00 was exceeded!
[planner_server-4] [ERROR] [1757085756.119644838] [transformPoseInTargetFrame]: Extrapolation Error looking up target frame: Lookup would require extrapolation into the past.  Requested time 1757085744.628437 but the earliest data is at time 1757085745.971247, when looking up transform from frame [base_link] to frame [map]
[planner_server-4] 
[bt_navigator-6] [ERROR] [1757085756.208345463] [transformPoseInTargetFrame]: Extrapolation Error looking up target frame: Lookup would require extrapolation into the past.  Requested time 1757085744.628437 but the earliest data is at time 1757085746.120945, when looking up transform from frame [base_link] to frame [map]
[bt_navigator-6] 
[bt_navigator-6] [WARN] [1757085756.208576018] [BehaviorTreeEngine]: Behavior Tree tick rate 100.00 was exceeded!
[bt_navigator-6] [ERROR] [1757085756.310830833] [transformPoseInTargetFrame]: Extrapolation Error looking up target frame: Lookup would require extrapolation into the past.  Requested time 1757085744.628437 but the earliest data is at time 1757085746.226814, when looking up transform from frame [base_link] to frame [map]
[bt_navigator-6] 
[bt_navigator-6] [WARN] [1757085756.311057825] [BehaviorTreeEngine]: Behavior Tree tick rate 100.00 was exceeded!
[bt_navigator-6] [ERROR] [1757085756.413453388] [transformPoseInTargetFrame]: Extrapolation Error looking up target frame: Lookup would require extrapolation into the past.  Requested time 1757085744.628437 but the earliest data is at time 1757085746.320875, when looking up transform from frame [base_link] to frame [map]
[bt_navigator-6] 
[bt_navigator-6] [WARN] [1757085756.413660350] [BehaviorTreeEngine]: Behavior Tree tick rate 100.00 was exceeded!
[bt_navigator-6] [ERROR] [1757085756.515688493] [transformPoseInTargetFrame]: Extrapolation Error looking up target frame: Lookup would require extrapolation into the past.  Requested time 1757085744.628437 but the earliest data is at time 1757085746.420910, when looking up transform from frame [base_link] to frame [map]
[bt_navigator-6] 
[bt_navigator-6] [WARN] [1757085756.515892426] [BehaviorTreeEngine]: Behavior Tree tick rate 100.00 was exceeded!
[bt_navigator-6] [ERROR] [1757085756.617776910] [transformPoseInTargetFrame]: Extrapolation Error looking up target frame: Lookup would require extrapolation into the past.  Requested time 1757085744.628437 but the earliest data is at time 1757085746.570699, when looking up transform from frame [base_link] to frame [map]
[bt_navigator-6] 
[bt_navigator-6] [WARN] [1757085756.618052350] [BehaviorTreeEngine]: Behavior Tree tick rate 100.00 was exceeded!
[bt_navigator-6] [ERROR] [1757085756.720086768] [transformPoseInTargetFrame]: Extrapolation Error looking up target frame: Lookup would require extrapolation into the past.  Requested time 1757085744.628437 but the earliest data is at time 1757085746.670691, when looking up transform from frame [base_link] to frame [map]
[bt_navigator-6] 
[bt_navigator-6] [WARN] [1757085756.720305208] [BehaviorTreeEngine]: Behavior Tree tick rate 100.00 was exceeded!
[bt_navigator-6] [ERROR] [1757085756.822443166] [transformPoseInTargetFrame]: Extrapolation Error looking up target frame: Lookup would require extrapolation into the past.  Requested time 1757085744.628437 but the earliest data is at time 1757085746.720813, when looking up transform from frame [base_link] to frame [map]
[bt_navigator-6] 
[bt_navigator-6] [WARN] [1757085756.822654918] [BehaviorTreeEngine]: Behavior Tree tick rate 100.00 was exceeded!
[bt_navigator-6] [ERROR] [1757085756.924285997] [transformPoseInTargetFrame]: Extrapolation Error looking up target frame: Lookup would require extrapolation into the past.  Requested time 1757085744.628437 but the earliest data is at time 1757085746.870834, when looking up transform from frame [base_link] to frame [map]
[bt_navigator-6] 
[bt_navigator-6] [WARN] [1757085756.924481949] [BehaviorTreeEngine]: Behavior Tree tick rate 100.00 was exceeded!
[bt_navigator-6] [ERROR] [1757085757.025936968] [transformPoseInTargetFrame]: Extrapolation Error looking up target frame: Lookup would require extrapolation into the past.  Requested time 1757085744.628437 but the earliest data is at time 1757085746.920738, when looking up transform from frame [base_link] to frame [map]
[bt_navigator-6] 
[bt_navigator-6] [WARN] [1757085757.026128928] [BehaviorTreeEngine]: Behavior Tree tick rate 100.00 was exceeded!
[planner_server-4] [ERROR] [1757085757.119425485] [transformPoseInTargetFrame]: Extrapolation Error looking up target frame: Lookup would require extrapolation into the past.  Requested time 1757085744.628437 but the earliest data is at time 1757085747.020818, when looking up transform from frame [base_link] to frame [map]
[planner_server-4] 
[bt_navigator-6] [ERROR] [1757085757.128456574] [transformPoseInTargetFrame]: Extrapolation Error looking up target frame: Lookup would require extrapolation into the past.  Requested time 1757085744.628437 but the earliest data is at time 1757085747.020818, when looking up transform from frame [base_link] to frame [map]
[bt_navigator-6] 
[bt_navigator-6] [WARN] [1757085757.128709314] [BehaviorTreeEngine]: Behavior Tree tick rate 100.00 was exceeded!
[bt_navigator-6] [ERROR] [1757085757.230821787] [transformPoseInTargetFrame]: Extrapolation Error looking up target frame: Lookup would require extrapolation into the past.  Requested time 1757085744.628437 but the earliest data is at time 1757085747.070786, when looking up transform from frame [base_link] to frame [map]
[bt_navigator-6] 
[bt_navigator-6] [WARN] [1757085757.231049326] [BehaviorTreeEngine]: Behavior Tree tick rate 100.00 was exceeded!
[bt_navigator-6] [ERROR] [1757085757.333642763] [transformPoseInTargetFrame]: Extrapolation Error looking up target frame: Lookup would require extrapolation into the past.  Requested time 1757085744.628437 but the earliest data is at time 1757085747.070786, when looking up transform from frame [base_link] to frame [map]
[bt_navigator-6] 
[bt_navigator-6] [WARN] [1757085757.333877744] [BehaviorTreeEngine]: Behavior Tree tick rate 100.00 was exceeded!
[bt_navigator-6] [ERROR] [1757085757.436279787] [transformPoseInTargetFrame]: Extrapolation Error looking up target frame: Lookup would require extrapolation into the past.  Requested time 1757085744.628437 but the earliest data is at time 1757085747.070786, when looking up transform from frame [base_link] to frame [map]
[bt_navigator-6] 
[bt_navigator-6] [WARN] [1757085757.436541482] [BehaviorTreeEngine]: Behavior Tree tick rate 100.00 was exceeded!
[bt_navigator-6] [ERROR] [1757085757.538886842] [transformPoseInTargetFrame]: Extrapolation Error looking up target frame: Lookup would require extrapolation into the past.  Requested time 1757085744.628437 but the earliest data is at time 1757085747.070786, when looking up transform from frame [base_link] to frame [map]
[bt_navigator-6] 
[bt_navigator-6] [WARN] [1757085757.539128059] [BehaviorTreeEngine]: Behavior Tree tick rate 100.00 was exceeded!
[bt_navigator-6] [ERROR] [1757085757.641424009] [transformPoseInTargetFrame]: Extrapolation Error looking up target frame: Lookup would require extrapolation into the past.  Requested time 1757085744.628437 but the earliest data is at time 1757085747.070786, when looking up transform from frame [base_link] to frame [map]
[bt_navigator-6] 
[bt_navigator-6] [WARN] [1757085757.641542866] [BehaviorTreeEngine]: Behavior Tree tick rate 100.00 was exceeded!
[bt_navigator-6] [ERROR] [1757085757.743349006] [transformPoseInTargetFrame]: Extrapolation Error looking up target frame: Lookup would require extrapolation into the past.  Requested time 1757085744.628437 but the earliest data is at time 1757085747.070786, when looking up transform from frame [base_link] to frame [map]
[bt_navigator-6] 
[bt_navigator-6] [WARN] [1757085757.743558396] [BehaviorTreeEngine]: Behavior Tree tick rate 100.00 was exceeded!
[bt_navigator-6] [ERROR] [1757085757.844736306] [transformPoseInTargetFrame]: Extrapolation Error looking up target frame: Lookup would require extrapolation into the past.  Requested time 1757085744.628437 but the earliest data is at time 1757085747.720721, when looking up transform from frame [base_link] to frame [map]
[bt_navigator-6] 
[bt_navigator-6] [WARN] [1757085757.844917680] [BehaviorTreeEngine]: Behavior Tree tick rate 100.00 was exceeded!
[bt_navigator-6] [ERROR] [1757085757.946348444] [transformPoseInTargetFrame]: Extrapolation Error looking up target frame: Lookup would require extrapolation into the past.  Requested time 1757085744.628437 but the earliest data is at time 1757085747.920773, when looking up transform from frame [base_link] to frame [map]
[bt_navigator-6] 
[bt_navigator-6] [WARN] [1757085757.946533418] [BehaviorTreeEngine]: Behavior Tree tick rate 100.00 was exceeded!
[bt_navigator-6] [ERROR] [1757085758.047854800] [transformPoseInTargetFrame]: Extrapolation Error looking up target frame: Lookup would require extrapolation into the past.  Requested time 1757085744.628437 but the earliest data is at time 1757085747.920773, when looking up transform from frame [base_link] to frame [map]
[bt_navigator-6] 
[bt_navigator-6] [WARN] [1757085758.048044133] [BehaviorTreeEngine]: Behavior Tree tick rate 100.00 was exceeded!
[planner_server-4] [ERROR] [1757085758.121903305] [transformPoseInTargetFrame]: Extrapolation Error looking up target frame: Lookup would require extrapolation into the past.  Requested time 1757085744.628437 but the earliest data is at time 1757085748.020892, when looking up transform from frame [base_link] to frame [map]
[planner_server-4] 
[bt_navigator-6] [ERROR] [1757085758.149140569] [transformPoseInTargetFrame]: Extrapolation Error looking up target frame: Lookup would require extrapolation into the past.  Requested time 1757085744.628437 but the earliest data is at time 1757085748.120708, when looking up transform from frame [base_link] to frame [map]
[bt_navigator-6] 
[bt_navigator-6] [WARN] [1757085758.149366944] [BehaviorTreeEngine]: Behavior Tree tick rate 100.00 was exceeded!
[bt_navigator-6] [ERROR] [1757085758.250741120] [transformPoseInTargetFrame]: Extrapolation Error looking up target frame: Lookup would require extrapolation into the past.  Requested time 1757085744.628437 but the earliest data is at time 1757085748.170756, when looking up transform from frame [base_link] to frame [map]
[bt_navigator-6] 
[bt_navigator-6] [WARN] [1757085758.250927631] [BehaviorTreeEngine]: Behavior Tree tick rate 100.00 was exceeded!
[bt_navigator-6] [ERROR] [1757085758.352279914] [transformPoseInTargetFrame]: Extrapolation Error looking up target frame: Lookup would require extrapolation into the past.  Requested time 1757085744.628437 but the earliest data is at time 1757085748.271183, when looking up transform from frame [base_link] to frame [map]
[bt_navigator-6] 
[bt_navigator-6] [WARN] [1757085758.352463765] [BehaviorTreeEngine]: Behavior Tree tick rate 100.00 was exceeded!
[bt_navigator-6] [ERROR] [1757085758.453731546] [transformPoseInTargetFrame]: Extrapolation Error looking up target frame: Lookup would require extrapolation into the past.  Requested time 1757085744.628437 but the earliest data is at time 1757085748.371666, when looking up transform from frame [base_link] to frame [map]
[bt_navigator-6] 
[bt_navigator-6] [WARN] [1757085758.453921375] [BehaviorTreeEngine]: Behavior Tree tick rate 100.00 was exceeded!
[bt_navigator-6] [ERROR] [1757085758.555052403] [transformPoseInTargetFrame]: Extrapolation Error looking up target frame: Lookup would require extrapolation into the past.  Requested time 1757085744.628437 but the earliest data is at time 1757085748.371666, when looking up transform from frame [base_link] to frame [map]
[bt_navigator-6] 
[bt_navigator-6] [WARN] [1757085758.555226761] [BehaviorTreeEngine]: Behavior Tree tick rate 100.00 was exceeded!
[bt_navigator-6] [ERROR] [1757085758.657322327] [transformPoseInTargetFrame]: Extrapolation Error looking up target frame: Lookup would require extrapolation into the past.  Requested time 1757085744.628437 but the earliest data is at time 1757085748.371666, when looking up transform from frame [base_link] to frame [map]
[bt_navigator-6] 
[bt_navigator-6] [WARN] [1757085758.657556577] [BehaviorTreeEngine]: Behavior Tree tick rate 100.00 was exceeded!
[bt_navigator-6] [ERROR] [1757085758.759972170] [transformPoseInTargetFrame]: Extrapolation Error looking up target frame: Lookup would require extrapolation into the past.  Requested time 1757085744.628437 but the earliest data is at time 1757085748.371666, when looking up transform from frame [base_link] to frame [map]
[bt_navigator-6] 
[bt_navigator-6] [WARN] [1757085758.760213029] [BehaviorTreeEngine]: Behavior Tree tick rate 100.00 was exceeded!
[bt_navigator-6] [ERROR] [1757085758.862512767] [transformPoseInTargetFrame]: Extrapolation Error looking up target frame: Lookup would require extrapolation into the past.  Requested time 1757085744.628437 but the earliest data is at time 1757085748.371666, when looking up transform from frame [base_link] to frame [map]
[bt_navigator-6] 
[bt_navigator-6] [WARN] [1757085758.862724393] [BehaviorTreeEngine]: Behavior Tree tick rate 100.00 was exceeded!
[bt_navigator-6] [ERROR] [1757085758.964658454] [transformPoseInTargetFrame]: Extrapolation Error looking up target frame: Lookup would require extrapolation into the past.  Requested time 1757085744.628437 but the earliest data is at time 1757085748.371666, when looking up transform from frame [base_link] to frame [map]
[bt_navigator-6] 
[bt_navigator-6] [WARN] [1757085758.964875406] [BehaviorTreeEngine]: Behavior Tree tick rate 100.00 was exceeded!
[bt_navigator-6] [ERROR] [1757085759.067047513] [transformPoseInTargetFrame]: Extrapolation Error looking up target frame: Lookup would require extrapolation into the past.  Requested time 1757085744.628437 but the earliest data is at time 1757085748.420786, when looking up transform from frame [base_link] to frame [map]
[bt_navigator-6] 
[bt_navigator-6] [WARN] [1757085759.067260888] [BehaviorTreeEngine]: Behavior Tree tick rate 100.00 was exceeded!
[planner_server-4] [ERROR] [1757085759.123156338] [transformPoseInTargetFrame]: Extrapolation Error looking up target frame: Lookup would require extrapolation into the past.  Requested time 1757085744.628437 but the earliest data is at time 1757085748.420786, when looking up transform from frame [base_link] to frame [map]
[planner_server-4] 
[bt_navigator-6] [ERROR] [1757085759.169358202] [transformPoseInTargetFrame]: Extrapolation Error looking up target frame: Lookup would require extrapolation into the past.  Requested time 1757085744.628437 but the earliest data is at time 1757085748.420786, when looking up transform from frame [base_link] to frame [map]
[bt_navigator-6] 
[bt_navigator-6] [WARN] [1757085759.169559832] [BehaviorTreeEngine]: Behavior Tree tick rate 100.00 was exceeded!
[bt_navigator-6] [ERROR] [1757085759.270901642] [transformPoseInTargetFrame]: Extrapolation Error looking up target frame: Lookup would require extrapolation into the past.  Requested time 1757085744.628437 but the earliest data is at time 1757085748.420786, when looking up transform from frame [base_link] to frame [map]
[bt_navigator-6] 
[bt_navigator-6] [WARN] [1757085759.271075588] [BehaviorTreeEngine]: Behavior Tree tick rate 100.00 was exceeded!
[bt_navigator-6] [ERROR] [1757085759.372363366] [transformPoseInTargetFrame]: Extrapolation Error looking up target frame: Lookup would require extrapolation into the past.  Requested time 1757085744.628437 but the earliest data is at time 1757085748.570844, when looking up transform from frame [base_link] to frame [map]
[bt_navigator-6] 
[bt_navigator-6] [WARN] [1757085759.372458350] [BehaviorTreeEngine]: Behavior Tree tick rate 100.00 was exceeded!
[bt_navigator-6] [ERROR] [1757085759.473568521] [transformPoseInTargetFrame]: Extrapolation Error looking up target frame: Lookup would require extrapolation into the past.  Requested time 1757085744.628437 but the earliest data is at time 1757085748.570844, when looking up transform from frame [base_link] to frame [map]
[bt_navigator-6] 
[bt_navigator-6] [WARN] [1757085759.473740781] [BehaviorTreeEngine]: Behavior Tree tick rate 100.00 was exceeded!
[bt_navigator-6] [ERROR] [1757085759.575021616] [transformPoseInTargetFrame]: Extrapolation Error looking up target frame: Lookup would require extrapolation into the past.  Requested time 1757085744.628437 but the earliest data is at time 1757085749.475969, when looking up transform from frame [base_link] to frame [map]
[bt_navigator-6] 
[bt_navigator-6] [WARN] [1757085759.575219005] [BehaviorTreeEngine]: Behavior Tree tick rate 100.00 was exceeded!
[bt_navigator-6] [ERROR] [1757085759.677184957] [transformPoseInTargetFrame]: Extrapolation Error looking up target frame: Lookup would require extrapolation into the past.  Requested time 1757085744.628437 but the earliest data is at time 1757085749.620848, when looking up transform from frame [base_link] to frame [map]
[bt_navigator-6] 
[bt_navigator-6] [WARN] [1757085759.677379350] [BehaviorTreeEngine]: Behavior Tree tick rate 100.00 was exceeded!
[bt_navigator-6] [ERROR] [1757085759.779799118] [transformPoseInTargetFrame]: Extrapolation Error looking up target frame: Lookup would require extrapolation into the past.  Requested time 1757085744.628437 but the earliest data is at time 1757085749.670758, when looking up transform from frame [base_link] to frame [map]
[bt_navigator-6] 
[bt_navigator-6] [WARN] [1757085759.780047646] [BehaviorTreeEngine]: Behavior Tree tick rate 100.00 was exceeded!
[bt_navigator-6] [ERROR] [1757085759.882169315] [transformPoseInTargetFrame]: Extrapolation Error looking up target frame: Lookup would require extrapolation into the past.  Requested time 1757085744.628437 but the earliest data is at time 1757085749.770921, when looking up transform from frame [base_link] to frame [map]
[bt_navigator-6] 
[bt_navigator-6] [WARN] [1757085759.882440781] [BehaviorTreeEngine]: Behavior Tree tick rate 100.00 was exceeded!
[explore-10] [ERROR] [1757085759.958760487] [explore_node]: Extrapolation Error looking up robot pose: Lookup would require extrapolation into the future.  Requested time 1757085759.653301 but the latest data is at time 1757085744.628437, when looking up transform from frame [base_link] to frame [map]
[explore-10] 
[bt_navigator-6] [ERROR] [1757085759.984061074] [transformPoseInTargetFrame]: Extrapolation Error looking up target frame: Lookup would require extrapolation into the past.  Requested time 1757085744.628437 but the earliest data is at time 1757085749.870828, when looking up transform from frame [base_link] to frame [map]
[bt_navigator-6] 
[bt_navigator-6] [WARN] [1757085759.984198778] [BehaviorTreeEngine]: Behavior Tree tick rate 100.00 was exceeded!
[bt_navigator-6] [ERROR] [1757085760.085651228] [transformPoseInTargetFrame]: Extrapolation Error looking up target frame: Lookup would require extrapolation into the past.  Requested time 1757085744.628437 but the earliest data is at time 1757085749.979431, when looking up transform from frame [base_link] to frame [map]
[bt_navigator-6] 
[bt_navigator-6] [WARN] [1757085760.085848237] [BehaviorTreeEngine]: Behavior Tree tick rate 100.00 was exceeded!
[planner_server-4] [ERROR] [1757085760.121127922] [transformPoseInTargetFrame]: Extrapolation Error looking up target frame: Lookup would require extrapolation into the past.  Requested time 1757085744.628437 but the earliest data is at time 1757085750.020782, when looking up transform from frame [base_link] to frame [map]
[planner_server-4] 
[bt_navigator-6] [ERROR] [1757085760.187367957] [transformPoseInTargetFrame]: Extrapolation Error looking up target frame: Lookup would require extrapolation into the past.  Requested time 1757085744.628437 but the earliest data is at time 1757085750.072287, when looking up transform from frame [base_link] to frame [map]
[bt_navigator-6] 
[bt_navigator-6] [WARN] [1757085760.187572818] [BehaviorTreeEngine]: Behavior Tree tick rate 100.00 was exceeded!
[behavior_server-5] [INFO] [1757085760.286700289] [behavior_server]: wait completed successfully
[bt_navigator-6] [ERROR] [1757085760.288820001] [transformPoseInTargetFrame]: Extrapolation Error looking up target frame: Lookup would require extrapolation into the past.  Requested time 1757085744.628437 but the earliest data is at time 1757085750.220765, when looking up transform from frame [base_link] to frame [map]
[bt_navigator-6] 
[bt_navigator-6] [WARN] [1757085760.289315398] [BehaviorTreeEngine]: Behavior Tree tick rate 100.00 was exceeded!
[bt_navigator-6] [ERROR] [1757085760.391270531] [transformPoseInTargetFrame]: Extrapolation Error looking up target frame: Lookup would require extrapolation into the past.  Requested time 1757085744.628437 but the earliest data is at time 1757085750.320712, when looking up transform from frame [base_link] to frame [map]
[bt_navigator-6] 
[bt_navigator-6] [WARN] [1757085760.391505614] [BehaviorTreeEngine]: Behavior Tree tick rate 100.00 was exceeded!
[bt_navigator-6] [ERROR] [1757085760.494168458] [transformPoseInTargetFrame]: Extrapolation Error looking up target frame: Lookup would require extrapolation into the past.  Requested time 1757085744.628437 but the earliest data is at time 1757085750.370751, when looking up transform from frame [base_link] to frame [map]
[bt_navigator-6] 
[bt_navigator-6] [WARN] [1757085760.494413788] [BehaviorTreeEngine]: Behavior Tree tick rate 100.00 was exceeded!
[bt_navigator-6] [ERROR] [1757085760.596707354] [transformPoseInTargetFrame]: Extrapolation Error looking up target frame: Lookup would require extrapolation into the past.  Requested time 1757085744.628437 but the earliest data is at time 1757085750.520750, when looking up transform from frame [base_link] to frame [map]
[bt_navigator-6] 
[bt_navigator-6] [WARN] [1757085760.596952016] [BehaviorTreeEngine]: Behavior Tree tick rate 100.00 was exceeded!
[bt_navigator-6] [ERROR] [1757085760.699591388] [transformPoseInTargetFrame]: Extrapolation Error looking up target frame: Lookup would require extrapolation into the past.  Requested time 1757085744.628437 but the earliest data is at time 1757085750.620711, when looking up transform from frame [base_link] to frame [map]
[bt_navigator-6] 
[bt_navigator-6] [WARN] [1757085760.699822220] [BehaviorTreeEngine]: Behavior Tree tick rate 100.00 was exceeded!
[bt_navigator-6] [ERROR] [1757085760.802877248] [transformPoseInTargetFrame]: Extrapolation Error looking up target frame: Lookup would require extrapolation into the past.  Requested time 1757085744.628437 but the earliest data is at time 1757085750.720699, when looking up transform from frame [base_link] to frame [map]
[bt_navigator-6] 
[bt_navigator-6] [WARN] [1757085760.803122651] [BehaviorTreeEngine]: Behavior Tree tick rate 100.00 was exceeded!
[bt_navigator-6] [ERROR] [1757085760.904712042] [transformPoseInTargetFrame]: Extrapolation Error looking up target frame: Lookup would require extrapolation into the past.  Requested time 1757085744.628437 but the earliest data is at time 1757085750.820729, when looking up transform from frame [base_link] to frame [map]
[bt_navigator-6] 
[bt_navigator-6] [WARN] [1757085760.904916291] [BehaviorTreeEngine]: Behavior Tree tick rate 100.00 was exceeded!
[bt_navigator-6] [ERROR] [1757085761.006639492] [transformPoseInTargetFrame]: Extrapolation Error looking up target frame: Lookup would require extrapolation into the past.  Requested time 1757085744.628437 but the earliest data is at time 1757085750.920728, when looking up transform from frame [base_link] to frame [map]
[bt_navigator-6] 
[bt_navigator-6] [WARN] [1757085761.006833880] [BehaviorTreeEngine]: Behavior Tree tick rate 100.00 was exceeded!
[planner_server-4] [ERROR] [1757085761.007199309] [transformPoseInTargetFrame]: Extrapolation Error looking up target frame: Lookup would require extrapolation into the past.  Requested time 1757085744.628437 but the earliest data is at time 1757085750.920728, when looking up transform from frame [base_link] to frame [map]
[planner_server-4] 
[planner_server-4] [WARN] [1757085761.007276306] [planner_server]: [compute_path_to_pose] [ActionServer] Aborting handle.
[bt_navigator-6] [ERROR] [1757085761.107930604] [transformPoseInTargetFrame]: Extrapolation Error looking up target frame: Lookup would require extrapolation into the past.  Requested time 1757085744.628437 but the earliest data is at time 1757085750.970742, when looking up transform from frame [base_link] to frame [map]
[bt_navigator-6] 
[bt_navigator-6] [WARN] [1757085761.108115460] [BehaviorTreeEngine]: Behavior Tree tick rate 100.00 was exceeded!
[planner_server-4] [ERROR] [1757085761.119648990] [transformPoseInTargetFrame]: Extrapolation Error looking up target frame: Lookup would require extrapolation into the past.  Requested time 1757085744.628437 but the earliest data is at time 1757085751.070839, when looking up transform from frame [base_link] to frame [map]
[planner_server-4] 
[bt_navigator-6] [ERROR] [1757085761.209406362] [transformPoseInTargetFrame]: Extrapolation Error looking up target frame: Lookup would require extrapolation into the past.  Requested time 1757085744.628437 but the earliest data is at time 1757085751.070839, when looking up transform from frame [base_link] to frame [map]
[bt_navigator-6] 
[bt_navigator-6] [WARN] [1757085761.209568393] [BehaviorTreeEngine]: Behavior Tree tick rate 100.00 was exceeded!
[planner_server-4] [INFO] [1757085761.210003825] [global_costmap.global_costmap]: Received request to clear entirely the global_costmap
[bt_navigator-6] [ERROR] [1757085761.314383305] [transformPoseInTargetFrame]: Extrapolation Error looking up target frame: Lookup would require extrapolation into the past.  Requested time 1757085744.628437 but the earliest data is at time 1757085751.270777, when looking up transform from frame [base_link] to frame [map]
[bt_navigator-6] 
[bt_navigator-6] [WARN] [1757085761.314700918] [BehaviorTreeEngine]: Behavior Tree tick rate 100.00 was exceeded!
[bt_navigator-6] [ERROR] [1757085761.416827248] [transformPoseInTargetFrame]: Extrapolation Error looking up target frame: Lookup would require extrapolation into the past.  Requested time 1757085744.628437 but the earliest data is at time 1757085751.323123, when looking up transform from frame [base_link] to frame [map]
[bt_navigator-6] 
[bt_navigator-6] [WARN] [1757085761.417019699] [BehaviorTreeEngine]: Behavior Tree tick rate 100.00 was exceeded!
[bt_navigator-6] [ERROR] [1757085761.518965217] [transformPoseInTargetFrame]: Extrapolation Error looking up target frame: Lookup would require extrapolation into the past.  Requested time 1757085744.628437 but the earliest data is at time 1757085751.420861, when looking up transform from frame [base_link] to frame [map]
[bt_navigator-6] 
[bt_navigator-6] [WARN] [1757085761.519195715] [BehaviorTreeEngine]: Behavior Tree tick rate 100.00 was exceeded!
[bt_navigator-6] [ERROR] [1757085761.621308585] [transformPoseInTargetFrame]: Extrapolation Error looking up target frame: Lookup would require extrapolation into the past.  Requested time 1757085744.628437 but the earliest data is at time 1757085751.522677, when looking up transform from frame [base_link] to frame [map]
[bt_navigator-6] 
[bt_navigator-6] [WARN] [1757085761.621468089] [BehaviorTreeEngine]: Behavior Tree tick rate 100.00 was exceeded!
[bt_navigator-6] [ERROR] [1757085761.722829440] [transformPoseInTargetFrame]: Extrapolation Error looking up target frame: Lookup would require extrapolation into the past.  Requested time 1757085744.628437 but the earliest data is at time 1757085751.670751, when looking up transform from frame [base_link] to frame [map]
[bt_navigator-6] 
[bt_navigator-6] [WARN] [1757085761.723013721] [BehaviorTreeEngine]: Behavior Tree tick rate 100.00 was exceeded!
[bt_navigator-6] [ERROR] [1757085761.824612134] [transformPoseInTargetFrame]: Extrapolation Error looking up target frame: Lookup would require extrapolation into the past.  Requested time 1757085744.628437 but the earliest data is at time 1757085751.770902, when looking up transform from frame [base_link] to frame [map]
[bt_navigator-6] 
[bt_navigator-6] [WARN] [1757085761.824813479] [BehaviorTreeEngine]: Behavior Tree tick rate 100.00 was exceeded!
[bt_navigator-6] [ERROR] [1757085761.926143009] [transformPoseInTargetFrame]: Extrapolation Error looking up target frame: Lookup would require extrapolation into the past.  Requested time 1757085744.628437 but the earliest data is at time 1757085751.870701, when looking up transform from frame [base_link] to frame [map]
[bt_navigator-6] 
[bt_navigator-6] [WARN] [1757085761.926372989] [BehaviorTreeEngine]: Behavior Tree tick rate 100.00 was exceeded!
[bt_navigator-6] [ERROR] [1757085762.027740437] [transformPoseInTargetFrame]: Extrapolation Error looking up target frame: Lookup would require extrapolation into the past.  Requested time 1757085744.628437 but the earliest data is at time 1757085751.970817, when looking up transform from frame [base_link] to frame [map]
[bt_navigator-6] 
[bt_navigator-6] [WARN] [1757085762.027949236] [BehaviorTreeEngine]: Behavior Tree tick rate 100.00 was exceeded!
[planner_server-4] [ERROR] [1757085762.119486971] [transformPoseInTargetFrame]: Extrapolation Error looking up target frame: Lookup would require extrapolation into the past.  Requested time 1757085744.628437 but the earliest data is at time 1757085752.070652, when looking up transform from frame [base_link] to frame [map]
[planner_server-4] 
[bt_navigator-6] [ERROR] [1757085762.129304058] [transformPoseInTargetFrame]: Extrapolation Error looking up target frame: Lookup would require extrapolation into the past.  Requested time 1757085744.628437 but the earliest data is at time 1757085752.070652, when looking up transform from frame [base_link] to frame [map]
[bt_navigator-6] 
[bt_navigator-6] [WARN] [1757085762.129502483] [BehaviorTreeEngine]: Behavior Tree tick rate 100.00 was exceeded!
[bt_navigator-6] [ERROR] [1757085762.231465504] [transformPoseInTargetFrame]: Extrapolation Error looking up target frame: Lookup would require extrapolation into the past.  Requested time 1757085744.628437 but the earliest data is at time 1757085752.170725, when looking up transform from frame [base_link] to frame [map]
[bt_navigator-6] 
[bt_navigator-6] [WARN] [1757085762.231670395] [BehaviorTreeEngine]: Behavior Tree tick rate 100.00 was exceeded!
[bt_navigator-6] [ERROR] [1757085762.334053886] [transformPoseInTargetFrame]: Extrapolation Error looking up target frame: Lookup would require extrapolation into the past.  Requested time 1757085744.628437 but the earliest data is at time 1757085752.170725, when looking up transform from frame [base_link] to frame [map]
[bt_navigator-6] 
[bt_navigator-6] [WARN] [1757085762.334363525] [BehaviorTreeEngine]: Behavior Tree tick rate 100.00 was exceeded!
[bt_navigator-6] [ERROR] [1757085762.435962995] [transformPoseInTargetFrame]: Extrapolation Error looking up target frame: Lookup would require extrapolation into the past.  Requested time 1757085744.628437 but the earliest data is at time 1757085752.370700, when looking up transform from frame [base_link] to frame [map]
[bt_navigator-6] 
[bt_navigator-6] [WARN] [1757085762.436200879] [BehaviorTreeEngine]: Behavior Tree tick rate 100.00 was exceeded!
[bt_navigator-6] [ERROR] [1757085762.538255174] [transformPoseInTargetFrame]: Extrapolation Error looking up target frame: Lookup would require extrapolation into the past.  Requested time 1757085744.628437 but the earliest data is at time 1757085752.470709, when looking up transform from frame [base_link] to frame [map]
[bt_navigator-6] 
[bt_navigator-6] [WARN] [1757085762.538483033] [BehaviorTreeEngine]: Behavior Tree tick rate 100.00 was exceeded!
[bt_navigator-6] [ERROR] [1757085762.640708315] [transformPoseInTargetFrame]: Extrapolation Error looking up target frame: Lookup would require extrapolation into the past.  Requested time 1757085744.628437 but the earliest data is at time 1757085752.620680, when looking up transform from frame [base_link] to frame [map]
[bt_navigator-6] 
[bt_navigator-6] [WARN] [1757085762.640916222] [BehaviorTreeEngine]: Behavior Tree tick rate 100.00 was exceeded!
[bt_navigator-6] [ERROR] [1757085762.742068782] [transformPoseInTargetFrame]: Extrapolation Error looking up target frame: Lookup would require extrapolation into the past.  Requested time 1757085744.628437 but the earliest data is at time 1757085752.720714, when looking up transform from frame [base_link] to frame [map]
[bt_navigator-6] 
[bt_navigator-6] [WARN] [1757085762.742285762] [BehaviorTreeEngine]: Behavior Tree tick rate 100.00 was exceeded!
[bt_navigator-6] [ERROR] [1757085762.844314927] [transformPoseInTargetFrame]: Extrapolation Error looking up target frame: Lookup would require extrapolation into the past.  Requested time 1757085744.628437 but the earliest data is at time 1757085752.770772, when looking up transform from frame [base_link] to frame [map]
[bt_navigator-6] 
[bt_navigator-6] [WARN] [1757085762.844511637] [BehaviorTreeEngine]: Behavior Tree tick rate 100.00 was exceeded!
[bt_navigator-6] [ERROR] [1757085762.945694359] [transformPoseInTargetFrame]: Extrapolation Error looking up target frame: Lookup would require extrapolation into the past.  Requested time 1757085744.628437 but the earliest data is at time 1757085752.873064, when looking up transform from frame [base_link] to frame [map]
[bt_navigator-6] 
[bt_navigator-6] [WARN] [1757085762.945898031] [BehaviorTreeEngine]: Behavior Tree tick rate 100.00 was exceeded!
[bt_navigator-6] [ERROR] [1757085763.047295221] [transformPoseInTargetFrame]: Extrapolation Error looking up target frame: Lookup would require extrapolation into the past.  Requested time 1757085744.628437 but the earliest data is at time 1757085752.970841, when looking up transform from frame [base_link] to frame [map]
[bt_navigator-6] 
[bt_navigator-6] [WARN] [1757085763.047499575] [BehaviorTreeEngine]: Behavior Tree tick rate 100.00 was exceeded!
[planner_server-4] [ERROR] [1757085763.119732538] [transformPoseInTargetFrame]: Extrapolation Error looking up target frame: Lookup would require extrapolation into the past.  Requested time 1757085744.628437 but the earliest data is at time 1757085752.970841, when looking up transform from frame [base_link] to frame [map]
[planner_server-4] 
[bt_navigator-6] [ERROR] [1757085763.148754075] [transformPoseInTargetFrame]: Extrapolation Error looking up target frame: Lookup would require extrapolation into the past.  Requested time 1757085744.628437 but the earliest data is at time 1757085753.070697, when looking up transform from frame [base_link] to frame [map]
[bt_navigator-6] 
[bt_navigator-6] [WARN] [1757085763.148934042] [BehaviorTreeEngine]: Behavior Tree tick rate 100.00 was exceeded!
[bt_navigator-6] [ERROR] [1757085763.250067666] [transformPoseInTargetFrame]: Extrapolation Error looking up target frame: Lookup would require extrapolation into the past.  Requested time 1757085744.628437 but the earliest data is at time 1757085753.170733, when looking up transform from frame [base_link] to frame [map]
[bt_navigator-6] 
[bt_navigator-6] [WARN] [1757085763.250260098] [BehaviorTreeEngine]: Behavior Tree tick rate 100.00 was exceeded!
[bt_navigator-6] [ERROR] [1757085763.351670523] [transformPoseInTargetFrame]: Extrapolation Error looking up target frame: Lookup would require extrapolation into the past.  Requested time 1757085744.628437 but the earliest data is at time 1757085753.320742, when looking up transform from frame [base_link] to frame [map]
[bt_navigator-6] 
[bt_navigator-6] [WARN] [1757085763.351911540] [BehaviorTreeEngine]: Behavior Tree tick rate 100.00 was exceeded!
[bt_navigator-6] [ERROR] [1757085763.453207250] [transformPoseInTargetFrame]: Extrapolation Error looking up target frame: Lookup would require extrapolation into the past.  Requested time 1757085744.628437 but the earliest data is at time 1757085753.370792, when looking up transform from frame [base_link] to frame [map]
[bt_navigator-6] 
[bt_navigator-6] [WARN] [1757085763.453404907] [BehaviorTreeEngine]: Behavior Tree tick rate 100.00 was exceeded!
[bt_navigator-6] [ERROR] [1757085763.554608994] [transformPoseInTargetFrame]: Extrapolation Error looking up target frame: Lookup would require extrapolation into the past.  Requested time 1757085744.628437 but the earliest data is at time 1757085753.470781, when looking up transform from frame [base_link] to frame [map]
[bt_navigator-6] 
[bt_navigator-6] [WARN] [1757085763.554798185] [BehaviorTreeEngine]: Behavior Tree tick rate 100.00 was exceeded!
[bt_navigator-6] [ERROR] [1757085763.656059424] [transformPoseInTargetFrame]: Extrapolation Error looking up target frame: Lookup would require extrapolation into the past.  Requested time 1757085744.628437 but the earliest data is at time 1757085753.520833, when looking up transform from frame [base_link] to frame [map]
[bt_navigator-6] 
[bt_navigator-6] [WARN] [1757085763.656258002] [BehaviorTreeEngine]: Behavior Tree tick rate 100.00 was exceeded!
[bt_navigator-6] [ERROR] [1757085763.757328788] [transformPoseInTargetFrame]: Extrapolation Error looking up target frame: Lookup would require extrapolation into the past.  Requested time 1757085744.628437 but the earliest data is at time 1757085753.720762, when looking up transform from frame [base_link] to frame [map]
[bt_navigator-6] 
[bt_navigator-6] [WARN] [1757085763.757452773] [BehaviorTreeEngine]: Behavior Tree tick rate 100.00 was exceeded!
[bt_navigator-6] [ERROR] [1757085763.858585150] [transformPoseInTargetFrame]: Extrapolation Error looking up target frame: Lookup would require extrapolation into the past.  Requested time 1757085744.628437 but the earliest data is at time 1757085753.771509, when looking up transform from frame [base_link] to frame [map]
[bt_navigator-6] 
[bt_navigator-6] [WARN] [1757085763.858786260] [BehaviorTreeEngine]: Behavior Tree tick rate 100.00 was exceeded!
[bt_navigator-6] [ERROR] [1757085763.960025886] [transformPoseInTargetFrame]: Extrapolation Error looking up target frame: Lookup would require extrapolation into the past.  Requested time 1757085744.628437 but the earliest data is at time 1757085753.872806, when looking up transform from frame [base_link] to frame [map]
[bt_navigator-6] 
[bt_navigator-6] [WARN] [1757085763.960202316] [BehaviorTreeEngine]: Behavior Tree tick rate 100.00 was exceeded!
[bt_navigator-6] [ERROR] [1757085764.061316883] [transformPoseInTargetFrame]: Extrapolation Error looking up target frame: Lookup would require extrapolation into the past.  Requested time 1757085744.628437 but the earliest data is at time 1757085753.970742, when looking up transform from frame [base_link] to frame [map]
[bt_navigator-6] 
[bt_navigator-6] [WARN] [1757085764.061477693] [BehaviorTreeEngine]: Behavior Tree tick rate 100.00 was exceeded!
[planner_server-4] [ERROR] [1757085764.119659223] [transformPoseInTargetFrame]: Extrapolation Error looking up target frame: Lookup would require extrapolation into the past.  Requested time 1757085744.628437 but the earliest data is at time 1757085753.970742, when looking up transform from frame [base_link] to frame [map]
[planner_server-4] 
[bt_navigator-6] [ERROR] [1757085764.162779002] [transformPoseInTargetFrame]: Extrapolation Error looking up target frame: Lookup would require extrapolation into the past.  Requested time 1757085744.628437 but the earliest data is at time 1757085754.070931, when looking up transform from frame [base_link] to frame [map]
[bt_navigator-6] 
[bt_navigator-6] [WARN] [1757085764.162922833] [BehaviorTreeEngine]: Behavior Tree tick rate 100.00 was exceeded!
[bt_navigator-6] [ERROR] [1757085764.264139945] [transformPoseInTargetFrame]: Extrapolation Error looking up target frame: Lookup would require extrapolation into the past.  Requested time 1757085744.628437 but the earliest data is at time 1757085754.220743, when looking up transform from frame [base_link] to frame [map]
[bt_navigator-6] 
[bt_navigator-6] [WARN] [1757085764.264347717] [BehaviorTreeEngine]: Behavior Tree tick rate 100.00 was exceeded!
[bt_navigator-6] [ERROR] [1757085764.365545097] [transformPoseInTargetFrame]: Extrapolation Error looking up target frame: Lookup would require extrapolation into the past.  Requested time 1757085744.628437 but the earliest data is at time 1757085754.270774, when looking up transform from frame [base_link] to frame [map]
[bt_navigator-6] 
[bt_navigator-6] [WARN] [1757085764.365788687] [BehaviorTreeEngine]: Behavior Tree tick rate 100.00 was exceeded!
[bt_navigator-6] [ERROR] [1757085764.467047477] [transformPoseInTargetFrame]: Extrapolation Error looking up target frame: Lookup would require extrapolation into the past.  Requested time 1757085744.628437 but the earliest data is at time 1757085754.371047, when looking up transform from frame [base_link] to frame [map]
[bt_navigator-6] 
[bt_navigator-6] [WARN] [1757085764.467238543] [BehaviorTreeEngine]: Behavior Tree tick rate 100.00 was exceeded!
[bt_navigator-6] [ERROR] [1757085764.568657004] [transformPoseInTargetFrame]: Extrapolation Error looking up target frame: Lookup would require extrapolation into the past.  Requested time 1757085744.628437 but the earliest data is at time 1757085754.520790, when looking up transform from frame [base_link] to frame [map]
[bt_navigator-6] 
[bt_navigator-6] [WARN] [1757085764.568842606] [BehaviorTreeEngine]: Behavior Tree tick rate 100.00 was exceeded!
[bt_navigator-6] [ERROR] [1757085764.670070213] [transformPoseInTargetFrame]: Extrapolation Error looking up target frame: Lookup would require extrapolation into the past.  Requested time 1757085744.628437 but the earliest data is at time 1757085754.520790, when looking up transform from frame [base_link] to frame [map]
[bt_navigator-6] 
[bt_navigator-6] [WARN] [1757085764.670466668] [BehaviorTreeEngine]: Behavior Tree tick rate 100.00 was exceeded!
[bt_navigator-6] [ERROR] [1757085764.772265156] [transformPoseInTargetFrame]: Extrapolation Error looking up target frame: Lookup would require extrapolation into the past.  Requested time 1757085744.628437 but the earliest data is at time 1757085754.670722, when looking up transform from frame [base_link] to frame [map]
[bt_navigator-6] 
[bt_navigator-6] [WARN] [1757085764.772454332] [BehaviorTreeEngine]: Behavior Tree tick rate 100.00 was exceeded!
[bt_navigator-6] [ERROR] [1757085764.874353424] [transformPoseInTargetFrame]: Extrapolation Error looking up target frame: Lookup would require extrapolation into the past.  Requested time 1757085744.628437 but the earliest data is at time 1757085754.770799, when looking up transform from frame [base_link] to frame [map]
[bt_navigator-6] 
[bt_navigator-6] [WARN] [1757085764.874564813] [BehaviorTreeEngine]: Behavior Tree tick rate 100.00 was exceeded!
[bt_navigator-6] [ERROR] [1757085764.976127064] [transformPoseInTargetFrame]: Extrapolation Error looking up target frame: Lookup would require extrapolation into the past.  Requested time 1757085744.628437 but the earliest data is at time 1757085754.870781, when looking up transform from frame [base_link] to frame [map]
[bt_navigator-6] 
[bt_navigator-6] [WARN] [1757085764.976210352] [BehaviorTreeEngine]: Behavior Tree tick rate 100.00 was exceeded!
[bt_navigator-6] [ERROR] [1757085765.077609947] [transformPoseInTargetFrame]: Extrapolation Error looking up target frame: Lookup would require extrapolation into the past.  Requested time 1757085744.628437 but the earliest data is at time 1757085754.974456, when looking up transform from frame [base_link] to frame [map]
[bt_navigator-6] 
[bt_navigator-6] [WARN] [1757085765.077847110] [BehaviorTreeEngine]: Behavior Tree tick rate 100.00 was exceeded!
[planner_server-4] [ERROR] [1757085765.120594937] [transformPoseInTargetFrame]: Extrapolation Error looking up target frame: Lookup would require extrapolation into the past.  Requested time 1757085744.628437 but the earliest data is at time 1757085755.020778, when looking up transform from frame [base_link] to frame [map]
[planner_server-4] 
[bt_navigator-6] [ERROR] [1757085765.180333030] [transformPoseInTargetFrame]: Extrapolation Error looking up target frame: Lookup would require extrapolation into the past.  Requested time 1757085744.628437 but the earliest data is at time 1757085755.120844, when looking up transform from frame [base_link] to frame [map]
[bt_navigator-6] 
[bt_navigator-6] [WARN] [1757085765.180552423] [BehaviorTreeEngine]: Behavior Tree tick rate 100.00 was exceeded!
[bt_navigator-6] [ERROR] [1757085765.282693004] [transformPoseInTargetFrame]: Extrapolation Error looking up target frame: Lookup would require extrapolation into the past.  Requested time 1757085744.628437 but the earliest data is at time 1757085755.171218, when looking up transform from frame [base_link] to frame [map]
[bt_navigator-6] 
[bt_navigator-6] [WARN] [1757085765.282874879] [BehaviorTreeEngine]: Behavior Tree tick rate 100.00 was exceeded!
[bt_navigator-6] [ERROR] [1757085765.384659491] [transformPoseInTargetFrame]: Extrapolation Error looking up target frame: Lookup would require extrapolation into the past.  Requested time 1757085744.628437 but the earliest data is at time 1757085755.270850, when looking up transform from frame [base_link] to frame [map]
[bt_navigator-6] 
[bt_navigator-6] [WARN] [1757085765.384937111] [BehaviorTreeEngine]: Behavior Tree tick rate 100.00 was exceeded!
[bt_navigator-6] [ERROR] [1757085765.486321074] [transformPoseInTargetFrame]: Extrapolation Error looking up target frame: Lookup would require extrapolation into the past.  Requested time 1757085744.628437 but the earliest data is at time 1757085755.420745, when looking up transform from frame [base_link] to frame [map]
[bt_navigator-6] 
[bt_navigator-6] [WARN] [1757085765.486513089] [BehaviorTreeEngine]: Behavior Tree tick rate 100.00 was exceeded!
[bt_navigator-6] [ERROR] [1757085765.587590180] [transformPoseInTargetFrame]: Extrapolation Error looking up target frame: Lookup would require extrapolation into the past.  Requested time 1757085744.628437 but the earliest data is at time 1757085755.470752, when looking up transform from frame [base_link] to frame [map]
[bt_navigator-6] 
[bt_navigator-6] [WARN] [1757085765.587664125] [BehaviorTreeEngine]: Behavior Tree tick rate 100.00 was exceeded!
[bt_navigator-6] [ERROR] [1757085765.688641343] [transformPoseInTargetFrame]: Extrapolation Error looking up target frame: Lookup would require extrapolation into the past.  Requested time 1757085744.628437 but the earliest data is at time 1757085755.570972, when looking up transform from frame [base_link] to frame [map]
[bt_navigator-6] 
[bt_navigator-6] [WARN] [1757085765.688734737] [BehaviorTreeEngine]: Behavior Tree tick rate 100.00 was exceeded!
[bt_navigator-6] [ERROR] [1757085765.790045269] [transformPoseInTargetFrame]: Extrapolation Error looking up target frame: Lookup would require extrapolation into the past.  Requested time 1757085744.628437 but the earliest data is at time 1757085755.670972, when looking up transform from frame [base_link] to frame [map]
[bt_navigator-6] 
[bt_navigator-6] [WARN] [1757085765.790295879] [BehaviorTreeEngine]: Behavior Tree tick rate 100.00 was exceeded!
[bt_navigator-6] [ERROR] [1757085765.891897885] [transformPoseInTargetFrame]: Extrapolation Error looking up target frame: Lookup would require extrapolation into the past.  Requested time 1757085744.628437 but the earliest data is at time 1757085755.771057, when looking up transform from frame [base_link] to frame [map]
[bt_navigator-6] 
[bt_navigator-6] [WARN] [1757085765.892122497] [BehaviorTreeEngine]: Behavior Tree tick rate 100.00 was exceeded!
[bt_navigator-6] [ERROR] [1757085765.994355397] [transformPoseInTargetFrame]: Extrapolation Error looking up target frame: Lookup would require extrapolation into the past.  Requested time 1757085744.628437 but the earliest data is at time 1757085755.870882, when looking up transform from frame [base_link] to frame [map]
[bt_navigator-6] 
[bt_navigator-6] [WARN] [1757085765.994622729] [BehaviorTreeEngine]: Behavior Tree tick rate 100.00 was exceeded!
[bt_navigator-6] [ERROR] [1757085766.096908519] [transformPoseInTargetFrame]: Extrapolation Error looking up target frame: Lookup would require extrapolation into the past.  Requested time 1757085744.628437 but the earliest data is at time 1757085755.970758, when looking up transform from frame [base_link] to frame [map]
[bt_navigator-6] 
[bt_navigator-6] [WARN] [1757085766.097114559] [BehaviorTreeEngine]: Behavior Tree tick rate 100.00 was exceeded!
[planner_server-4] [ERROR] [1757085766.121147900] [transformPoseInTargetFrame]: Extrapolation Error looking up target frame: Lookup would require extrapolation into the past.  Requested time 1757085744.628437 but the earliest data is at time 1757085756.020859, when looking up transform from frame [base_link] to frame [map]
[planner_server-4] 
[bt_navigator-6] [ERROR] [1757085766.198641490] [transformPoseInTargetFrame]: Extrapolation Error looking up target frame: Lookup would require extrapolation into the past.  Requested time 1757085744.628437 but the earliest data is at time 1757085756.074504, when looking up transform from frame [base_link] to frame [map]
[bt_navigator-6] 
[bt_navigator-6] [WARN] [1757085766.198809460] [BehaviorTreeEngine]: Behavior Tree tick rate 100.00 was exceeded!
[bt_navigator-6] [ERROR] [1757085766.300477647] [transformPoseInTargetFrame]: Extrapolation Error looking up target frame: Lookup would require extrapolation into the past.  Requested time 1757085744.628437 but the earliest data is at time 1757085756.170799, when looking up transform from frame [base_link] to frame [map]
[bt_navigator-6] 
[bt_navigator-6] [WARN] [1757085766.300710653] [BehaviorTreeEngine]: Behavior Tree tick rate 100.00 was exceeded!
[bt_navigator-6] [ERROR] [1757085766.401970553] [transformPoseInTargetFrame]: Extrapolation Error looking up target frame: Lookup would require extrapolation into the past.  Requested time 1757085744.628437 but the earliest data is at time 1757085756.320730, when looking up transform from frame [base_link] to frame [map]
[bt_navigator-6] 
[bt_navigator-6] [WARN] [1757085766.402168244] [BehaviorTreeEngine]: Behavior Tree tick rate 100.00 was exceeded!
[bt_navigator-6] [ERROR] [1757085766.503745065] [transformPoseInTargetFrame]: Extrapolation Error looking up target frame: Lookup would require extrapolation into the past.  Requested time 1757085744.628437 but the earliest data is at time 1757085756.420767, when looking up transform from frame [base_link] to frame [map]
[bt_navigator-6] 
[bt_navigator-6] [WARN] [1757085766.503947849] [BehaviorTreeEngine]: Behavior Tree tick rate 100.00 was exceeded!
[bt_navigator-6] [ERROR] [1757085766.605458992] [transformPoseInTargetFrame]: Extrapolation Error looking up target frame: Lookup would require extrapolation into the past.  Requested time 1757085744.628437 but the earliest data is at time 1757085756.470754, when looking up transform from frame [base_link] to frame [map]
[bt_navigator-6] 
[bt_navigator-6] [WARN] [1757085766.605624947] [BehaviorTreeEngine]: Behavior Tree tick rate 100.00 was exceeded!
[explore-10] [ERROR] [1757085766.622925794] [explore_node]: Extrapolation Error looking up robot pose: Lookup would require extrapolation into the future.  Requested time 1757085766.319281 but the latest data is at time 1757085744.628437, when looking up transform from frame [base_link] to frame [map]
[explore-10] 
[bt_navigator-6] [ERROR] [1757085766.707513651] [transformPoseInTargetFrame]: Extrapolation Error looking up target frame: Lookup would require extrapolation into the past.  Requested time 1757085744.628437 but the earliest data is at time 1757085756.570670, when looking up transform from frame [base_link] to frame [map]
[bt_navigator-6] 
[bt_navigator-6] [WARN] [1757085766.707763276] [BehaviorTreeEngine]: Behavior Tree tick rate 100.00 was exceeded!
[bt_navigator-6] [ERROR] [1757085766.809516274] [transformPoseInTargetFrame]: Extrapolation Error looking up target frame: Lookup would require extrapolation into the past.  Requested time 1757085744.628437 but the earliest data is at time 1757085756.570670, when looking up transform from frame [base_link] to frame [map]
[bt_navigator-6] 
[bt_navigator-6] [WARN] [1757085766.809715606] [BehaviorTreeEngine]: Behavior Tree tick rate 100.00 was exceeded!
[bt_navigator-6] [ERROR] [1757085766.910945672] [transformPoseInTargetFrame]: Extrapolation Error looking up target frame: Lookup would require extrapolation into the past.  Requested time 1757085744.628437 but the earliest data is at time 1757085756.570670, when looking up transform from frame [base_link] to frame [map]
[bt_navigator-6] 
[bt_navigator-6] [WARN] [1757085766.911152290] [BehaviorTreeEngine]: Behavior Tree tick rate 100.00 was exceeded!
[bt_navigator-6] [ERROR] [1757085767.012756638] [transformPoseInTargetFrame]: Extrapolation Error looking up target frame: Lookup would require extrapolation into the past.  Requested time 1757085744.628437 but the earliest data is at time 1757085756.570670, when looking up transform from frame [base_link] to frame [map]
[bt_navigator-6] 
[bt_navigator-6] [WARN] [1757085767.012957114] [BehaviorTreeEngine]: Behavior Tree tick rate 100.00 was exceeded!
[bt_navigator-6] [ERROR] [1757085767.114133564] [transformPoseInTargetFrame]: Extrapolation Error looking up target frame: Lookup would require extrapolation into the past.  Requested time 1757085744.628437 but the earliest data is at time 1757085756.626697, when looking up transform from frame [base_link] to frame [map]
[bt_navigator-6] 
[bt_navigator-6] [WARN] [1757085767.114202412] [BehaviorTreeEngine]: Behavior Tree tick rate 100.00 was exceeded!
[planner_server-4] [ERROR] [1757085767.122405193] [transformPoseInTargetFrame]: Extrapolation Error looking up target frame: Lookup would require extrapolation into the past.  Requested time 1757085744.628437 but the earliest data is at time 1757085757.020741, when looking up transform from frame [base_link] to frame [map]
[planner_server-4] 
[bt_navigator-6] [ERROR] [1757085767.216343447] [transformPoseInTargetFrame]: Extrapolation Error looking up target frame: Lookup would require extrapolation into the past.  Requested time 1757085744.628437 but the earliest data is at time 1757085757.070773, when looking up transform from frame [base_link] to frame [map]
[bt_navigator-6] 
[bt_navigator-6] [WARN] [1757085767.216587596] [BehaviorTreeEngine]: Behavior Tree tick rate 100.00 was exceeded!
[bt_navigator-6] [ERROR] [1757085767.318951904] [transformPoseInTargetFrame]: Extrapolation Error looking up target frame: Lookup would require extrapolation into the past.  Requested time 1757085744.628437 but the earliest data is at time 1757085757.270775, when looking up transform from frame [base_link] to frame [map]
[bt_navigator-6] 
[bt_navigator-6] [WARN] [1757085767.319201125] [BehaviorTreeEngine]: Behavior Tree tick rate 100.00 was exceeded!
[bt_navigator-6] [ERROR] [1757085767.420989229] [transformPoseInTargetFrame]: Extrapolation Error looking up target frame: Lookup would require extrapolation into the past.  Requested time 1757085744.628437 but the earliest data is at time 1757085757.372336, when looking up transform from frame [base_link] to frame [map]
[bt_navigator-6] 
[bt_navigator-6] [WARN] [1757085767.421195795] [BehaviorTreeEngine]: Behavior Tree tick rate 100.00 was exceeded!
[bt_navigator-6] [ERROR] [1757085767.523093696] [transformPoseInTargetFrame]: Extrapolation Error looking up target frame: Lookup would require extrapolation into the past.  Requested time 1757085744.628437 but the earliest data is at time 1757085757.480236, when looking up transform from frame [base_link] to frame [map]
[bt_navigator-6] 
[bt_navigator-6] [WARN] [1757085767.523337349] [BehaviorTreeEngine]: Behavior Tree tick rate 100.00 was exceeded!
[bt_navigator-6] [ERROR] [1757085767.626033283] [transformPoseInTargetFrame]: Extrapolation Error looking up target frame: Lookup would require extrapolation into the past.  Requested time 1757085744.628437 but the earliest data is at time 1757085757.570729, when looking up transform from frame [base_link] to frame [map]
[bt_navigator-6] 
[bt_navigator-6] [WARN] [1757085767.626305413] [BehaviorTreeEngine]: Behavior Tree tick rate 100.00 was exceeded!
[bt_navigator-6] [ERROR] [1757085767.728449852] [transformPoseInTargetFrame]: Extrapolation Error looking up target frame: Lookup would require extrapolation into the past.  Requested time 1757085744.628437 but the earliest data is at time 1757085757.622424, when looking up transform from frame [base_link] to frame [map]
[bt_navigator-6] 
[bt_navigator-6] [WARN] [1757085767.728663882] [BehaviorTreeEngine]: Behavior Tree tick rate 100.00 was exceeded!
[bt_navigator-6] [ERROR] [1757085767.830612546] [transformPoseInTargetFrame]: Extrapolation Error looking up target frame: Lookup would require extrapolation into the past.  Requested time 1757085744.628437 but the earliest data is at time 1757085757.770754, when looking up transform from frame [base_link] to frame [map]
[bt_navigator-6] 
[bt_navigator-6] [WARN] [1757085767.830805513] [BehaviorTreeEngine]: Behavior Tree tick rate 100.00 was exceeded!
[bt_navigator-6] [ERROR] [1757085767.933133864] [transformPoseInTargetFrame]: Extrapolation Error looking up target frame: Lookup would require extrapolation into the past.  Requested time 1757085744.628437 but the earliest data is at time 1757085757.820707, when looking up transform from frame [base_link] to frame [map]
[bt_navigator-6] 
[bt_navigator-6] [WARN] [1757085767.933412822] [BehaviorTreeEngine]: Behavior Tree tick rate 100.00 was exceeded!
[bt_navigator-6] [ERROR] [1757085768.034944738] [transformPoseInTargetFrame]: Extrapolation Error looking up target frame: Lookup would require extrapolation into the past.  Requested time 1757085744.628437 but the earliest data is at time 1757085757.920723, when looking up transform from frame [base_link] to frame [map]
[bt_navigator-6] 
[bt_navigator-6] [WARN] [1757085768.035049179] [BehaviorTreeEngine]: Behavior Tree tick rate 100.00 was exceeded!
[planner_server-4] [ERROR] [1757085768.120301205] [transformPoseInTargetFrame]: Extrapolation Error looking up target frame: Lookup would require extrapolation into the past.  Requested time 1757085744.628437 but the earliest data is at time 1757085758.070750, when looking up transform from frame [base_link] to frame [map]
[planner_server-4] 
[bt_navigator-6] [ERROR] [1757085768.136208469] [transformPoseInTargetFrame]: Extrapolation Error looking up target frame: Lookup would require extrapolation into the past.  Requested time 1757085744.628437 but the earliest data is at time 1757085758.070750, when looking up transform from frame [base_link] to frame [map]
[bt_navigator-6] 
[bt_navigator-6] [WARN] [1757085768.136410833] [BehaviorTreeEngine]: Behavior Tree tick rate 100.00 was exceeded!
[bt_navigator-6] [ERROR] [1757085768.238049975] [transformPoseInTargetFrame]: Extrapolation Error looking up target frame: Lookup would require extrapolation into the past.  Requested time 1757085744.628437 but the earliest data is at time 1757085758.120747, when looking up transform from frame [base_link] to frame [map]
[bt_navigator-6] 
[bt_navigator-6] [WARN] [1757085768.238282966] [BehaviorTreeEngine]: Behavior Tree tick rate 100.00 was exceeded!
[bt_navigator-6] [ERROR] [1757085768.340108508] [transformPoseInTargetFrame]: Extrapolation Error looking up target frame: Lookup would require extrapolation into the past.  Requested time 1757085744.628437 but the earliest data is at time 1757085758.270808, when looking up transform from frame [base_link] to frame [map]
[bt_navigator-6] 
[bt_navigator-6] [WARN] [1757085768.340338956] [BehaviorTreeEngine]: Behavior Tree tick rate 100.00 was exceeded!
[bt_navigator-6] [ERROR] [1757085768.441725867] [transformPoseInTargetFrame]: Extrapolation Error looking up target frame: Lookup would require extrapolation into the past.  Requested time 1757085744.628437 but the earliest data is at time 1757085758.370696, when looking up transform from frame [base_link] to frame [map]
[bt_navigator-6] 
[bt_navigator-6] [WARN] [1757085768.441938515] [BehaviorTreeEngine]: Behavior Tree tick rate 100.00 was exceeded!
[bt_navigator-6] [ERROR] [1757085768.543319079] [transformPoseInTargetFrame]: Extrapolation Error looking up target frame: Lookup would require extrapolation into the past.  Requested time 1757085744.628437 but the earliest data is at time 1757085758.520873, when looking up transform from frame [base_link] to frame [map]
[bt_navigator-6] 
[bt_navigator-6] [WARN] [1757085768.543620240] [BehaviorTreeEngine]: Behavior Tree tick rate 100.00 was exceeded!
[bt_navigator-6] [ERROR] [1757085768.645212768] [transformPoseInTargetFrame]: Extrapolation Error looking up target frame: Lookup would require extrapolation into the past.  Requested time 1757085744.628437 but the earliest data is at time 1757085758.571002, when looking up transform from frame [base_link] to frame [map]
[bt_navigator-6] 
[bt_navigator-6] [WARN] [1757085768.645442108] [BehaviorTreeEngine]: Behavior Tree tick rate 100.00 was exceeded!
[bt_navigator-6] [ERROR] [1757085768.747064199] [transformPoseInTargetFrame]: Extrapolation Error looking up target frame: Lookup would require extrapolation into the past.  Requested time 1757085744.628437 but the earliest data is at time 1757085758.720751, when looking up transform from frame [base_link] to frame [map]
[bt_navigator-6] 
[bt_navigator-6] [WARN] [1757085768.747135917] [BehaviorTreeEngine]: Behavior Tree tick rate 100.00 was exceeded!
[bt_navigator-6] [ERROR] [1757085768.848134886] [transformPoseInTargetFrame]: Extrapolation Error looking up target frame: Lookup would require extrapolation into the past.  Requested time 1757085744.628437 but the earliest data is at time 1757085758.821722, when looking up transform from frame [base_link] to frame [map]
[bt_navigator-6] 
[bt_navigator-6] [WARN] [1757085768.848190626] [BehaviorTreeEngine]: Behavior Tree tick rate 100.00 was exceeded!
[bt_navigator-6] [ERROR] [1757085768.948910842] [transformPoseInTargetFrame]: Extrapolation Error looking up target frame: Lookup would require extrapolation into the past.  Requested time 1757085744.628437 but the earliest data is at time 1757085758.870874, when looking up transform from frame [base_link] to frame [map]
[bt_navigator-6] 
[bt_navigator-6] [WARN] [1757085768.948965485] [BehaviorTreeEngine]: Behavior Tree tick rate 100.00 was exceeded!
[bt_navigator-6] [ERROR] [1757085769.049721366] [transformPoseInTargetFrame]: Extrapolation Error looking up target frame: Lookup would require extrapolation into the past.  Requested time 1757085744.628437 but the earliest data is at time 1757085758.970703, when looking up transform from frame [base_link] to frame [map]
[bt_navigator-6] 
[bt_navigator-6] [WARN] [1757085769.049780640] [BehaviorTreeEngine]: Behavior Tree tick rate 100.00 was exceeded!
[planner_server-4] [ERROR] [1757085769.118476438] [transformPoseInTargetFrame]: Extrapolation Error looking up target frame: Lookup would require extrapolation into the past.  Requested time 1757085744.628437 but the earliest data is at time 1757085759.020859, when looking up transform from frame [base_link] to frame [map]
[planner_server-4] 
[bt_navigator-6] [ERROR] [1757085769.150559427] [transformPoseInTargetFrame]: Extrapolation Error looking up target frame: Lookup would require extrapolation into the past.  Requested time 1757085744.628437 but the earliest data is at time 1757085759.120659, when looking up transform from frame [base_link] to frame [map]
[bt_navigator-6] 
[bt_navigator-6] [WARN] [1757085769.150619961] [BehaviorTreeEngine]: Behavior Tree tick rate 100.00 was exceeded!
[bt_navigator-6] [ERROR] [1757085769.251468946] [transformPoseInTargetFrame]: Extrapolation Error looking up target frame: Lookup would require extrapolation into the past.  Requested time 1757085744.628437 but the earliest data is at time 1757085759.170916, when looking up transform from frame [base_link] to frame [map]
[bt_navigator-6] 
[bt_navigator-6] [WARN] [1757085769.251530465] [BehaviorTreeEngine]: Behavior Tree tick rate 100.00 was exceeded!
[bt_navigator-6] [ERROR] [1757085769.352744596] [transformPoseInTargetFrame]: Extrapolation Error looking up target frame: Lookup would require extrapolation into the past.  Requested time 1757085744.628437 but the earliest data is at time 1757085759.270733, when looking up transform from frame [base_link] to frame [map]
[bt_navigator-6] 
[bt_navigator-6] [WARN] [1757085769.353001825] [BehaviorTreeEngine]: Behavior Tree tick rate 100.00 was exceeded!
[bt_navigator-6] [ERROR] [1757085769.455083411] [transformPoseInTargetFrame]: Extrapolation Error looking up target frame: Lookup would require extrapolation into the past.  Requested time 1757085744.628437 but the earliest data is at time 1757085759.320806, when looking up transform from frame [base_link] to frame [map]
[bt_navigator-6] 
[bt_navigator-6] [WARN] [1757085769.455281410] [BehaviorTreeEngine]: Behavior Tree tick rate 100.00 was exceeded!
[bt_navigator-6] [ERROR] [1757085769.556756682] [transformPoseInTargetFrame]: Extrapolation Error looking up target frame: Lookup would require extrapolation into the past.  Requested time 1757085744.628437 but the earliest data is at time 1757085759.470835, when looking up transform from frame [base_link] to frame [map]
[bt_navigator-6] 
[bt_navigator-6] [WARN] [1757085769.556999652] [BehaviorTreeEngine]: Behavior Tree tick rate 100.00 was exceeded!
[bt_navigator-6] [ERROR] [1757085769.658301987] [transformPoseInTargetFrame]: Extrapolation Error looking up target frame: Lookup would require extrapolation into the past.  Requested time 1757085744.628437 but the earliest data is at time 1757085759.570848, when looking up transform from frame [base_link] to frame [map]
[bt_navigator-6] 
[bt_navigator-6] [WARN] [1757085769.658493744] [BehaviorTreeEngine]: Behavior Tree tick rate 100.00 was exceeded!
[bt_navigator-6] [ERROR] [1757085769.759933160] [transformPoseInTargetFrame]: Extrapolation Error looking up target frame: Lookup would require extrapolation into the past.  Requested time 1757085744.628437 but the earliest data is at time 1757085759.720826, when looking up transform from frame [base_link] to frame [map]
[bt_navigator-6] 
[bt_navigator-6] [WARN] [1757085769.760168640] [BehaviorTreeEngine]: Behavior Tree tick rate 100.00 was exceeded!
[bt_navigator-6] [ERROR] [1757085769.861542612] [transformPoseInTargetFrame]: Extrapolation Error looking up target frame: Lookup would require extrapolation into the past.  Requested time 1757085744.628437 but the earliest data is at time 1757085759.770815, when looking up transform from frame [base_link] to frame [map]
[bt_navigator-6] 
[bt_navigator-6] [WARN] [1757085769.861735011] [BehaviorTreeEngine]: Behavior Tree tick rate 100.00 was exceeded!
[bt_navigator-6] [ERROR] [1757085769.963102887] [transformPoseInTargetFrame]: Extrapolation Error looking up target frame: Lookup would require extrapolation into the past.  Requested time 1757085744.628437 but the earliest data is at time 1757085759.870717, when looking up transform from frame [base_link] to frame [map]
[bt_navigator-6] 
[bt_navigator-6] [WARN] [1757085769.963304293] [BehaviorTreeEngine]: Behavior Tree tick rate 100.00 was exceeded!
[bt_navigator-6] [ERROR] [1757085770.064707461] [transformPoseInTargetFrame]: Extrapolation Error looking up target frame: Lookup would require extrapolation into the past.  Requested time 1757085744.628437 but the earliest data is at time 1757085759.971706, when looking up transform from frame [base_link] to frame [map]
[bt_navigator-6] 
[bt_navigator-6] [WARN] [1757085770.064923767] [BehaviorTreeEngine]: Behavior Tree tick rate 100.00 was exceeded!
[planner_server-4] [ERROR] [1757085770.122289318] [transformPoseInTargetFrame]: Extrapolation Error looking up target frame: Lookup would require extrapolation into the past.  Requested time 1757085744.628437 but the earliest data is at time 1757085760.070773, when looking up transform from frame [base_link] to frame [map]
[planner_server-4] 
[bt_navigator-6] [ERROR] [1757085770.166363607] [transformPoseInTargetFrame]: Extrapolation Error looking up target frame: Lookup would require extrapolation into the past.  Requested time 1757085744.628437 but the earliest data is at time 1757085760.070773, when looking up transform from frame [base_link] to frame [map]
[bt_navigator-6] 
[bt_navigator-6] [WARN] [1757085770.166573282] [BehaviorTreeEngine]: Behavior Tree tick rate 100.00 was exceeded!
[bt_navigator-6] [ERROR] [1757085770.267880290] [transformPoseInTargetFrame]: Extrapolation Error looking up target frame: Lookup would require extrapolation into the past.  Requested time 1757085744.628437 but the earliest data is at time 1757085760.170742, when looking up transform from frame [base_link] to frame [map]
[bt_navigator-6] 
[bt_navigator-6] [WARN] [1757085770.268072930] [BehaviorTreeEngine]: Behavior Tree tick rate 100.00 was exceeded!
[bt_navigator-6] [ERROR] [1757085770.369894055] [transformPoseInTargetFrame]: Extrapolation Error looking up target frame: Lookup would require extrapolation into the past.  Requested time 1757085744.628437 but the earliest data is at time 1757085760.270827, when looking up transform from frame [base_link] to frame [map]
[bt_navigator-6] 
[bt_navigator-6] [WARN] [1757085770.370122129] [BehaviorTreeEngine]: Behavior Tree tick rate 100.00 was exceeded!
[bt_navigator-6] [ERROR] [1757085770.471529654] [transformPoseInTargetFrame]: Extrapolation Error looking up target frame: Lookup would require extrapolation into the past.  Requested time 1757085744.628437 but the earliest data is at time 1757085760.420717, when looking up transform from frame [base_link] to frame [map]
[bt_navigator-6] 
[bt_navigator-6] [WARN] [1757085770.471733175] [BehaviorTreeEngine]: Behavior Tree tick rate 100.00 was exceeded!
[bt_navigator-6] [ERROR] [1757085770.573078282] [transformPoseInTargetFrame]: Extrapolation Error looking up target frame: Lookup would require extrapolation into the past.  Requested time 1757085744.628437 but the earliest data is at time 1757085760.520679, when looking up transform from frame [base_link] to frame [map]
[bt_navigator-6] 
[bt_navigator-6] [WARN] [1757085770.573330773] [BehaviorTreeEngine]: Behavior Tree tick rate 100.00 was exceeded!
[bt_navigator-6] [ERROR] [1757085770.674706831] [transformPoseInTargetFrame]: Extrapolation Error looking up target frame: Lookup would require extrapolation into the past.  Requested time 1757085744.628437 but the earliest data is at time 1757085760.570781, when looking up transform from frame [base_link] to frame [map]
[bt_navigator-6] 
[bt_navigator-6] [WARN] [1757085770.674908475] [BehaviorTreeEngine]: Behavior Tree tick rate 100.00 was exceeded!
[bt_navigator-6] [ERROR] [1757085770.776365921] [transformPoseInTargetFrame]: Extrapolation Error looking up target frame: Lookup would require extrapolation into the past.  Requested time 1757085744.628437 but the earliest data is at time 1757085760.678626, when looking up transform from frame [base_link] to frame [map]
[bt_navigator-6] 
[bt_navigator-6] [WARN] [1757085770.776571893] [BehaviorTreeEngine]: Behavior Tree tick rate 100.00 was exceeded!
[bt_navigator-6] [ERROR] [1757085770.878227818] [transformPoseInTargetFrame]: Extrapolation Error looking up target frame: Lookup would require extrapolation into the past.  Requested time 1757085744.628437 but the earliest data is at time 1757085760.821178, when looking up transform from frame [base_link] to frame [map]
[bt_navigator-6] 
[bt_navigator-6] [WARN] [1757085770.878457970] [BehaviorTreeEngine]: Behavior Tree tick rate 100.00 was exceeded!
[bt_navigator-6] [ERROR] [1757085770.979857798] [transformPoseInTargetFrame]: Extrapolation Error looking up target frame: Lookup would require extrapolation into the past.  Requested time 1757085744.628437 but the earliest data is at time 1757085760.920709, when looking up transform from frame [base_link] to frame [map]
[bt_navigator-6] 
[bt_navigator-6] [WARN] [1757085770.980030143] [BehaviorTreeEngine]: Behavior Tree tick rate 100.00 was exceeded!
[bt_navigator-6] [ERROR] [1757085771.081249625] [transformPoseInTargetFrame]: Extrapolation Error looking up target frame: Lookup would require extrapolation into the past.  Requested time 1757085744.628437 but the earliest data is at time 1757085761.020782, when looking up transform from frame [base_link] to frame [map]
[bt_navigator-6] 
[bt_navigator-6] [WARN] [1757085771.081446651] [BehaviorTreeEngine]: Behavior Tree tick rate 100.00 was exceeded!
[planner_server-4] [ERROR] [1757085771.121023022] [transformPoseInTargetFrame]: Extrapolation Error looking up target frame: Lookup would require extrapolation into the past.  Requested time 1757085744.628437 but the earliest data is at time 1757085761.070787, when looking up transform from frame [base_link] to frame [map]
[planner_server-4] 
[bt_navigator-6] [ERROR] [1757085771.182824224] [transformPoseInTargetFrame]: Extrapolation Error looking up target frame: Lookup would require extrapolation into the past.  Requested time 1757085744.628437 but the earliest data is at time 1757085761.070787, when looking up transform from frame [base_link] to frame [map]
[bt_navigator-6] 
[bt_navigator-6] [WARN] [1757085771.183025842] [BehaviorTreeEngine]: Behavior Tree tick rate 100.00 was exceeded!
[bt_navigator-6] [ERROR] [1757085771.284567220] [transformPoseInTargetFrame]: Extrapolation Error looking up target frame: Lookup would require extrapolation into the past.  Requested time 1757085744.628437 but the earliest data is at time 1757085761.220707, when looking up transform from frame [base_link] to frame [map]
[bt_navigator-6] 
[bt_navigator-6] [WARN] [1757085771.284765666] [BehaviorTreeEngine]: Behavior Tree tick rate 100.00 was exceeded!
[bt_navigator-6] [ERROR] [1757085771.386111647] [transformPoseInTargetFrame]: Extrapolation Error looking up target frame: Lookup would require extrapolation into the past.  Requested time 1757085744.628437 but the earliest data is at time 1757085761.320704, when looking up transform from frame [base_link] to frame [map]
[bt_navigator-6] 
[bt_navigator-6] [WARN] [1757085771.386375879] [BehaviorTreeEngine]: Behavior Tree tick rate 100.00 was exceeded!
[bt_navigator-6] [ERROR] [1757085771.487426830] [transformPoseInTargetFrame]: Extrapolation Error looking up target frame: Lookup would require extrapolation into the past.  Requested time 1757085744.628437 but the earliest data is at time 1757085761.370779, when looking up transform from frame [base_link] to frame [map]
[bt_navigator-6] 
[bt_navigator-6] [WARN] [1757085771.487515023] [BehaviorTreeEngine]: Behavior Tree tick rate 100.00 was exceeded!
[bt_navigator-6] [ERROR] [1757085771.588753972] [transformPoseInTargetFrame]: Extrapolation Error looking up target frame: Lookup would require extrapolation into the past.  Requested time 1757085744.628437 but the earliest data is at time 1757085761.520702, when looking up transform from frame [base_link] to frame [map]
[bt_navigator-6] 
[bt_navigator-6] [WARN] [1757085771.588996363] [BehaviorTreeEngine]: Behavior Tree tick rate 100.00 was exceeded!
[bt_navigator-6] [ERROR] [1757085771.690137127] [transformPoseInTargetFrame]: Extrapolation Error looking up target frame: Lookup would require extrapolation into the past.  Requested time 1757085744.628437 but the earliest data is at time 1757085761.620768, when looking up transform from frame [base_link] to frame [map]
[bt_navigator-6] 
[bt_navigator-6] [WARN] [1757085771.690321948] [BehaviorTreeEngine]: Behavior Tree tick rate 100.00 was exceeded!
[bt_navigator-6] [ERROR] [1757085771.791539781] [transformPoseInTargetFrame]: Extrapolation Error looking up target frame: Lookup would require extrapolation into the past.  Requested time 1757085744.628437 but the earliest data is at time 1757085761.671206, when looking up transform from frame [base_link] to frame [map]
[bt_navigator-6] 
[bt_navigator-6] [WARN] [1757085771.791696383] [BehaviorTreeEngine]: Behavior Tree tick rate 100.00 was exceeded!
[bt_navigator-6] [ERROR] [1757085771.892887592] [transformPoseInTargetFrame]: Extrapolation Error looking up target frame: Lookup would require extrapolation into the past.  Requested time 1757085744.628437 but the earliest data is at time 1757085761.671206, when looking up transform from frame [base_link] to frame [map]
[bt_navigator-6] 
[bt_navigator-6] [WARN] [1757085771.893076701] [BehaviorTreeEngine]: Behavior Tree tick rate 100.00 was exceeded!
[bt_navigator-6] [ERROR] [1757085771.994313169] [transformPoseInTargetFrame]: Extrapolation Error looking up target frame: Lookup would require extrapolation into the past.  Requested time 1757085744.628437 but the earliest data is at time 1757085761.870840, when looking up transform from frame [base_link] to frame [map]
[bt_navigator-6] 
[bt_navigator-6] [WARN] [1757085771.994504579] [BehaviorTreeEngine]: Behavior Tree tick rate 100.00 was exceeded!
[bt_navigator-6] [ERROR] [1757085772.096133224] [transformPoseInTargetFrame]: Extrapolation Error looking up target frame: Lookup would require extrapolation into the past.  Requested time 1757085744.628437 but the earliest data is at time 1757085761.970911, when looking up transform from frame [base_link] to frame [map]
[bt_navigator-6] 
[bt_navigator-6] [WARN] [1757085772.096395312] [BehaviorTreeEngine]: Behavior Tree tick rate 100.00 was exceeded!
[planner_server-4] [ERROR] [1757085772.121433534] [transformPoseInTargetFrame]: Extrapolation Error looking up target frame: Lookup would require extrapolation into the past.  Requested time 1757085744.628437 but the earliest data is at time 1757085762.026748, when looking up transform from frame [base_link] to frame [map]
[planner_server-4] 
[bt_navigator-6] [ERROR] [1757085772.198112123] [transformPoseInTargetFrame]: Extrapolation Error looking up target frame: Lookup would require extrapolation into the past.  Requested time 1757085744.628437 but the earliest data is at time 1757085762.074714, when looking up transform from frame [base_link] to frame [map]
[bt_navigator-6] 
[bt_navigator-6] [WARN] [1757085772.198343422] [BehaviorTreeEngine]: Behavior Tree tick rate 100.00 was exceeded!
[bt_navigator-6] [ERROR] [1757085772.300231291] [transformPoseInTargetFrame]: Extrapolation Error looking up target frame: Lookup would require extrapolation into the past.  Requested time 1757085744.628437 but the earliest data is at time 1757085762.220784, when looking up transform from frame [base_link] to frame [map]
[bt_navigator-6] 
[bt_navigator-6] [WARN] [1757085772.300438169] [BehaviorTreeEngine]: Behavior Tree tick rate 100.00 was exceeded!
[bt_navigator-6] [ERROR] [1757085772.402741738] [transformPoseInTargetFrame]: Extrapolation Error looking up target frame: Lookup would require extrapolation into the past.  Requested time 1757085744.628437 but the earliest data is at time 1757085762.320715, when looking up transform from frame [base_link] to frame [map]
[bt_navigator-6] 
[bt_navigator-6] [WARN] [1757085772.402980746] [BehaviorTreeEngine]: Behavior Tree tick rate 100.00 was exceeded!
[bt_navigator-6] [ERROR] [1757085772.504424385] [transformPoseInTargetFrame]: Extrapolation Error looking up target frame: Lookup would require extrapolation into the past.  Requested time 1757085744.628437 but the earliest data is at time 1757085762.370923, when looking up transform from frame [base_link] to frame [map]
[bt_navigator-6] 
[bt_navigator-6] [WARN] [1757085772.504611362] [BehaviorTreeEngine]: Behavior Tree tick rate 100.00 was exceeded!
[bt_navigator-6] [ERROR] [1757085772.605757687] [transformPoseInTargetFrame]: Extrapolation Error looking up target frame: Lookup would require extrapolation into the past.  Requested time 1757085744.628437 but the earliest data is at time 1757085762.470756, when looking up transform from frame [base_link] to frame [map]
[bt_navigator-6] 
[bt_navigator-6] [WARN] [1757085772.605931047] [BehaviorTreeEngine]: Behavior Tree tick rate 100.00 was exceeded!
[bt_navigator-6] [ERROR] [1757085772.707608035] [transformPoseInTargetFrame]: Extrapolation Error looking up target frame: Lookup would require extrapolation into the past.  Requested time 1757085744.628437 but the earliest data is at time 1757085762.570756, when looking up transform from frame [base_link] to frame [map]
[bt_navigator-6] 
[bt_navigator-6] [WARN] [1757085772.707807576] [BehaviorTreeEngine]: Behavior Tree tick rate 100.00 was exceeded!
[bt_navigator-6] [ERROR] [1757085772.809873203] [transformPoseInTargetFrame]: Extrapolation Error looking up target frame: Lookup would require extrapolation into the past.  Requested time 1757085744.628437 but the earliest data is at time 1757085762.570756, when looking up transform from frame [base_link] to frame [map]
[bt_navigator-6] 
[bt_navigator-6] [WARN] [1757085772.810084735] [BehaviorTreeEngine]: Behavior Tree tick rate 100.00 was exceeded!
[bt_navigator-6] [ERROR] [1757085772.911503739] [transformPoseInTargetFrame]: Extrapolation Error looking up target frame: Lookup would require extrapolation into the past.  Requested time 1757085744.628437 but the earliest data is at time 1757085762.870841, when looking up transform from frame [base_link] to frame [map]
[bt_navigator-6] 
[bt_navigator-6] [WARN] [1757085772.911678194] [BehaviorTreeEngine]: Behavior Tree tick rate 100.00 was exceeded!
[bt_navigator-6] [ERROR] [1757085773.013275868] [transformPoseInTargetFrame]: Extrapolation Error looking up target frame: Lookup would require extrapolation into the past.  Requested time 1757085744.628437 but the earliest data is at time 1757085762.870841, when looking up transform from frame [base_link] to frame [map]
[bt_navigator-6] 
[bt_navigator-6] [WARN] [1757085773.013494460] [BehaviorTreeEngine]: Behavior Tree tick rate 100.00 was exceeded!
[bt_navigator-6] [ERROR] [1757085773.115036838] [transformPoseInTargetFrame]: Extrapolation Error looking up target frame: Lookup would require extrapolation into the past.  Requested time 1757085744.628437 but the earliest data is at time 1757085763.070654, when looking up transform from frame [base_link] to frame [map]
[bt_navigator-6] 
[bt_navigator-6] [WARN] [1757085773.115244312] [BehaviorTreeEngine]: Behavior Tree tick rate 100.00 was exceeded!
[planner_server-4] [ERROR] [1757085773.119321514] [transformPoseInTargetFrame]: Extrapolation Error looking up target frame: Lookup would require extrapolation into the past.  Requested time 1757085744.628437 but the earliest data is at time 1757085762.970817, when looking up transform from frame [base_link] to frame [map]
[planner_server-4] 
[bt_navigator-6] [ERROR] [1757085773.216906104] [transformPoseInTargetFrame]: Extrapolation Error looking up target frame: Lookup would require extrapolation into the past.  Requested time 1757085744.628437 but the earliest data is at time 1757085763.120730, when looking up transform from frame [base_link] to frame [map]
[bt_navigator-6] 
[bt_navigator-6] [WARN] [1757085773.217150186] [BehaviorTreeEngine]: Behavior Tree tick rate 100.00 was exceeded!
[explore-10] [ERROR] [1757085773.288775967] [explore_node]: Extrapolation Error looking up robot pose: Lookup would require extrapolation into the future.  Requested time 1757085772.985389 but the latest data is at time 1757085744.628437, when looking up transform from frame [base_link] to frame [map]
[explore-10] 
[bt_navigator-6] [ERROR] [1757085773.319580660] [transformPoseInTargetFrame]: Extrapolation Error looking up target frame: Lookup would require extrapolation into the past.  Requested time 1757085744.628437 but the earliest data is at time 1757085763.170725, when looking up transform from frame [base_link] to frame [map]
[bt_navigator-6] 
[bt_navigator-6] [WARN] [1757085773.319821244] [BehaviorTreeEngine]: Behavior Tree tick rate 100.00 was exceeded!
[bt_navigator-6] [ERROR] [1757085773.421952315] [transformPoseInTargetFrame]: Extrapolation Error looking up target frame: Lookup would require extrapolation into the past.  Requested time 1757085744.628437 but the earliest data is at time 1757085763.370715, when looking up transform from frame [base_link] to frame [map]
[bt_navigator-6] 
[bt_navigator-6] [WARN] [1757085773.422170906] [BehaviorTreeEngine]: Behavior Tree tick rate 100.00 was exceeded!
[bt_navigator-6] [ERROR] [1757085773.524247812] [transformPoseInTargetFrame]: Extrapolation Error looking up target frame: Lookup would require extrapolation into the past.  Requested time 1757085744.628437 but the earliest data is at time 1757085763.470706, when looking up transform from frame [base_link] to frame [map]
[bt_navigator-6] 
[bt_navigator-6] [WARN] [1757085773.524459745] [BehaviorTreeEngine]: Behavior Tree tick rate 100.00 was exceeded!
[bt_navigator-6] [ERROR] [1757085773.626614441] [transformPoseInTargetFrame]: Extrapolation Error looking up target frame: Lookup would require extrapolation into the past.  Requested time 1757085744.628437 but the earliest data is at time 1757085763.520753, when looking up transform from frame [base_link] to frame [map]
[bt_navigator-6] 
[bt_navigator-6] [WARN] [1757085773.626832280] [BehaviorTreeEngine]: Behavior Tree tick rate 100.00 was exceeded!
[bt_navigator-6] [ERROR] [1757085773.729280374] [transformPoseInTargetFrame]: Extrapolation Error looking up target frame: Lookup would require extrapolation into the past.  Requested time 1757085744.628437 but the earliest data is at time 1757085763.670732, when looking up transform from frame [base_link] to frame [map]
[bt_navigator-6] 
[bt_navigator-6] [WARN] [1757085773.729502037] [BehaviorTreeEngine]: Behavior Tree tick rate 100.00 was exceeded!
[bt_navigator-6] [ERROR] [1757085773.832060159] [transformPoseInTargetFrame]: Extrapolation Error looking up target frame: Lookup would require extrapolation into the past.  Requested time 1757085744.628437 but the earliest data is at time 1757085763.720732, when looking up transform from frame [base_link] to frame [map]
[bt_navigator-6] 
[bt_navigator-6] [WARN] [1757085773.832303272] [BehaviorTreeEngine]: Behavior Tree tick rate 100.00 was exceeded!
[bt_navigator-6] [ERROR] [1757085773.934796827] [transformPoseInTargetFrame]: Extrapolation Error looking up target frame: Lookup would require extrapolation into the past.  Requested time 1757085744.628437 but the earliest data is at time 1757085763.770730, when looking up transform from frame [base_link] to frame [map]
[bt_navigator-6] 
[bt_navigator-6] [WARN] [1757085773.934998014] [BehaviorTreeEngine]: Behavior Tree tick rate 100.00 was exceeded!
[bt_navigator-6] [ERROR] [1757085774.037243114] [transformPoseInTargetFrame]: Extrapolation Error looking up target frame: Lookup would require extrapolation into the past.  Requested time 1757085744.628437 but the earliest data is at time 1757085763.870729, when looking up transform from frame [base_link] to frame [map]
[bt_navigator-6] 
[bt_navigator-6] [WARN] [1757085774.037488631] [BehaviorTreeEngine]: Behavior Tree tick rate 100.00 was exceeded!
[planner_server-4] [ERROR] [1757085774.121145618] [transformPoseInTargetFrame]: Extrapolation Error looking up target frame: Lookup would require extrapolation into the past.  Requested time 1757085744.628437 but the earliest data is at time 1757085764.070700, when looking up transform from frame [base_link] to frame [map]
[planner_server-4] 
[bt_navigator-6] [ERROR] [1757085774.139134238] [transformPoseInTargetFrame]: Extrapolation Error looking up target frame: Lookup would require extrapolation into the past.  Requested time 1757085744.628437 but the earliest data is at time 1757085764.020756, when looking up transform from frame [base_link] to frame [map]
[bt_navigator-6] 
[bt_navigator-6] [WARN] [1757085774.139372718] [BehaviorTreeEngine]: Behavior Tree tick rate 100.00 was exceeded!
[bt_navigator-6] [ERROR] [1757085774.241255561] [transformPoseInTargetFrame]: Extrapolation Error looking up target frame: Lookup would require extrapolation into the past.  Requested time 1757085744.628437 but the earliest data is at time 1757085764.171065, when looking up transform from frame [base_link] to frame [map]
[bt_navigator-6] 
[bt_navigator-6] [WARN] [1757085774.241494220] [BehaviorTreeEngine]: Behavior Tree tick rate 100.00 was exceeded!
[bt_navigator-6] [ERROR] [1757085774.343937162] [transformPoseInTargetFrame]: Extrapolation Error looking up target frame: Lookup would require extrapolation into the past.  Requested time 1757085744.628437 but the earliest data is at time 1757085764.171065, when looking up transform from frame [base_link] to frame [map]
[bt_navigator-6] 
[bt_navigator-6] [WARN] [1757085774.344145665] [BehaviorTreeEngine]: Behavior Tree tick rate 100.00 was exceeded!
[bt_navigator-6] [ERROR] [1757085774.446394073] [transformPoseInTargetFrame]: Extrapolation Error looking up target frame: Lookup would require extrapolation into the past.  Requested time 1757085744.628437 but the earliest data is at time 1757085764.270726, when looking up transform from frame [base_link] to frame [map]
[bt_navigator-6] 
[bt_navigator-6] [WARN] [1757085774.446630211] [BehaviorTreeEngine]: Behavior Tree tick rate 100.00 was exceeded!
[bt_navigator-6] [ERROR] [1757085774.548856931] [transformPoseInTargetFrame]: Extrapolation Error looking up target frame: Lookup would require extrapolation into the past.  Requested time 1757085744.628437 but the earliest data is at time 1757085764.470833, when looking up transform from frame [base_link] to frame [map]
[bt_navigator-6] 
[bt_navigator-6] [WARN] [1757085774.549084565] [BehaviorTreeEngine]: Behavior Tree tick rate 100.00 was exceeded!
[bt_navigator-6] [ERROR] [1757085774.651150927] [transformPoseInTargetFrame]: Extrapolation Error looking up target frame: Lookup would require extrapolation into the past.  Requested time 1757085744.628437 but the earliest data is at time 1757085764.620718, when looking up transform from frame [base_link] to frame [map]
[bt_navigator-6] 
[bt_navigator-6] [WARN] [1757085774.651377618] [BehaviorTreeEngine]: Behavior Tree tick rate 100.00 was exceeded!
[bt_navigator-6] [ERROR] [1757085774.753988041] [transformPoseInTargetFrame]: Extrapolation Error looking up target frame: Lookup would require extrapolation into the past.  Requested time 1757085744.628437 but the earliest data is at time 1757085764.720822, when looking up transform from frame [base_link] to frame [map]
[bt_navigator-6] 
[bt_navigator-6] [WARN] [1757085774.754077306] [BehaviorTreeEngine]: Behavior Tree tick rate 100.00 was exceeded!
[bt_navigator-6] [ERROR] [1757085774.855998882] [transformPoseInTargetFrame]: Extrapolation Error looking up target frame: Lookup would require extrapolation into the past.  Requested time 1757085744.628437 but the earliest data is at time 1757085764.820692, when looking up transform from frame [base_link] to frame [map]
[bt_navigator-6] 
[bt_navigator-6] [WARN] [1757085774.856153680] [BehaviorTreeEngine]: Behavior Tree tick rate 100.00 was exceeded!
[bt_navigator-6] [ERROR] [1757085774.958162702] [transformPoseInTargetFrame]: Extrapolation Error looking up target frame: Lookup would require extrapolation into the past.  Requested time 1757085744.628437 but the earliest data is at time 1757085764.920720, when looking up transform from frame [base_link] to frame [map]
[bt_navigator-6] 
[bt_navigator-6] [WARN] [1757085774.958360853] [BehaviorTreeEngine]: Behavior Tree tick rate 100.00 was exceeded!
[bt_navigator-6] [ERROR] [1757085775.060708240] [transformPoseInTargetFrame]: Extrapolation Error looking up target frame: Lookup would require extrapolation into the past.  Requested time 1757085744.628437 but the earliest data is at time 1757085765.020696, when looking up transform from frame [base_link] to frame [map]
[bt_navigator-6] 
[bt_navigator-6] [WARN] [1757085775.060939964] [BehaviorTreeEngine]: Behavior Tree tick rate 100.00 was exceeded!
[planner_server-4] [ERROR] [1757085775.122334154] [transformPoseInTargetFrame]: Extrapolation Error looking up target frame: Lookup would require extrapolation into the past.  Requested time 1757085744.628437 but the earliest data is at time 1757085765.020696, when looking up transform from frame [base_link] to frame [map]
[planner_server-4] 
[bt_navigator-6] [ERROR] [1757085775.162311609] [transformPoseInTargetFrame]: Extrapolation Error looking up target frame: Lookup would require extrapolation into the past.  Requested time 1757085744.628437 but the earliest data is at time 1757085765.120705, when looking up transform from frame [base_link] to frame [map]
[bt_navigator-6] 
[bt_navigator-6] [WARN] [1757085775.162554218] [BehaviorTreeEngine]: Behavior Tree tick rate 100.00 was exceeded!
[bt_navigator-6] [ERROR] [1757085775.264001319] [transformPoseInTargetFrame]: Extrapolation Error looking up target frame: Lookup would require extrapolation into the past.  Requested time 1757085744.628437 but the earliest data is at time 1757085765.170899, when looking up transform from frame [base_link] to frame [map]
[bt_navigator-6] 
[bt_navigator-6] [WARN] [1757085775.264177152] [BehaviorTreeEngine]: Behavior Tree tick rate 100.00 was exceeded!
[bt_navigator-6] [ERROR] [1757085775.366107676] [transformPoseInTargetFrame]: Extrapolation Error looking up target frame: Lookup would require extrapolation into the past.  Requested time 1757085744.628437 but the earliest data is at time 1757085765.170899, when looking up transform from frame [base_link] to frame [map]
[bt_navigator-6] 
[bt_navigator-6] [WARN] [1757085775.366180299] [BehaviorTreeEngine]: Behavior Tree tick rate 100.00 was exceeded!
[bt_navigator-6] [ERROR] [1757085775.468118028] [transformPoseInTargetFrame]: Extrapolation Error looking up target frame: Lookup would require extrapolation into the past.  Requested time 1757085744.628437 but the earliest data is at time 1757085765.371145, when looking up transform from frame [base_link] to frame [map]
[bt_navigator-6] 
[bt_navigator-6] [WARN] [1757085775.468328627] [BehaviorTreeEngine]: Behavior Tree tick rate 100.00 was exceeded!
[bt_navigator-6] [ERROR] [1757085775.569900031] [transformPoseInTargetFrame]: Extrapolation Error looking up target frame: Lookup would require extrapolation into the past.  Requested time 1757085744.628437 but the earliest data is at time 1757085765.520834, when looking up transform from frame [base_link] to frame [map]
[bt_navigator-6] 
[bt_navigator-6] [WARN] [1757085775.570176227] [BehaviorTreeEngine]: Behavior Tree tick rate 100.00 was exceeded!
[bt_navigator-6] [ERROR] [1757085775.671536891] [transformPoseInTargetFrame]: Extrapolation Error looking up target frame: Lookup would require extrapolation into the past.  Requested time 1757085744.628437 but the earliest data is at time 1757085765.570904, when looking up transform from frame [base_link] to frame [map]
[bt_navigator-6] 
[bt_navigator-6] [WARN] [1757085775.671736390] [BehaviorTreeEngine]: Behavior Tree tick rate 100.00 was exceeded!
[bt_navigator-6] [ERROR] [1757085775.773200612] [transformPoseInTargetFrame]: Extrapolation Error looking up target frame: Lookup would require extrapolation into the past.  Requested time 1757085744.628437 but the earliest data is at time 1757085765.720722, when looking up transform from frame [base_link] to frame [map]
[bt_navigator-6] 
[bt_navigator-6] [WARN] [1757085775.773437412] [BehaviorTreeEngine]: Behavior Tree tick rate 100.00 was exceeded!
[bt_navigator-6] [ERROR] [1757085775.874856774] [transformPoseInTargetFrame]: Extrapolation Error looking up target frame: Lookup would require extrapolation into the past.  Requested time 1757085744.628437 but the earliest data is at time 1757085765.770766, when looking up transform from frame [base_link] to frame [map]
[bt_navigator-6] 
[bt_navigator-6] [WARN] [1757085775.875038316] [BehaviorTreeEngine]: Behavior Tree tick rate 100.00 was exceeded!
[bt_navigator-6] [ERROR] [1757085775.976223419] [transformPoseInTargetFrame]: Extrapolation Error looking up target frame: Lookup would require extrapolation into the past.  Requested time 1757085744.628437 but the earliest data is at time 1757085765.920879, when looking up transform from frame [base_link] to frame [map]
[bt_navigator-6] 
[bt_navigator-6] [WARN] [1757085775.976367797] [BehaviorTreeEngine]: Behavior Tree tick rate 100.00 was exceeded!
[bt_navigator-6] [ERROR] [1757085776.078601453] [transformPoseInTargetFrame]: Extrapolation Error looking up target frame: Lookup would require extrapolation into the past.  Requested time 1757085744.628437 but the earliest data is at time 1757085765.920879, when looking up transform from frame [base_link] to frame [map]
[bt_navigator-6] 
[bt_navigator-6] [WARN] [1757085776.078849724] [BehaviorTreeEngine]: Behavior Tree tick rate 100.00 was exceeded!
[planner_server-4] [ERROR] [1757085776.123297482] [transformPoseInTargetFrame]: Extrapolation Error looking up target frame: Lookup would require extrapolation into the past.  Requested time 1757085744.628437 but the earliest data is at time 1757085765.920879, when looking up transform from frame [base_link] to frame [map]
[planner_server-4] 
[bt_navigator-6] [ERROR] [1757085776.180653369] [transformPoseInTargetFrame]: Extrapolation Error looking up target frame: Lookup would require extrapolation into the past.  Requested time 1757085744.628437 but the earliest data is at time 1757085765.920879, when looking up transform from frame [base_link] to frame [map]
[bt_navigator-6] 
[bt_navigator-6] [WARN] [1757085776.180917144] [BehaviorTreeEngine]: Behavior Tree tick rate 100.00 was exceeded!
[bt_navigator-6] [ERROR] [1757085776.283521402] [transformPoseInTargetFrame]: Extrapolation Error looking up target frame: Lookup would require extrapolation into the past.  Requested time 1757085744.628437 but the earliest data is at time 1757085765.920879, when looking up transform from frame [base_link] to frame [map]
[bt_navigator-6] 
[bt_navigator-6] [WARN] [1757085776.283764365] [BehaviorTreeEngine]: Behavior Tree tick rate 100.00 was exceeded!
[bt_navigator-6] [ERROR] [1757085776.386203019] [transformPoseInTargetFrame]: Extrapolation Error looking up target frame: Lookup would require extrapolation into the past.  Requested time 1757085744.628437 but the earliest data is at time 1757085765.920879, when looking up transform from frame [base_link] to frame [map]
[bt_navigator-6] 
[bt_navigator-6] [WARN] [1757085776.386495647] [BehaviorTreeEngine]: Behavior Tree tick rate 100.00 was exceeded!
[bt_navigator-6] [ERROR] [1757085776.487705667] [transformPoseInTargetFrame]: Extrapolation Error looking up target frame: Lookup would require extrapolation into the past.  Requested time 1757085744.628437 but the earliest data is at time 1757085766.373361, when looking up transform from frame [base_link] to frame [map]
[bt_navigator-6] 
[bt_navigator-6] [WARN] [1757085776.487801478] [BehaviorTreeEngine]: Behavior Tree tick rate 100.00 was exceeded!
[bt_navigator-6] [ERROR] [1757085776.589345120] [transformPoseInTargetFrame]: Extrapolation Error looking up target frame: Lookup would require extrapolation into the past.  Requested time 1757085744.628437 but the earliest data is at time 1757085766.470739, when looking up transform from frame [base_link] to frame [map]
[bt_navigator-6] 
[bt_navigator-6] [WARN] [1757085776.589597494] [BehaviorTreeEngine]: Behavior Tree tick rate 100.00 was exceeded!
[bt_navigator-6] [ERROR] [1757085776.690930005] [transformPoseInTargetFrame]: Extrapolation Error looking up target frame: Lookup would require extrapolation into the past.  Requested time 1757085744.628437 but the earliest data is at time 1757085766.620700, when looking up transform from frame [base_link] to frame [map]
[bt_navigator-6] 
[bt_navigator-6] [WARN] [1757085776.691096256] [BehaviorTreeEngine]: Behavior Tree tick rate 100.00 was exceeded!
[bt_navigator-6] [ERROR] [1757085776.793180035] [transformPoseInTargetFrame]: Extrapolation Error looking up target frame: Lookup would require extrapolation into the past.  Requested time 1757085744.628437 but the earliest data is at time 1757085766.671433, when looking up transform from frame [base_link] to frame [map]
[bt_navigator-6] 
[bt_navigator-6] [WARN] [1757085776.793480419] [BehaviorTreeEngine]: Behavior Tree tick rate 100.00 was exceeded!
[bt_navigator-6] [ERROR] [1757085776.895001099] [transformPoseInTargetFrame]: Extrapolation Error looking up target frame: Lookup would require extrapolation into the past.  Requested time 1757085744.628437 but the earliest data is at time 1757085766.770816, when looking up transform from frame [base_link] to frame [map]
[bt_navigator-6] 
[bt_navigator-6] [WARN] [1757085776.895244145] [BehaviorTreeEngine]: Behavior Tree tick rate 100.00 was exceeded!
[bt_navigator-6] [ERROR] [1757085776.997297456] [transformPoseInTargetFrame]: Extrapolation Error looking up target frame: Lookup would require extrapolation into the past.  Requested time 1757085744.628437 but the earliest data is at time 1757085766.870745, when looking up transform from frame [base_link] to frame [map]
[bt_navigator-6] 
[bt_navigator-6] [WARN] [1757085776.997536980] [BehaviorTreeEngine]: Behavior Tree tick rate 100.00 was exceeded!
[bt_navigator-6] [ERROR] [1757085777.099894581] [transformPoseInTargetFrame]: Extrapolation Error looking up target frame: Lookup would require extrapolation into the past.  Requested time 1757085744.628437 but the earliest data is at time 1757085767.020774, when looking up transform from frame [base_link] to frame [map]
[bt_navigator-6] 
[bt_navigator-6] [WARN] [1757085777.100136712] [BehaviorTreeEngine]: Behavior Tree tick rate 100.00 was exceeded!
[planner_server-4] [ERROR] [1757085777.121754157] [transformPoseInTargetFrame]: Extrapolation Error looking up target frame: Lookup would require extrapolation into the past.  Requested time 1757085744.628437 but the earliest data is at time 1757085767.020774, when looking up transform from frame [base_link] to frame [map]
[planner_server-4] 
[bt_navigator-6] [ERROR] [1757085777.202537975] [transformPoseInTargetFrame]: Extrapolation Error looking up target frame: Lookup would require extrapolation into the past.  Requested time 1757085744.628437 but the earliest data is at time 1757085767.121605, when looking up transform from frame [base_link] to frame [map]
[bt_navigator-6] 
[bt_navigator-6] [WARN] [1757085777.202799200] [BehaviorTreeEngine]: Behavior Tree tick rate 100.00 was exceeded!
[bt_navigator-6] [ERROR] [1757085777.305434547] [transformPoseInTargetFrame]: Extrapolation Error looking up target frame: Lookup would require extrapolation into the past.  Requested time 1757085744.628437 but the earliest data is at time 1757085767.121605, when looking up transform from frame [base_link] to frame [map]
[bt_navigator-6] 
[bt_navigator-6] [WARN] [1757085777.305676182] [BehaviorTreeEngine]: Behavior Tree tick rate 100.00 was exceeded!
[bt_navigator-6] [ERROR] [1757085777.408016322] [transformPoseInTargetFrame]: Extrapolation Error looking up target frame: Lookup would require extrapolation into the past.  Requested time 1757085744.628437 but the earliest data is at time 1757085767.320924, when looking up transform from frame [base_link] to frame [map]
[bt_navigator-6] 
[bt_navigator-6] [WARN] [1757085777.408207828] [BehaviorTreeEngine]: Behavior Tree tick rate 100.00 was exceeded!
[bt_navigator-6] [ERROR] [1757085777.509408989] [transformPoseInTargetFrame]: Extrapolation Error looking up target frame: Lookup would require extrapolation into the past.  Requested time 1757085744.628437 but the earliest data is at time 1757085767.320924, when looking up transform from frame [base_link] to frame [map]
[bt_navigator-6] 
[bt_navigator-6] [WARN] [1757085777.509579788] [BehaviorTreeEngine]: Behavior Tree tick rate 100.00 was exceeded!
[bt_navigator-6] [ERROR] [1757085777.611181300] [transformPoseInTargetFrame]: Extrapolation Error looking up target frame: Lookup would require extrapolation into the past.  Requested time 1757085744.628437 but the earliest data is at time 1757085767.470752, when looking up transform from frame [base_link] to frame [map]
[bt_navigator-6] 
[bt_navigator-6] [WARN] [1757085777.611376772] [BehaviorTreeEngine]: Behavior Tree tick rate 100.00 was exceeded!
[bt_navigator-6] [ERROR] [1757085777.712903917] [transformPoseInTargetFrame]: Extrapolation Error looking up target frame: Lookup would require extrapolation into the past.  Requested time 1757085744.628437 but the earliest data is at time 1757085767.670745, when looking up transform from frame [base_link] to frame [map]
[bt_navigator-6] 
[bt_navigator-6] [WARN] [1757085777.712981992] [BehaviorTreeEngine]: Behavior Tree tick rate 100.00 was exceeded!
[bt_navigator-6] [ERROR] [1757085777.813928827] [transformPoseInTargetFrame]: Extrapolation Error looking up target frame: Lookup would require extrapolation into the past.  Requested time 1757085744.628437 but the earliest data is at time 1757085767.720708, when looking up transform from frame [base_link] to frame [map]
[bt_navigator-6] 
[bt_navigator-6] [WARN] [1757085777.814093222] [BehaviorTreeEngine]: Behavior Tree tick rate 100.00 was exceeded!
[bt_navigator-6] [ERROR] [1757085777.915145942] [transformPoseInTargetFrame]: Extrapolation Error looking up target frame: Lookup would require extrapolation into the past.  Requested time 1757085744.628437 but the earliest data is at time 1757085767.870940, when looking up transform from frame [base_link] to frame [map]
[bt_navigator-6] 
[bt_navigator-6] [WARN] [1757085777.915323597] [BehaviorTreeEngine]: Behavior Tree tick rate 100.00 was exceeded!
[bt_navigator-6] [ERROR] [1757085778.017003501] [transformPoseInTargetFrame]: Extrapolation Error looking up target frame: Lookup would require extrapolation into the past.  Requested time 1757085744.628437 but the earliest data is at time 1757085767.920702, when looking up transform from frame [base_link] to frame [map]
[bt_navigator-6] 
[bt_navigator-6] [WARN] [1757085778.017206504] [BehaviorTreeEngine]: Behavior Tree tick rate 100.00 was exceeded!
[bt_navigator-6] [ERROR] [1757085778.118938190] [transformPoseInTargetFrame]: Extrapolation Error looking up target frame: Lookup would require extrapolation into the past.  Requested time 1757085744.628437 but the earliest data is at time 1757085768.020807, when looking up transform from frame [base_link] to frame [map]
[bt_navigator-6] 
[bt_navigator-6] [WARN] [1757085778.119143229] [BehaviorTreeEngine]: Behavior Tree tick rate 100.00 was exceeded!
[planner_server-4] [ERROR] [1757085778.119452001] [transformPoseInTargetFrame]: Extrapolation Error looking up target frame: Lookup would require extrapolation into the past.  Requested time 1757085744.628437 but the earliest data is at time 1757085768.020807, when looking up transform from frame [base_link] to frame [map]
[planner_server-4] 
[bt_navigator-6] [ERROR] [1757085778.221288334] [transformPoseInTargetFrame]: Extrapolation Error looking up target frame: Lookup would require extrapolation into the past.  Requested time 1757085744.628437 but the earliest data is at time 1757085768.170812, when looking up transform from frame [base_link] to frame [map]
[bt_navigator-6] 
[bt_navigator-6] [WARN] [1757085778.221508129] [BehaviorTreeEngine]: Behavior Tree tick rate 100.00 was exceeded!
[bt_navigator-6] [ERROR] [1757085778.323475649] [transformPoseInTargetFrame]: Extrapolation Error looking up target frame: Lookup would require extrapolation into the past.  Requested time 1757085744.628437 but the earliest data is at time 1757085768.221061, when looking up transform from frame [base_link] to frame [map]
[bt_navigator-6] 
[bt_navigator-6] [WARN] [1757085778.323687995] [BehaviorTreeEngine]: Behavior Tree tick rate 100.00 was exceeded!
[bt_navigator-6] [ERROR] [1757085778.425790859] [transformPoseInTargetFrame]: Extrapolation Error looking up target frame: Lookup would require extrapolation into the past.  Requested time 1757085744.628437 but the earliest data is at time 1757085768.320714, when looking up transform from frame [base_link] to frame [map]
[bt_navigator-6] 
[bt_navigator-6] [WARN] [1757085778.426046251] [BehaviorTreeEngine]: Behavior Tree tick rate 100.00 was exceeded!
[bt_navigator-6] [ERROR] [1757085778.527885788] [transformPoseInTargetFrame]: Extrapolation Error looking up target frame: Lookup would require extrapolation into the past.  Requested time 1757085744.628437 but the earliest data is at time 1757085768.420922, when looking up transform from frame [base_link] to frame [map]
[bt_navigator-6] 
[bt_navigator-6] [WARN] [1757085778.528087498] [BehaviorTreeEngine]: Behavior Tree tick rate 100.00 was exceeded!
[bt_navigator-6] [ERROR] [1757085778.629438119] [transformPoseInTargetFrame]: Extrapolation Error looking up target frame: Lookup would require extrapolation into the past.  Requested time 1757085744.628437 but the earliest data is at time 1757085768.570767, when looking up transform from frame [base_link] to frame [map]
[bt_navigator-6] 
[bt_navigator-6] [WARN] [1757085778.629637016] [BehaviorTreeEngine]: Behavior Tree tick rate 100.00 was exceeded!
[bt_navigator-6] [ERROR] [1757085778.730938042] [transformPoseInTargetFrame]: Extrapolation Error looking up target frame: Lookup would require extrapolation into the past.  Requested time 1757085744.628437 but the earliest data is at time 1757085768.670710, when looking up transform from frame [base_link] to frame [map]
[bt_navigator-6] 
[bt_navigator-6] [WARN] [1757085778.731119503] [BehaviorTreeEngine]: Behavior Tree tick rate 100.00 was exceeded!
[bt_navigator-6] [ERROR] [1757085778.832413413] [transformPoseInTargetFrame]: Extrapolation Error looking up target frame: Lookup would require extrapolation into the past.  Requested time 1757085744.628437 but the earliest data is at time 1757085768.720941, when looking up transform from frame [base_link] to frame [map]
[bt_navigator-6] 
[bt_navigator-6] [WARN] [1757085778.832664314] [BehaviorTreeEngine]: Behavior Tree tick rate 100.00 was exceeded!
[bt_navigator-6] [ERROR] [1757085778.934467210] [transformPoseInTargetFrame]: Extrapolation Error looking up target frame: Lookup would require extrapolation into the past.  Requested time 1757085744.628437 but the earliest data is at time 1757085768.870697, when looking up transform from frame [base_link] to frame [map]
[bt_navigator-6] 
[bt_navigator-6] [WARN] [1757085778.934664465] [BehaviorTreeEngine]: Behavior Tree tick rate 100.00 was exceeded!
[bt_navigator-6] [ERROR] [1757085779.036679998] [transformPoseInTargetFrame]: Extrapolation Error looking up target frame: Lookup would require extrapolation into the past.  Requested time 1757085744.628437 but the earliest data is at time 1757085768.920731, when looking up transform from frame [base_link] to frame [map]
[bt_navigator-6] 
[bt_navigator-6] [WARN] [1757085779.036920997] [BehaviorTreeEngine]: Behavior Tree tick rate 100.00 was exceeded!
[planner_server-4] [ERROR] [1757085779.120826067] [transformPoseInTargetFrame]: Extrapolation Error looking up target frame: Lookup would require extrapolation into the past.  Requested time 1757085744.628437 but the earliest data is at time 1757085769.020693, when looking up transform from frame [base_link] to frame [map]
[planner_server-4] 
[bt_navigator-6] [ERROR] [1757085779.139053378] [transformPoseInTargetFrame]: Extrapolation Error looking up target frame: Lookup would require extrapolation into the past.  Requested time 1757085744.628437 but the earliest data is at time 1757085769.020693, when looking up transform from frame [base_link] to frame [map]
[bt_navigator-6] 
[bt_navigator-6] [WARN] [1757085779.139245905] [BehaviorTreeEngine]: Behavior Tree tick rate 100.00 was exceeded!
[bt_navigator-6] [ERROR] [1757085779.240815330] [transformPoseInTargetFrame]: Extrapolation Error looking up target frame: Lookup would require extrapolation into the past.  Requested time 1757085744.628437 but the earliest data is at time 1757085769.170887, when looking up transform from frame [base_link] to frame [map]
[bt_navigator-6] 
[bt_navigator-6] [WARN] [1757085779.241013453] [BehaviorTreeEngine]: Behavior Tree tick rate 100.00 was exceeded!
[bt_navigator-6] [ERROR] [1757085779.342156314] [transformPoseInTargetFrame]: Extrapolation Error looking up target frame: Lookup would require extrapolation into the past.  Requested time 1757085744.628437 but the earliest data is at time 1757085769.320707, when looking up transform from frame [base_link] to frame [map]
[bt_navigator-6] 
[bt_navigator-6] [WARN] [1757085779.342306176] [BehaviorTreeEngine]: Behavior Tree tick rate 100.00 was exceeded!
[bt_navigator-6] [ERROR] [1757085779.444324462] [transformPoseInTargetFrame]: Extrapolation Error looking up target frame: Lookup would require extrapolation into the past.  Requested time 1757085744.628437 but the earliest data is at time 1757085769.420688, when looking up transform from frame [base_link] to frame [map]
[bt_navigator-6] 
[bt_navigator-6] [WARN] [1757085779.444525484] [BehaviorTreeEngine]: Behavior Tree tick rate 100.00 was exceeded!
[bt_navigator-6] [ERROR] [1757085779.546293767] [transformPoseInTargetFrame]: Extrapolation Error looking up target frame: Lookup would require extrapolation into the past.  Requested time 1757085744.628437 but the earliest data is at time 1757085769.470744, when looking up transform from frame [base_link] to frame [map]
[bt_navigator-6] 
[bt_navigator-6] [WARN] [1757085779.546477548] [BehaviorTreeEngine]: Behavior Tree tick rate 100.00 was exceeded!
[bt_navigator-6] [ERROR] [1757085779.648195777] [transformPoseInTargetFrame]: Extrapolation Error looking up target frame: Lookup would require extrapolation into the past.  Requested time 1757085744.628437 but the earliest data is at time 1757085769.570751, when looking up transform from frame [base_link] to frame [map]
[bt_navigator-6] 
[bt_navigator-6] [WARN] [1757085779.648388443] [BehaviorTreeEngine]: Behavior Tree tick rate 100.00 was exceeded!
[bt_navigator-6] [ERROR] [1757085779.750196240] [transformPoseInTargetFrame]: Extrapolation Error looking up target frame: Lookup would require extrapolation into the past.  Requested time 1757085744.628437 but the earliest data is at time 1757085769.720776, when looking up transform from frame [base_link] to frame [map]
[bt_navigator-6] 
[bt_navigator-6] [WARN] [1757085779.750376158] [BehaviorTreeEngine]: Behavior Tree tick rate 100.00 was exceeded!
[bt_navigator-6] [ERROR] [1757085779.851546696] [transformPoseInTargetFrame]: Extrapolation Error looking up target frame: Lookup would require extrapolation into the past.  Requested time 1757085744.628437 but the earliest data is at time 1757085769.822717, when looking up transform from frame [base_link] to frame [map]
[bt_navigator-6] 
[bt_navigator-6] [WARN] [1757085779.851771457] [BehaviorTreeEngine]: Behavior Tree tick rate 100.00 was exceeded!
[bt_navigator-6] [ERROR] [1757085779.952940107] [transformPoseInTargetFrame]: Extrapolation Error looking up target frame: Lookup would require extrapolation into the past.  Requested time 1757085744.628437 but the earliest data is at time 1757085769.920707, when looking up transform from frame [base_link] to frame [map]
[bt_navigator-6] 
[bt_navigator-6] [WARN] [1757085779.953123302] [BehaviorTreeEngine]: Behavior Tree tick rate 100.00 was exceeded!
[explore-10] [ERROR] [1757085779.955707367] [explore_node]: Extrapolation Error looking up robot pose: Lookup would require extrapolation into the future.  Requested time 1757085779.651563 but the latest data is at time 1757085744.628437, when looking up transform from frame [base_link] to frame [map]
[explore-10] 
[bt_navigator-6] [ERROR] [1757085780.054554716] [transformPoseInTargetFrame]: Extrapolation Error looking up target frame: Lookup would require extrapolation into the past.  Requested time 1757085744.628437 but the earliest data is at time 1757085769.970803, when looking up transform from frame [base_link] to frame [map]
[bt_navigator-6] 
[bt_navigator-6] [WARN] [1757085780.054756834] [BehaviorTreeEngine]: Behavior Tree tick rate 100.00 was exceeded!
[planner_server-4] [ERROR] [1757085780.121290509] [transformPoseInTargetFrame]: Extrapolation Error looking up target frame: Lookup would require extrapolation into the past.  Requested time 1757085744.628437 but the earliest data is at time 1757085770.020888, when looking up transform from frame [base_link] to frame [map]
[planner_server-4] 
[bt_navigator-6] [ERROR] [1757085780.156995439] [transformPoseInTargetFrame]: Extrapolation Error looking up target frame: Lookup would require extrapolation into the past.  Requested time 1757085744.628437 but the earliest data is at time 1757085770.070765, when looking up transform from frame [base_link] to frame [map]
[bt_navigator-6] 
[bt_navigator-6] [WARN] [1757085780.157216987] [BehaviorTreeEngine]: Behavior Tree tick rate 100.00 was exceeded!
[bt_navigator-6] [ERROR] [1757085780.258936143] [transformPoseInTargetFrame]: Extrapolation Error looking up target frame: Lookup would require extrapolation into the past.  Requested time 1757085744.628437 but the earliest data is at time 1757085770.220732, when looking up transform from frame [base_link] to frame [map]
[bt_navigator-6] 
[bt_navigator-6] [WARN] [1757085780.259144710] [BehaviorTreeEngine]: Behavior Tree tick rate 100.00 was exceeded!
[bt_navigator-6] [ERROR] [1757085780.360973785] [transformPoseInTargetFrame]: Extrapolation Error looking up target frame: Lookup would require extrapolation into the past.  Requested time 1757085744.628437 but the earliest data is at time 1757085770.220732, when looking up transform from frame [base_link] to frame [map]
[bt_navigator-6] 
[bt_navigator-6] [WARN] [1757085780.361173461] [BehaviorTreeEngine]: Behavior Tree tick rate 100.00 was exceeded!
[bt_navigator-6] [ERROR] [1757085780.462981644] [transformPoseInTargetFrame]: Extrapolation Error looking up target frame: Lookup would require extrapolation into the past.  Requested time 1757085744.628437 but the earliest data is at time 1757085770.220732, when looking up transform from frame [base_link] to frame [map]
[bt_navigator-6] 
[bt_navigator-6] [WARN] [1757085780.463179211] [BehaviorTreeEngine]: Behavior Tree tick rate 100.00 was exceeded!
[bt_navigator-6] [ERROR] [1757085780.565259366] [transformPoseInTargetFrame]: Extrapolation Error looking up target frame: Lookup would require extrapolation into the past.  Requested time 1757085744.628437 but the earliest data is at time 1757085770.220732, when looking up transform from frame [base_link] to frame [map]
[bt_navigator-6] 
[bt_navigator-6] [WARN] [1757085780.565458093] [BehaviorTreeEngine]: Behavior Tree tick rate 100.00 was exceeded!
[bt_navigator-6] [ERROR] [1757085780.666888562] [transformPoseInTargetFrame]: Extrapolation Error looking up target frame: Lookup would require extrapolation into the past.  Requested time 1757085744.628437 but the earliest data is at time 1757085770.220732, when looking up transform from frame [base_link] to frame [map]
[bt_navigator-6] 
[bt_navigator-6] [WARN] [1757085780.667065197] [BehaviorTreeEngine]: Behavior Tree tick rate 100.00 was exceeded!
[bt_navigator-6] [ERROR] [1757085780.768315418] [transformPoseInTargetFrame]: Extrapolation Error looking up target frame: Lookup would require extrapolation into the past.  Requested time 1757085744.628437 but the earliest data is at time 1757085770.220732, when looking up transform from frame [base_link] to frame [map]
[bt_navigator-6] 
[bt_navigator-6] [WARN] [1757085780.768525083] [BehaviorTreeEngine]: Behavior Tree tick rate 100.00 was exceeded!
[bt_navigator-6] [ERROR] [1757085780.869510124] [transformPoseInTargetFrame]: Extrapolation Error looking up target frame: Lookup would require extrapolation into the past.  Requested time 1757085744.628437 but the earliest data is at time 1757085770.770786, when looking up transform from frame [base_link] to frame [map]
[bt_navigator-6] 
[bt_navigator-6] [WARN] [1757085780.869693430] [BehaviorTreeEngine]: Behavior Tree tick rate 100.00 was exceeded!
[bt_navigator-6] [ERROR] [1757085780.970834137] [transformPoseInTargetFrame]: Extrapolation Error looking up target frame: Lookup would require extrapolation into the past.  Requested time 1757085744.628437 but the earliest data is at time 1757085770.920912, when looking up transform from frame [base_link] to frame [map]
[bt_navigator-6] 
[bt_navigator-6] [WARN] [1757085780.970962439] [BehaviorTreeEngine]: Behavior Tree tick rate 100.00 was exceeded!
[bt_navigator-6] [ERROR] [1757085781.072077850] [transformPoseInTargetFrame]: Extrapolation Error looking up target frame: Lookup would require extrapolation into the past.  Requested time 1757085744.628437 but the earliest data is at time 1757085770.970823, when looking up transform from frame [base_link] to frame [map]
[bt_navigator-6] 
[bt_navigator-6] [WARN] [1757085781.072136253] [BehaviorTreeEngine]: Behavior Tree tick rate 100.00 was exceeded!
[planner_server-4] [ERROR] [1757085781.119096102] [transformPoseInTargetFrame]: Extrapolation Error looking up target frame: Lookup would require extrapolation into the past.  Requested time 1757085744.628437 but the earliest data is at time 1757085770.920912, when looking up transform from frame [base_link] to frame [map]
[planner_server-4] 
[bt_navigator-6] [ERROR] [1757085781.172970971] [transformPoseInTargetFrame]: Extrapolation Error looking up target frame: Lookup would require extrapolation into the past.  Requested time 1757085744.628437 but the earliest data is at time 1757085771.022662, when looking up transform from frame [base_link] to frame [map]
[bt_navigator-6] 
[bt_navigator-6] [WARN] [1757085781.173079788] [BehaviorTreeEngine]: Behavior Tree tick rate 100.00 was exceeded!
[explore-10] [ERROR] [1757085781.186721183] [explore_node]: Extrapolation Error looking up robot pose: Lookup would require extrapolation into the future.  Requested time 1757085780.883128 but the latest data is at time 1757085744.628437, when looking up transform from frame [base_link] to frame [map]
[explore-10] 
[bt_navigator-6] [ERROR] [1757085781.274434201] [transformPoseInTargetFrame]: Extrapolation Error looking up target frame: Lookup would require extrapolation into the past.  Requested time 1757085744.628437 but the earliest data is at time 1757085771.220725, when looking up transform from frame [base_link] to frame [map]
[bt_navigator-6] 
[bt_navigator-6] [WARN] [1757085781.274632132] [BehaviorTreeEngine]: Behavior Tree tick rate 100.00 was exceeded!
[bt_navigator-6] [ERROR] [1757085781.375931870] [transformPoseInTargetFrame]: Extrapolation Error looking up target frame: Lookup would require extrapolation into the past.  Requested time 1757085744.628437 but the earliest data is at time 1757085771.270832, when looking up transform from frame [base_link] to frame [map]
[bt_navigator-6] 
[bt_navigator-6] [WARN] [1757085781.376137507] [BehaviorTreeEngine]: Behavior Tree tick rate 100.00 was exceeded!
[bt_navigator-6] [ERROR] [1757085781.477573456] [transformPoseInTargetFrame]: Extrapolation Error looking up target frame: Lookup would require extrapolation into the past.  Requested time 1757085744.628437 but the earliest data is at time 1757085771.370714, when looking up transform from frame [base_link] to frame [map]
[bt_navigator-6] 
[bt_navigator-6] [WARN] [1757085781.477765277] [BehaviorTreeEngine]: Behavior Tree tick rate 100.00 was exceeded!
[bt_navigator-6] [ERROR] [1757085781.578942818] [transformPoseInTargetFrame]: Extrapolation Error looking up target frame: Lookup would require extrapolation into the past.  Requested time 1757085744.628437 but the earliest data is at time 1757085771.470796, when looking up transform from frame [base_link] to frame [map]
[bt_navigator-6] 
[bt_navigator-6] [WARN] [1757085781.579125860] [BehaviorTreeEngine]: Behavior Tree tick rate 100.00 was exceeded!
[bt_navigator-6] [ERROR] [1757085781.680289141] [transformPoseInTargetFrame]: Extrapolation Error looking up target frame: Lookup would require extrapolation into the past.  Requested time 1757085744.628437 but the earliest data is at time 1757085771.570794, when looking up transform from frame [base_link] to frame [map]
[bt_navigator-6] 
[bt_navigator-6] [WARN] [1757085781.680463750] [BehaviorTreeEngine]: Behavior Tree tick rate 100.00 was exceeded!
[bt_navigator-6] [ERROR] [1757085781.781866250] [transformPoseInTargetFrame]: Extrapolation Error looking up target frame: Lookup would require extrapolation into the past.  Requested time 1757085744.628437 but the earliest data is at time 1757085771.670885, when looking up transform from frame [base_link] to frame [map]
[bt_navigator-6] 
[bt_navigator-6] [WARN] [1757085781.782071882] [BehaviorTreeEngine]: Behavior Tree tick rate 100.00 was exceeded!
[bt_navigator-6] [ERROR] [1757085781.883303125] [transformPoseInTargetFrame]: Extrapolation Error looking up target frame: Lookup would require extrapolation into the past.  Requested time 1757085744.628437 but the earliest data is at time 1757085771.770725, when looking up transform from frame [base_link] to frame [map]
[bt_navigator-6] 
[bt_navigator-6] [WARN] [1757085781.883499518] [BehaviorTreeEngine]: Behavior Tree tick rate 100.00 was exceeded!
[bt_navigator-6] [ERROR] [1757085781.984576107] [transformPoseInTargetFrame]: Extrapolation Error looking up target frame: Lookup would require extrapolation into the past.  Requested time 1757085744.628437 but the earliest data is at time 1757085771.920835, when looking up transform from frame [base_link] to frame [map]
[bt_navigator-6] 
[bt_navigator-6] [WARN] [1757085781.984756209] [BehaviorTreeEngine]: Behavior Tree tick rate 100.00 was exceeded!
[bt_navigator-6] [ERROR] [1757085782.086110748] [transformPoseInTargetFrame]: Extrapolation Error looking up target frame: Lookup would require extrapolation into the past.  Requested time 1757085744.628437 but the earliest data is at time 1757085772.022713, when looking up transform from frame [base_link] to frame [map]
[bt_navigator-6] 
[bt_navigator-6] [WARN] [1757085782.086333035] [BehaviorTreeEngine]: Behavior Tree tick rate 100.00 was exceeded!
[planner_server-4] [ERROR] [1757085782.119750916] [transformPoseInTargetFrame]: Extrapolation Error looking up target frame: Lookup would require extrapolation into the past.  Requested time 1757085744.628437 but the earliest data is at time 1757085772.022713, when looking up transform from frame [base_link] to frame [map]
[planner_server-4] 
[bt_navigator-6] [ERROR] [1757085782.188794031] [transformPoseInTargetFrame]: Extrapolation Error looking up target frame: Lookup would require extrapolation into the past.  Requested time 1757085744.628437 but the earliest data is at time 1757085772.073600, when looking up transform from frame [base_link] to frame [map]
[bt_navigator-6] 
[bt_navigator-6] [WARN] [1757085782.189022047] [BehaviorTreeEngine]: Behavior Tree tick rate 100.00 was exceeded!
[bt_navigator-6] [ERROR] [1757085782.290939343] [transformPoseInTargetFrame]: Extrapolation Error looking up target frame: Lookup would require extrapolation into the past.  Requested time 1757085744.628437 but the earliest data is at time 1757085772.170789, when looking up transform from frame [base_link] to frame [map]
[bt_navigator-6] 
[bt_navigator-6] [WARN] [1757085782.291140419] [BehaviorTreeEngine]: Behavior Tree tick rate 100.00 was exceeded!
[bt_navigator-6] [ERROR] [1757085782.392223898] [transformPoseInTargetFrame]: Extrapolation Error looking up target frame: Lookup would require extrapolation into the past.  Requested time 1757085744.628437 but the earliest data is at time 1757085772.271570, when looking up transform from frame [base_link] to frame [map]
[bt_navigator-6] 
[bt_navigator-6] [WARN] [1757085782.392409295] [BehaviorTreeEngine]: Behavior Tree tick rate 100.00 was exceeded!
[explore-10] [ERROR] [1757085782.415646463] [explore_node]: Extrapolation Error looking up robot pose: Lookup would require extrapolation into the future.  Requested time 1757085782.112153 but the latest data is at time 1757085744.628437, when looking up transform from frame [base_link] to frame [map]
[explore-10] 
[bt_navigator-6] [ERROR] [1757085782.493589576] [transformPoseInTargetFrame]: Extrapolation Error looking up target frame: Lookup would require extrapolation into the past.  Requested time 1757085744.628437 but the earliest data is at time 1757085772.420686, when looking up transform from frame [base_link] to frame [map]
[bt_navigator-6] 
[bt_navigator-6] [WARN] [1757085782.493776819] [BehaviorTreeEngine]: Behavior Tree tick rate 100.00 was exceeded!
[bt_navigator-6] [ERROR] [1757085782.595240667] [transformPoseInTargetFrame]: Extrapolation Error looking up target frame: Lookup would require extrapolation into the past.  Requested time 1757085744.628437 but the earliest data is at time 1757085772.520686, when looking up transform from frame [base_link] to frame [map]
[bt_navigator-6] 
[bt_navigator-6] [WARN] [1757085782.595399545] [BehaviorTreeEngine]: Behavior Tree tick rate 100.00 was exceeded!
[bt_navigator-6] [ERROR] [1757085782.696530989] [transformPoseInTargetFrame]: Extrapolation Error looking up target frame: Lookup would require extrapolation into the past.  Requested time 1757085744.628437 but the earliest data is at time 1757085772.620725, when looking up transform from frame [base_link] to frame [map]
[bt_navigator-6] 
[bt_navigator-6] [WARN] [1757085782.696704704] [BehaviorTreeEngine]: Behavior Tree tick rate 100.00 was exceeded!
[bt_navigator-6] [ERROR] [1757085782.798424042] [transformPoseInTargetFrame]: Extrapolation Error looking up target frame: Lookup would require extrapolation into the past.  Requested time 1757085744.628437 but the earliest data is at time 1757085772.720726, when looking up transform from frame [base_link] to frame [map]
[bt_navigator-6] 
[bt_navigator-6] [WARN] [1757085782.798638681] [BehaviorTreeEngine]: Behavior Tree tick rate 100.00 was exceeded!
[bt_navigator-6] [ERROR] [1757085782.900073796] [transformPoseInTargetFrame]: Extrapolation Error looking up target frame: Lookup would require extrapolation into the past.  Requested time 1757085744.628437 but the earliest data is at time 1757085772.820792, when looking up transform from frame [base_link] to frame [map]
[bt_navigator-6] 
[bt_navigator-6] [WARN] [1757085782.900252377] [BehaviorTreeEngine]: Behavior Tree tick rate 100.00 was exceeded!
[bt_navigator-6] [ERROR] [1757085783.001696197] [transformPoseInTargetFrame]: Extrapolation Error looking up target frame: Lookup would require extrapolation into the past.  Requested time 1757085744.628437 but the earliest data is at time 1757085772.870799, when looking up transform from frame [base_link] to frame [map]
[bt_navigator-6] 
[bt_navigator-6] [WARN] [1757085783.001979060] [BehaviorTreeEngine]: Behavior Tree tick rate 100.00 was exceeded!
[bt_navigator-6] [ERROR] [1757085783.103380307] [transformPoseInTargetFrame]: Extrapolation Error looking up target frame: Lookup would require extrapolation into the past.  Requested time 1757085744.628437 but the earliest data is at time 1757085772.970694, when looking up transform from frame [base_link] to frame [map]
[bt_navigator-6] 
[bt_navigator-6] [WARN] [1757085783.103491602] [BehaviorTreeEngine]: Behavior Tree tick rate 100.00 was exceeded!
[planner_server-4] [ERROR] [1757085783.119631547] [transformPoseInTargetFrame]: Extrapolation Error looking up target frame: Lookup would require extrapolation into the past.  Requested time 1757085744.628437 but the earliest data is at time 1757085773.020696, when looking up transform from frame [base_link] to frame [map]
[planner_server-4] 
[bt_navigator-6] [ERROR] [1757085783.204590138] [transformPoseInTargetFrame]: Extrapolation Error looking up target frame: Lookup would require extrapolation into the past.  Requested time 1757085744.628437 but the earliest data is at time 1757085773.070771, when looking up transform from frame [base_link] to frame [map]
[bt_navigator-6] 
[bt_navigator-6] [WARN] [1757085783.204779108] [BehaviorTreeEngine]: Behavior Tree tick rate 100.00 was exceeded!
[bt_navigator-6] [ERROR] [1757085783.306173076] [transformPoseInTargetFrame]: Extrapolation Error looking up target frame: Lookup would require extrapolation into the past.  Requested time 1757085744.628437 but the earliest data is at time 1757085773.220680, when looking up transform from frame [base_link] to frame [map]
[bt_navigator-6] 
[bt_navigator-6] [WARN] [1757085783.306396764] [BehaviorTreeEngine]: Behavior Tree tick rate 100.00 was