[INFO] [launch]: All log files can be found below /home/robot/.ros/log/2025-09-02-18-21-41-772214-robot-pc04-10261
[INFO] [launch]: Default logging verbosity is set to INFO
[INFO] [async_slam_toolbox_node-1]: process started with pid [10274]
[INFO] [controller_server-2]: process started with pid [10276]
[INFO] [smoother_server-3]: process started with pid [10278]
[INFO] [planner_server-4]: process started with pid [10280]
[INFO] [behavior_server-5]: process started with pid [10282]
[INFO] [bt_navigator-6]: process started with pid [10284]
[INFO] [waypoint_follower-7]: process started with pid [10286]
[INFO] [velocity_smoother-8]: process started with pid [10288]
[INFO] [lifecycle_manager-9]: process started with pid [10290]
[INFO] [explore-10]: process started with pid [10292]
[INFO] [rviz2-11]: process started with pid [10294]
[velocity_smoother-8] [INFO] [1756830101.882710603] [velocity_smoother]: 
[velocity_smoother-8] 	velocity_smoother lifecycle node launched. 
[velocity_smoother-8] 	Waiting on external lifecycle transitions to activate
[velocity_smoother-8] 	See https://design.ros2.org/articles/node_lifecycle.html for more information.
[smoother_server-3] [INFO] [1756830101.883238439] [smoother_server]: 
[smoother_server-3] 	smoother_server lifecycle node launched. 
[smoother_server-3] 	Waiting on external lifecycle transitions to activate
[smoother_server-3] 	See https://design.ros2.org/articles/node_lifecycle.html for more information.
[smoother_server-3] [INFO] [1756830101.883974690] [smoother_server]: Creating smoother server
[behavior_server-5] [INFO] [1756830101.884103217] [behavior_server]: 
[behavior_server-5] 	behavior_server lifecycle node launched. 
[behavior_server-5] 	Waiting on external lifecycle transitions to activate
[behavior_server-5] 	See https://design.ros2.org/articles/node_lifecycle.html for more information.
[lifecycle_manager-9] [INFO] [1756830101.884869229] [lifecycle_manager_navigation]: Creating
[async_slam_toolbox_node-1] [INFO] [1756830101.885088368] [slam]: Node using stack size 40000000
[bt_navigator-6] [INFO] [1756830101.887320212] [bt_navigator]: 
[bt_navigator-6] 	bt_navigator lifecycle node launched. 
[bt_navigator-6] 	Waiting on external lifecycle transitions to activate
[bt_navigator-6] 	See https://design.ros2.org/articles/node_lifecycle.html for more information.
[waypoint_follower-7] [INFO] [1756830101.887376302] [waypoint_follower]: 
[waypoint_follower-7] 	waypoint_follower lifecycle node launched. 
[waypoint_follower-7] 	Waiting on external lifecycle transitions to activate
[waypoint_follower-7] 	See https://design.ros2.org/articles/node_lifecycle.html for more information.
[bt_navigator-6] [INFO] [1756830101.887400039] [bt_navigator]: Creating
[waypoint_follower-7] [INFO] [1756830101.887646405] [waypoint_follower]: Creating
[lifecycle_manager-9] [INFO] [1756830101.888077139] [lifecycle_manager_navigation]: [34m[1mCreating and initializing lifecycle service clients[0m[0m
[planner_server-4] [INFO] [1756830101.888947278] [planner_server]: 
[planner_server-4] 	planner_server lifecycle node launched. 
[planner_server-4] 	Waiting on external lifecycle transitions to activate
[planner_server-4] 	See https://design.ros2.org/articles/node_lifecycle.html for more information.
[planner_server-4] [INFO] [1756830101.890380365] [planner_server]: Creating
[explore-10] [INFO] [1756830101.891348526] [explore_node]: Waiting for costmap to become available, topic: map
[controller_server-2] [INFO] [1756830101.893623509] [controller_server]: 
[controller_server-2] 	controller_server lifecycle node launched. 
[controller_server-2] 	Waiting on external lifecycle transitions to activate
[controller_server-2] 	See https://design.ros2.org/articles/node_lifecycle.html for more information.
[async_slam_toolbox_node-1] [INFO] [1756830101.897335162] [slam]: Using solver plugin solver_plugins::CeresSolver
[async_slam_toolbox_node-1] [INFO] [1756830101.897403410] [slam]: CeresSolver: Using SCHUR_JACOBI preconditioner.
[controller_server-2] [INFO] [1756830101.898624923] [controller_server]: Creating controller server
[planner_server-4] [INFO] [1756830101.901049659] [global_costmap.global_costmap]: 
[planner_server-4] 	global_costmap lifecycle node launched. 
[planner_server-4] 	Waiting on external lifecycle transitions to activate
[planner_server-4] 	See https://design.ros2.org/articles/node_lifecycle.html for more information.
[planner_server-4] [INFO] [1756830101.901393951] [global_costmap.global_costmap]: Creating Costmap
[controller_server-2] [INFO] [1756830101.904740235] [local_costmap.local_costmap]: 
[controller_server-2] 	local_costmap lifecycle node launched. 
[controller_server-2] 	Waiting on external lifecycle transitions to activate
[controller_server-2] 	See https://design.ros2.org/articles/node_lifecycle.html for more information.
[controller_server-2] [INFO] [1756830101.905109684] [local_costmap.local_costmap]: Creating Costmap
[lifecycle_manager-9] [INFO] [1756830101.998957310] [lifecycle_manager_navigation]: [34m[1mStarting managed nodes bringup...[0m[0m
[lifecycle_manager-9] [INFO] [1756830101.998987759] [lifecycle_manager_navigation]: [34m[1mConfiguring controller_server[0m[0m
[controller_server-2] [INFO] [1756830101.999148244] [controller_server]: Configuring controller interface
[controller_server-2] [INFO] [1756830101.999225314] [controller_server]: getting goal checker plugins..
[controller_server-2] [INFO] [1756830101.999286417] [controller_server]: Controller frequency set to 10.0000Hz
[controller_server-2] [INFO] [1756830101.999308424] [local_costmap.local_costmap]: Configuring
[controller_server-2] [INFO] [1756830102.001081756] [local_costmap.local_costmap]: Using plugin "static_layer"
[controller_server-2] [INFO] [1756830102.002502254] [local_costmap.local_costmap]: Subscribing to the map topic (/map) with transient local durability
[controller_server-2] [INFO] [1756830102.002917269] [local_costmap.local_costmap]: Initialized plugin "static_layer"
[controller_server-2] [INFO] [1756830102.002927265] [local_costmap.local_costmap]: Using plugin "obstacle_layer"
[controller_server-2] [INFO] [1756830102.003079608] [local_costmap.local_costmap]: Subscribed to Topics: scan
[controller_server-2] [INFO] [1756830102.004414052] [local_costmap.local_costmap]: Initialized plugin "obstacle_layer"
[controller_server-2] [INFO] [1756830102.004424231] [local_costmap.local_costmap]: Using plugin "inflation_layer"
[controller_server-2] [INFO] [1756830102.004829196] [local_costmap.local_costmap]: Initialized plugin "inflation_layer"
[controller_server-2] [INFO] [1756830102.007760005] [controller_server]: Created progress_checker : progress_checker of type nav2_controller::SimpleProgressChecker
[controller_server-2] [INFO] [1756830102.008116744] [controller_server]: Created goal checker : goal_checker of type nav2_controller::SimpleGoalChecker
[controller_server-2] [INFO] [1756830102.008199843] [controller_server]: Controller Server has goal_checker  goal checkers available.
[controller_server-2] [INFO] [1756830102.008491276] [controller_server]: Created controller : FollowPath of type nav2_regulated_pure_pursuit_controller::RegulatedPurePursuitController
[controller_server-2] [INFO] [1756830102.010122373] [controller_server]: Controller Server has FollowPath  controllers available.
[lifecycle_manager-9] [INFO] [1756830102.012532019] [lifecycle_manager_navigation]: [34m[1mConfiguring smoother_server[0m[0m
[smoother_server-3] [INFO] [1756830102.012626654] [smoother_server]: Configuring smoother server
[smoother_server-3] [INFO] [1756830102.015605535] [smoother_server]: Created smoother : simple_smoother of type nav2_smoother::SimpleSmoother
[smoother_server-3] [INFO] [1756830102.015726328] [smoother_server]: Smoother Server has simple_smoother  smoothers available.
[lifecycle_manager-9] [INFO] [1756830102.017171840] [lifecycle_manager_navigation]: [34m[1mConfiguring planner_server[0m[0m
[planner_server-4] [INFO] [1756830102.017289631] [planner_server]: Configuring
[planner_server-4] [INFO] [1756830102.017322585] [global_costmap.global_costmap]: Configuring
[planner_server-4] [INFO] [1756830102.020248653] [global_costmap.global_costmap]: Using plugin "static_layer"
[planner_server-4] [INFO] [1756830102.022956756] [global_costmap.global_costmap]: Subscribing to the map topic (/map) with transient local durability
[planner_server-4] [INFO] [1756830102.023987879] [global_costmap.global_costmap]: Initialized plugin "static_layer"
[planner_server-4] [INFO] [1756830102.024002890] [global_costmap.global_costmap]: Using plugin "obstacle_layer"
[planner_server-4] [INFO] [1756830102.024187153] [global_costmap.global_costmap]: Subscribed to Topics: scan
[planner_server-4] [INFO] [1756830102.025718533] [global_costmap.global_costmap]: Initialized plugin "obstacle_layer"
[planner_server-4] [INFO] [1756830102.025733475] [global_costmap.global_costmap]: Using plugin "inflation_layer"
[planner_server-4] [INFO] [1756830102.026140404] [global_costmap.global_costmap]: Initialized plugin "inflation_layer"
[planner_server-4] [INFO] [1756830102.030803188] [planner_server]: Created global planner plugin GridBased of type nav2_navfn_planner/NavfnPlanner
[planner_server-4] [INFO] [1756830102.030823319] [planner_server]: Configuring plugin GridBased of type NavfnPlanner
[planner_server-4] [INFO] [1756830102.030973687] [planner_server]: Planner Server has GridBased  planners available.
[lifecycle_manager-9] [INFO] [1756830102.034408154] [lifecycle_manager_navigation]: [34m[1mConfiguring behavior_server[0m[0m
[behavior_server-5] [INFO] [1756830102.034577809] [behavior_server]: Configuring
[behavior_server-5] [INFO] [1756830102.039433447] [behavior_server]: Creating behavior plugin spin of type nav2_behaviors/Spin
[behavior_server-5] [INFO] [1756830102.039974034] [behavior_server]: Configuring spin
[behavior_server-5] [INFO] [1756830102.042596030] [behavior_server]: Creating behavior plugin backup of type nav2_behaviors/BackUp
[behavior_server-5] [INFO] [1756830102.043088033] [behavior_server]: Configuring backup
[behavior_server-5] [INFO] [1756830102.045136060] [behavior_server]: Creating behavior plugin drive_on_heading of type nav2_behaviors/DriveOnHeading
[behavior_server-5] [INFO] [1756830102.045621123] [behavior_server]: Configuring drive_on_heading
[behavior_server-5] [INFO] [1756830102.047434831] [behavior_server]: Creating behavior plugin wait of type nav2_behaviors/Wait
[behavior_server-5] [INFO] [1756830102.047787766] [behavior_server]: Configuring wait
[behavior_server-5] [INFO] [1756830102.048813091] [behavior_server]: Creating behavior plugin assisted_teleop of type nav2_behaviors/AssistedTeleop
[behavior_server-5] [INFO] [1756830102.049502828] [behavior_server]: Configuring assisted_teleop
[lifecycle_manager-9] [INFO] [1756830102.051019951] [lifecycle_manager_navigation]: [34m[1mConfiguring bt_navigator[0m[0m
[bt_navigator-6] [INFO] [1756830102.051115293] [bt_navigator]: Configuring
[lifecycle_manager-9] [INFO] [1756830102.066200292] [lifecycle_manager_navigation]: [34m[1mConfiguring waypoint_follower[0m[0m
[waypoint_follower-7] [INFO] [1756830102.066316058] [waypoint_follower]: Configuring
[waypoint_follower-7] [INFO] [1756830102.070437442] [waypoint_follower]: Created waypoint_task_executor : wait_at_waypoint of type nav2_waypoint_follower::WaitAtWaypoint
[lifecycle_manager-9] [INFO] [1756830102.070816613] [lifecycle_manager_navigation]: [34m[1mConfiguring velocity_smoother[0m[0m
[velocity_smoother-8] [INFO] [1756830102.070998826] [velocity_smoother]: Configuring velocity smoother
[lifecycle_manager-9] [INFO] [1756830102.072174104] [lifecycle_manager_navigation]: [34m[1mActivating controller_server[0m[0m
[controller_server-2] [INFO] [1756830102.072297634] [controller_server]: Activating
[controller_server-2] [INFO] [1756830102.072330548] [local_costmap.local_costmap]: Activating
[controller_server-2] [INFO] [1756830102.072345408] [local_costmap.local_costmap]: Checking transform
[controller_server-2] [INFO] [1756830102.072368209] [local_costmap.local_costmap]: Timed out waiting for transform from base_link to odom to become available, tf error: Invalid frame ID "odom" passed to canTransform argument target_frame - frame does not exist
[rviz2-11] [INFO] [1756830102.263328476] [rviz2]: Stereo is NOT SUPPORTED
[rviz2-11] [INFO] [1756830102.263384472] [rviz2]: OpenGl version: 4.6 (GLSL 4.6)
[rviz2-11] [INFO] [1756830102.286899563] [rviz2]: Stereo is NOT SUPPORTED
[controller_server-2] [INFO] [1756830102.572460542] [local_costmap.local_costmap]: Timed out waiting for transform from base_link to odom to become available, tf error: Invalid frame ID "odom" passed to canTransform argument target_frame - frame does not exist
[controller_server-2] [INFO] [1756830103.072465938] [local_costmap.local_costmap]: Timed out waiting for transform from base_link to odom to become available, tf error: Invalid frame ID "odom" passed to canTransform argument target_frame - frame does not exist
[controller_server-2] [INFO] [1756830103.572451756] [local_costmap.local_costmap]: Timed out waiting for transform from base_link to odom to become available, tf error: Invalid frame ID "odom" passed to canTransform argument target_frame - frame does not exist
[controller_server-2] [INFO] [1756830104.072420018] [local_costmap.local_costmap]: Timed out waiting for transform from base_link to odom to become available, tf error: Invalid frame ID "odom" passed to canTransform argument target_frame - frame does not exist
[controller_server-2] [INFO] [1756830104.572449815] [local_costmap.local_costmap]: Timed out waiting for transform from base_link to odom to become available, tf error: Invalid frame ID "odom" passed to canTransform argument target_frame - frame does not exist
[controller_server-2] [INFO] [1756830105.072449558] [local_costmap.local_costmap]: Timed out waiting for transform from base_link to odom to become available, tf error: Invalid frame ID "odom" passed to canTransform argument target_frame - frame does not exist
[controller_server-2] [INFO] [1756830105.572442800] [local_costmap.local_costmap]: Timed out waiting for transform from base_link to odom to become available, tf error: Invalid frame ID "odom" passed to canTransform argument target_frame - frame does not exist
[async_slam_toolbox_node-1] [WARN] [1756830105.967271170] [slam]: minimum laser range setting (0.0 m) exceeds the capabilities of the used Lidar (0.1 m)
[controller_server-2] [INFO] [1756830106.072667142] [local_costmap.local_costmap]: start
[rviz2-11] [INFO] [1756830106.285794933] [rviz2]: Trying to create a map of size 100 x 100 using 1 swatches
[controller_server-2] [INFO] [1756830106.324319450] [controller_server]: Activating controller: FollowPath of type regulated_pure_pursuit_controller::RegulatedPurePursuitController
[controller_server-2] [INFO] [1756830106.324437724] [controller_server]: Creating bond (controller_server) to lifecycle manager.
[lifecycle_manager-9] [INFO] [1756830106.433371909] [lifecycle_manager_navigation]: Server controller_server connected with bond.
[lifecycle_manager-9] [INFO] [1756830106.433479708] [lifecycle_manager_navigation]: [34m[1mActivating smoother_server[0m[0m
[smoother_server-3] [INFO] [1756830106.434226809] [smoother_server]: Activating
[smoother_server-3] [INFO] [1756830106.434330427] [smoother_server]: Creating bond (smoother_server) to lifecycle manager.
[lifecycle_manager-9] [INFO] [1756830106.541563172] [lifecycle_manager_navigation]: Server smoother_server connected with bond.
[lifecycle_manager-9] [INFO] [1756830106.541668007] [lifecycle_manager_navigation]: [34m[1mActivating planner_server[0m[0m
[planner_server-4] [INFO] [1756830106.542282871] [planner_server]: Activating
[planner_server-4] [INFO] [1756830106.542371882] [global_costmap.global_costmap]: Activating
[planner_server-4] [INFO] [1756830106.542399137] [global_costmap.global_costmap]: Checking transform
[planner_server-4] [INFO] [1756830106.542568265] [global_costmap.global_costmap]: start
[rviz2-11] [INFO] [1756830107.566247667] [rviz2]: Trying to create a map of size 100 x 100 using 1 swatches
[planner_server-4] [INFO] [1756830107.593976449] [planner_server]: Activating plugin GridBased of type NavfnPlanner
[planner_server-4] [INFO] [1756830107.595936385] [planner_server]: Creating bond (planner_server) to lifecycle manager.
[lifecycle_manager-9] [INFO] [1756830107.703099307] [lifecycle_manager_navigation]: Server planner_server connected with bond.
[lifecycle_manager-9] [INFO] [1756830107.703199584] [lifecycle_manager_navigation]: [34m[1mActivating behavior_server[0m[0m
[behavior_server-5] [INFO] [1756830107.703865703] [behavior_server]: Activating
[behavior_server-5] [INFO] [1756830107.703928631] [behavior_server]: Activating spin
[behavior_server-5] [INFO] [1756830107.703953402] [behavior_server]: Activating backup
[behavior_server-5] [INFO] [1756830107.703970630] [behavior_server]: Activating drive_on_heading
[behavior_server-5] [INFO] [1756830107.703986481] [behavior_server]: Activating wait
[behavior_server-5] [INFO] [1756830107.704001315] [behavior_server]: Activating assisted_teleop
[behavior_server-5] [INFO] [1756830107.704024056] [behavior_server]: Creating bond (behavior_server) to lifecycle manager.
[lifecycle_manager-9] [INFO] [1756830107.812032730] [lifecycle_manager_navigation]: Server behavior_server connected with bond.
[lifecycle_manager-9] [INFO] [1756830107.812134528] [lifecycle_manager_navigation]: [34m[1mActivating bt_navigator[0m[0m
[bt_navigator-6] [INFO] [1756830107.812812267] [bt_navigator]: Activating
[bt_navigator-6] [INFO] [1756830107.848872808] [bt_navigator]: Creating bond (bt_navigator) to lifecycle manager.
[controller_server-2] [INFO] [1756830107.901989568] [local_costmap.local_costmap]: StaticLayer: Resizing static layer to 65 X 58 at 0.040000 m/pix
[planner_server-4] [INFO] [1756830107.902034280] [global_costmap.global_costmap]: StaticLayer: Resizing costmap to 65 X 58 at 0.040000 m/pix
[rviz2-11] [INFO] [1756830107.917486791] [rviz2]: Trying to create a map of size 65 x 58 using 1 swatches
[lifecycle_manager-9] [INFO] [1756830107.950571528] [lifecycle_manager_navigation]: Server bt_navigator connected with bond.
[lifecycle_manager-9] [INFO] [1756830107.950662037] [lifecycle_manager_navigation]: [34m[1mActivating waypoint_follower[0m[0m
[waypoint_follower-7] [INFO] [1756830107.951285249] [waypoint_follower]: Activating
[waypoint_follower-7] [INFO] [1756830107.951360429] [waypoint_follower]: Creating bond (waypoint_follower) to lifecycle manager.
[lifecycle_manager-9] [INFO] [1756830108.059324492] [lifecycle_manager_navigation]: Server waypoint_follower connected with bond.
[lifecycle_manager-9] [INFO] [1756830108.059428990] [lifecycle_manager_navigation]: [34m[1mActivating velocity_smoother[0m[0m
[velocity_smoother-8] [INFO] [1756830108.060042337] [velocity_smoother]: Activating
[velocity_smoother-8] [INFO] [1756830108.060218777] [velocity_smoother]: Creating bond (velocity_smoother) to lifecycle manager.
[lifecycle_manager-9] [INFO] [1756830108.169178500] [lifecycle_manager_navigation]: Server velocity_smoother connected with bond.
[lifecycle_manager-9] [INFO] [1756830108.169267143] [lifecycle_manager_navigation]: [34m[1mManaged nodes are active[0m[0m
[lifecycle_manager-9] [INFO] [1756830108.169294188] [lifecycle_manager_navigation]: [34m[1mCreating bond timer...[0m[0m
[rviz2-11] [INFO] [1756830108.557123391] [rviz2]: Trying to create a map of size 65 x 58 using 1 swatches
[explore-10] [INFO] [1756830109.916938477] [explore_node]: Waiting to connect to move_base nav2 server
[explore-10] [INFO] [1756830109.917363696] [explore_node]: Connected to move_base nav2 server
[explore-10] [INFO] [1756830109.917393943] [explore_node]: Getting initial pose of the robot
[bt_navigator-6] [INFO] [1756830109.953676452] [bt_navigator]: Begin navigating from current location (0.14, 0.15) to (-0.64, -0.88)
[controller_server-2] [INFO] [1756830109.974195300] [controller_server]: Received a goal, begin computing control effort.
[controller_server-2] [WARN] [1756830109.974232080] [controller_server]: No goal checker was specified in parameter 'current_goal_checker'. Server will use only plugin loaded goal_checker . This warning will appear once.
[controller_server-2] [INFO] [1756830111.074322773] [controller_server]: Passing new path to controller.
[controller_server-2] [INFO] [1756830112.074335561] [controller_server]: Passing new path to controller.
[controller_server-2] [INFO] [1756830113.074328362] [controller_server]: Passing new path to controller.
[rviz2-11] [INFO] [1756830113.934044118] [rviz2]: Trying to create a map of size 99 x 127 using 1 swatches
[controller_server-2] [INFO] [1756830114.072849160] [local_costmap.local_costmap]: StaticLayer: Resizing static layer to 99 X 127 at 0.040000 m/pix
[controller_server-2] [INFO] [1756830114.174342719] [controller_server]: Passing new path to controller.
[planner_server-4] [INFO] [1756830114.542831392] [global_costmap.global_costmap]: StaticLayer: Resizing costmap to 99 X 127 at 0.040000 m/pix
[rviz2-11] [INFO] [1756830114.575308815] [rviz2]: Trying to create a map of size 99 x 127 using 1 swatches
[controller_server-2] [INFO] [1756830115.174330168] [controller_server]: Passing new path to controller.
[rviz2-11] [ERROR] [1756830115.438549593] [rviz2]: Lookup would require extrapolation into the future.  Requested time 1756830115.411917 but the latest data is at time 1756830115.380327, when looking up transform from frame [laser] to frame [map]
[controller_server-2] [INFO] [1756830116.174329606] [controller_server]: Passing new path to controller.
[bt_navigator-6] [INFO] [1756830116.664016038] [bt_navigator]: Received goal preemption request
[bt_navigator-6] [INFO] [1756830116.664376880] [bt_navigator]: Begin navigating from current location (-0.65, -0.83) to (1.75, -2.42)
[controller_server-2] [INFO] [1756830117.274308474] [controller_server]: Passing new path to controller.
[rviz2-11] [INFO] [1756830117.938249036] [rviz2]: Trying to create a map of size 102 x 133 using 1 swatches
[controller_server-2] [ERROR] [1756830117.976220552] [controller_server]: Exception in transformPose: Lookup would require extrapolation into the future.  Requested time 1756830117.827692 but the latest data is at time 1756830117.728261, when looking up transform from frame [odom] to frame [map]
[controller_server-2] [WARN] [1756830117.976275813] [controller_server]: Unable to transform robot pose into global plan's frame
[controller_server-2] [WARN] [1756830117.976335004] [controller_server]: Control loop missed its desired rate of 10.0000Hz
[controller_server-2] [ERROR] [1756830118.077309006] [controller_server]: Exception in transformPose: Lookup would require extrapolation into the future.  Requested time 1756830117.967383 but the latest data is at time 1756830117.728261, when looking up transform from frame [odom] to frame [map]
[controller_server-2] [WARN] [1756830118.077401199] [controller_server]: Unable to transform robot pose into global plan's frame
[controller_server-2] [INFO] [1756830118.077413145] [local_costmap.local_costmap]: StaticLayer: Resizing static layer to 102 X 133 at 0.040000 m/pix
[controller_server-2] [WARN] [1756830118.077541414] [controller_server]: Control loop missed its desired rate of 10.0000Hz
[controller_server-2] [ERROR] [1756830118.180403224] [controller_server]: Exception in transformPose: Lookup would require extrapolation into the future.  Requested time 1756830118.017750 but the latest data is at time 1756830117.728261, when looking up transform from frame [odom] to frame [map]
[controller_server-2] [WARN] [1756830118.180437695] [controller_server]: Unable to transform robot pose into global plan's frame
[controller_server-2] [WARN] [1756830118.180480448] [controller_server]: Control loop missed its desired rate of 10.0000Hz
[controller_server-2] [INFO] [1756830118.274310072] [controller_server]: Passing new path to controller.
[planner_server-4] [INFO] [1756830118.542754713] [global_costmap.global_costmap]: StaticLayer: Resizing costmap to 102 X 133 at 0.040000 m/pix
[rviz2-11] [INFO] [1756830118.572245313] [rviz2]: Trying to create a map of size 102 x 133 using 1 swatches
[controller_server-2] [INFO] [1756830119.274421948] [controller_server]: Passing new path to controller.
[rviz2-11] [INFO] [1756830119.921598030] [rviz2]: Trying to create a map of size 105 x 133 using 1 swatches
[controller_server-2] [INFO] [1756830120.072861427] [local_costmap.local_costmap]: StaticLayer: Resizing static layer to 105 X 133 at 0.040000 m/pix
[controller_server-2] [INFO] [1756830120.274328494] [controller_server]: Passing new path to controller.
[planner_server-4] [INFO] [1756830120.542897558] [global_costmap.global_costmap]: StaticLayer: Resizing costmap to 105 X 133 at 0.040000 m/pix
[rviz2-11] [INFO] [1756830120.560677967] [rviz2]: Trying to create a map of size 105 x 133 using 1 swatches
[controller_server-2] [INFO] [1756830121.374381171] [controller_server]: Passing new path to controller.
[rviz2-11] [INFO] [1756830121.935588579] [rviz2]: Trying to create a map of size 112 x 133 using 1 swatches
[controller_server-2] [INFO] [1756830122.072824269] [local_costmap.local_costmap]: StaticLayer: Resizing static layer to 112 X 133 at 0.040000 m/pix
[controller_server-2] [INFO] [1756830122.374350188] [controller_server]: Passing new path to controller.
[planner_server-4] [INFO] [1756830122.542797778] [global_costmap.global_costmap]: StaticLayer: Resizing costmap to 112 X 133 at 0.040000 m/pix
[rviz2-11] [INFO] [1756830122.575886666] [rviz2]: Trying to create a map of size 112 x 133 using 1 swatches
[bt_navigator-6] [INFO] [1756830123.313962630] [bt_navigator]: Received goal preemption request
[bt_navigator-6] [INFO] [1756830123.314224691] [bt_navigator]: Begin navigating from current location (1.07, -1.59) to (1.18, -0.65)
[controller_server-2] [INFO] [1756830123.374336472] [controller_server]: Passing new path to controller.
[rviz2-11] [INFO] [1756830123.919539794] [rviz2]: Trying to create a map of size 113 x 133 using 1 swatches
[controller_server-2] [INFO] [1756830124.072827320] [local_costmap.local_costmap]: StaticLayer: Resizing static layer to 113 X 133 at 0.040000 m/pix
[controller_server-2] [INFO] [1756830124.474336299] [controller_server]: Passing new path to controller.
[planner_server-4] [INFO] [1756830124.542826616] [global_costmap.global_costmap]: StaticLayer: Resizing costmap to 113 X 133 at 0.040000 m/pix
[rviz2-11] [INFO] [1756830124.561508574] [rviz2]: Trying to create a map of size 113 x 133 using 1 swatches
[controller_server-2] [ERROR] [1756830124.576537263] [controller_server]: Exception in transformPose: Lookup would require extrapolation into the future.  Requested time 1756830124.367396 but the latest data is at time 1756830124.315322, when looking up transform from frame [odom] to frame [map]
[controller_server-2] [WARN] [1756830124.576650822] [controller_server]: Unable to transform robot pose into global plan's frame
[controller_server-2] [WARN] [1756830124.576831785] [controller_server]: Control loop missed its desired rate of 10.0000Hz
[controller_server-2] [INFO] [1756830125.474331021] [controller_server]: Passing new path to controller.
[controller_server-2] [INFO] [1756830126.474332494] [controller_server]: Passing new path to controller.
[controller_server-2] [WARN] [1756830127.275975237] [controller_server]: RegulatedPurePursuitController detected collision ahead!
[controller_server-2] [INFO] [1756830127.474339652] [controller_server]: Passing new path to controller.
[controller_server-2] [WARN] [1756830127.475845809] [controller_server]: RegulatedPurePursuitController detected collision ahead!
[controller_server-2] [WARN] [1756830127.574577042] [controller_server]: RegulatedPurePursuitController detected collision ahead!
[controller_server-2] [WARN] [1756830127.674575716] [controller_server]: RegulatedPurePursuitController detected collision ahead!
[controller_server-2] [WARN] [1756830127.774623884] [controller_server]: RegulatedPurePursuitController detected collision ahead!
[controller_server-2] [WARN] [1756830127.875742908] [controller_server]: RegulatedPurePursuitController detected collision ahead!
[controller_server-2] [WARN] [1756830127.974815551] [controller_server]: RegulatedPurePursuitController detected collision ahead!
[controller_server-2] [WARN] [1756830128.075854503] [controller_server]: RegulatedPurePursuitController detected collision ahead!
[controller_server-2] [WARN] [1756830128.174832103] [controller_server]: RegulatedPurePursuitController detected collision ahead!
[controller_server-2] [WARN] [1756830128.275956482] [controller_server]: RegulatedPurePursuitController detected collision ahead!
[controller_server-2] [WARN] [1756830128.374818489] [controller_server]: RegulatedPurePursuitController detected collision ahead!
[controller_server-2] [WARN] [1756830128.475865400] [controller_server]: RegulatedPurePursuitController detected collision ahead!
[controller_server-2] [INFO] [1756830128.574329140] [controller_server]: Passing new path to controller.
[controller_server-2] [WARN] [1756830128.575008957] [controller_server]: RegulatedPurePursuitController detected collision ahead!
[controller_server-2] [WARN] [1756830128.675911170] [controller_server]: RegulatedPurePursuitController detected collision ahead!
[controller_server-2] [WARN] [1756830128.774794157] [controller_server]: RegulatedPurePursuitController detected collision ahead!
[controller_server-2] [WARN] [1756830128.875772036] [controller_server]: RegulatedPurePursuitController detected collision ahead!
[controller_server-2] [WARN] [1756830128.974835351] [controller_server]: RegulatedPurePursuitController detected collision ahead!
[controller_server-2] [WARN] [1756830129.075868583] [controller_server]: RegulatedPurePursuitController detected collision ahead!
[controller_server-2] [WARN] [1756830129.174864168] [controller_server]: RegulatedPurePursuitController detected collision ahead!
[controller_server-2] [WARN] [1756830129.275747963] [controller_server]: RegulatedPurePursuitController detected collision ahead!
[controller_server-2] [WARN] [1756830129.374913320] [controller_server]: RegulatedPurePursuitController detected collision ahead!
[controller_server-2] [ERROR] [1756830129.375027939] [controller_server]: Controller patience exceeded
[controller_server-2] [WARN] [1756830129.375128977] [controller_server]: [follow_path] [ActionServer] Aborting handle.
[controller_server-2] [INFO] [1756830129.394431022] [local_costmap.local_costmap]: Received request to clear entirely the local_costmap
[controller_server-2] [INFO] [1756830129.397008115] [controller_server]: Received a goal, begin computing control effort.
[controller_server-2] [WARN] [1756830129.477664066] [controller_server]: RegulatedPurePursuitController detected collision ahead!
[controller_server-2] [WARN] [1756830129.497510924] [controller_server]: RegulatedPurePursuitController detected collision ahead!
[controller_server-2] [INFO] [1756830129.597180924] [controller_server]: Passing new path to controller.
[controller_server-2] [WARN] [1756830129.597890556] [controller_server]: RegulatedPurePursuitController detected collision ahead!
[controller_server-2] [WARN] [1756830129.697673777] [controller_server]: RegulatedPurePursuitController detected collision ahead!
[controller_server-2] [WARN] [1756830129.797654910] [controller_server]: RegulatedPurePursuitController detected collision ahead!
[controller_server-2] [WARN] [1756830129.897668317] [controller_server]: RegulatedPurePursuitController detected collision ahead!
[bt_navigator-6] [INFO] [1756830129.963953795] [bt_navigator]: Received goal preemption request
[bt_navigator-6] [INFO] [1756830129.964214399] [bt_navigator]: Begin navigating from current location (1.14, -1.47) to (1.24, -0.50)
[controller_server-2] [WARN] [1756830129.997666989] [controller_server]: RegulatedPurePursuitController detected collision ahead!
[controller_server-2] [WARN] [1756830130.097741710] [controller_server]: RegulatedPurePursuitController detected collision ahead!
[controller_server-2] [WARN] [1756830130.197751812] [controller_server]: RegulatedPurePursuitController detected collision ahead!
[controller_server-2] [WARN] [1756830130.297691306] [controller_server]: RegulatedPurePursuitController detected collision ahead!
[controller_server-2] [WARN] [1756830130.397754648] [controller_server]: RegulatedPurePursuitController detected collision ahead!
[controller_server-2] [WARN] [1756830130.497740565] [controller_server]: RegulatedPurePursuitController detected collision ahead!
[controller_server-2] [INFO] [1756830130.597185321] [controller_server]: Passing new path to controller.
[controller_server-2] [WARN] [1756830130.598139041] [controller_server]: RegulatedPurePursuitController detected collision ahead!
[controller_server-2] [WARN] [1756830130.697958610] [controller_server]: RegulatedPurePursuitController detected collision ahead!
[controller_server-2] [WARN] [1756830130.797970749] [controller_server]: RegulatedPurePursuitController detected collision ahead!
[controller_server-2] [WARN] [1756830130.897891228] [controller_server]: RegulatedPurePursuitController detected collision ahead!
[controller_server-2] [WARN] [1756830130.997751653] [controller_server]: RegulatedPurePursuitController detected collision ahead!
[controller_server-2] [WARN] [1756830131.098000854] [controller_server]: RegulatedPurePursuitController detected collision ahead!
[controller_server-2] [WARN] [1756830131.227938124] [controller_server]: RegulatedPurePursuitController detected collision ahead!
[controller_server-2] [WARN] [1756830131.297982587] [controller_server]: RegulatedPurePursuitController detected collision ahead!
[controller_server-2] [WARN] [1756830131.397795247] [controller_server]: RegulatedPurePursuitController detected collision ahead!
[controller_server-2] [ERROR] [1756830131.397877851] [controller_server]: Controller patience exceeded
[controller_server-2] [WARN] [1756830131.397949808] [controller_server]: [follow_path] [ActionServer] Aborting handle.
[controller_server-2] [INFO] [1756830131.414235305] [local_costmap.local_costmap]: Received request to clear entirely the local_costmap
[planner_server-4] [INFO] [1756830131.415607197] [global_costmap.global_costmap]: Received request to clear entirely the global_costmap
[controller_server-2] [INFO] [1756830131.564413138] [controller_server]: Received a goal, begin computing control effort.
[controller_server-2] [WARN] [1756830132.125532712] [controller_server]: RegulatedPurePursuitController detected collision ahead!
[controller_server-2] [WARN] [1756830132.165185169] [controller_server]: RegulatedPurePursuitController detected collision ahead!
[controller_server-2] [WARN] [1756830132.365297864] [controller_server]: RegulatedPurePursuitController detected collision ahead!
[controller_server-2] [WARN] [1756830132.465121180] [controller_server]: RegulatedPurePursuitController detected collision ahead!
[controller_server-2] [WARN] [1756830132.565073835] [controller_server]: RegulatedPurePursuitController detected collision ahead!
[controller_server-2] [INFO] [1756830132.664590255] [controller_server]: Passing new path to controller.
[controller_server-2] [WARN] [1756830132.665074772] [controller_server]: RegulatedPurePursuitController detected collision ahead!
[controller_server-2] [WARN] [1756830132.765270852] [controller_server]: RegulatedPurePursuitController detected collision ahead!
[controller_server-2] [WARN] [1756830132.865327377] [controller_server]: RegulatedPurePursuitController detected collision ahead!
[controller_server-2] [WARN] [1756830132.965262883] [controller_server]: RegulatedPurePursuitController detected collision ahead!
[controller_server-2] [WARN] [1756830133.065332001] [controller_server]: RegulatedPurePursuitController detected collision ahead!
[controller_server-2] [WARN] [1756830133.165264269] [controller_server]: RegulatedPurePursuitController detected collision ahead!
[controller_server-2] [WARN] [1756830133.265250837] [controller_server]: RegulatedPurePursuitController detected collision ahead!
[controller_server-2] [WARN] [1756830133.365266507] [controller_server]: RegulatedPurePursuitController detected collision ahead!
[controller_server-2] [WARN] [1756830133.465264201] [controller_server]: RegulatedPurePursuitController detected collision ahead!
[controller_server-2] [WARN] [1756830133.565252611] [controller_server]: RegulatedPurePursuitController detected collision ahead!
[controller_server-2] [INFO] [1756830133.664598778] [controller_server]: Passing new path to controller.
[controller_server-2] [WARN] [1756830133.665468676] [controller_server]: RegulatedPurePursuitController detected collision ahead!
[controller_server-2] [WARN] [1756830133.765273991] [controller_server]: RegulatedPurePursuitController detected collision ahead!
[controller_server-2] [WARN] [1756830133.865241168] [controller_server]: RegulatedPurePursuitController detected collision ahead!
[controller_server-2] [WARN] [1756830133.965255580] [controller_server]: RegulatedPurePursuitController detected collision ahead!
[controller_server-2] [WARN] [1756830134.065319667] [controller_server]: RegulatedPurePursuitController detected collision ahead!
[controller_server-2] [INFO] [1756830134.072849099] [local_costmap.local_costmap]: StaticLayer: Resizing static layer to 113 X 133 at 0.040000 m/pix
[controller_server-2] [WARN] [1756830134.165251075] [controller_server]: RegulatedPurePursuitController detected collision ahead!
[controller_server-2] [WARN] [1756830134.265262928] [controller_server]: RegulatedPurePursuitController detected collision ahead!
[controller_server-2] [ERROR] [1756830134.265359210] [controller_server]: Controller patience exceeded
[controller_server-2] [WARN] [1756830134.265441680] [controller_server]: [follow_path] [ActionServer] Aborting handle.
[controller_server-2] [INFO] [1756830134.284342219] [local_costmap.local_costmap]: Received request to clear entirely the local_costmap
[controller_server-2] [INFO] [1756830134.286063527] [controller_server]: Received a goal, begin computing control effort.
[controller_server-2] [WARN] [1756830134.476648055] [controller_server]: RegulatedPurePursuitController detected collision ahead!
[controller_server-2] [WARN] [1756830134.476795880] [controller_server]: Control loop missed its desired rate of 10.0000Hz
[controller_server-2] [WARN] [1756830134.477137269] [controller_server]: RegulatedPurePursuitController detected collision ahead!
[controller_server-2] [WARN] [1756830134.486537309] [controller_server]: RegulatedPurePursuitController detected collision ahead!
[planner_server-4] [INFO] [1756830134.542826613] [global_costmap.global_costmap]: StaticLayer: Resizing costmap to 113 X 133 at 0.040000 m/pix
[controller_server-2] [WARN] [1756830134.586806625] [controller_server]: RegulatedPurePursuitController detected collision ahead!
[controller_server-2] [INFO] [1756830134.686231765] [controller_server]: Passing new path to controller.
[controller_server-2] [WARN] [1756830134.687124462] [controller_server]: RegulatedPurePursuitController detected collision ahead!
[controller_server-2] [WARN] [1756830134.786951167] [controller_server]: RegulatedPurePursuitController detected collision ahead!
[controller_server-2] [WARN] [1756830134.886945209] [controller_server]: RegulatedPurePursuitController detected collision ahead!
[controller_server-2] [WARN] [1756830134.986890498] [controller_server]: RegulatedPurePursuitController detected collision ahead!
[controller_server-2] [WARN] [1756830135.086952771] [controller_server]: RegulatedPurePursuitController detected collision ahead!
[controller_server-2] [WARN] [1756830135.186947710] [controller_server]: RegulatedPurePursuitController detected collision ahead!
[controller_server-2] [WARN] [1756830135.286873306] [controller_server]: RegulatedPurePursuitController detected collision ahead!
[controller_server-2] [WARN] [1756830135.386854081] [controller_server]: RegulatedPurePursuitController detected collision ahead!
[controller_server-2] [WARN] [1756830135.486854609] [controller_server]: RegulatedPurePursuitController detected collision ahead!
[controller_server-2] [WARN] [1756830135.586848080] [controller_server]: RegulatedPurePursuitController detected collision ahead!
[controller_server-2] [INFO] [1756830135.686217423] [controller_server]: Passing new path to controller.
[controller_server-2] [WARN] [1756830135.687104208] [controller_server]: RegulatedPurePursuitController detected collision ahead!
[controller_server-2] [WARN] [1756830135.786872707] [controller_server]: RegulatedPurePursuitController detected collision ahead!
[controller_server-2] [WARN] [1756830135.886364427] [controller_server]: RegulatedPurePursuitController detected collision ahead!
[controller_server-2] [WARN] [1756830135.986712905] [controller_server]: RegulatedPurePursuitController detected collision ahead!
[controller_server-2] [WARN] [1756830136.086939863] [controller_server]: RegulatedPurePursuitController detected collision ahead!
[controller_server-2] [WARN] [1756830136.186948118] [controller_server]: RegulatedPurePursuitController detected collision ahead!
[controller_server-2] [WARN] [1756830136.286950582] [controller_server]: RegulatedPurePursuitController detected collision ahead!
[controller_server-2] [ERROR] [1756830136.287045419] [controller_server]: Controller patience exceeded
[controller_server-2] [WARN] [1756830136.287140759] [controller_server]: [follow_path] [ActionServer] Aborting handle.
[behavior_server-5] [INFO] [1756830136.305068572] [behavior_server]: Running spin
[behavior_server-5] [INFO] [1756830136.305462913] [behavior_server]: Turning 1.57 for spin behavior.
[behavior_server-5] [WARN] [1756830136.706016344] [behavior_server]: Collision Ahead - Exiting Spin
[behavior_server-5] [WARN] [1756830136.706096254] [behavior_server]: spin failed
[behavior_server-5] [WARN] [1756830136.706130172] [behavior_server]: [spin] [ActionServer] Aborting handle.
[behavior_server-5] [INFO] [1756830136.734671279] [behavior_server]: Running wait
[bt_navigator-6] [INFO] [1756830136.783932956] [bt_navigator]: Received goal preemption request
[bt_navigator-6] [INFO] [1756830136.784109409] [bt_navigator]: Begin navigating from current location (1.05, -1.36) to (0.23, -3.36)
[behavior_server-5] [INFO] [1756830141.735045517] [behavior_server]: wait completed successfully
[controller_server-2] [INFO] [1756830141.784667105] [controller_server]: Received a goal, begin computing control effort.
[controller_server-2] [INFO] [1756830142.884865315] [controller_server]: Passing new path to controller.
[controller_server-2] [INFO] [1756830143.884867146] [controller_server]: Passing new path to controller.
[controller_server-2] [WARN] [1756830144.585869176] [controller_server]: RegulatedPurePursuitController detected collision ahead!
[controller_server-2] [WARN] [1756830144.685864354] [controller_server]: RegulatedPurePursuitController detected collision ahead!
[controller_server-2] [WARN] [1756830144.785874569] [controller_server]: RegulatedPurePursuitController detected collision ahead!
[controller_server-2] [INFO] [1756830144.884863889] [controller_server]: Passing new path to controller.
[controller_server-2] [WARN] [1756830145.385951197] [controller_server]: RegulatedPurePursuitController detected collision ahead!
[controller_server-2] [INFO] [1756830145.984864067] [controller_server]: Passing new path to controller.
[controller_server-2] [INFO] [1756830146.984866983] [controller_server]: Passing new path to controller.
[controller_server-2] [WARN] [1756830147.588165810] [controller_server]: Control loop missed its desired rate of 10.0000Hz
[controller_server-2] [INFO] [1756830147.984884989] [controller_server]: Passing new path to controller.
[controller_server-2] [INFO] [1756830149.084846812] [controller_server]: Passing new path to controller.
[controller_server-2] [INFO] [1756830150.084863691] [controller_server]: Passing new path to controller.
[controller_server-2] [INFO] [1756830151.084932152] [controller_server]: Passing new path to controller.
[controller_server-2] [ERROR] [1756830151.386449806] [controller_server]: Exception in transformPose: Lookup would require extrapolation into the future.  Requested time 1756830151.067396 but the latest data is at time 1756830151.041629, when looking up transform from frame [odom] to frame [map]
[controller_server-2] [WARN] [1756830151.386539497] [controller_server]: Unable to transform robot pose into global plan's frame
[controller_server-2] [WARN] [1756830151.386649468] [controller_server]: Control loop missed its desired rate of 10.0000Hz
[rviz2-11] [INFO] [1756830151.922102886] [rviz2]: Trying to create a map of size 117 x 133 using 1 swatches
[controller_server-2] [INFO] [1756830152.072934980] [local_costmap.local_costmap]: StaticLayer: Resizing static layer to 117 X 133 at 0.040000 m/pix
[controller_server-2] [INFO] [1756830152.084853834] [controller_server]: Passing new path to controller.
[planner_server-4] [INFO] [1756830152.542811989] [global_costmap.global_costmap]: StaticLayer: Resizing costmap to 117 X 133 at 0.040000 m/pix
[rviz2-11] [INFO] [1756830152.563021759] [rviz2]: Trying to create a map of size 117 x 133 using 1 swatches
[controller_server-2] [INFO] [1756830153.184866075] [controller_server]: Passing new path to controller.
[controller_server-2] [INFO] [1756830154.184863594] [controller_server]: Passing new path to controller.
[controller_server-2] [WARN] [1756830154.986548884] [controller_server]: RegulatedPurePursuitController detected collision ahead!
[controller_server-2] [WARN] [1756830155.086692544] [controller_server]: RegulatedPurePursuitController detected collision ahead!
[controller_server-2] [INFO] [1756830155.184853269] [controller_server]: Passing new path to controller.
[controller_server-2] [WARN] [1756830155.185709104] [controller_server]: RegulatedPurePursuitController detected collision ahead!
[controller_server-2] [WARN] [1756830155.285465529] [controller_server]: RegulatedPurePursuitController detected collision ahead!
[controller_server-2] [WARN] [1756830155.386416517] [controller_server]: RegulatedPurePursuitController detected collision ahead!
[controller_server-2] [WARN] [1756830155.485955285] [controller_server]: RegulatedPurePursuitController detected collision ahead!
[controller_server-2] [WARN] [1756830155.586393200] [controller_server]: RegulatedPurePursuitController detected collision ahead!
[controller_server-2] [WARN] [1756830155.686685628] [controller_server]: RegulatedPurePursuitController detected collision ahead!
[controller_server-2] [WARN] [1756830155.786701136] [controller_server]: RegulatedPurePursuitController detected collision ahead!
[controller_server-2] [WARN] [1756830155.886227481] [controller_server]: RegulatedPurePursuitController detected collision ahead!
[controller_server-2] [WARN] [1756830155.985816596] [controller_server]: RegulatedPurePursuitController detected collision ahead!
[controller_server-2] [WARN] [1756830156.086092402] [controller_server]: RegulatedPurePursuitController detected collision ahead!
[controller_server-2] [WARN] [1756830156.186168147] [controller_server]: RegulatedPurePursuitController detected collision ahead!
[controller_server-2] [INFO] [1756830156.284857617] [controller_server]: Passing new path to controller.
[controller_server-2] [WARN] [1756830156.286162024] [controller_server]: RegulatedPurePursuitController detected collision ahead!
[controller_server-2] [WARN] [1756830156.386510514] [controller_server]: RegulatedPurePursuitController detected collision ahead!
[controller_server-2] [WARN] [1756830156.486688251] [controller_server]: RegulatedPurePursuitController detected collision ahead!
[controller_server-2] [WARN] [1756830156.586728408] [controller_server]: RegulatedPurePursuitController detected collision ahead!
[controller_server-2] [WARN] [1756830156.686532253] [controller_server]: RegulatedPurePursuitController detected collision ahead!
[controller_server-2] [WARN] [1756830156.786714933] [controller_server]: RegulatedPurePursuitController detected collision ahead!
[controller_server-2] [WARN] [1756830156.886686200] [controller_server]: RegulatedPurePursuitController detected collision ahead!
[controller_server-2] [WARN] [1756830156.986690351] [controller_server]: RegulatedPurePursuitController detected collision ahead!
[controller_server-2] [ERROR] [1756830156.986785870] [controller_server]: Controller patience exceeded
[controller_server-2] [WARN] [1756830156.986868314] [controller_server]: [follow_path] [ActionServer] Aborting handle.
[controller_server-2] [INFO] [1756830157.004352653] [local_costmap.local_costmap]: Received request to clear entirely the local_costmap
[controller_server-2] [INFO] [1756830157.006198059] [controller_server]: Received a goal, begin computing control effort.
[controller_server-2] [WARN] [1756830157.079186221] [controller_server]: RegulatedPurePursuitController detected collision ahead!
[controller_server-2] [WARN] [1756830157.107547584] [controller_server]: RegulatedPurePursuitController detected collision ahead!
[controller_server-2] [WARN] [1756830157.206848674] [controller_server]: RegulatedPurePursuitController detected collision ahead!
[controller_server-2] [INFO] [1756830157.306401497] [controller_server]: Passing new path to controller.
[controller_server-2] [WARN] [1756830157.307623336] [controller_server]: RegulatedPurePursuitController detected collision ahead!
[controller_server-2] [WARN] [1756830157.408263552] [controller_server]: RegulatedPurePursuitController detected collision ahead!
[controller_server-2] [WARN] [1756830157.508195553] [controller_server]: RegulatedPurePursuitController detected collision ahead!
[controller_server-2] [WARN] [1756830157.608283955] [controller_server]: RegulatedPurePursuitController detected collision ahead!
[controller_server-2] [WARN] [1756830157.708261885] [controller_server]: RegulatedPurePursuitController detected collision ahead!
[controller_server-2] [WARN] [1756830157.808294451] [controller_server]: RegulatedPurePursuitController detected collision ahead!
[controller_server-2] [WARN] [1756830157.907869313] [controller_server]: RegulatedPurePursuitController detected collision ahead!
[controller_server-2] [WARN] [1756830158.007658683] [controller_server]: RegulatedPurePursuitController detected collision ahead!
[controller_server-2] [WARN] [1756830158.108223840] [controller_server]: RegulatedPurePursuitController detected collision ahead!
[controller_server-2] [WARN] [1756830158.208227472] [controller_server]: RegulatedPurePursuitController detected collision ahead!
[controller_server-2] [INFO] [1756830158.306413830] [controller_server]: Passing new path to controller.
[controller_server-2] [WARN] [1756830158.308417337] [controller_server]: RegulatedPurePursuitController detected collision ahead!
[controller_server-2] [WARN] [1756830158.407059775] [controller_server]: RegulatedPurePursuitController detected collision ahead!
[controller_server-2] [WARN] [1756830158.508283015] [controller_server]: RegulatedPurePursuitController detected collision ahead!
[controller_server-2] [WARN] [1756830158.608278023] [controller_server]: RegulatedPurePursuitController detected collision ahead!
[controller_server-2] [WARN] [1756830158.708326453] [controller_server]: RegulatedPurePursuitController detected collision ahead!
[controller_server-2] [WARN] [1756830158.808273028] [controller_server]: RegulatedPurePursuitController detected collision ahead!
[controller_server-2] [WARN] [1756830158.907704496] [controller_server]: RegulatedPurePursuitController detected collision ahead!
[controller_server-2] [WARN] [1756830159.008382802] [controller_server]: RegulatedPurePursuitController detected collision ahead!
[controller_server-2] [ERROR] [1756830159.008481560] [controller_server]: Controller patience exceeded
[controller_server-2] [WARN] [1756830159.008564643] [controller_server]: [follow_path] [ActionServer] Aborting handle.
[behavior_server-5] [INFO] [1756830159.024502170] [behavior_server]: Running backup
[behavior_server-5] [INFO] [1756830159.024752755] [behavior_server]: DriveOnHeading: no acceleration or deceleration limits set
[behavior_server-5] [WARN] [1756830159.024907759] [behavior_server]: Collision Ahead - Exiting DriveOnHeading
[behavior_server-5] [WARN] [1756830159.024922734] [behavior_server]: backup failed
[behavior_server-5] [WARN] [1756830159.024937811] [behavior_server]: [backup] [ActionServer] Aborting handle.
[controller_server-2] [INFO] [1756830159.054235511] [local_costmap.local_costmap]: Received request to clear entirely the local_costmap
[planner_server-4] [INFO] [1756830159.055442630] [global_costmap.global_costmap]: Received request to clear entirely the global_costmap
[controller_server-2] [INFO] [1756830159.564762945] [controller_server]: Received a goal, begin computing control effort.
[controller_server-2] [WARN] [1756830159.566649418] [controller_server]: RegulatedPurePursuitController detected collision ahead!
[controller_server-2] [WARN] [1756830159.666765227] [controller_server]: RegulatedPurePursuitController detected collision ahead!
[controller_server-2] [WARN] [1756830159.766069615] [controller_server]: RegulatedPurePursuitController detected collision ahead!
[controller_server-2] [WARN] [1756830159.866873201] [controller_server]: RegulatedPurePursuitController detected collision ahead!
[controller_server-2] [WARN] [1756830159.966814656] [controller_server]: RegulatedPurePursuitController detected collision ahead!
[controller_server-2] [WARN] [1756830160.066747382] [controller_server]: RegulatedPurePursuitController detected collision ahead!
[controller_server-2] [WARN] [1756830160.166789482] [controller_server]: RegulatedPurePursuitController detected collision ahead!
[controller_server-2] [WARN] [1756830160.266793040] [controller_server]: RegulatedPurePursuitController detected collision ahead!
[controller_server-2] [WARN] [1756830160.366783334] [controller_server]: RegulatedPurePursuitController detected collision ahead!
[controller_server-2] [WARN] [1756830160.466352959] [controller_server]: RegulatedPurePursuitController detected collision ahead!
[controller_server-2] [WARN] [1756830160.566742309] [controller_server]: RegulatedPurePursuitController detected collision ahead!
[controller_server-2] [INFO] [1756830160.664980243] [controller_server]: Passing new path to controller.
[controller_server-2] [WARN] [1756830160.666675151] [controller_server]: RegulatedPurePursuitController detected collision ahead!
[controller_server-2] [WARN] [1756830160.767854591] [controller_server]: RegulatedPurePursuitController detected collision ahead!
[controller_server-2] [WARN] [1756830160.867782781] [controller_server]: RegulatedPurePursuitController detected collision ahead!
[controller_server-2] [WARN] [1756830160.966814377] [controller_server]: RegulatedPurePursuitController detected collision ahead!
[controller_server-2] [WARN] [1756830161.066769007] [controller_server]: RegulatedPurePursuitController detected collision ahead!
[controller_server-2] [WARN] [1756830161.166780359] [controller_server]: RegulatedPurePursuitController detected collision ahead!
[controller_server-2] [WARN] [1756830161.266406623] [controller_server]: RegulatedPurePursuitController detected collision ahead!
[controller_server-2] [WARN] [1756830161.365987715] [controller_server]: RegulatedPurePursuitController detected collision ahead!
[controller_server-2] [WARN] [1756830161.466716172] [controller_server]: RegulatedPurePursuitController detected collision ahead!
[controller_server-2] [WARN] [1756830161.565755316] [controller_server]: RegulatedPurePursuitController detected collision ahead!
[controller_server-2] [ERROR] [1756830161.565804215] [controller_server]: Controller patience exceeded
[controller_server-2] [WARN] [1756830161.565846585] [controller_server]: [follow_path] [ActionServer] Aborting handle.
[controller_server-2] [INFO] [1756830161.584017166] [local_costmap.local_costmap]: Received request to clear entirely the local_costmap
[controller_server-2] [INFO] [1756830161.584479057] [controller_server]: Received a goal, begin computing control effort.
[controller_server-2] [INFO] [1756830161.684584513] [controller_server]: Passing new path to controller.
[controller_server-2] [WARN] [1756830161.685523449] [controller_server]: RegulatedPurePursuitController detected collision ahead!
[controller_server-2] [WARN] [1756830161.685581837] [controller_server]: Control loop missed its desired rate of 10.0000Hz
[controller_server-2] [WARN] [1756830161.686400570] [controller_server]: RegulatedPurePursuitController detected collision ahead!
[controller_server-2] [WARN] [1756830161.786311481] [controller_server]: RegulatedPurePursuitController detected collision ahead!
[controller_server-2] [WARN] [1756830161.886300785] [controller_server]: RegulatedPurePursuitController detected collision ahead!
[controller_server-2] [WARN] [1756830161.986258961] [controller_server]: RegulatedPurePursuitController detected collision ahead!
[controller_server-2] [WARN] [1756830162.086367060] [controller_server]: RegulatedPurePursuitController detected collision ahead!
[controller_server-2] [WARN] [1756830162.186368820] [controller_server]: RegulatedPurePursuitController detected collision ahead!
[controller_server-2] [WARN] [1756830162.286383596] [controller_server]: RegulatedPurePursuitController detected collision ahead!
[controller_server-2] [WARN] [1756830162.386370985] [controller_server]: RegulatedPurePursuitController detected collision ahead!
[controller_server-2] [WARN] [1756830162.485550009] [controller_server]: RegulatedPurePursuitController detected collision ahead!
[controller_server-2] [WARN] [1756830162.585563091] [controller_server]: RegulatedPurePursuitController detected collision ahead!
[controller_server-2] [INFO] [1756830162.684592411] [controller_server]: Passing new path to controller.
[controller_server-2] [WARN] [1756830162.686003624] [controller_server]: RegulatedPurePursuitController detected collision ahead!
[controller_server-2] [WARN] [1756830162.786367474] [controller_server]: RegulatedPurePursuitController detected collision ahead!
[controller_server-2] [WARN] [1756830162.886354178] [controller_server]: RegulatedPurePursuitController detected collision ahead!
[controller_server-2] [WARN] [1756830162.986382582] [controller_server]: RegulatedPurePursuitController detected collision ahead!
[controller_server-2] [WARN] [1756830163.086230327] [controller_server]: RegulatedPurePursuitController detected collision ahead!
[controller_server-2] [WARN] [1756830163.185594717] [controller_server]: RegulatedPurePursuitController detected collision ahead!
[controller_server-2] [WARN] [1756830163.286093444] [controller_server]: RegulatedPurePursuitController detected collision ahead!
[controller_server-2] [WARN] [1756830163.386398627] [controller_server]: RegulatedPurePursuitController detected collision ahead!
[controller_server-2] [WARN] [1756830163.486051951] [controller_server]: RegulatedPurePursuitController detected collision ahead!
[controller_server-2] [WARN] [1756830163.586353818] [controller_server]: RegulatedPurePursuitController detected collision ahead!
[controller_server-2] [ERROR] [1756830163.586448299] [controller_server]: Controller patience exceeded
[controller_server-2] [WARN] [1756830163.586520062] [controller_server]: [follow_path] [ActionServer] Aborting handle.
[behavior_server-5] [INFO] [1756830163.604576320] [behavior_server]: Running spin
[behavior_server-5] [INFO] [1756830163.604730650] [behavior_server]: Turning 1.57 for spin behavior.
[behavior_server-5] [WARN] [1756830163.704999691] [behavior_server]: Collision Ahead - Exiting Spin
[behavior_server-5] [WARN] [1756830163.705045337] [behavior_server]: spin failed
[behavior_server-5] [WARN] [1756830163.705058425] [behavior_server]: [spin] [ActionServer] Aborting handle.
[behavior_server-5] [INFO] [1756830163.734268335] [behavior_server]: Running wait
[behavior_server-5] [INFO] [1756830168.734631536] [behavior_server]: wait completed successfully
[controller_server-2] [INFO] [1756830168.784628811] [controller_server]: Received a goal, begin computing control effort.
[controller_server-2] [WARN] [1756830168.786656039] [controller_server]: RegulatedPurePursuitController detected collision ahead!
[controller_server-2] [WARN] [1756830168.885637491] [controller_server]: RegulatedPurePursuitController detected collision ahead!
[controller_server-2] [WARN] [1756830168.986676949] [controller_server]: RegulatedPurePursuitController detected collision ahead!
[controller_server-2] [WARN] [1756830169.086692696] [controller_server]: RegulatedPurePursuitController detected collision ahead!
[controller_server-2] [WARN] [1756830169.186605489] [controller_server]: RegulatedPurePursuitController detected collision ahead!
[controller_server-2] [WARN] [1756830169.286638446] [controller_server]: RegulatedPurePursuitController detected collision ahead!
[controller_server-2] [WARN] [1756830169.386633244] [controller_server]: RegulatedPurePursuitController detected collision ahead!
[controller_server-2] [WARN] [1756830169.486630129] [controller_server]: RegulatedPurePursuitController detected collision ahead!
[controller_server-2] [WARN] [1756830169.586469209] [controller_server]: RegulatedPurePursuitController detected collision ahead!
[controller_server-2] [WARN] [1756830169.686681688] [controller_server]: RegulatedPurePursuitController detected collision ahead!
[controller_server-2] [WARN] [1756830169.786425890] [controller_server]: RegulatedPurePursuitController detected collision ahead!
[controller_server-2] [INFO] [1756830169.884913925] [controller_server]: Passing new path to controller.
[controller_server-2] [WARN] [1756830169.886992761] [controller_server]: RegulatedPurePursuitController detected collision ahead!
[controller_server-2] [WARN] [1756830169.986680954] [controller_server]: RegulatedPurePursuitController detected collision ahead!
[controller_server-2] [WARN] [1756830170.086677836] [controller_server]: RegulatedPurePursuitController detected collision ahead!
[controller_server-2] [WARN] [1756830170.186696669] [controller_server]: RegulatedPurePursuitController detected collision ahead!
[controller_server-2] [WARN] [1756830170.286624825] [controller_server]: RegulatedPurePursuitController detected collision ahead!
[controller_server-2] [WARN] [1756830170.385863834] [controller_server]: RegulatedPurePursuitController detected collision ahead!
[controller_server-2] [WARN] [1756830170.485890852] [controller_server]: RegulatedPurePursuitController detected collision ahead!
[controller_server-2] [WARN] [1756830170.585160930] [controller_server]: RegulatedPurePursuitController detected collision ahead!
[controller_server-2] [WARN] [1756830170.686329094] [controller_server]: RegulatedPurePursuitController detected collision ahead!
[controller_server-2] [WARN] [1756830170.786605738] [controller_server]: RegulatedPurePursuitController detected collision ahead!
[controller_server-2] [ERROR] [1756830170.786701541] [controller_server]: Controller patience exceeded
[controller_server-2] [WARN] [1756830170.786780613] [controller_server]: [follow_path] [ActionServer] Aborting handle.
[controller_server-2] [INFO] [1756830170.804208761] [local_costmap.local_costmap]: Received request to clear entirely the local_costmap
[controller_server-2] [INFO] [1756830170.805418778] [controller_server]: Received a goal, begin computing control effort.
[controller_server-2] [INFO] [1756830170.875609155] [controller_server]: Passing new path to controller.
[controller_server-2] [WARN] [1756830170.877608943] [controller_server]: RegulatedPurePursuitController detected collision ahead!
[controller_server-2] [WARN] [1756830170.906948886] [controller_server]: RegulatedPurePursuitController detected collision ahead!
[controller_server-2] [WARN] [1756830171.007403208] [controller_server]: RegulatedPurePursuitController detected collision ahead!
[controller_server-2] [WARN] [1756830171.107497291] [controller_server]: RegulatedPurePursuitController detected collision ahead!
[controller_server-2] [WARN] [1756830171.207456736] [controller_server]: RegulatedPurePursuitController detected collision ahead!
[controller_server-2] [WARN] [1756830171.307471598] [controller_server]: RegulatedPurePursuitController detected collision ahead!
[controller_server-2] [WARN] [1756830171.407478465] [controller_server]: RegulatedPurePursuitController detected collision ahead!
[controller_server-2] [WARN] [1756830171.507120313] [controller_server]: RegulatedPurePursuitController detected collision ahead!
[controller_server-2] [WARN] [1756830171.606728631] [controller_server]: RegulatedPurePursuitController detected collision ahead!
[controller_server-2] [WARN] [1756830171.707159102] [controller_server]: RegulatedPurePursuitController detected collision ahead!
[controller_server-2] [WARN] [1756830171.807459807] [controller_server]: RegulatedPurePursuitController detected collision ahead!
[controller_server-2] [INFO] [1756830171.905644752] [controller_server]: Passing new path to controller.
[controller_server-2] [WARN] [1756830171.906995705] [controller_server]: RegulatedPurePursuitController detected collision ahead!
[controller_server-2] [WARN] [1756830172.005931975] [controller_server]: RegulatedPurePursuitController detected collision ahead!
[controller_server-2] [WARN] [1756830172.107640206] [controller_server]: RegulatedPurePursuitController detected collision ahead!
[controller_server-2] [WARN] [1756830172.207424247] [controller_server]: RegulatedPurePursuitController detected collision ahead!
[controller_server-2] [WARN] [1756830172.306180473] [controller_server]: RegulatedPurePursuitController detected collision ahead!
[controller_server-2] [WARN] [1756830172.407461634] [controller_server]: RegulatedPurePursuitController detected collision ahead!
[controller_server-2] [WARN] [1756830172.567942001] [controller_server]: RegulatedPurePursuitController detected collision ahead!
[controller_server-2] [WARN] [1756830172.607472832] [controller_server]: RegulatedPurePursuitController detected collision ahead!
[controller_server-2] [WARN] [1756830172.707508428] [controller_server]: RegulatedPurePursuitController detected collision ahead!
[controller_server-2] [WARN] [1756830172.807456873] [controller_server]: RegulatedPurePursuitController detected collision ahead!
[controller_server-2] [ERROR] [1756830172.807551895] [controller_server]: Controller patience exceeded
[controller_server-2] [WARN] [1756830172.807641527] [controller_server]: [follow_path] [ActionServer] Aborting handle.
[behavior_server-5] [INFO] [1756830172.824700955] [behavior_server]: Running backup
[behavior_server-5] [WARN] [1756830172.825093173] [behavior_server]: Collision Ahead - Exiting DriveOnHeading
[behavior_server-5] [WARN] [1756830172.825127965] [behavior_server]: backup failed
[behavior_server-5] [WARN] [1756830172.825146614] [behavior_server]: [backup] [ActionServer] Aborting handle.
[controller_server-2] [INFO] [1756830172.854163614] [local_costmap.local_costmap]: Received request to clear entirely the local_costmap
[planner_server-4] [INFO] [1756830172.854900304] [global_costmap.global_costmap]: Received request to clear entirely the global_costmap
[controller_server-2] [INFO] [1756830173.564873722] [controller_server]: Received a goal, begin computing control effort.
[controller_server-2] [WARN] [1756830173.566767403] [controller_server]: RegulatedPurePursuitController detected collision ahead!
[controller_server-2] [WARN] [1756830173.666842301] [controller_server]: RegulatedPurePursuitController detected collision ahead!
[controller_server-2] [WARN] [1756830173.766824297] [controller_server]: RegulatedPurePursuitController detected collision ahead!
[controller_server-2] [WARN] [1756830173.866939430] [controller_server]: RegulatedPurePursuitController detected collision ahead!
[controller_server-2] [WARN] [1756830173.966621814] [controller_server]: RegulatedPurePursuitController detected collision ahead!
[controller_server-2] [WARN] [1756830174.066765093] [controller_server]: RegulatedPurePursuitController detected collision ahead!
[controller_server-2] [WARN] [1756830174.166354848] [controller_server]: RegulatedPurePursuitController detected collision ahead!
[controller_server-2] [WARN] [1756830174.265955980] [controller_server]: RegulatedPurePursuitController detected collision ahead!
[controller_server-2] [WARN] [1756830174.366935911] [controller_server]: RegulatedPurePursuitController detected collision ahead!
[controller_server-2] [WARN] [1756830174.466873653] [controller_server]: RegulatedPurePursuitController detected collision ahead!
[controller_server-2] [WARN] [1756830174.566861917] [controller_server]: RegulatedPurePursuitController detected collision ahead!
[controller_server-2] [INFO] [1756830174.665089269] [controller_server]: Passing new path to controller.
[controller_server-2] [WARN] [1756830174.667087332] [controller_server]: RegulatedPurePursuitController detected collision ahead!
[controller_server-2] [WARN] [1756830174.766857654] [controller_server]: RegulatedPurePursuitController detected collision ahead!
[controller_server-2] [WARN] [1756830174.866854381] [controller_server]: RegulatedPurePursuitController detected collision ahead!
[controller_server-2] [WARN] [1756830174.965589454] [controller_server]: RegulatedPurePursuitController detected collision ahead!
[controller_server-2] [WARN] [1756830175.065931327] [controller_server]: RegulatedPurePursuitController detected collision ahead!
[controller_server-2] [WARN] [1756830175.166846828] [controller_server]: RegulatedPurePursuitController detected collision ahead!
[controller_server-2] [WARN] [1756830175.266841074] [controller_server]: RegulatedPurePursuitController detected collision ahead!
[controller_server-2] [WARN] [1756830175.366907975] [controller_server]: RegulatedPurePursuitController detected collision ahead!
[controller_server-2] [WARN] [1756830175.465807169] [controller_server]: RegulatedPurePursuitController detected collision ahead!
[controller_server-2] [WARN] [1756830175.566849921] [controller_server]: RegulatedPurePursuitController detected collision ahead!
[controller_server-2] [ERROR] [1756830175.566942235] [controller_server]: Controller patience exceeded
[controller_server-2] [WARN] [1756830175.567023116] [controller_server]: [follow_path] [ActionServer] Aborting handle.
[controller_server-2] [INFO] [1756830175.584136927] [local_costmap.local_costmap]: Received request to clear entirely the local_costmap
[controller_server-2] [INFO] [1756830175.585726271] [controller_server]: Received a goal, begin computing control effort.
[controller_server-2] [INFO] [1756830175.675946120] [controller_server]: Passing new path to controller.
[controller_server-2] [WARN] [1756830175.679361126] [controller_server]: RegulatedPurePursuitController detected collision ahead!
[controller_server-2] [WARN] [1756830175.689211119] [controller_server]: RegulatedPurePursuitController detected collision ahead!
[controller_server-2] [WARN] [1756830175.787743496] [controller_server]: RegulatedPurePursuitController detected collision ahead!
[controller_server-2] [WARN] [1756830175.886430128] [controller_server]: RegulatedPurePursuitController detected collision ahead!
[controller_server-2] [WARN] [1756830175.987818894] [controller_server]: RegulatedPurePursuitController detected collision ahead!
[controller_server-2] [WARN] [1756830176.087152226] [controller_server]: RegulatedPurePursuitController detected collision ahead!
[controller_server-2] [WARN] [1756830176.187455953] [controller_server]: RegulatedPurePursuitController detected collision ahead!
[controller_server-2] [WARN] [1756830176.287339559] [controller_server]: RegulatedPurePursuitController detected collision ahead!
[controller_server-2] [WARN] [1756830176.387443970] [controller_server]: RegulatedPurePursuitController detected collision ahead!
[controller_server-2] [WARN] [1756830176.487732593] [controller_server]: RegulatedPurePursuitController detected collision ahead!
[controller_server-2] [WARN] [1756830176.587817627] [controller_server]: RegulatedPurePursuitController detected collision ahead!
[controller_server-2] [INFO] [1756830176.686015935] [controller_server]: Passing new path to controller.
[controller_server-2] [WARN] [1756830176.687743729] [controller_server]: RegulatedPurePursuitController detected collision ahead!
[controller_server-2] [WARN] [1756830176.787138979] [controller_server]: RegulatedPurePursuitController detected collision ahead!
[controller_server-2] [WARN] [1756830176.886989699] [controller_server]: RegulatedPurePursuitController detected collision ahead!
[controller_server-2] [WARN] [1756830176.987415184] [controller_server]: RegulatedPurePursuitController detected collision ahead!
[controller_server-2] [WARN] [1756830177.087803991] [controller_server]: RegulatedPurePursuitController detected collision ahead!
[controller_server-2] [WARN] [1756830177.187809813] [controller_server]: RegulatedPurePursuitController detected collision ahead!
[controller_server-2] [WARN] [1756830177.287812099] [controller_server]: RegulatedPurePursuitController detected collision ahead!
[controller_server-2] [WARN] [1756830177.387781818] [controller_server]: RegulatedPurePursuitController detected collision ahead!
[controller_server-2] [WARN] [1756830177.487742087] [controller_server]: RegulatedPurePursuitController detected collision ahead!
[controller_server-2] [WARN] [1756830177.587722938] [controller_server]: RegulatedPurePursuitController detected collision ahead!
[controller_server-2] [ERROR] [1756830177.587813472] [controller_server]: Controller patience exceeded
[controller_server-2] [WARN] [1756830177.587886490] [controller_server]: [follow_path] [ActionServer] Aborting handle.
[behavior_server-5] [INFO] [1756830177.604681857] [behavior_server]: Running spin
[behavior_server-5] [INFO] [1756830177.604857211] [behavior_server]: Turning 1.57 for spin behavior.
[behavior_server-5] [WARN] [1756830177.905249780] [behavior_server]: Collision Ahead - Exiting Spin
[behavior_server-5] [WARN] [1756830177.905311452] [behavior_server]: spin failed
[behavior_server-5] [WARN] [1756830177.905330203] [behavior_server]: [spin] [ActionServer] Aborting handle.
[behavior_server-5] [INFO] [1756830177.934558632] [behavior_server]: Running wait
[behavior_server-5] [INFO] [1756830182.934857133] [behavior_server]: wait completed successfully
[controller_server-2] [INFO] [1756830182.984675284] [controller_server]: Received a goal, begin computing control effort.
[controller_server-2] [WARN] [1756830182.986561126] [controller_server]: RegulatedPurePursuitController detected collision ahead!
[controller_server-2] [WARN] [1756830183.086710242] [controller_server]: RegulatedPurePursuitController detected collision ahead!
[controller_server-2] [WARN] [1756830183.186339284] [controller_server]: RegulatedPurePursuitController detected collision ahead!
[controller_server-2] [WARN] [1756830183.285799491] [controller_server]: RegulatedPurePursuitController detected collision ahead!
[controller_server-2] [WARN] [1756830183.386673152] [controller_server]: RegulatedPurePursuitController detected collision ahead!
[controller_server-2] [WARN] [1756830183.486695782] [controller_server]: RegulatedPurePursuitController detected collision ahead!
[controller_server-2] [WARN] [1756830183.586447687] [controller_server]: RegulatedPurePursuitController detected collision ahead!
[controller_server-2] [WARN] [1756830183.686675419] [controller_server]: RegulatedPurePursuitController detected collision ahead!
[controller_server-2] [WARN] [1756830183.786673404] [controller_server]: RegulatedPurePursuitController detected collision ahead!
[controller_server-2] [WARN] [1756830183.886646192] [controller_server]: RegulatedPurePursuitController detected collision ahead!
[controller_server-2] [WARN] [1756830183.986613121] [controller_server]: RegulatedPurePursuitController detected collision ahead!
[controller_server-2] [INFO] [1756830184.084895337] [controller_server]: Passing new path to controller.
[controller_server-2] [WARN] [1756830184.086053142] [controller_server]: RegulatedPurePursuitController detected collision ahead!
[controller_server-2] [WARN] [1756830184.186089159] [controller_server]: RegulatedPurePursuitController detected collision ahead!
[controller_server-2] [WARN] [1756830184.286658178] [controller_server]: RegulatedPurePursuitController detected collision ahead!
[controller_server-2] [WARN] [1756830184.386672523] [controller_server]: RegulatedPurePursuitController detected collision ahead!
[controller_server-2] [WARN] [1756830184.486638055] [controller_server]: RegulatedPurePursuitController detected collision ahead!
[controller_server-2] [WARN] [1756830184.586705765] [controller_server]: RegulatedPurePursuitController detected collision ahead!
[controller_server-2] [WARN] [1756830184.686261681] [controller_server]: RegulatedPurePursuitController detected collision ahead!
[controller_server-2] [WARN] [1756830184.786657824] [controller_server]: RegulatedPurePursuitController detected collision ahead!
[controller_server-2] [WARN] [1756830184.885739026] [controller_server]: RegulatedPurePursuitController detected collision ahead!
[controller_server-2] [WARN] [1756830184.985883934] [controller_server]: RegulatedPurePursuitController detected collision ahead!
[controller_server-2] [ERROR] [1756830184.985944650] [controller_server]: Controller patience exceeded
[controller_server-2] [WARN] [1756830184.985993836] [controller_server]: [follow_path] [ActionServer] Aborting handle.
[controller_server-2] [INFO] [1756830185.004304525] [local_costmap.local_costmap]: Received request to clear entirely the local_costmap
[controller_server-2] [INFO] [1756830185.005910058] [controller_server]: Received a goal, begin computing control effort.
[controller_server-2] [INFO] [1756830185.076107906] [controller_server]: Passing new path to controller.
[controller_server-2] [WARN] [1756830185.077229028] [controller_server]: RegulatedPurePursuitController detected collision ahead!
[controller_server-2] [WARN] [1756830185.106400864] [controller_server]: RegulatedPurePursuitController detected collision ahead!
[controller_server-2] [WARN] [1756830185.207524169] [controller_server]: RegulatedPurePursuitController detected collision ahead!
[controller_server-2] [WARN] [1756830185.307972667] [controller_server]: RegulatedPurePursuitController detected collision ahead!
[controller_server-2] [WARN] [1756830185.406994050] [controller_server]: RegulatedPurePursuitController detected collision ahead!
[controller_server-2] [WARN] [1756830185.507982797] [controller_server]: RegulatedPurePursuitController detected collision ahead!
[controller_server-2] [WARN] [1756830185.607996501] [controller_server]: RegulatedPurePursuitController detected collision ahead!
[controller_server-2] [WARN] [1756830185.708012490] [controller_server]: RegulatedPurePursuitController detected collision ahead!
[controller_server-2] [WARN] [1756830185.808085448] [controller_server]: RegulatedPurePursuitController detected collision ahead!
[controller_server-2] [WARN] [1756830185.907592150] [controller_server]: RegulatedPurePursuitController detected collision ahead!
[controller_server-2] [WARN] [1756830186.007360532] [controller_server]: RegulatedPurePursuitController detected collision ahead!
[controller_server-2] [INFO] [1756830186.106112304] [controller_server]: Passing new path to controller.
[controller_server-2] [WARN] [1756830186.107091186] [controller_server]: RegulatedPurePursuitController detected collision ahead!
[controller_server-2] [WARN] [1756830186.207731453] [controller_server]: RegulatedPurePursuitController detected collision ahead!
[controller_server-2] [WARN] [1756830186.307975296] [controller_server]: RegulatedPurePursuitController detected collision ahead!
[controller_server-2] [WARN] [1756830186.407912803] [controller_server]: RegulatedPurePursuitController detected collision ahead!
[controller_server-2] [WARN] [1756830186.507980107] [controller_server]: RegulatedPurePursuitController detected collision ahead!
[controller_server-2] [WARN] [1756830186.607914889] [controller_server]: RegulatedPurePursuitController detected collision ahead!
[controller_server-2] [WARN] [1756830186.707278705] [controller_server]: RegulatedPurePursuitController detected collision ahead!
[controller_server-2] [WARN] [1756830186.807919999] [controller_server]: RegulatedPurePursuitController detected collision ahead!
[controller_server-2] [WARN] [1756830186.907190639] [controller_server]: RegulatedPurePursuitController detected collision ahead!
[controller_server-2] [WARN] [1756830187.007823560] [controller_server]: RegulatedPurePursuitController detected collision ahead!
[controller_server-2] [ERROR] [1756830187.007916696] [controller_server]: Controller patience exceeded
[controller_server-2] [WARN] [1756830187.007990056] [controller_server]: [follow_path] [ActionServer] Aborting handle.
[bt_navigator-6] [WARN] [1756830187.033921632] [bt_navigator]: [navigate_to_pose] [ActionServer] Aborting handle.
[bt_navigator-6] [ERROR] [1756830187.034194172] [bt_navigator]: Goal failed
[bt_navigator-6] [INFO] [1756830189.966276079] [bt_navigator]: Begin navigating from current location (1.18, -2.35) to (-1.30, -1.48)
[controller_server-2] [INFO] [1756830189.987485682] [controller_server]: Received a goal, begin computing control effort.
[controller_server-2] [WARN] [1756830189.988738567] [controller_server]: RegulatedPurePursuitController detected collision ahead!
[controller_server-2] [WARN] [1756830190.089024318] [controller_server]: RegulatedPurePursuitController detected collision ahead!
[controller_server-2] [WARN] [1756830190.189041374] [controller_server]: RegulatedPurePursuitController detected collision ahead!
[controller_server-2] [WARN] [1756830190.288841282] [controller_server]: RegulatedPurePursuitController detected collision ahead!
[controller_server-2] [WARN] [1756830190.388508421] [controller_server]: RegulatedPurePursuitController detected collision ahead!
[controller_server-2] [WARN] [1756830190.488531108] [controller_server]: RegulatedPurePursuitController detected collision ahead!
[controller_server-2] [WARN] [1756830190.588357841] [controller_server]: RegulatedPurePursuitController detected collision ahead!
[controller_server-2] [WARN] [1756830190.689134745] [controller_server]: RegulatedPurePursuitController detected collision ahead!
[controller_server-2] [WARN] [1756830190.789047810] [controller_server]: RegulatedPurePursuitController detected collision ahead!
[controller_server-2] [WARN] [1756830190.889008490] [controller_server]: RegulatedPurePursuitController detected collision ahead!
[controller_server-2] [WARN] [1756830190.989037463] [controller_server]: RegulatedPurePursuitController detected collision ahead!
[controller_server-2] [INFO] [1756830191.087700262] [controller_server]: Passing new path to controller.
[controller_server-2] [WARN] [1756830191.089147540] [controller_server]: RegulatedPurePursuitController detected collision ahead!
[controller_server-2] [WARN] [1756830191.269711068] [controller_server]: RegulatedPurePursuitController detected collision ahead!
[controller_server-2] [WARN] [1756830191.288239154] [controller_server]: RegulatedPurePursuitController detected collision ahead!
[controller_server-2] [WARN] [1756830191.388567597] [controller_server]: RegulatedPurePursuitController detected collision ahead!
[controller_server-2] [WARN] [1756830191.488930602] [controller_server]: RegulatedPurePursuitController detected collision ahead!
[controller_server-2] [WARN] [1756830191.588869666] [controller_server]: RegulatedPurePursuitController detected collision ahead!
[controller_server-2] [WARN] [1756830191.688507729] [controller_server]: RegulatedPurePursuitController detected collision ahead!
[controller_server-2] [WARN] [1756830191.789035922] [controller_server]: RegulatedPurePursuitController detected collision ahead!
[controller_server-2] [WARN] [1756830191.888518333] [controller_server]: RegulatedPurePursuitController detected collision ahead!
[controller_server-2] [WARN] [1756830191.987968484] [controller_server]: RegulatedPurePursuitController detected collision ahead!
[controller_server-2] [ERROR] [1756830191.988001082] [controller_server]: Controller patience exceeded
[controller_server-2] [WARN] [1756830191.988023770] [controller_server]: [follow_path] [ActionServer] Aborting handle.
[controller_server-2] [INFO] [1756830192.006921925] [local_costmap.local_costmap]: Received request to clear entirely the local_costmap
[controller_server-2] [INFO] [1756830192.008556831] [controller_server]: Received a goal, begin computing control effort.
[controller_server-2] [INFO] [1756830192.078758996] [controller_server]: Passing new path to controller.
[controller_server-2] [WARN] [1756830192.079591208] [controller_server]: RegulatedPurePursuitController detected collision ahead!
[controller_server-2] [WARN] [1756830192.110039277] [controller_server]: RegulatedPurePursuitController detected collision ahead!
[controller_server-2] [WARN] [1756830192.210190876] [controller_server]: RegulatedPurePursuitController detected collision ahead!
[controller_server-2] [WARN] [1756830192.310228165] [controller_server]: RegulatedPurePursuitController detected collision ahead!
[controller_server-2] [WARN] [1756830192.409727011] [controller_server]: RegulatedPurePursuitController detected collision ahead!
[controller_server-2] [WARN] [1756830192.509480084] [controller_server]: RegulatedPurePursuitController detected collision ahead!
[controller_server-2] [WARN] [1756830192.609287257] [controller_server]: RegulatedPurePursuitController detected collision ahead!
[controller_server-2] [WARN] [1756830192.710223531] [controller_server]: RegulatedPurePursuitController detected collision ahead!
[controller_server-2] [WARN] [1756830192.810219025] [controller_server]: RegulatedPurePursuitController detected collision ahead!
[controller_server-2] [WARN] [1756830192.910180360] [controller_server]: RegulatedPurePursuitController detected collision ahead!
[controller_server-2] [WARN] [1756830193.009936704] [controller_server]: RegulatedPurePursuitController detected collision ahead!
[controller_server-2] [INFO] [1756830193.108847602] [controller_server]: Passing new path to controller.
[controller_server-2] [WARN] [1756830193.110414425] [controller_server]: RegulatedPurePursuitController detected collision ahead!
[controller_server-2] [WARN] [1756830193.210121246] [controller_server]: RegulatedPurePursuitController detected collision ahead!
[controller_server-2] [WARN] [1756830193.309598133] [controller_server]: RegulatedPurePursuitController detected collision ahead!
[controller_server-2] [WARN] [1756830193.409405112] [controller_server]: RegulatedPurePursuitController detected collision ahead!
[controller_server-2] [WARN] [1756830193.509811591] [controller_server]: RegulatedPurePursuitController detected collision ahead!
[controller_server-2] [WARN] [1756830193.610179750] [controller_server]: RegulatedPurePursuitController detected collision ahead!
[controller_server-2] [WARN] [1756830193.710185570] [controller_server]: RegulatedPurePursuitController detected collision ahead!
[controller_server-2] [WARN] [1756830193.810224307] [controller_server]: RegulatedPurePursuitController detected collision ahead!
[controller_server-2] [WARN] [1756830193.909996340] [controller_server]: RegulatedPurePursuitController detected collision ahead!
[controller_server-2] [WARN] [1756830194.009560604] [controller_server]: RegulatedPurePursuitController detected collision ahead!
[controller_server-2] [ERROR] [1756830194.009643394] [controller_server]: Controller patience exceeded
[controller_server-2] [WARN] [1756830194.009694811] [controller_server]: [follow_path] [ActionServer] Aborting handle.
[behavior_server-5] [INFO] [1756830194.027364647] [behavior_server]: Running backup
[behavior_server-5] [WARN] [1756830194.027745851] [behavior_server]: Collision Ahead - Exiting DriveOnHeading
[behavior_server-5] [WARN] [1756830194.027838022] [behavior_server]: backup failed
[behavior_server-5] [WARN] [1756830194.027856428] [behavior_server]: [backup] [ActionServer] Aborting handle.
[controller_server-2] [INFO] [1756830194.056884600] [local_costmap.local_costmap]: Received request to clear entirely the local_costmap
[planner_server-4] [INFO] [1756830194.058100940] [global_costmap.global_costmap]: Received request to clear entirely the global_costmap
[controller_server-2] [INFO] [1756830194.567294772] [controller_server]: Received a goal, begin computing control effort.
[controller_server-2] [WARN] [1756830194.568757528] [controller_server]: RegulatedPurePursuitController detected collision ahead!
[controller_server-2] [WARN] [1756830194.668846178] [controller_server]: RegulatedPurePursuitController detected collision ahead!
[controller_server-2] [WARN] [1756830194.768866693] [controller_server]: RegulatedPurePursuitController detected collision ahead!
[controller_server-2] [WARN] [1756830194.868852444] [controller_server]: RegulatedPurePursuitController detected collision ahead!
[controller_server-2] [WARN] [1756830194.967753486] [controller_server]: RegulatedPurePursuitController detected collision ahead!
[controller_server-2] [WARN] [1756830195.067750288] [controller_server]: RegulatedPurePursuitController detected collision ahead!
[controller_server-2] [WARN] [1756830195.167758146] [controller_server]: RegulatedPurePursuitController detected collision ahead!
[controller_server-2] [WARN] [1756830195.269020521] [controller_server]: RegulatedPurePursuitController detected collision ahead!
[controller_server-2] [WARN] [1756830195.368861324] [controller_server]: RegulatedPurePursuitController detected collision ahead!
[controller_server-2] [WARN] [1756830195.468456499] [controller_server]: RegulatedPurePursuitController detected collision ahead!
[controller_server-2] [WARN] [1756830195.568816303] [controller_server]: RegulatedPurePursuitController detected collision ahead!
[controller_server-2] [INFO] [1756830195.667519176] [controller_server]: Passing new path to controller.
[controller_server-2] [WARN] [1756830195.669082057] [controller_server]: RegulatedPurePursuitController detected collision ahead!
[controller_server-2] [WARN] [1756830195.768224374] [controller_server]: RegulatedPurePursuitController detected collision ahead!
[controller_server-2] [WARN] [1756830195.868720287] [controller_server]: RegulatedPurePursuitController detected collision ahead!
[controller_server-2] [WARN] [1756830195.968873847] [controller_server]: RegulatedPurePursuitController detected collision ahead!
[controller_server-2] [WARN] [1756830196.068858087] [controller_server]: RegulatedPurePursuitController detected collision ahead!
[controller_server-2] [WARN] [1756830196.168933221] [controller_server]: RegulatedPurePursuitController detected collision ahead!
[controller_server-2] [WARN] [1756830196.268848905] [controller_server]: RegulatedPurePursuitController detected collision ahead!
[controller_server-2] [WARN] [1756830196.368852954] [controller_server]: RegulatedPurePursuitController detected collision ahead!
[controller_server-2] [WARN] [1756830196.468517092] [controller_server]: RegulatedPurePursuitController detected collision ahead!
[controller_server-2] [WARN] [1756830196.568104170] [controller_server]: RegulatedPurePursuitController detected collision ahead!
[controller_server-2] [ERROR] [1756830196.568151685] [controller_server]: Controller patience exceeded
[controller_server-2] [WARN] [1756830196.568184920] [controller_server]: [follow_path] [ActionServer] Aborting handle.
[controller_server-2] [INFO] [1756830196.586664219] [local_costmap.local_costmap]: Received request to clear entirely the local_costmap
[controller_server-2] [INFO] [1756830196.588213016] [controller_server]: Received a goal, begin computing control effort.
[controller_server-2] [INFO] [1756830196.678376235] [controller_server]: Passing new path to controller.
[controller_server-2] [WARN] [1756830196.679990945] [controller_server]: RegulatedPurePursuitController detected collision ahead!
[controller_server-2] [WARN] [1756830196.689180361] [controller_server]: RegulatedPurePursuitController detected collision ahead!
[controller_server-2] [WARN] [1756830196.789033696] [controller_server]: RegulatedPurePursuitController detected collision ahead!
[controller_server-2] [WARN] [1756830196.889516996] [controller_server]: RegulatedPurePursuitController detected collision ahead!
[controller_server-2] [WARN] [1756830196.988930432] [controller_server]: RegulatedPurePursuitController detected collision ahead!
[controller_server-2] [WARN] [1756830197.089715005] [controller_server]: RegulatedPurePursuitController detected collision ahead!
[controller_server-2] [WARN] [1756830197.188616289] [controller_server]: RegulatedPurePursuitController detected collision ahead!
[controller_server-2] [WARN] [1756830197.288962202] [controller_server]: RegulatedPurePursuitController detected collision ahead!
[controller_server-2] [WARN] [1756830197.389031288] [controller_server]: RegulatedPurePursuitController detected collision ahead!
[controller_server-2] [WARN] [1756830197.489672393] [controller_server]: RegulatedPurePursuitController detected collision ahead!
[controller_server-2] [WARN] [1756830197.588624377] [controller_server]: RegulatedPurePursuitController detected collision ahead!
[controller_server-2] [INFO] [1756830197.688377715] [controller_server]: Passing new path to controller.
[controller_server-2] [WARN] [1756830197.689484257] [controller_server]: RegulatedPurePursuitController detected collision ahead!
[controller_server-2] [WARN] [1756830197.789054468] [controller_server]: RegulatedPurePursuitController detected collision ahead!
[controller_server-2] [WARN] [1756830197.888605797] [controller_server]: RegulatedPurePursuitController detected collision ahead!
[controller_server-2] [WARN] [1756830197.989731991] [controller_server]: RegulatedPurePursuitController detected collision ahead!
[controller_server-2] [WARN] [1756830198.088607872] [controller_server]: RegulatedPurePursuitController detected collision ahead!
[controller_server-2] [WARN] [1756830198.189791758] [controller_server]: RegulatedPurePursuitController detected collision ahead!
[controller_server-2] [WARN] [1756830198.288984375] [controller_server]: RegulatedPurePursuitController detected collision ahead!
[controller_server-2] [WARN] [1756830198.429735158] [controller_server]: RegulatedPurePursuitController detected collision ahead!
[controller_server-2] [WARN] [1756830198.488805899] [controller_server]: RegulatedPurePursuitController detected collision ahead!
[controller_server-2] [WARN] [1756830198.589359079] [controller_server]: RegulatedPurePursuitController detected collision ahead!
[controller_server-2] [ERROR] [1756830198.589434428] [controller_server]: Controller patience exceeded
[controller_server-2] [WARN] [1756830198.589493080] [controller_server]: [follow_path] [ActionServer] Aborting handle.
[behavior_server-5] [INFO] [1756830198.607090436] [behavior_server]: Running spin
[behavior_server-5] [INFO] [1756830198.607280443] [behavior_server]: Turning 1.57 for spin behavior.
[behavior_server-5] [WARN] [1756830198.707442409] [behavior_server]: Collision Ahead - Exiting Spin
[behavior_server-5] [WARN] [1756830198.707488262] [behavior_server]: spin failed
[behavior_server-5] [WARN] [1756830198.707494285] [behavior_server]: [spin] [ActionServer] Aborting handle.
[behavior_server-5] [INFO] [1756830198.737081030] [behavior_server]: Running wait
[explore-10] [ERROR] [1756830203.545399932] [explore_node]: Extrapolation Error looking up robot pose: Lookup would require extrapolation into the future.  Requested time 1756830203.242692 but the latest data is at time 1756830202.460509, when looking up transform from frame [base_link] to frame [map]
[explore-10] 
[behavior_server-5] [INFO] [1756830203.737434271] [behavior_server]: wait completed successfully
[controller_server-2] [INFO] [1756830203.787318422] [controller_server]: Received a goal, begin computing control effort.
[controller_server-2] [WARN] [1756830203.788531657] [controller_server]: RegulatedPurePursuitController detected collision ahead!
[controller_server-2] [WARN] [1756830203.887916734] [controller_server]: RegulatedPurePursuitController detected collision ahead!
[controller_server-2] [WARN] [1756830203.988413723] [controller_server]: RegulatedPurePursuitController detected collision ahead!
[controller_server-2] [WARN] [1756830204.088187277] [controller_server]: RegulatedPurePursuitController detected collision ahead!
[controller_server-2] [WARN] [1756830204.187768980] [controller_server]: RegulatedPurePursuitController detected collision ahead!
[controller_server-2] [WARN] [1756830204.288869172] [controller_server]: RegulatedPurePursuitController detected collision ahead!
[controller_server-2] [WARN] [1756830204.388874066] [controller_server]: RegulatedPurePursuitController detected collision ahead!
[controller_server-2] [WARN] [1756830204.487769745] [controller_server]: RegulatedPurePursuitController detected collision ahead!
[controller_server-2] [WARN] [1756830204.588863498] [controller_server]: RegulatedPurePursuitController detected collision ahead!
[controller_server-2] [WARN] [1756830204.688266324] [controller_server]: RegulatedPurePursuitController detected collision ahead!
[controller_server-2] [WARN] [1756830204.787763293] [controller_server]: RegulatedPurePursuitController detected collision ahead!
[controller_server-2] [INFO] [1756830204.887520731] [controller_server]: Passing new path to controller.
[controller_server-2] [WARN] [1756830204.888326899] [controller_server]: RegulatedPurePursuitController detected collision ahead!
[controller_server-2] [WARN] [1756830204.989651804] [controller_server]: RegulatedPurePursuitController detected collision ahead!
[controller_server-2] [WARN] [1756830205.089933869] [controller_server]: RegulatedPurePursuitController detected collision ahead!
[controller_server-2] [WARN] [1756830205.189913835] [controller_server]: RegulatedPurePursuitController detected collision ahead!
[controller_server-2] [WARN] [1756830205.289950194] [controller_server]: RegulatedPurePursuitController detected collision ahead!
[controller_server-2] [WARN] [1756830205.389929429] [controller_server]: RegulatedPurePursuitController detected collision ahead!
[controller_server-2] [WARN] [1756830205.489671722] [controller_server]: RegulatedPurePursuitController detected collision ahead!
[controller_server-2] [WARN] [1756830205.589506063] [controller_server]: RegulatedPurePursuitController detected collision ahead!
[controller_server-2] [WARN] [1756830205.689901793] [controller_server]: RegulatedPurePursuitController detected collision ahead!
[controller_server-2] [WARN] [1756830205.788957385] [controller_server]: RegulatedPurePursuitController detected collision ahead!
[controller_server-2] [ERROR] [1756830205.789037129] [controller_server]: Controller patience exceeded
[controller_server-2] [WARN] [1756830205.789108745] [controller_server]: [follow_path] [ActionServer] Aborting handle.
[controller_server-2] [INFO] [1756830205.806996253] [local_costmap.local_costmap]: Received request to clear entirely the local_costmap
[controller_server-2] [INFO] [1756830205.808877168] [controller_server]: Received a goal, begin computing control effort.
[controller_server-2] [INFO] [1756830205.879074252] [controller_server]: Passing new path to controller.
[controller_server-2] [WARN] [1756830205.879391248] [controller_server]: RegulatedPurePursuitController detected collision ahead!
[controller_server-2] [WARN] [1756830205.909486265] [controller_server]: RegulatedPurePursuitController detected collision ahead!
[controller_server-2] [WARN] [1756830206.009680774] [controller_server]: RegulatedPurePursuitController detected collision ahead!
[controller_server-2] [WARN] [1756830206.109904928] [controller_server]: RegulatedPurePursuitController detected collision ahead!
[controller_server-2] [WARN] [1756830206.210026008] [controller_server]: RegulatedPurePursuitController detected collision ahead!
[controller_server-2] [WARN] [1756830206.309503154] [controller_server]: RegulatedPurePursuitController detected collision ahead!
[controller_server-2] [WARN] [1756830206.409642011] [controller_server]: RegulatedPurePursuitController detected collision ahead!
[controller_server-2] [WARN] [1756830206.510357762] [controller_server]: RegulatedPurePursuitController detected collision ahead!
[controller_server-2] [WARN] [1756830206.609693641] [controller_server]: RegulatedPurePursuitController detected collision ahead!
[controller_server-2] [WARN] [1756830206.709768701] [controller_server]: RegulatedPurePursuitController detected collision ahead!
[controller_server-2] [WARN] [1756830206.809563072] [controller_server]: RegulatedPurePursuitController detected collision ahead!
[controller_server-2] [INFO] [1756830206.909133405] [controller_server]: Passing new path to controller.
[controller_server-2] [WARN] [1756830206.909900322] [controller_server]: RegulatedPurePursuitController detected collision ahead!
[controller_server-2] [WARN] [1756830207.009587643] [controller_server]: RegulatedPurePursuitController detected collision ahead!
[controller_server-2] [WARN] [1756830207.110052634] [controller_server]: RegulatedPurePursuitController detected collision ahead!
[controller_server-2] [WARN] [1756830207.210772537] [controller_server]: RegulatedPurePursuitController detected collision ahead!
[controller_server-2] [WARN] [1756830207.309735931] [controller_server]: RegulatedPurePursuitController detected collision ahead!
[controller_server-2] [WARN] [1756830207.410176074] [controller_server]: RegulatedPurePursuitController detected collision ahead!
[controller_server-2] [WARN] [1756830207.509601109] [controller_server]: RegulatedPurePursuitController detected collision ahead!
[controller_server-2] [WARN] [1756830207.609907665] [controller_server]: RegulatedPurePursuitController detected collision ahead!
[controller_server-2] [WARN] [1756830207.709839918] [controller_server]: RegulatedPurePursuitController detected collision ahead!
[controller_server-2] [WARN] [1756830207.810141351] [controller_server]: RegulatedPurePursuitController detected collision ahead!
[controller_server-2] [ERROR] [1756830207.810221477] [controller_server]: Controller patience exceeded
[controller_server-2] [WARN] [1756830207.810286414] [controller_server]: [follow_path] [ActionServer] Aborting handle.
[behavior_server-5] [INFO] [1756830207.826833270] [behavior_server]: Running backup
[behavior_server-5] [WARN] [1756830207.827007911] [behavior_server]: Collision Ahead - Exiting DriveOnHeading
[behavior_server-5] [WARN] [1756830207.827024996] [behavior_server]: backup failed
[behavior_server-5] [WARN] [1756830207.827032338] [behavior_server]: [backup] [ActionServer] Aborting handle.
[controller_server-2] [INFO] [1756830207.856621783] [local_costmap.local_costmap]: Received request to clear entirely the local_costmap
[planner_server-4] [INFO] [1756830207.857125516] [global_costmap.global_costmap]: Received request to clear entirely the global_costmap
[controller_server-2] [INFO] [1756830208.566809810] [controller_server]: Received a goal, begin computing control effort.
[controller_server-2] [WARN] [1756830208.567718454] [controller_server]: RegulatedPurePursuitController detected collision ahead!
[controller_server-2] [WARN] [1756830208.667924362] [controller_server]: RegulatedPurePursuitController detected collision ahead!
[controller_server-2] [WARN] [1756830208.767637803] [controller_server]: RegulatedPurePursuitController detected collision ahead!
[controller_server-2] [WARN] [1756830208.868387739] [controller_server]: RegulatedPurePursuitController detected collision ahead!
[controller_server-2] [WARN] [1756830208.968342487] [controller_server]: RegulatedPurePursuitController detected collision ahead!
[controller_server-2] [WARN] [1756830209.068378341] [controller_server]: RegulatedPurePursuitController detected collision ahead!
[controller_server-2] [WARN] [1756830209.168622398] [controller_server]: RegulatedPurePursuitController detected collision ahead!
[controller_server-2] [WARN] [1756830209.268011996] [controller_server]: RegulatedPurePursuitController detected collision ahead!
[controller_server-2] [WARN] [1756830209.367808791] [controller_server]: RegulatedPurePursuitController detected collision ahead!
[controller_server-2] [WARN] [1756830209.468379091] [controller_server]: RegulatedPurePursuitController detected collision ahead!
[controller_server-2] [WARN] [1756830209.568001850] [controller_server]: RegulatedPurePursuitController detected collision ahead!
[controller_server-2] [INFO] [1756830209.666976634] [controller_server]: Passing new path to controller.
[controller_server-2] [WARN] [1756830209.668564294] [controller_server]: RegulatedPurePursuitController detected collision ahead!
[controller_server-2] [WARN] [1756830209.768303039] [controller_server]: RegulatedPurePursuitController detected collision ahead!
[controller_server-2] [WARN] [1756830209.868055575] [controller_server]: RegulatedPurePursuitController detected collision ahead!
[controller_server-2] [WARN] [1756830209.968312232] [controller_server]: RegulatedPurePursuitController detected collision ahead!
[controller_server-2] [WARN] [1756830210.068310640] [controller_server]: RegulatedPurePursuitController detected collision ahead!
[controller_server-2] [WARN] [1756830210.167755414] [controller_server]: RegulatedPurePursuitController detected collision ahead!
[controller_server-2] [WARN] [1756830210.268336536] [controller_server]: RegulatedPurePursuitController detected collision ahead!
[controller_server-2] [WARN] [1756830210.368331778] [controller_server]: RegulatedPurePursuitController detected collision ahead!
[controller_server-2] [WARN] [1756830210.468402953] [controller_server]: RegulatedPurePursuitController detected collision ahead!
[controller_server-2] [WARN] [1756830210.567963742] [controller_server]: RegulatedPurePursuitController detected collision ahead!
[controller_server-2] [ERROR] [1756830210.568043464] [controller_server]: Controller patience exceeded
[controller_server-2] [WARN] [1756830210.568106113] [controller_server]: [follow_path] [ActionServer] Aborting handle.
[controller_server-2] [INFO] [1756830210.586780092] [local_costmap.local_costmap]: Received request to clear entirely the local_costmap
[controller_server-2] [INFO] [1756830210.588456641] [controller_server]: Received a goal, begin computing control effort.
[controller_server-2] [INFO] [1756830210.678636051] [controller_server]: Passing new path to controller.
[controller_server-2] [WARN] [1756830210.679837541] [controller_server]: RegulatedPurePursuitController detected collision ahead!
[controller_server-2] [WARN] [1756830210.689707397] [controller_server]: RegulatedPurePursuitController detected collision ahead!
[controller_server-2] [WARN] [1756830210.789990193] [controller_server]: RegulatedPurePursuitController detected collision ahead!
[controller_server-2] [WARN] [1756830210.889969924] [controller_server]: RegulatedPurePursuitController detected collision ahead!
[controller_server-2] [WARN] [1756830210.989784875] [controller_server]: RegulatedPurePursuitController detected collision ahead!
[controller_server-2] [WARN] [1756830211.089959369] [controller_server]: RegulatedPurePursuitController detected collision ahead!
[controller_server-2] [WARN] [1756830211.189416961] [controller_server]: RegulatedPurePursuitController detected collision ahead!
[controller_server-2] [WARN] [1756830211.289957581] [controller_server]: RegulatedPurePursuitController detected collision ahead!
[controller_server-2] [WARN] [1756830211.389969104] [controller_server]: RegulatedPurePursuitController detected collision ahead!
[controller_server-2] [WARN] [1756830211.489966403] [controller_server]: RegulatedPurePursuitController detected collision ahead!
[controller_server-2] [WARN] [1756830211.589977092] [controller_server]: RegulatedPurePursuitController detected collision ahead!
[controller_server-2] [INFO] [1756830211.688644445] [controller_server]: Passing new path to controller.
[controller_server-2] [WARN] [1756830211.690196542] [controller_server]: RegulatedPurePursuitController detected collision ahead!
[controller_server-2] [WARN] [1756830211.789980357] [controller_server]: RegulatedPurePursuitController detected collision ahead!
[controller_server-2] [WARN] [1756830211.889474471] [controller_server]: RegulatedPurePursuitController detected collision ahead!
[controller_server-2] [WARN] [1756830211.989309347] [controller_server]: RegulatedPurePursuitController detected collision ahead!
[controller_server-2] [WARN] [1756830212.089475319] [controller_server]: RegulatedPurePursuitController detected collision ahead!
[controller_server-2] [WARN] [1756830212.189970059] [controller_server]: RegulatedPurePursuitController detected collision ahead!
[controller_server-2] [WARN] [1756830212.288885674] [controller_server]: RegulatedPurePursuitController detected collision ahead!
[controller_server-2] [WARN] [1756830212.388881415] [controller_server]: RegulatedPurePursuitController detected collision ahead!
[controller_server-2] [WARN] [1756830212.488870392] [controller_server]: RegulatedPurePursuitController detected collision ahead!
[controller_server-2] [WARN] [1756830212.588868333] [controller_server]: RegulatedPurePursuitController detected collision ahead!
[controller_server-2] [ERROR] [1756830212.588894760] [controller_server]: Controller patience exceeded
[controller_server-2] [WARN] [1756830212.588912972] [controller_server]: [follow_path] [ActionServer] Aborting handle.
[behavior_server-5] [INFO] [1756830212.606720417] [behavior_server]: Running spin
[behavior_server-5] [INFO] [1756830212.606767800] [behavior_server]: Turning 1.57 for spin behavior.
[behavior_server-5] [WARN] [1756830212.706891134] [behavior_server]: Collision Ahead - Exiting Spin
[behavior_server-5] [WARN] [1756830212.706911984] [behavior_server]: spin failed
[behavior_server-5] [WARN] [1756830212.706916954] [behavior_server]: [spin] [ActionServer] Aborting handle.
[behavior_server-5] [INFO] [1756830212.736645128] [behavior_server]: Running wait
[behavior_server-5] [INFO] [1756830217.736824345] [behavior_server]: wait completed successfully
[controller_server-2] [INFO] [1756830217.787134647] [controller_server]: Received a goal, begin computing control effort.
[controller_server-2] [WARN] [1756830217.788042627] [controller_server]: RegulatedPurePursuitController detected collision ahead!
[controller_server-2] [WARN] [1756830217.888627540] [controller_server]: RegulatedPurePursuitController detected collision ahead!
[controller_server-2] [WARN] [1756830217.988636806] [controller_server]: RegulatedPurePursuitController detected collision ahead!
[controller_server-2] [WARN] [1756830218.088630641] [controller_server]: RegulatedPurePursuitController detected collision ahead!
[controller_server-2] [WARN] [1756830218.188644847] [controller_server]: RegulatedPurePursuitController detected collision ahead!
[controller_server-2] [WARN] [1756830218.288334169] [controller_server]: RegulatedPurePursuitController detected collision ahead!
[controller_server-2] [WARN] [1756830218.387540015] [controller_server]: RegulatedPurePursuitController detected collision ahead!
[controller_server-2] [WARN] [1756830218.488478067] [controller_server]: RegulatedPurePursuitController detected collision ahead!
[controller_server-2] [WARN] [1756830218.588639898] [controller_server]: RegulatedPurePursuitController detected collision ahead!
[controller_server-2] [WARN] [1756830218.688645560] [controller_server]: RegulatedPurePursuitController detected collision ahead!
[controller_server-2] [WARN] [1756830218.788656518] [controller_server]: RegulatedPurePursuitController detected collision ahead!
[controller_server-2] [INFO] [1756830218.887326402] [controller_server]: Passing new path to controller.
[controller_server-2] [WARN] [1756830218.888922601] [controller_server]: RegulatedPurePursuitController detected collision ahead!
[controller_server-2] [WARN] [1756830219.068246487] [controller_server]: RegulatedPurePursuitController detected collision ahead!
[controller_server-2] [WARN] [1756830219.087547504] [controller_server]: RegulatedPurePursuitController detected collision ahead!
[controller_server-2] [WARN] [1756830219.188600819] [controller_server]: RegulatedPurePursuitController detected collision ahead!
[controller_server-2] [WARN] [1756830219.288725290] [controller_server]: RegulatedPurePursuitController detected collision ahead!
[controller_server-2] [WARN] [1756830219.388705052] [controller_server]: RegulatedPurePursuitController detected collision ahead!
[controller_server-2] [WARN] [1756830219.488387562] [controller_server]: RegulatedPurePursuitController detected collision ahead!
[controller_server-2] [WARN] [1756830219.588636710] [controller_server]: RegulatedPurePursuitController detected collision ahead!
[controller_server-2] [WARN] [1756830219.688627203] [controller_server]: RegulatedPurePursuitController detected collision ahead!
[controller_server-2] [WARN] [1756830219.788636013] [controller_server]: RegulatedPurePursuitController detected collision ahead!
[controller_server-2] [ERROR] [1756830219.788727051] [controller_server]: Controller patience exceeded
[controller_server-2] [WARN] [1756830219.788803147] [controller_server]: [follow_path] [ActionServer] Aborting handle.
[controller_server-2] [INFO] [1756830219.806916166] [local_costmap.local_costmap]: Received request to clear entirely the local_costmap
[controller_server-2] [INFO] [1756830219.809007873] [controller_server]: Received a goal, begin computing control effort.
[controller_server-2] [INFO] [1756830219.879231112] [controller_server]: Passing new path to controller.
[controller_server-2] [WARN] [1756830219.880780501] [controller_server]: RegulatedPurePursuitController detected collision ahead!
[controller_server-2] [WARN] [1756830219.910530554] [controller_server]: RegulatedPurePursuitController detected collision ahead!
[controller_server-2] [WARN] [1756830220.010658161] [controller_server]: RegulatedPurePursuitController detected collision ahead!
[controller_server-2] [WARN] [1756830220.110633994] [controller_server]: RegulatedPurePursuitController detected collision ahead!
[controller_server-2] [WARN] [1756830220.210566523] [controller_server]: RegulatedPurePursuitController detected collision ahead!
[controller_server-2] [WARN] [1756830220.310332869] [controller_server]: RegulatedPurePursuitController detected collision ahead!
[controller_server-2] [WARN] [1756830220.410088857] [controller_server]: RegulatedPurePursuitController detected collision ahead!
[controller_server-2] [WARN] [1756830220.509758447] [controller_server]: RegulatedPurePursuitController detected collision ahead!
[controller_server-2] [WARN] [1756830220.610746237] [controller_server]: RegulatedPurePursuitController detected collision ahead!
[controller_server-2] [WARN] [1756830220.710652807] [controller_server]: RegulatedPurePursuitController detected collision ahead!
[controller_server-2] [WARN] [1756830220.810770920] [controller_server]: RegulatedPurePursuitController detected collision ahead!
[controller_server-2] [INFO] [1756830220.909312036] [controller_server]: Passing new path to controller.
[controller_server-2] [WARN] [1756830220.910768537] [controller_server]: RegulatedPurePursuitController detected collision ahead!
[controller_server-2] [WARN] [1756830221.010572551] [controller_server]: RegulatedPurePursuitController detected collision ahead!
[controller_server-2] [WARN] [1756830221.110087292] [controller_server]: RegulatedPurePursuitController detected collision ahead!
[controller_server-2] [WARN] [1756830221.210676486] [controller_server]: RegulatedPurePursuitController detected collision ahead!
[controller_server-2] [WARN] [1756830221.309857453] [controller_server]: RegulatedPurePursuitController detected collision ahead!
[controller_server-2] [WARN] [1756830221.409467908] [controller_server]: RegulatedPurePursuitController detected collision ahead!
[controller_server-2] [WARN] [1756830221.509892714] [controller_server]: RegulatedPurePursuitController detected collision ahead!
[controller_server-2] [WARN] [1756830221.610557612] [controller_server]: RegulatedPurePursuitController detected collision ahead!
[controller_server-2] [WARN] [1756830221.711176378] [controller_server]: RegulatedPurePursuitController detected collision ahead!
[controller_server-2] [WARN] [1756830221.810546941] [controller_server]: RegulatedPurePursuitController detected collision ahead!
[controller_server-2] [ERROR] [1756830221.810631235] [controller_server]: Controller patience exceeded
[controller_server-2] [WARN] [1756830221.810707644] [controller_server]: [follow_path] [ActionServer] Aborting handle.
[behavior_server-5] [INFO] [1756830221.827154525] [behavior_server]: Running backup
[behavior_server-5] [WARN] [1756830221.827560220] [behavior_server]: Collision Ahead - Exiting DriveOnHeading
[behavior_server-5] [WARN] [1756830221.827590979] [behavior_server]: backup failed
[behavior_server-5] [WARN] [1756830221.827610087] [behavior_server]: [backup] [ActionServer] Aborting handle.
[controller_server-2] [INFO] [1756830221.856876819] [local_costmap.local_costmap]: Received request to clear entirely the local_costmap
[planner_server-4] [INFO] [1756830221.858158644] [global_costmap.global_costmap]: Received request to clear entirely the global_costmap
[controller_server-2] [INFO] [1756830222.567406025] [controller_server]: Received a goal, begin computing control effort.
[controller_server-2] [WARN] [1756830222.569217305] [controller_server]: RegulatedPurePursuitController detected collision ahead!
[controller_server-2] [WARN] [1756830222.667841194] [controller_server]: RegulatedPurePursuitController detected collision ahead!
[controller_server-2] [WARN] [1756830222.767839917] [controller_server]: RegulatedPurePursuitController detected collision ahead!
[controller_server-2] [WARN] [1756830222.868601097] [controller_server]: RegulatedPurePursuitController detected collision ahead!
[controller_server-2] [WARN] [1756830222.968522684] [controller_server]: RegulatedPurePursuitController detected collision ahead!
[controller_server-2] [WARN] [1756830223.068950261] [controller_server]: RegulatedPurePursuitController detected collision ahead!
[controller_server-2] [WARN] [1756830223.169111351] [controller_server]: RegulatedPurePursuitController detected collision ahead!
[controller_server-2] [WARN] [1756830223.269028654] [controller_server]: RegulatedPurePursuitController detected collision ahead!
[controller_server-2] [WARN] [1756830223.369020854] [controller_server]: RegulatedPurePursuitController detected collision ahead!
[controller_server-2] [WARN] [1756830223.469024661] [controller_server]: RegulatedPurePursuitController detected collision ahead!
[explore-10] [ERROR] [1756830223.545365264] [explore_node]: Extrapolation Error looking up robot pose: Lookup would require extrapolation into the future.  Requested time 1756830223.240963 but the latest data is at time 1756830223.167562, when looking up transform from frame [base_link] to frame [map]
[explore-10] 
[controller_server-2] [WARN] [1756830223.568018948] [controller_server]: RegulatedPurePursuitController detected collision ahead!
[controller_server-2] [INFO] [1756830223.667626595] [controller_server]: Passing new path to controller.
[controller_server-2] [WARN] [1756830223.669179295] [controller_server]: RegulatedPurePursuitController detected collision ahead!
[controller_server-2] [WARN] [1756830223.869711251] [controller_server]: RegulatedPurePursuitController detected collision ahead!
[controller_server-2] [WARN] [1756830223.869915386] [controller_server]: Control loop missed its desired rate of 10.0000Hz
[controller_server-2] [WARN] [1756830223.871161051] [controller_server]: RegulatedPurePursuitController detected collision ahead!
[controller_server-2] [WARN] [1756830223.968394205] [controller_server]: RegulatedPurePursuitController detected collision ahead!
[controller_server-2] [WARN] [1756830224.069037195] [controller_server]: RegulatedPurePursuitController detected collision ahead!
[controller_server-2] [WARN] [1756830224.168952950] [controller_server]: RegulatedPurePursuitController detected collision ahead!
[controller_server-2] [WARN] [1756830224.268996611] [controller_server]: RegulatedPurePursuitController detected collision ahead!
[controller_server-2] [WARN] [1756830224.368956354] [controller_server]: RegulatedPurePursuitController detected collision ahead!
[controller_server-2] [WARN] [1756830224.468487096] [controller_server]: RegulatedPurePursuitController detected collision ahead!
[controller_server-2] [WARN] [1756830224.568833240] [controller_server]: RegulatedPurePursuitController detected collision ahead!
[controller_server-2] [ERROR] [1756830224.568919850] [controller_server]: Controller patience exceeded
[controller_server-2] [WARN] [1756830224.568992794] [controller_server]: [follow_path] [ActionServer] Aborting handle.
[controller_server-2] [INFO] [1756830224.586919296] [local_costmap.local_costmap]: Received request to clear entirely the local_costmap
[controller_server-2] [INFO] [1756830224.588822494] [controller_server]: Received a goal, begin computing control effort.
[controller_server-2] [INFO] [1756830224.679154909] [controller_server]: Passing new path to controller.
[controller_server-2] [WARN] [1756830224.681980572] [controller_server]: RegulatedPurePursuitController detected collision ahead!
[controller_server-2] [WARN] [1756830224.691544962] [controller_server]: RegulatedPurePursuitController detected collision ahead!
[controller_server-2] [WARN] [1756830224.791579548] [controller_server]: RegulatedPurePursuitController detected collision ahead!
[controller_server-2] [WARN] [1756830224.891529441] [controller_server]: RegulatedPurePursuitController detected collision ahead!
[controller_server-2] [WARN] [1756830224.991545345] [controller_server]: RegulatedPurePursuitController detected collision ahead!
[controller_server-2] [WARN] [1756830225.091567625] [controller_server]: RegulatedPurePursuitController detected collision ahead!
[controller_server-2] [WARN] [1756830225.191567909] [controller_server]: RegulatedPurePursuitController detected collision ahead!
[controller_server-2] [WARN] [1756830225.291539673] [controller_server]: RegulatedPurePursuitController detected collision ahead!
[controller_server-2] [WARN] [1756830225.391584682] [controller_server]: RegulatedPurePursuitController detected collision ahead!
[controller_server-2] [WARN] [1756830225.491161780] [controller_server]: RegulatedPurePursuitController detected collision ahead!
[controller_server-2] [WARN] [1756830225.590000153] [controller_server]: RegulatedPurePursuitController detected collision ahead!
[controller_server-2] [INFO] [1756830225.689043597] [controller_server]: Passing new path to controller.
[controller_server-2] [WARN] [1756830225.690599253] [controller_server]: RegulatedPurePursuitController detected collision ahead!
[controller_server-2] [WARN] [1756830225.790360327] [controller_server]: RegulatedPurePursuitController detected collision ahead!
[controller_server-2] [WARN] [1756830225.889261231] [controller_server]: RegulatedPurePursuitController detected collision ahead!
[controller_server-2] [WARN] [1756830225.990365173] [controller_server]: RegulatedPurePursuitController detected collision ahead!
[controller_server-2] [WARN] [1756830226.090364967] [controller_server]: RegulatedPurePursuitController detected collision ahead!
[controller_server-2] [WARN] [1756830226.190355621] [controller_server]: RegulatedPurePursuitController detected collision ahead!
[controller_server-2] [WARN] [1756830226.289499657] [controller_server]: RegulatedPurePursuitController detected collision ahead!
[controller_server-2] [WARN] [1756830226.390138406] [controller_server]: RegulatedPurePursuitController detected collision ahead!
[controller_server-2] [WARN] [1756830226.489951401] [controller_server]: RegulatedPurePursuitController detected collision ahead!
[controller_server-2] [WARN] [1756830226.589906877] [controller_server]: RegulatedPurePursuitController detected collision ahead!
[controller_server-2] [ERROR] [1756830226.589988026] [controller_server]: Controller patience exceeded
[controller_server-2] [WARN] [1756830226.590048297] [controller_server]: [follow_path] [ActionServer] Aborting handle.
[behavior_server-5] [INFO] [1756830226.607361525] [behavior_server]: Running spin
[behavior_server-5] [INFO] [1756830226.607533417] [behavior_server]: Turning 1.57 for spin behavior.
[behavior_server-5] [WARN] [1756830226.707873364] [behavior_server]: Collision Ahead - Exiting Spin
[behavior_server-5] [WARN] [1756830226.707929783] [behavior_server]: spin failed
[behavior_server-5] [WARN] [1756830226.707948866] [behavior_server]: [spin] [ActionServer] Aborting handle.
[behavior_server-5] [INFO] [1756830226.737062988] [behavior_server]: Running wait
[behavior_server-5] [INFO] [1756830231.737265242] [behavior_server]: wait completed successfully
[controller_server-2] [INFO] [1756830231.787509340] [controller_server]: Received a goal, begin computing control effort.
[controller_server-2] [WARN] [1756830231.788977893] [controller_server]: RegulatedPurePursuitController detected collision ahead!
[controller_server-2] [WARN] [1756830231.888042029] [controller_server]: RegulatedPurePursuitController detected collision ahead!
[controller_server-2] [WARN] [1756830231.989084698] [controller_server]: RegulatedPurePursuitController detected collision ahead!
[controller_server-2] [WARN] [1756830232.088112924] [controller_server]: RegulatedPurePursuitController detected collision ahead!
[controller_server-2] [WARN] [1756830232.188608420] [controller_server]: RegulatedPurePursuitController detected collision ahead!
[controller_server-2] [WARN] [1756830232.288932886] [controller_server]: RegulatedPurePursuitController detected collision ahead!
[controller_server-2] [WARN] [1756830232.389086181] [controller_server]: RegulatedPurePursuitController detected collision ahead!
[controller_server-2] [WARN] [1756830232.489069111] [controller_server]: RegulatedPurePursuitController detected collision ahead!
[controller_server-2] [WARN] [1756830232.589073726] [controller_server]: RegulatedPurePursuitController detected collision ahead!
[controller_server-2] [WARN] [1756830232.688695465] [controller_server]: RegulatedPurePursuitController detected collision ahead!
[controller_server-2] [WARN] [1756830232.788659094] [controller_server]: RegulatedPurePursuitController detected collision ahead!
[controller_server-2] [INFO] [1756830232.887746478] [controller_server]: Passing new path to controller.
[controller_server-2] [WARN] [1756830232.889306521] [controller_server]: RegulatedPurePursuitController detected collision ahead!
[controller_server-2] [WARN] [1756830232.989070844] [controller_server]: RegulatedPurePursuitController detected collision ahead!
[controller_server-2] [WARN] [1756830233.089067019] [controller_server]: RegulatedPurePursuitController detected collision ahead!
[controller_server-2] [WARN] [1756830233.188211486] [controller_server]: RegulatedPurePursuitController detected collision ahead!
[controller_server-2] [WARN] [1756830233.289152952] [controller_server]: RegulatedPurePursuitController detected collision ahead!
[controller_server-2] [WARN] [1756830233.389153233] [controller_server]: RegulatedPurePursuitController detected collision ahead!
[controller_server-2] [WARN] [1756830233.488855598] [controller_server]: RegulatedPurePursuitController detected collision ahead!
[controller_server-2] [WARN] [1756830233.589148511] [controller_server]: RegulatedPurePursuitController detected collision ahead!
[controller_server-2] [WARN] [1756830233.688891100] [controller_server]: RegulatedPurePursuitController detected collision ahead!
[controller_server-2] [WARN] [1756830233.788644128] [controller_server]: RegulatedPurePursuitController detected collision ahead!
[controller_server-2] [ERROR] [1756830233.788717270] [controller_server]: Controller patience exceeded
[controller_server-2] [WARN] [1756830233.788777630] [controller_server]: [follow_path] [ActionServer] Aborting handle.
[controller_server-2] [INFO] [1756830233.806685922] [local_costmap.local_costmap]: Received request to clear entirely the local_costmap
[controller_server-2] [INFO] [1756830233.808417946] [controller_server]: Received a goal, begin computing control effort.
[controller_server-2] [INFO] [1756830233.878608000] [controller_server]: Passing new path to controller.
[controller_server-2] [WARN] [1756830233.879833272] [controller_server]: RegulatedPurePursuitController detected collision ahead!
[controller_server-2] [WARN] [1756830233.909577818] [controller_server]: RegulatedPurePursuitController detected collision ahead!
[controller_server-2] [WARN] [1756830234.009168192] [controller_server]: RegulatedPurePursuitController detected collision ahead!
[controller_server-2] [WARN] [1756830234.109334496] [controller_server]: RegulatedPurePursuitController detected collision ahead!
[controller_server-2] [WARN] [1756830234.209640601] [controller_server]: RegulatedPurePursuitController detected collision ahead!
[controller_server-2] [WARN] [1756830234.309966427] [controller_server]: RegulatedPurePursuitController detected collision ahead!
[controller_server-2] [WARN] [1756830234.409079339] [controller_server]: RegulatedPurePursuitController detected collision ahead!
[controller_server-2] [WARN] [1756830234.509323748] [controller_server]: RegulatedPurePursuitController detected collision ahead!
[controller_server-2] [WARN] [1756830234.609703485] [controller_server]: RegulatedPurePursuitController detected collision ahead!
[controller_server-2] [WARN] [1756830234.709731344] [controller_server]: RegulatedPurePursuitControlle