[INFO] [launch]: All log files can be found below /home/robot/.ros/log/2025-09-03-17-55-36-745007-robot-pc04-63200
[INFO] [launch]: Default logging verbosity is set to INFO
[INFO] [async_slam_toolbox_node-1]: process started with pid [63213]
[INFO] [controller_server-2]: process started with pid [63215]
[INFO] [smoother_server-3]: process started with pid [63217]
[INFO] [planner_server-4]: process started with pid [63219]
[INFO] [behavior_server-5]: process started with pid [63221]
[INFO] [bt_navigator-6]: process started with pid [63223]
[INFO] [waypoint_follower-7]: process started with pid [63225]
[INFO] [velocity_smoother-8]: process started with pid [63227]
[INFO] [lifecycle_manager-9]: process started with pid [63229]
[INFO] [explore-10]: process started with pid [63231]
[INFO] [rviz2-11]: process started with pid [63233]
[async_slam_toolbox_node-1] [INFO] [1756914936.854501659] [slam]: Node using stack size 40000000
[controller_server-2] [INFO] [1756914936.855134432] [controller_server]: 
[controller_server-2] 	controller_server lifecycle node launched. 
[controller_server-2] 	Waiting on external lifecycle transitions to activate
[controller_server-2] 	See https://design.ros2.org/articles/node_lifecycle.html for more information.
[controller_server-2] [INFO] [1756914936.857208481] [controller_server]: Creating controller server
[velocity_smoother-8] [INFO] [1756914936.857429973] [velocity_smoother]: 
[velocity_smoother-8] 	velocity_smoother lifecycle node launched. 
[velocity_smoother-8] 	Waiting on external lifecycle transitions to activate
[velocity_smoother-8] 	See https://design.ros2.org/articles/node_lifecycle.html for more information.
[waypoint_follower-7] [INFO] [1756914936.858064878] [waypoint_follower]: 
[waypoint_follower-7] 	waypoint_follower lifecycle node launched. 
[waypoint_follower-7] 	Waiting on external lifecycle transitions to activate
[waypoint_follower-7] 	See https://design.ros2.org/articles/node_lifecycle.html for more information.
[waypoint_follower-7] [INFO] [1756914936.858388746] [waypoint_follower]: Creating
[smoother_server-3] [INFO] [1756914936.858546905] [smoother_server]: 
[smoother_server-3] 	smoother_server lifecycle node launched. 
[smoother_server-3] 	Waiting on external lifecycle transitions to activate
[smoother_server-3] 	See https://design.ros2.org/articles/node_lifecycle.html for more information.
[lifecycle_manager-9] [INFO] [1756914936.858824466] [lifecycle_manager_navigation]: Creating
[smoother_server-3] [INFO] [1756914936.859380248] [smoother_server]: Creating smoother server
[behavior_server-5] [INFO] [1756914936.860160495] [behavior_server]: 
[behavior_server-5] 	behavior_server lifecycle node launched. 
[behavior_server-5] 	Waiting on external lifecycle transitions to activate
[behavior_server-5] 	See https://design.ros2.org/articles/node_lifecycle.html for more information.
[lifecycle_manager-9] [INFO] [1756914936.860788688] [lifecycle_manager_navigation]: [34m[1mCreating and initializing lifecycle service clients[0m[0m
[planner_server-4] [INFO] [1756914936.861216069] [planner_server]: 
[planner_server-4] 	planner_server lifecycle node launched. 
[planner_server-4] 	Waiting on external lifecycle transitions to activate
[planner_server-4] 	See https://design.ros2.org/articles/node_lifecycle.html for more information.
[planner_server-4] [INFO] [1756914936.862928568] [planner_server]: Creating
[bt_navigator-6] [INFO] [1756914936.863097884] [bt_navigator]: 
[bt_navigator-6] 	bt_navigator lifecycle node launched. 
[bt_navigator-6] 	Waiting on external lifecycle transitions to activate
[bt_navigator-6] 	See https://design.ros2.org/articles/node_lifecycle.html for more information.
[bt_navigator-6] [INFO] [1756914936.863178859] [bt_navigator]: Creating
[explore-10] [INFO] [1756914936.863312505] [explore_node]: Waiting for costmap to become available, topic: map
[controller_server-2] [INFO] [1756914936.863519100] [local_costmap.local_costmap]: 
[controller_server-2] 	local_costmap lifecycle node launched. 
[controller_server-2] 	Waiting on external lifecycle transitions to activate
[controller_server-2] 	See https://design.ros2.org/articles/node_lifecycle.html for more information.
[controller_server-2] [INFO] [1756914936.863750296] [local_costmap.local_costmap]: Creating Costmap
[planner_server-4] [INFO] [1756914936.871295911] [global_costmap.global_costmap]: 
[planner_server-4] 	global_costmap lifecycle node launched. 
[planner_server-4] 	Waiting on external lifecycle transitions to activate
[planner_server-4] 	See https://design.ros2.org/articles/node_lifecycle.html for more information.
[planner_server-4] [INFO] [1756914936.871671426] [global_costmap.global_costmap]: Creating Costmap
[async_slam_toolbox_node-1] [INFO] [1756914936.874504979] [slam]: Using solver plugin solver_plugins::CeresSolver
[async_slam_toolbox_node-1] [INFO] [1756914936.874741315] [slam]: CeresSolver: Using SCHUR_JACOBI preconditioner.
[lifecycle_manager-9] [INFO] [1756914936.878077248] [lifecycle_manager_navigation]: [34m[1mStarting managed nodes bringup...[0m[0m
[lifecycle_manager-9] [INFO] [1756914936.878113182] [lifecycle_manager_navigation]: [34m[1mConfiguring controller_server[0m[0m
[controller_server-2] [INFO] [1756914936.878288348] [controller_server]: Configuring controller interface
[controller_server-2] [INFO] [1756914936.878403376] [controller_server]: getting goal checker plugins..
[controller_server-2] [INFO] [1756914936.878451820] [controller_server]: Controller frequency set to 10.0000Hz
[controller_server-2] [INFO] [1756914936.878471386] [local_costmap.local_costmap]: Configuring
[controller_server-2] [INFO] [1756914936.881603083] [local_costmap.local_costmap]: Using plugin "static_layer"
[controller_server-2] [INFO] [1756914936.883795754] [local_costmap.local_costmap]: Subscribing to the map topic (/map) with transient local durability
[controller_server-2] [INFO] [1756914936.884647773] [local_costmap.local_costmap]: Initialized plugin "static_layer"
[controller_server-2] [INFO] [1756914936.884662170] [local_costmap.local_costmap]: Using plugin "obstacle_layer"
[controller_server-2] [INFO] [1756914936.884865624] [local_costmap.local_costmap]: Subscribed to Topics: scan
[controller_server-2] [INFO] [1756914936.885814838] [local_costmap.local_costmap]: Initialized plugin "obstacle_layer"
[controller_server-2] [INFO] [1756914936.885826189] [local_costmap.local_costmap]: Using plugin "inflation_layer"
[controller_server-2] [INFO] [1756914936.886247955] [local_costmap.local_costmap]: Initialized plugin "inflation_layer"
[controller_server-2] [INFO] [1756914936.888860082] [controller_server]: Created progress_checker : progress_checker of type nav2_controller::SimpleProgressChecker
[controller_server-2] [INFO] [1756914936.889075751] [controller_server]: Created goal checker : goal_checker of type nav2_controller::SimpleGoalChecker
[controller_server-2] [INFO] [1756914936.889156121] [controller_server]: Controller Server has goal_checker  goal checkers available.
[controller_server-2] [INFO] [1756914936.889399436] [controller_server]: Created controller : FollowPath of type nav2_regulated_pure_pursuit_controller::RegulatedPurePursuitController
[controller_server-2] [INFO] [1756914936.891455202] [controller_server]: Controller Server has FollowPath  controllers available.
[lifecycle_manager-9] [INFO] [1756914936.895071086] [lifecycle_manager_navigation]: [34m[1mConfiguring smoother_server[0m[0m
[smoother_server-3] [INFO] [1756914936.895205155] [smoother_server]: Configuring smoother server
[smoother_server-3] [INFO] [1756914936.898789096] [smoother_server]: Created smoother : simple_smoother of type nav2_smoother::SimpleSmoother
[smoother_server-3] [INFO] [1756914936.898920675] [smoother_server]: Smoother Server has simple_smoother  smoothers available.
[lifecycle_manager-9] [INFO] [1756914936.900646782] [lifecycle_manager_navigation]: [34m[1mConfiguring planner_server[0m[0m
[planner_server-4] [INFO] [1756914936.900755705] [planner_server]: Configuring
[planner_server-4] [INFO] [1756914936.900779133] [global_costmap.global_costmap]: Configuring
[planner_server-4] [INFO] [1756914936.902716721] [global_costmap.global_costmap]: Using plugin "static_layer"
[planner_server-4] [INFO] [1756914936.904136493] [global_costmap.global_costmap]: Subscribing to the map topic (/map) with transient local durability
[planner_server-4] [INFO] [1756914936.904573484] [global_costmap.global_costmap]: Initialized plugin "static_layer"
[planner_server-4] [INFO] [1756914936.904583188] [global_costmap.global_costmap]: Using plugin "obstacle_layer"
[planner_server-4] [INFO] [1756914936.904692890] [global_costmap.global_costmap]: Subscribed to Topics: scan
[planner_server-4] [INFO] [1756914936.905579299] [global_costmap.global_costmap]: Initialized plugin "obstacle_layer"
[planner_server-4] [INFO] [1756914936.905589006] [global_costmap.global_costmap]: Using plugin "inflation_layer"
[planner_server-4] [INFO] [1756914936.905840613] [global_costmap.global_costmap]: Initialized plugin "inflation_layer"
[planner_server-4] [INFO] [1756914936.908599873] [planner_server]: Created global planner plugin GridBased of type nav2_navfn_planner/NavfnPlanner
[planner_server-4] [INFO] [1756914936.908616519] [planner_server]: Configuring plugin GridBased of type NavfnPlanner
[planner_server-4] [INFO] [1756914936.908755769] [planner_server]: Planner Server has GridBased  planners available.
[lifecycle_manager-9] [INFO] [1756914936.911472653] [lifecycle_manager_navigation]: [34m[1mConfiguring behavior_server[0m[0m
[behavior_server-5] [INFO] [1756914936.911615460] [behavior_server]: Configuring
[behavior_server-5] [INFO] [1756914936.914759946] [behavior_server]: Creating behavior plugin spin of type nav2_behaviors/Spin
[behavior_server-5] [INFO] [1756914936.915292475] [behavior_server]: Configuring spin
[behavior_server-5] [INFO] [1756914936.917187087] [behavior_server]: Creating behavior plugin backup of type nav2_behaviors/BackUp
[behavior_server-5] [INFO] [1756914936.917534298] [behavior_server]: Configuring backup
[behavior_server-5] [INFO] [1756914936.918718400] [behavior_server]: Creating behavior plugin drive_on_heading of type nav2_behaviors/DriveOnHeading
[behavior_server-5] [INFO] [1756914936.919072272] [behavior_server]: Configuring drive_on_heading
[behavior_server-5] [INFO] [1756914936.920344191] [behavior_server]: Creating behavior plugin wait of type nav2_behaviors/Wait
[behavior_server-5] [INFO] [1756914936.920737798] [behavior_server]: Configuring wait
[behavior_server-5] [INFO] [1756914936.922953747] [behavior_server]: Creating behavior plugin assisted_teleop of type nav2_behaviors/AssistedTeleop
[behavior_server-5] [INFO] [1756914936.924401793] [behavior_server]: Configuring assisted_teleop
[lifecycle_manager-9] [INFO] [1756914936.933423226] [lifecycle_manager_navigation]: [34m[1mConfiguring bt_navigator[0m[0m
[bt_navigator-6] [INFO] [1756914936.933760880] [bt_navigator]: Configuring
[lifecycle_manager-9] [INFO] [1756914936.957806822] [lifecycle_manager_navigation]: [34m[1mConfiguring waypoint_follower[0m[0m
[waypoint_follower-7] [INFO] [1756914936.957913705] [waypoint_follower]: Configuring
[waypoint_follower-7] [INFO] [1756914936.961405093] [waypoint_follower]: Created waypoint_task_executor : wait_at_waypoint of type nav2_waypoint_follower::WaitAtWaypoint
[lifecycle_manager-9] [INFO] [1756914936.961663643] [lifecycle_manager_navigation]: [34m[1mConfiguring velocity_smoother[0m[0m
[velocity_smoother-8] [INFO] [1756914936.961773550] [velocity_smoother]: Configuring velocity smoother
[lifecycle_manager-9] [INFO] [1756914936.962976264] [lifecycle_manager_navigation]: [34m[1mActivating controller_server[0m[0m
[controller_server-2] [INFO] [1756914936.963048283] [controller_server]: Activating
[controller_server-2] [INFO] [1756914936.963084797] [local_costmap.local_costmap]: Activating
[controller_server-2] [INFO] [1756914936.963098659] [local_costmap.local_costmap]: Checking transform
[controller_server-2] [INFO] [1756914936.963120313] [local_costmap.local_costmap]: Timed out waiting for transform from base_link to odom to become available, tf error: Invalid frame ID "odom" passed to canTransform argument target_frame - frame does not exist
[rviz2-11] [INFO] [1756914937.296790050] [rviz2]: Stereo is NOT SUPPORTED
[rviz2-11] [INFO] [1756914937.296845720] [rviz2]: OpenGl version: 4.6 (GLSL 4.6)
[rviz2-11] [INFO] [1756914937.333142721] [rviz2]: Stereo is NOT SUPPORTED
[controller_server-2] [INFO] [1756914937.463176050] [local_costmap.local_costmap]: Timed out waiting for transform from base_link to odom to become available, tf error: Invalid frame ID "odom" passed to canTransform argument target_frame - frame does not exist
[controller_server-2] [INFO] [1756914937.963209546] [local_costmap.local_costmap]: Timed out waiting for transform from base_link to odom to become available, tf error: Invalid frame ID "odom" passed to canTransform argument target_frame - frame does not exist
[controller_server-2] [INFO] [1756914938.463185124] [local_costmap.local_costmap]: Timed out waiting for transform from base_link to odom to become available, tf error: Invalid frame ID "odom" passed to canTransform argument target_frame - frame does not exist
[controller_server-2] [INFO] [1756914938.963201549] [local_costmap.local_costmap]: Timed out waiting for transform from base_link to odom to become available, tf error: Invalid frame ID "odom" passed to canTransform argument target_frame - frame does not exist
[controller_server-2] [INFO] [1756914939.463190136] [local_costmap.local_costmap]: Timed out waiting for transform from base_link to odom to become available, tf error: Invalid frame ID "odom" passed to canTransform argument target_frame - frame does not exist
[controller_server-2] [INFO] [1756914939.963191546] [local_costmap.local_costmap]: Timed out waiting for transform from base_link to odom to become available, tf error: Invalid frame ID "odom" passed to canTransform argument target_frame - frame does not exist
[controller_server-2] [INFO] [1756914940.463171561] [local_costmap.local_costmap]: Timed out waiting for transform from base_link to odom to become available, tf error: Invalid frame ID "odom" passed to canTransform argument target_frame - frame does not exist
[controller_server-2] [INFO] [1756914940.963212020] [local_costmap.local_costmap]: Timed out waiting for transform from base_link to odom to become available, tf error: Invalid frame ID "odom" passed to canTransform argument target_frame - frame does not exist
[controller_server-2] [INFO] [1756914941.463211823] [local_costmap.local_costmap]: Timed out waiting for transform from base_link to odom to become available, tf error: Invalid frame ID "odom" passed to canTransform argument target_frame - frame does not exist
[controller_server-2] [INFO] [1756914941.963201562] [local_costmap.local_costmap]: Timed out waiting for transform from base_link to odom to become available, tf error: Invalid frame ID "odom" passed to canTransform argument target_frame - frame does not exist
[controller_server-2] [INFO] [1756914942.463258264] [local_costmap.local_costmap]: Timed out waiting for transform from base_link to odom to become available, tf error: Invalid frame ID "odom" passed to canTransform argument target_frame - frame does not exist
[controller_server-2] [INFO] [1756914942.963398102] [local_costmap.local_costmap]: start
[async_slam_toolbox_node-1] [WARN] [1756914942.974478854] [slam]: minimum laser range setting (0.0 m) exceeds the capabilities of the used Lidar (0.1 m)
[rviz2-11] [INFO] [1756914943.188251945] [rviz2]: Trying to create a map of size 100 x 100 using 1 swatches
[controller_server-2] [INFO] [1756914943.215567985] [controller_server]: Activating controller: FollowPath of type regulated_pure_pursuit_controller::RegulatedPurePursuitController
[controller_server-2] [INFO] [1756914943.215692533] [controller_server]: Creating bond (controller_server) to lifecycle manager.
[lifecycle_manager-9] [INFO] [1756914943.324948928] [lifecycle_manager_navigation]: Server controller_server connected with bond.
[lifecycle_manager-9] [INFO] [1756914943.325043702] [lifecycle_manager_navigation]: [34m[1mActivating smoother_server[0m[0m
[smoother_server-3] [INFO] [1756914943.325617705] [smoother_server]: Activating
[smoother_server-3] [INFO] [1756914943.325703943] [smoother_server]: Creating bond (smoother_server) to lifecycle manager.
[lifecycle_manager-9] [INFO] [1756914943.433571286] [lifecycle_manager_navigation]: Server smoother_server connected with bond.
[lifecycle_manager-9] [INFO] [1756914943.433693498] [lifecycle_manager_navigation]: [34m[1mActivating planner_server[0m[0m
[planner_server-4] [INFO] [1756914943.434428613] [planner_server]: Activating
[planner_server-4] [INFO] [1756914943.434526537] [global_costmap.global_costmap]: Activating
[planner_server-4] [INFO] [1756914943.434551815] [global_costmap.global_costmap]: Checking transform
[planner_server-4] [INFO] [1756914943.434719724] [global_costmap.global_costmap]: start
[rviz2-11] [INFO] [1756914944.467750407] [rviz2]: Trying to create a map of size 100 x 100 using 1 swatches
[planner_server-4] [INFO] [1756914944.486283374] [planner_server]: Activating plugin GridBased of type NavfnPlanner
[planner_server-4] [INFO] [1756914944.488125266] [planner_server]: Creating bond (planner_server) to lifecycle manager.
[lifecycle_manager-9] [INFO] [1756914944.595425741] [lifecycle_manager_navigation]: Server planner_server connected with bond.
[lifecycle_manager-9] [INFO] [1756914944.595523109] [lifecycle_manager_navigation]: [34m[1mActivating behavior_server[0m[0m
[behavior_server-5] [INFO] [1756914944.596091332] [behavior_server]: Activating
[behavior_server-5] [INFO] [1756914944.596171181] [behavior_server]: Activating spin
[behavior_server-5] [INFO] [1756914944.596208485] [behavior_server]: Activating backup
[behavior_server-5] [INFO] [1756914944.596236168] [behavior_server]: Activating drive_on_heading
[behavior_server-5] [INFO] [1756914944.596261943] [behavior_server]: Activating wait
[behavior_server-5] [INFO] [1756914944.596281333] [behavior_server]: Activating assisted_teleop
[behavior_server-5] [INFO] [1756914944.596305359] [behavior_server]: Creating bond (behavior_server) to lifecycle manager.
[lifecycle_manager-9] [INFO] [1756914944.704196150] [lifecycle_manager_navigation]: Server behavior_server connected with bond.
[lifecycle_manager-9] [INFO] [1756914944.704288353] [lifecycle_manager_navigation]: [34m[1mActivating bt_navigator[0m[0m
[bt_navigator-6] [INFO] [1756914944.704820645] [bt_navigator]: Activating
[bt_navigator-6] [INFO] [1756914944.740278174] [bt_navigator]: Creating bond (bt_navigator) to lifecycle manager.
[lifecycle_manager-9] [INFO] [1756914944.842022280] [lifecycle_manager_navigation]: Server bt_navigator connected with bond.
[lifecycle_manager-9] [INFO] [1756914944.842116326] [lifecycle_manager_navigation]: [34m[1mActivating waypoint_follower[0m[0m
[waypoint_follower-7] [INFO] [1756914944.842881665] [waypoint_follower]: Activating
[waypoint_follower-7] [INFO] [1756914944.842986641] [waypoint_follower]: Creating bond (waypoint_follower) to lifecycle manager.
[planner_server-4] [INFO] [1756914944.884632386] [global_costmap.global_costmap]: StaticLayer: Resizing costmap to 92 X 54 at 0.040000 m/pix
[controller_server-2] [INFO] [1756914944.884676943] [local_costmap.local_costmap]: StaticLayer: Resizing static layer to 92 X 54 at 0.040000 m/pix
[rviz2-11] [INFO] [1756914944.915160593] [rviz2]: Trying to create a map of size 92 x 54 using 1 swatches
[lifecycle_manager-9] [INFO] [1756914944.954580998] [lifecycle_manager_navigation]: Server waypoint_follower connected with bond.
[lifecycle_manager-9] [INFO] [1756914944.954672207] [lifecycle_manager_navigation]: [34m[1mActivating velocity_smoother[0m[0m
[velocity_smoother-8] [INFO] [1756914944.955357988] [velocity_smoother]: Activating
[velocity_smoother-8] [INFO] [1756914944.955485624] [velocity_smoother]: Creating bond (velocity_smoother) to lifecycle manager.
[lifecycle_manager-9] [INFO] [1756914945.064269348] [lifecycle_manager_navigation]: Server velocity_smoother connected with bond.
[lifecycle_manager-9] [INFO] [1756914945.064359849] [lifecycle_manager_navigation]: [34m[1mManaged nodes are active[0m[0m
[lifecycle_manager-9] [INFO] [1756914945.064383893] [lifecycle_manager_navigation]: [34m[1mCreating bond timer...[0m[0m
[rviz2-11] [INFO] [1756914945.458924622] [rviz2]: Trying to create a map of size 92 x 54 using 1 swatches
[explore-10] [INFO] [1756914946.883214525] [explore_node]: Waiting to connect to move_base nav2 server
[explore-10] [INFO] [1756914946.883494157] [explore_node]: Connected to move_base nav2 server
[explore-10] [INFO] [1756914946.883505765] [explore_node]: Getting initial pose of the robot
[bt_navigator-6] [INFO] [1756914946.962985738] [bt_navigator]: Begin navigating from current location (0.00, 0.00) to (2.11, 0.53)
[controller_server-2] [INFO] [1756914946.984498814] [controller_server]: Received a goal, begin computing control effort.
[controller_server-2] [WARN] [1756914946.984599335] [controller_server]: No goal checker was specified in parameter 'current_goal_checker'. Server will use only plugin loaded goal_checker . This warning will appear once.
[controller_server-2] [INFO] [1756914948.084740660] [controller_server]: Passing new path to controller.
[controller_server-2] [INFO] [1756914949.084742251] [controller_server]: Passing new path to controller.
[controller_server-2] [INFO] [1756914950.084733171] [controller_server]: Passing new path to controller.
[rviz2-11] [INFO] [1756914950.901638967] [rviz2]: Trying to create a map of size 95 x 94 using 1 swatches
[controller_server-2] [INFO] [1756914950.963588411] [local_costmap.local_costmap]: StaticLayer: Resizing static layer to 95 X 94 at 0.040000 m/pix
[controller_server-2] [INFO] [1756914951.184742848] [controller_server]: Passing new path to controller.
[planner_server-4] [INFO] [1756914951.434914581] [global_costmap.global_costmap]: StaticLayer: Resizing costmap to 95 X 94 at 0.040000 m/pix
[rviz2-11] [INFO] [1756914951.445960490] [rviz2]: Trying to create a map of size 95 x 94 using 1 swatches
[controller_server-2] [INFO] [1756914952.184738496] [controller_server]: Passing new path to controller.
[rviz2-11] [INFO] [1756914952.918573404] [rviz2]: Trying to create a map of size 95 x 107 using 1 swatches
[controller_server-2] [INFO] [1756914952.963569129] [local_costmap.local_costmap]: StaticLayer: Resizing static layer to 95 X 107 at 0.040000 m/pix
[controller_server-2] [INFO] [1756914953.184734485] [controller_server]: Passing new path to controller.
[planner_server-4] [INFO] [1756914953.434909204] [global_costmap.global_costmap]: StaticLayer: Resizing costmap to 95 X 107 at 0.040000 m/pix
[rviz2-11] [INFO] [1756914953.461702061] [rviz2]: Trying to create a map of size 95 x 107 using 1 swatches
[bt_navigator-6] [INFO] [1756914953.603251800] [bt_navigator]: Received goal preemption request
[bt_navigator-6] [INFO] [1756914953.603566130] [bt_navigator]: Begin navigating from current location (1.22, 0.30) to (2.15, 2.17)
[controller_server-2] [INFO] [1756914954.284755865] [controller_server]: Passing new path to controller.
[controller_server-2] [INFO] [1756914955.284743438] [controller_server]: Passing new path to controller.
[controller_server-2] [INFO] [1756914956.284729029] [controller_server]: Passing new path to controller.
[controller_server-2] [INFO] [1756914957.284753221] [controller_server]: Passing new path to controller.
[controller_server-2] [INFO] [1756914958.384747415] [controller_server]: Passing new path to controller.
[controller_server-2] [INFO] [1756914958.963662890] [local_costmap.local_costmap]: StaticLayer: Resizing static layer to 95 X 107 at 0.040000 m/pix
[controller_server-2] [WARN] [1756914959.085779701] [controller_server]: RegulatedPurePursuitController detected collision ahead!
[controller_server-2] [WARN] [1756914959.185672787] [controller_server]: RegulatedPurePursuitController detected collision ahead!
[controller_server-2] [WARN] [1756914959.285678334] [controller_server]: RegulatedPurePursuitController detected collision ahead!
[controller_server-2] [INFO] [1756914959.384746303] [controller_server]: Passing new path to controller.
[controller_server-2] [WARN] [1756914959.385330597] [controller_server]: RegulatedPurePursuitController detected collision ahead!
[planner_server-4] [INFO] [1756914959.434956065] [global_costmap.global_costmap]: StaticLayer: Resizing costmap to 95 X 107 at 0.040000 m/pix
[controller_server-2] [WARN] [1756914959.484886474] [controller_server]: RegulatedPurePursuitController detected collision ahead!
[controller_server-2] [WARN] [1756914959.585354096] [controller_server]: RegulatedPurePursuitController detected collision ahead!
[controller_server-2] [WARN] [1756914959.685587837] [controller_server]: RegulatedPurePursuitController detected collision ahead!
[controller_server-2] [WARN] [1756914959.785599933] [controller_server]: RegulatedPurePursuitController detected collision ahead!
[controller_server-2] [WARN] [1756914959.885615709] [controller_server]: RegulatedPurePursuitController detected collision ahead!
[controller_server-2] [WARN] [1756914959.985603273] [controller_server]: RegulatedPurePursuitController detected collision ahead!
[controller_server-2] [WARN] [1756914960.085603728] [controller_server]: RegulatedPurePursuitController detected collision ahead!
[controller_server-2] [WARN] [1756914960.185604377] [controller_server]: RegulatedPurePursuitController detected collision ahead!
[controller_server-2] [WARN] [1756914960.285365346] [controller_server]: RegulatedPurePursuitController detected collision ahead!
[controller_server-2] [INFO] [1756914960.384746233] [controller_server]: Passing new path to controller.
[controller_server-2] [WARN] [1756914960.385423382] [controller_server]: RegulatedPurePursuitController detected collision ahead!
[controller_server-2] [WARN] [1756914960.485645713] [controller_server]: RegulatedPurePursuitController detected collision ahead!
[controller_server-2] [WARN] [1756914960.585602809] [controller_server]: RegulatedPurePursuitController detected collision ahead!
[controller_server-2] [WARN] [1756914960.685619041] [controller_server]: RegulatedPurePursuitController detected collision ahead!
[controller_server-2] [WARN] [1756914960.785605945] [controller_server]: RegulatedPurePursuitController detected collision ahead!
[controller_server-2] [WARN] [1756914960.885692608] [controller_server]: RegulatedPurePursuitController detected collision ahead!
[controller_server-2] [WARN] [1756914960.985533647] [controller_server]: RegulatedPurePursuitController detected collision ahead!
[controller_server-2] [ERROR] [1756914960.985641451] [controller_server]: Controller patience exceeded
[controller_server-2] [WARN] [1756914960.985718684] [controller_server]: [follow_path] [ActionServer] Aborting handle.
[controller_server-2] [INFO] [1756914961.003705791] [local_costmap.local_costmap]: Received request to clear entirely the local_costmap
[controller_server-2] [INFO] [1756914961.006858054] [controller_server]: Received a goal, begin computing control effort.
[controller_server-2] [WARN] [1756914961.167909708] [controller_server]: RegulatedPurePursuitController detected collision ahead!
[controller_server-2] [WARN] [1756914961.168090895] [controller_server]: Control loop missed its desired rate of 10.0000Hz
[controller_server-2] [WARN] [1756914961.169047227] [controller_server]: RegulatedPurePursuitController detected collision ahead!
[controller_server-2] [WARN] [1756914961.207794946] [controller_server]: RegulatedPurePursuitController detected collision ahead!
[controller_server-2] [WARN] [1756914961.307896186] [controller_server]: RegulatedPurePursuitController detected collision ahead!
[controller_server-2] [INFO] [1756914961.407035740] [controller_server]: Passing new path to controller.
[controller_server-2] [WARN] [1756914961.407638336] [controller_server]: RegulatedPurePursuitController detected collision ahead!
[controller_server-2] [WARN] [1756914961.507926850] [controller_server]: RegulatedPurePursuitController detected collision ahead!
[controller_server-2] [WARN] [1756914961.607901894] [controller_server]: RegulatedPurePursuitController detected collision ahead!
[controller_server-2] [WARN] [1756914961.708002068] [controller_server]: RegulatedPurePursuitController detected collision ahead!
[controller_server-2] [WARN] [1756914961.807995881] [controller_server]: RegulatedPurePursuitController detected collision ahead!
[controller_server-2] [WARN] [1756914961.908010321] [controller_server]: RegulatedPurePursuitController detected collision ahead!
[controller_server-2] [WARN] [1756914962.007980613] [controller_server]: RegulatedPurePursuitController detected collision ahead!
[controller_server-2] [WARN] [1756914962.107908934] [controller_server]: RegulatedPurePursuitController detected collision ahead!
[controller_server-2] [WARN] [1756914962.207917344] [controller_server]: RegulatedPurePursuitController detected collision ahead!
[controller_server-2] [WARN] [1756914962.307923368] [controller_server]: RegulatedPurePursuitController detected collision ahead!
[controller_server-2] [WARN] [1756914962.408016198] [controller_server]: RegulatedPurePursuitController detected collision ahead!
[controller_server-2] [INFO] [1756914962.507046640] [controller_server]: Passing new path to controller.
[controller_server-2] [WARN] [1756914962.528251839] [controller_server]: RegulatedPurePursuitController detected collision ahead!
[controller_server-2] [WARN] [1756914962.607908264] [controller_server]: RegulatedPurePursuitController detected collision ahead!
[controller_server-2] [WARN] [1756914962.707997755] [controller_server]: RegulatedPurePursuitController detected collision ahead!
[controller_server-2] [WARN] [1756914962.807947765] [controller_server]: RegulatedPurePursuitController detected collision ahead!
[controller_server-2] [WARN] [1756914962.907912397] [controller_server]: RegulatedPurePursuitController detected collision ahead!
[controller_server-2] [WARN] [1756914963.007900465] [controller_server]: RegulatedPurePursuitController detected collision ahead!
[controller_server-2] [ERROR] [1756914963.007996060] [controller_server]: Controller patience exceeded
[controller_server-2] [WARN] [1756914963.008074486] [controller_server]: [follow_path] [ActionServer] Aborting handle.
[controller_server-2] [INFO] [1756914963.023579677] [local_costmap.local_costmap]: Received request to clear entirely the local_costmap
[planner_server-4] [INFO] [1756914963.025550446] [global_costmap.global_costmap]: Received request to clear entirely the global_costmap
[controller_server-2] [INFO] [1756914963.454098192] [controller_server]: Received a goal, begin computing control effort.
[controller_server-2] [WARN] [1756914963.455226496] [controller_server]: RegulatedPurePursuitController detected collision ahead!
[controller_server-2] [WARN] [1756914963.555346917] [controller_server]: RegulatedPurePursuitController detected collision ahead!
[controller_server-2] [WARN] [1756914963.655192642] [controller_server]: RegulatedPurePursuitController detected collision ahead!
[controller_server-2] [WARN] [1756914963.755254711] [controller_server]: RegulatedPurePursuitController detected collision ahead!
[controller_server-2] [WARN] [1756914963.855246746] [controller_server]: RegulatedPurePursuitController detected collision ahead!
[controller_server-2] [WARN] [1756914963.955265865] [controller_server]: RegulatedPurePursuitController detected collision ahead!
[controller_server-2] [WARN] [1756914964.055263401] [controller_server]: RegulatedPurePursuitController detected collision ahead!
[controller_server-2] [WARN] [1756914964.155264449] [controller_server]: RegulatedPurePursuitController detected collision ahead!
[controller_server-2] [WARN] [1756914964.255268191] [controller_server]: RegulatedPurePursuitController detected collision ahead!
[controller_server-2] [WARN] [1756914964.446330674] [controller_server]: RegulatedPurePursuitController detected collision ahead!
[controller_server-2] [WARN] [1756914964.455462929] [controller_server]: RegulatedPurePursuitController detected collision ahead!
[controller_server-2] [INFO] [1756914964.554393511] [controller_server]: Passing new path to controller.
[controller_server-2] [WARN] [1756914964.555429206] [controller_server]: RegulatedPurePursuitController detected collision ahead!
[controller_server-2] [WARN] [1756914964.655260468] [controller_server]: RegulatedPurePursuitController detected collision ahead!
[controller_server-2] [WARN] [1756914964.754672974] [controller_server]: RegulatedPurePursuitController detected collision ahead!
[controller_server-2] [WARN] [1756914964.855199007] [controller_server]: RegulatedPurePursuitController detected collision ahead!
[controller_server-2] [WARN] [1756914964.955165056] [controller_server]: RegulatedPurePursuitController detected collision ahead!
[controller_server-2] [WARN] [1756914965.055178489] [controller_server]: RegulatedPurePursuitController detected collision ahead!
[controller_server-2] [WARN] [1756914965.154702072] [controller_server]: RegulatedPurePursuitController detected collision ahead!
[controller_server-2] [WARN] [1756914965.255186284] [controller_server]: RegulatedPurePursuitController detected collision ahead!
[controller_server-2] [WARN] [1756914965.355177542] [controller_server]: RegulatedPurePursuitController detected collision ahead!
[controller_server-2] [WARN] [1756914965.454645473] [controller_server]: RegulatedPurePursuitController detected collision ahead!
[controller_server-2] [ERROR] [1756914965.454688122] [controller_server]: Controller patience exceeded
[controller_server-2] [WARN] [1756914965.454720997] [controller_server]: [follow_path] [ActionServer] Aborting handle.
[controller_server-2] [INFO] [1756914965.473610223] [local_costmap.local_costmap]: Received request to clear entirely the local_costmap
[controller_server-2] [INFO] [1756914965.475208633] [controller_server]: Received a goal, begin computing control effort.
[controller_server-2] [INFO] [1756914965.575401634] [controller_server]: Passing new path to controller.
[controller_server-2] [WARN] [1756914965.576491635] [controller_server]: RegulatedPurePursuitController detected collision ahead!
[controller_server-2] [WARN] [1756914965.576737535] [controller_server]: Control loop missed its desired rate of 10.0000Hz
[controller_server-2] [WARN] [1756914965.577539062] [controller_server]: RegulatedPurePursuitController detected collision ahead!
[controller_server-2] [WARN] [1756914965.676265848] [controller_server]: RegulatedPurePursuitController detected collision ahead!
[controller_server-2] [WARN] [1756914965.776343620] [controller_server]: RegulatedPurePursuitController detected collision ahead!
[controller_server-2] [WARN] [1756914965.876426704] [controller_server]: RegulatedPurePursuitController detected collision ahead!
[controller_server-2] [WARN] [1756914965.975861506] [controller_server]: RegulatedPurePursuitController detected collision ahead!
[controller_server-2] [WARN] [1756914966.076348567] [controller_server]: RegulatedPurePursuitController detected collision ahead!
[controller_server-2] [WARN] [1756914966.176356620] [controller_server]: RegulatedPurePursuitController detected collision ahead!
[controller_server-2] [WARN] [1756914966.276286131] [controller_server]: RegulatedPurePursuitController detected collision ahead!
[controller_server-2] [WARN] [1756914966.376275922] [controller_server]: RegulatedPurePursuitController detected collision ahead!
[controller_server-2] [WARN] [1756914966.476136539] [controller_server]: RegulatedPurePursuitController detected collision ahead!
[controller_server-2] [INFO] [1756914966.575419642] [controller_server]: Passing new path to controller.
[controller_server-2] [WARN] [1756914966.576525377] [controller_server]: RegulatedPurePursuitController detected collision ahead!
[controller_server-2] [WARN] [1756914966.676270752] [controller_server]: RegulatedPurePursuitController detected collision ahead!
[controller_server-2] [WARN] [1756914966.776142173] [controller_server]: RegulatedPurePursuitController detected collision ahead!
[controller_server-2] [WARN] [1756914966.876363789] [controller_server]: RegulatedPurePursuitController detected collision ahead!
[controller_server-2] [WARN] [1756914966.976279569] [controller_server]: RegulatedPurePursuitController detected collision ahead!
[controller_server-2] [WARN] [1756914967.076340311] [controller_server]: RegulatedPurePursuitController detected collision ahead!
[controller_server-2] [WARN] [1756914967.175598787] [controller_server]: RegulatedPurePursuitController detected collision ahead!
[controller_server-2] [WARN] [1756914967.275592067] [controller_server]: RegulatedPurePursuitController detected collision ahead!
[controller_server-2] [WARN] [1756914967.376260183] [controller_server]: RegulatedPurePursuitController detected collision ahead!
[controller_server-2] [WARN] [1756914967.476356425] [controller_server]: RegulatedPurePursuitController detected collision ahead!
[controller_server-2] [ERROR] [1756914967.476462555] [controller_server]: Controller patience exceeded
[controller_server-2] [WARN] [1756914967.476629264] [controller_server]: [follow_path] [ActionServer] Aborting handle.
[behavior_server-5] [INFO] [1756914967.494150484] [behavior_server]: Running spin
[behavior_server-5] [INFO] [1756914967.494469857] [behavior_server]: Turning 1.57 for spin behavior.
[behavior_server-5] [INFO] [1756914970.494806982] [behavior_server]: spin completed successfully
[controller_server-2] [INFO] [1756914970.544030124] [controller_server]: Received a goal, begin computing control effort.
[controller_server-2] [INFO] [1756914971.644246695] [controller_server]: Passing new path to controller.
[controller_server-2] [INFO] [1756914972.644309508] [controller_server]: Passing new path to controller.
[controller_server-2] [INFO] [1756914973.644255240] [controller_server]: Passing new path to controller.
[controller_server-2] [INFO] [1756914974.744340446] [controller_server]: Passing new path to controller.
[controller_server-2] [INFO] [1756914975.744243445] [controller_server]: Passing new path to controller.
[controller_server-2] [INFO] [1756914976.744243713] [controller_server]: Passing new path to controller.
[rviz2-11] [INFO] [1756914976.917176419] [rviz2]: Trying to create a map of size 96 x 107 using 1 swatches
[controller_server-2] [INFO] [1756914976.963587285] [local_costmap.local_costmap]: StaticLayer: Resizing static layer to 96 X 107 at 0.040000 m/pix
[planner_server-4] [INFO] [1756914977.434855984] [global_costmap.global_costmap]: StaticLayer: Resizing costmap to 96 X 107 at 0.040000 m/pix
[controller_server-2] [INFO] [1756914977.844249439] [controller_server]: Passing new path to controller.
[rviz2-11] [INFO] [1756914978.453274793] [rviz2]: Trying to create a map of size 96 x 107 using 1 swatches
[controller_server-2] [INFO] [1756914978.844247582] [controller_server]: Passing new path to controller.
[rviz2-11] [INFO] [1756914978.900191360] [rviz2]: Trying to create a map of size 96 x 110 using 1 swatches
[controller_server-2] [INFO] [1756914978.963582210] [local_costmap.local_costmap]: StaticLayer: Resizing static layer to 96 X 110 at 0.040000 m/pix
[planner_server-4] [INFO] [1756914979.434897860] [global_costmap.global_costmap]: StaticLayer: Resizing costmap to 96 X 110 at 0.040000 m/pix
[controller_server-2] [INFO] [1756914979.844234929] [controller_server]: Passing new path to controller.
[controller_server-2] [WARN] [1756914980.244772365] [controller_server]: RegulatedPurePursuitController detected collision ahead!
[bt_navigator-6] [INFO] [1756914980.283347040] [bt_navigator]: Received goal preemption request
[bt_navigator-6] [INFO] [1756914980.283645269] [bt_navigator]: Begin navigating from current location (1.82, 1.77) to (0.35, 2.87)
[controller_server-2] [WARN] [1756914980.344769921] [controller_server]: RegulatedPurePursuitController detected collision ahead!
[controller_server-2] [WARN] [1756914980.444635591] [controller_server]: RegulatedPurePursuitController detected collision ahead!
[rviz2-11] [INFO] [1756914980.469966780] [rviz2]: Trying to create a map of size 96 x 110 using 1 swatches
[controller_server-2] [WARN] [1756914980.544847701] [controller_server]: RegulatedPurePursuitController detected collision ahead!
[controller_server-2] [WARN] [1756914980.644737649] [controller_server]: RegulatedPurePursuitController detected collision ahead!
[controller_server-2] [WARN] [1756914980.744665363] [controller_server]: RegulatedPurePursuitController detected collision ahead!
[controller_server-2] [INFO] [1756914980.844218510] [controller_server]: Passing new path to controller.
[controller_server-2] [INFO] [1756914981.944244109] [controller_server]: Passing new path to controller.
[controller_server-2] [INFO] [1756914982.944314152] [controller_server]: Passing new path to controller.
[controller_server-2] [INFO] [1756914983.944319139] [controller_server]: Passing new path to controller.
[controller_server-2] [INFO] [1756914985.044316160] [controller_server]: Passing new path to controller.
[controller_server-2] [INFO] [1756914986.044323963] [controller_server]: Passing new path to controller.
[controller_server-2] [ERROR] [1756914986.146199080] [controller_server]: Exception in transformPose: Lookup would require extrapolation into the future.  Requested time 1756914985.776792 but the latest data is at time 1756914985.756648, when looking up transform from frame [odom] to frame [map]
[controller_server-2] [WARN] [1756914986.146264698] [controller_server]: Unable to transform robot pose into global plan's frame
[controller_server-2] [WARN] [1756914986.146372265] [controller_server]: Control loop missed its desired rate of 10.0000Hz
[controller_server-2] [INFO] [1756914987.044282720] [controller_server]: Passing new path to controller.
[controller_server-2] [INFO] [1756914988.144243250] [controller_server]: Passing new path to controller.
[rviz2-11] [INFO] [1756914988.918949772] [rviz2]: Trying to create a map of size 97 x 110 using 1 swatches
[controller_server-2] [INFO] [1756914988.963577191] [local_costmap.local_costmap]: StaticLayer: Resizing static layer to 97 X 110 at 0.040000 m/pix
[controller_server-2] [INFO] [1756914989.144249267] [controller_server]: Passing new path to controller.
[planner_server-4] [INFO] [1756914989.435001053] [global_costmap.global_costmap]: StaticLayer: Resizing costmap to 97 X 110 at 0.040000 m/pix
[rviz2-11] [INFO] [1756914989.461129112] [rviz2]: Trying to create a map of size 97 x 110 using 1 swatches
[controller_server-2] [WARN] [1756914989.945848367] [controller_server]: Control loop missed its desired rate of 10.0000Hz
[controller_server-2] [INFO] [1756914990.144302735] [controller_server]: Passing new path to controller.
[rviz2-11] [INFO] [1756914990.901581391] [rviz2]: Trying to create a map of size 99 x 110 using 1 swatches
[controller_server-2] [INFO] [1756914990.963674153] [local_costmap.local_costmap]: StaticLayer: Resizing static layer to 99 X 110 at 0.040000 m/pix
[controller_server-2] [INFO] [1756914991.144247931] [controller_server]: Passing new path to controller.
[planner_server-4] [INFO] [1756914991.434919170] [global_costmap.global_costmap]: StaticLayer: Resizing costmap to 99 X 110 at 0.040000 m/pix
[rviz2-11] [INFO] [1756914991.445333377] [rviz2]: Trying to create a map of size 99 x 110 using 1 swatches
[controller_server-2] [WARN] [1756914991.644935707] [controller_server]: RegulatedPurePursuitController detected collision ahead!
[controller_server-2] [WARN] [1756914991.945084783] [controller_server]: RegulatedPurePursuitController detected collision ahead!
[controller_server-2] [WARN] [1756914992.044987746] [controller_server]: RegulatedPurePursuitController detected collision ahead!
[controller_server-2] [WARN] [1756914992.145343869] [controller_server]: RegulatedPurePursuitController detected collision ahead!
[controller_server-2] [INFO] [1756914992.244244705] [controller_server]: Passing new path to controller.
[controller_server-2] [WARN] [1756914992.245261776] [controller_server]: RegulatedPurePursuitController detected collision ahead!
[controller_server-2] [WARN] [1756914992.345067373] [controller_server]: RegulatedPurePursuitController detected collision ahead!
[controller_server-2] [WARN] [1756914992.444584725] [controller_server]: RegulatedPurePursuitController detected collision ahead!
[controller_server-2] [WARN] [1756914992.544950246] [controller_server]: RegulatedPurePursuitController detected collision ahead!
[controller_server-2] [WARN] [1756914992.644964927] [controller_server]: RegulatedPurePursuitController detected collision ahead!
[controller_server-2] [WARN] [1756914992.744561314] [controller_server]: RegulatedPurePursuitController detected collision ahead!
[controller_server-2] [WARN] [1756914992.844989966] [controller_server]: RegulatedPurePursuitController detected collision ahead!
[controller_server-2] [WARN] [1756914992.944973612] [controller_server]: RegulatedPurePursuitController detected collision ahead!
[controller_server-2] [WARN] [1756914993.045015112] [controller_server]: RegulatedPurePursuitController detected collision ahead!
[controller_server-2] [WARN] [1756914993.144975411] [controller_server]: RegulatedPurePursuitController detected collision ahead!
[controller_server-2] [INFO] [1756914993.244304772] [controller_server]: Passing new path to controller.
[controller_server-2] [WARN] [1756914993.245093522] [controller_server]: RegulatedPurePursuitController detected collision ahead!
[controller_server-2] [WARN] [1756914993.344961673] [controller_server]: RegulatedPurePursuitController detected collision ahead!
[controller_server-2] [WARN] [1756914993.444357623] [controller_server]: RegulatedPurePursuitController detected collision ahead!
[controller_server-2] [WARN] [1756914993.544966402] [controller_server]: RegulatedPurePursuitController detected collision ahead!
[controller_server-2] [WARN] [1756914993.645240608] [controller_server]: RegulatedPurePursuitController detected collision ahead!
[controller_server-2] [WARN] [1756914993.745044332] [controller_server]: RegulatedPurePursuitController detected collision ahead!
[controller_server-2] [WARN] [1756914993.844986484] [controller_server]: RegulatedPurePursuitController detected collision ahead!
[controller_server-2] [ERROR] [1756914993.845079069] [controller_server]: Controller patience exceeded
[controller_server-2] [WARN] [1756914993.845156994] [controller_server]: [follow_path] [ActionServer] Aborting handle.
[controller_server-2] [INFO] [1756914993.863626187] [local_costmap.local_costmap]: Received request to clear entirely the local_costmap
[controller_server-2] [INFO] [1756914993.866308006] [controller_server]: Received a goal, begin computing control effort.
[controller_server-2] [WARN] [1756914993.967300963] [controller_server]: RegulatedPurePursuitController detected collision ahead!
[controller_server-2] [WARN] [1756914993.967534517] [controller_server]: Control loop missed its desired rate of 10.0000Hz
[controller_server-2] [WARN] [1756914993.968130217] [controller_server]: RegulatedPurePursuitController detected collision ahead!
[controller_server-2] [WARN] [1756914994.067232258] [controller_server]: RegulatedPurePursuitController detected collision ahead!
[controller_server-2] [WARN] [1756914994.167216795] [controller_server]: RegulatedPurePursuitController detected collision ahead!
[controller_server-2] [INFO] [1756914994.266587839] [controller_server]: Passing new path to controller.
[controller_server-2] [WARN] [1756914994.267519457] [controller_server]: RegulatedPurePursuitController detected collision ahead!
[controller_server-2] [WARN] [1756914994.367196802] [controller_server]: RegulatedPurePursuitController detected collision ahead!
[controller_server-2] [WARN] [1756914994.467299552] [controller_server]: RegulatedPurePursuitController detected collision ahead!
[controller_server-2] [WARN] [1756914994.567208018] [controller_server]: RegulatedPurePursuitController detected collision ahead!
[controller_server-2] [WARN] [1756914994.667294440] [controller_server]: RegulatedPurePursuitController detected collision ahead!
[controller_server-2] [WARN] [1756914994.767301945] [controller_server]: RegulatedPurePursuitController detected collision ahead!
[controller_server-2] [ERROR] [1756914994.968499337] [controller_server]: Exception in transformPose: Lookup would require extrapolation into the future.  Requested time 1756914994.626722 but the latest data is at time 1756914994.268182, when looking up transform from frame [odom] to frame [map]
[controller_server-2] [WARN] [1756914994.968645966] [controller_server]: Unable to transform robot pose into global plan's frame
[controller_server-2] [WARN] [1756914994.968840683] [controller_server]: Control loop missed its desired rate of 10.0000Hz
[controller_server-2] [ERROR] [1756914995.072985480] [controller_server]: Exception in transformPose: Lookup would require extrapolation into the future.  Requested time 1756914994.626722 but the latest data is at time 1756914994.268182, when looking up transform from frame [odom] to frame [map]
[controller_server-2] [WARN] [1756914995.073106698] [controller_server]: Unable to transform robot pose into global plan's frame
[controller_server-2] [WARN] [1756914995.073287305] [controller_server]: Control loop missed its desired rate of 10.0000Hz
[controller_server-2] [WARN] [1756914995.164950884] [controller_server]: RegulatedPurePursuitController detected collision ahead!
[controller_server-2] [WARN] [1756914995.167258051] [controller_server]: RegulatedPurePursuitController detected collision ahead!
[controller_server-2] [INFO] [1756914995.266508347] [controller_server]: Passing new path to controller.
[controller_server-2] [WARN] [1756914995.267272280] [controller_server]: RegulatedPurePursuitController detected collision ahead!
[controller_server-2] [WARN] [1756914995.367213367] [controller_server]: RegulatedPurePursuitController detected collision ahead!
[controller_server-2] [WARN] [1756914995.467313071] [controller_server]: RegulatedPurePursuitController detected collision ahead!
[controller_server-2] [WARN] [1756914995.567225175] [controller_server]: RegulatedPurePursuitController detected collision ahead!
[controller_server-2] [WARN] [1756914995.667314975] [controller_server]: RegulatedPurePursuitController detected collision ahead!
[controller_server-2] [WARN] [1756914995.767218733] [controller_server]: RegulatedPurePursuitController detected collision ahead!
[controller_server-2] [WARN] [1756914995.867139285] [controller_server]: RegulatedPurePursuitController detected collision ahead!
[controller_server-2] [ERROR] [1756914995.867221764] [controller_server]: Controller patience exceeded
[controller_server-2] [WARN] [1756914995.867328635] [controller_server]: [follow_path] [ActionServer] Aborting handle.
[behavior_server-5] [INFO] [1756914995.884032587] [behavior_server]: Running wait
[behavior_server-5] [INFO] [1756915000.884408800] [behavior_server]: wait completed successfully
[controller_server-2] [INFO] [1756915000.933963989] [controller_server]: Received a goal, begin computing control effort.
[controller_server-2] [WARN] [1756915000.934798910] [controller_server]: RegulatedPurePursuitController detected collision ahead!
[controller_server-2] [WARN] [1756915001.034973625] [controller_server]: RegulatedPurePursuitController detected collision ahead!
[controller_server-2] [WARN] [1756915001.134890273] [controller_server]: RegulatedPurePursuitController detected collision ahead!
[controller_server-2] [WARN] [1756915001.235451087] [controller_server]: RegulatedPurePursuitController detected collision ahead!
[controller_server-2] [WARN] [1756915001.335481339] [controller_server]: RegulatedPurePursuitController detected collision ahead!
[controller_server-2] [WARN] [1756915001.435382307] [controller_server]: RegulatedPurePursuitController detected collision ahead!
[controller_server-2] [WARN] [1756915001.535474066] [controller_server]: RegulatedPurePursuitController detected collision ahead!
[controller_server-2] [WARN] [1756915001.635523393] [controller_server]: RegulatedPurePursuitController detected collision ahead!
[controller_server-2] [WARN] [1756915001.734968445] [controller_server]: RegulatedPurePursuitController detected collision ahead!
[controller_server-2] [WARN] [1756915001.834891423] [controller_server]: RegulatedPurePursuitController detected collision ahead!
[controller_server-2] [WARN] [1756915001.934968493] [controller_server]: RegulatedPurePursuitController detected collision ahead!
[controller_server-2] [INFO] [1756915002.034184539] [controller_server]: Passing new path to controller.
[controller_server-2] [WARN] [1756915002.035204877] [controller_server]: RegulatedPurePursuitController detected collision ahead!
[controller_server-2] [WARN] [1756915002.134293037] [controller_server]: RegulatedPurePursuitController detected collision ahead!
[controller_server-2] [WARN] [1756915002.234836866] [controller_server]: RegulatedPurePursuitController detected collision ahead!
[controller_server-2] [WARN] [1756915002.334877761] [controller_server]: RegulatedPurePursuitController detected collision ahead!
[controller_server-2] [WARN] [1756915002.435069909] [controller_server]: RegulatedPurePursuitController detected collision ahead!
[controller_server-2] [WARN] [1756915002.534967229] [controller_server]: RegulatedPurePursuitController detected collision ahead!
[controller_server-2] [WARN] [1756915002.634997881] [controller_server]: RegulatedPurePursuitController detected collision ahead!
[controller_server-2] [WARN] [1756915002.734901022] [controller_server]: RegulatedPurePursuitController detected collision ahead!
[controller_server-2] [WARN] [1756915002.834891522] [controller_server]: RegulatedPurePursuitController detected collision ahead!
[controller_server-2] [WARN] [1756915002.934935026] [controller_server]: RegulatedPurePursuitController detected collision ahead!
[controller_server-2] [ERROR] [1756915002.935031197] [controller_server]: Controller patience exceeded
[controller_server-2] [WARN] [1756915002.935103185] [controller_server]: [follow_path] [ActionServer] Aborting handle.
[controller_server-2] [INFO] [1756915002.953541627] [local_costmap.local_costmap]: Received request to clear entirely the local_costmap
[controller_server-2] [INFO] [1756915002.955191603] [controller_server]: Received a goal, begin computing control effort.
[controller_server-2] [WARN] [1756915002.975766078] [controller_server]: RegulatedPurePursuitController detected collision ahead!
[controller_server-2] [INFO] [1756915003.055389063] [controller_server]: Passing new path to controller.
[controller_server-2] [WARN] [1756915003.056310067] [controller_server]: RegulatedPurePursuitController detected collision ahead!
[controller_server-2] [WARN] [1756915003.156093317] [controller_server]: RegulatedPurePursuitController detected collision ahead!
[controller_server-2] [WARN] [1756915003.256092274] [controller_server]: RegulatedPurePursuitController detected collision ahead!
[controller_server-2] [WARN] [1756915003.356099602] [controller_server]: RegulatedPurePursuitController detected collision ahead!
[controller_server-2] [WARN] [1756915003.456109244] [controller_server]: RegulatedPurePursuitController detected collision ahead!
[controller_server-2] [WARN] [1756915003.556111118] [controller_server]: RegulatedPurePursuitController detected collision ahead!
[controller_server-2] [WARN] [1756915003.656117810] [controller_server]: RegulatedPurePursuitController detected collision ahead!
[controller_server-2] [WARN] [1756915003.756724320] [controller_server]: RegulatedPurePursuitController detected collision ahead!
[controller_server-2] [WARN] [1756915003.856686602] [controller_server]: RegulatedPurePursuitController detected collision ahead!
[controller_server-2] [WARN] [1756915003.956745700] [controller_server]: RegulatedPurePursuitController detected collision ahead!
[controller_server-2] [INFO] [1756915004.055393000] [controller_server]: Passing new path to controller.
[controller_server-2] [WARN] [1756915004.056317883] [controller_server]: RegulatedPurePursuitController detected collision ahead!
[controller_server-2] [WARN] [1756915004.155555375] [controller_server]: RegulatedPurePursuitController detected collision ahead!
[controller_server-2] [WARN] [1756915004.256103386] [controller_server]: RegulatedPurePursuitController detected collision ahead!
[controller_server-2] [WARN] [1756915004.356099649] [controller_server]: RegulatedPurePursuitController detected collision ahead!
[controller_server-2] [WARN] [1756915004.456081491] [controller_server]: RegulatedPurePursuitController detected collision ahead!
[controller_server-2] [WARN] [1756915004.587257310] [controller_server]: RegulatedPurePursuitController detected collision ahead!
[controller_server-2] [WARN] [1756915004.655799757] [controller_server]: RegulatedPurePursuitController detected collision ahead!
[controller_server-2] [WARN] [1756915004.756748338] [controller_server]: RegulatedPurePursuitController detected collision ahead!
[controller_server-2] [WARN] [1756915004.855977972] [controller_server]: RegulatedPurePursuitController detected collision ahead!
[controller_server-2] [WARN] [1756915004.956131546] [controller_server]: RegulatedPurePursuitController detected collision ahead!
[controller_server-2] [ERROR] [1756915004.956226948] [controller_server]: Controller patience exceeded
[controller_server-2] [WARN] [1756915004.956309631] [controller_server]: [follow_path] [ActionServer] Aborting handle.
[behavior_server-5] [INFO] [1756915004.974035902] [behavior_server]: Running backup
[behavior_server-5] [INFO] [1756915004.974324375] [behavior_server]: DriveOnHeading: no acceleration or deceleration limits set
[behavior_server-5] [INFO] [1756915011.574570266] [behavior_server]: backup completed successfully
[controller_server-2] [INFO] [1756915011.624078976] [controller_server]: Received a goal, begin computing control effort.
[controller_server-2] [INFO] [1756915012.724295126] [controller_server]: Passing new path to controller.
[controller_server-2] [WARN] [1756915012.725333677] [controller_server]: RegulatedPurePursuitController detected collision ahead!
[controller_server-2] [WARN] [1756915012.824688488] [controller_server]: RegulatedPurePursuitController detected collision ahead!
[controller_server-2] [WARN] [1756915012.925696785] [controller_server]: RegulatedPurePursuitController detected collision ahead!
[controller_server-2] [WARN] [1756915013.025326984] [controller_server]: RegulatedPurePursuitController detected collision ahead!
[controller_server-2] [WARN] [1756915013.125134141] [controller_server]: RegulatedPurePursuitController detected collision ahead!
[controller_server-2] [WARN] [1756915013.225137497] [controller_server]: RegulatedPurePursuitController detected collision ahead!
[controller_server-2] [WARN] [1756915013.325132893] [controller_server]: RegulatedPurePursuitController detected collision ahead!
[controller_server-2] [WARN] [1756915013.425040729] [controller_server]: RegulatedPurePursuitController detected collision ahead!
[controller_server-2] [WARN] [1756915013.525133129] [controller_server]: RegulatedPurePursuitController detected collision ahead!
[controller_server-2] [WARN] [1756915013.624998120] [controller_server]: RegulatedPurePursuitController detected collision ahead!
[controller_server-2] [INFO] [1756915013.724331940] [controller_server]: Passing new path to controller.
[controller_server-2] [WARN] [1756915013.724788477] [controller_server]: RegulatedPurePursuitController detected collision ahead!
[controller_server-2] [WARN] [1756915013.824886291] [controller_server]: RegulatedPurePursuitController detected collision ahead!
[controller_server-2] [WARN] [1756915013.925147504] [controller_server]: RegulatedPurePursuitController detected collision ahead!
[controller_server-2] [WARN] [1756915014.025265938] [controller_server]: RegulatedPurePursuitController detected collision ahead!
[controller_server-2] [WARN] [1756915014.125086635] [controller_server]: RegulatedPurePursuitController detected collision ahead!
[controller_server-2] [WARN] [1756915014.225064850] [controller_server]: RegulatedPurePursuitController detected collision ahead!
[controller_server-2] [WARN] [1756915014.325076739] [controller_server]: RegulatedPurePursuitController detected collision ahead!
[controller_server-2] [WARN] [1756915014.425042579] [controller_server]: RegulatedPurePursuitController detected collision ahead!
[controller_server-2] [WARN] [1756915014.525010634] [controller_server]: RegulatedPurePursuitController detected collision ahead!
[controller_server-2] [WARN] [1756915014.625047250] [controller_server]: RegulatedPurePursuitController detected collision ahead!
[controller_server-2] [ERROR] [1756915014.625139071] [controller_server]: Controller patience exceeded
[controller_server-2] [WARN] [1756915014.625206092] [controller_server]: [follow_path] [ActionServer] Aborting handle.
[controller_server-2] [INFO] [1756915014.643367917] [local_costmap.local_costmap]: Received request to clear entirely the local_costmap
[controller_server-2] [INFO] [1756915014.644609848] [controller_server]: Received a goal, begin computing control effort.
[controller_server-2] [INFO] [1756915014.764697732] [controller_server]: Passing new path to controller.
[controller_server-2] [WARN] [1756915014.764902238] [controller_server]: RegulatedPurePursuitController detected collision ahead!
[controller_server-2] [WARN] [1756915014.764927355] [controller_server]: Control loop missed its desired rate of 10.0000Hz
[controller_server-2] [WARN] [1756915014.765037301] [controller_server]: RegulatedPurePursuitController detected collision ahead!
[controller_server-2] [WARN] [1756915014.845257517] [controller_server]: RegulatedPurePursuitController detected collision ahead!
[controller_server-2] [WARN] [1756915014.945474317] [controller_server]: RegulatedPurePursuitController detected collision ahead!
[controller_server-2] [WARN] [1756915015.045484138] [controller_server]: RegulatedPurePursuitController detected collision ahead!
[controller_server-2] [WARN] [1756915015.145490920] [controller_server]: RegulatedPurePursuitController detected collision ahead!
[controller_server-2] [WARN] [1756915015.245478303] [controller_server]: RegulatedPurePursuitController detected collision ahead!
[controller_server-2] [WARN] [1756915015.345464762] [controller_server]: RegulatedPurePursuitController detected collision ahead!
[controller_server-2] [WARN] [1756915015.445576435] [controller_server]: RegulatedPurePursuitController detected collision ahead!
[controller_server-2] [WARN] [1756915015.545485670] [controller_server]: RegulatedPurePursuitController detected collision ahead!
[controller_server-2] [WARN] [1756915015.646063959] [controller_server]: RegulatedPurePursuitController detected collision ahead!
[controller_server-2] [INFO] [1756915015.744727344] [controller_server]: Passing new path to controller.
[controller_server-2] [WARN] [1756915015.746328787] [controller_server]: RegulatedPurePursuitController detected collision ahead!
[controller_server-2] [WARN] [1756915015.846021815] [controller_server]: RegulatedPurePursuitController detected collision ahead!
[controller_server-2] [WARN] [1756915015.946017370] [controller_server]: RegulatedPurePursuitController detected collision ahead!
[controller_server-2] [WARN] [1756915016.046022933] [controller_server]: RegulatedPurePursuitController detected collision ahead!
[controller_server-2] [WARN] [1756915016.146017455] [controller_server]: RegulatedPurePursuitController detected collision ahead!
[controller_server-2] [WARN] [1756915016.246025887] [controller_server]: RegulatedPurePursuitController detected collision ahead!
[controller_server-2] [WARN] [1756915016.346026176] [controller_server]: RegulatedPurePursuitController detected collision ahead!
[controller_server-2] [WARN] [1756915016.446001940] [controller_server]: RegulatedPurePursuitController detected collision ahead!
[controller_server-2] [WARN] [1756915016.546021714] [controller_server]: RegulatedPurePursuitController detected collision ahead!
[controller_server-2] [WARN] [1756915016.646025790] [controller_server]: RegulatedPurePursuitController detected collision ahead!
[controller_server-2] [ERROR] [1756915016.646149295] [controller_server]: Controller patience exceeded
[controller_server-2] [WARN] [1756915016.646265147] [controller_server]: [follow_path] [ActionServer] Aborting handle.
[controller_server-2] [INFO] [1756915016.663731322] [local_costmap.local_costmap]: Received request to clear entirely the local_costmap
[planner_server-4] [INFO] [1756915016.665177663] [global_costmap.global_costmap]: Received request to clear entirely the global_costmap
[controller_server-2] [INFO] [1756915017.464080008] [controller_server]: Received a goal, begin computing control effort.
[controller_server-2] [WARN] [1756915017.464696184] [controller_server]: RegulatedPurePursuitController detected collision ahead!
[controller_server-2] [WARN] [1756915017.565614267] [controller_server]: RegulatedPurePursuitController detected collision ahead!
[controller_server-2] [WARN] [1756915017.665142723] [controller_server]: RegulatedPurePursuitController detected collision ahead!
[controller_server-2] [WARN] [1756915017.767067630] [controller_server]: RegulatedPurePursuitController detected collision ahead!
[controller_server-2] [WARN] [1756915017.865694173] [controller_server]: RegulatedPurePursuitController detected collision ahead!
[controller_server-2] [WARN] [1756915017.967092305] [controller_server]: RegulatedPurePursuitController detected collision ahead!
[controller_server-2] [WARN] [1756915018.065374052] [controller_server]: RegulatedPurePursuitController detected collision ahead!
[controller_server-2] [WARN] [1756915018.166346266] [controller_server]: RegulatedPurePursuitController detected collision ahead!
[controller_server-2] [WARN] [1756915018.265040201] [controller_server]: RegulatedPurePursuitController detected collision ahead!
[controller_server-2] [WARN] [1756915018.366600519] [controller_server]: RegulatedPurePursuitController detected collision ahead!
[controller_server-2] [WARN] [1756915018.465042565] [controller_server]: RegulatedPurePursuitController detected collision ahead!
[controller_server-2] [INFO] [1756915018.564266741] [controller_server]: Passing new path to controller.
[controller_server-2] [WARN] [1756915018.566531986] [controller_server]: RegulatedPurePursuitController detected collision ahead!
[controller_server-2] [WARN] [1756915018.665047944] [controller_server]: RegulatedPurePursuitController detected collision ahead!
[controller_server-2] [WARN] [1756915018.766638892] [controller_server]: RegulatedPurePursuitController detected collision ahead!
[controller_server-2] [WARN] [1756915018.865070147] [controller_server]: RegulatedPurePursuitController detected collision ahead!
[controller_server-2] [WARN] [1756915018.966294967] [controller_server]: RegulatedPurePursuitController detected collision ahead!
[controller_server-2] [WARN] [1756915019.064813108] [controller_server]: RegulatedPurePursuitController detected collision ahead!
[controller_server-2] [WARN] [1756915019.166026114] [controller_server]: RegulatedPurePursuitController detected collision ahead!
[controller_server-2] [WARN] [1756915019.265029820] [controller_server]: RegulatedPurePursuitController detected collision ahead!
[controller_server-2] [WARN] [1756915019.367065246] [controller_server]: RegulatedPurePursuitController detected collision ahead!
[controller_server-2] [WARN] [1756915019.465344903] [controller_server]: RegulatedPurePursuitController detected collision ahead!
[controller_server-2] [ERROR] [1756915019.465452380] [controller_server]: Controller patience exceeded
[controller_server-2] [WARN] [1756915019.465534195] [controller_server]: [follow_path] [ActionServer] Aborting handle.
[controller_server-2] [INFO] [1756915019.483666495] [local_costmap.local_costmap]: Received request to clear entirely the local_costmap
[controller_server-2] [INFO] [1756915019.486260840] [controller_server]: Received a goal, begin computing control effort.
[controller_server-2] [INFO] [1756915019.566468592] [controller_server]: Passing new path to controller.
[controller_server-2] [WARN] [1756915019.567476298] [controller_server]: RegulatedPurePursuitController detected collision ahead!
[controller_server-2] [WARN] [1756915019.587107050] [controller_server]: RegulatedPurePursuitController detected collision ahead!
[controller_server-2] [WARN] [1756915019.687321604] [controller_server]: RegulatedPurePursuitController detected collision ahead!
[controller_server-2] [WARN] [1756915019.787302475] [controller_server]: RegulatedPurePursuitController detected collision ahead!
[controller_server-2] [WARN] [1756915019.887324846] [controller_server]: RegulatedPurePursuitController detected collision ahead!
[controller_server-2] [WARN] [1756915020.088922890] [controller_server]: RegulatedPurePursuitController detected collision ahead!
[controller_server-2] [WARN] [1756915020.089112883] [controller_server]: Control loop missed its desired rate of 10.0000Hz
[controller_server-2] [WARN] [1756915020.089654137] [controller_server]: RegulatedPurePursuitController detected collision ahead!
[controller_server-2] [WARN] [1756915020.187048100] [controller_server]: RegulatedPurePursuitController detected collision ahead!
[controller_server-2] [WARN] [1756915020.287295383] [controller_server]: RegulatedPurePursuitController detected collision ahead!
[controller_server-2] [WARN] [1756915020.387329400] [controller_server]: RegulatedPurePursuitController detected collision ahead!
[controller_server-2] [WARN] [1756915020.487235726] [controller_server]: RegulatedPurePursuitController detected collision ahead!
[controller_server-2] [INFO] [1756915020.586474151] [controller_server]: Passing new path to controller.
[controller_server-2] [WARN] [1756915020.587439760] [controller_server]: RegulatedPurePursuitController detected collision ahead!
[controller_server-2] [WARN] [1756915020.687479129] [controller_server]: RegulatedPurePursuitController detected collision ahead!
[controller_server-2] [WARN] [1756915020.787323345] [controller_server]: RegulatedPurePursuitController detected collision ahead!
[controller_server-2] [WARN] [1756915020.887242929] [controller_server]: RegulatedPurePursuitController detected collision ahead!
[controller_server-2] [WARN] [1756915020.987092969] [controller_server]: RegulatedPurePursuitController detected collision ahead!
[controller_server-2] [WARN] [1756915021.087339012] [controller_server]: RegulatedPurePursuitController detected collision ahead!
[controller_server-2] [WARN] [1756915021.187307072] [controller_server]: RegulatedPurePursuitController detected collision ahead!
[controller_server-2] [WARN] [1756915021.287337800] [controller_server]: RegulatedPurePursuitController detected collision ahead!
[controller_server-2] [WARN] [1756915021.387194013] [controller_server]: RegulatedPurePursuitController detected collision ahead!
[controller_server-2] [WARN] [1756915021.487247659] [controller_server]: RegulatedPurePursuitController detected collision ahead!
[controller_server-2] [ERROR] [1756915021.487342319] [controller_server]: Controller patience exceeded
[controller_server-2] [WARN] [1756915021.487424011] [controller_server]: [follow_path] [ActionServer] Aborting handle.
[behavior_server-5] [INFO] [1756915021.503867811] [behavior_server]: Running spin
[behavior_server-5] [INFO] [1756915021.504018860] [behavior_server]: Turning 1.57 for spin behavior.
[behavior_server-5] [INFO] [1756915024.604310941] [behavior_server]: spin completed successfully
[controller_server-2] [INFO] [1756915024.654086967] [controller_server]: Received a goal, begin computing control effort.
[controller_server-2] [INFO] [1756915025.754328545] [controller_server]: Passing new path to controller.
[controller_server-2] [INFO] [1756915026.754310520] [controller_server]: Passing new path to controller.
[bt_navigator-6] [INFO] [1756915027.013425192] [bt_navigator]: Received goal preemption request
[bt_navigator-6] [INFO] [1756915027.013769850] [bt_navigator]: Begin navigating from current location (0.81, 1.79) to (0.67, 2.57)
[controller_server-2] [INFO] [1756915027.754311032] [controller_server]: Passing new path to controller.
[controller_server-2] [WARN] [1756915028.354882576] [controller_server]: RegulatedPurePursuitController detected collision ahead!
[controller_server-2] [WARN] [1756915028.454948088] [controller_server]: RegulatedPurePursuitController detected collision ahead!
[controller_server-2] [WARN] [1756915028.554871166] [controller_server]: RegulatedPurePursuitController detected collision ahead!
[controller_server-2] [WARN] [1756915028.654885835] [controller_server]: RegulatedPurePursuitController detected collision ahead!
[controller_server-2] [WARN] [1756915028.754878145] [controller_server]: RegulatedPurePursuitController detected collision ahead!
[controller_server-2] [INFO] [1756915028.854302198] [controller_server]: Passing new path to controller.
[controller_server-2] [WARN] [1756915029.554926758] [controller_server]: RegulatedPurePursuitController detected collision ahead!
[controller_server-2] [WARN] [1756915029.654872774] [controller_server]: RegulatedPurePursuitController detected collision ahead!
[controller_server-2] [WARN] [1756915029.754853317] [controller_server]: RegulatedPurePursuitController detected collision ahead!
[controller_server-2] [INFO] [1756915029.854359210] [controller_server]: Passing new path to controller.
[controller_server-2] [WARN] [1756915029.854824702] [controller_server]: RegulatedPurePursuitController detected collision ahead!
[controller_server-2] [WARN] [1756915029.954916623] [controller_server]: RegulatedPurePursuitController detected collision ahead!
[controller_server-2] [WARN] [1756915030.054907611] [controller_server]: RegulatedPurePursuitController detected collision ahead!
[controller_server-2] [WARN] [1756915030.154892050] [controller_server]: RegulatedPurePursuitController detected collision ahead!
[controller_server-2] [WARN] [1756915030.254900001] [controller_server]: RegulatedPurePursuitController detected collision ahead!
[controller_server-2] [WARN] [1756915030.354825491] [controller_server]: RegulatedPurePursuitController detected collision ahead!
[controller_server-2] [WARN] [1756915030.454832555] [controller_server]: RegulatedPurePursuitController detected collision ahead!
[controller_server-2] [WARN] [1756915030.554741419] [controller_server]: RegulatedPurePursuitController detected collision ahead!
[controller_server-2] [WARN] [1756915030.654852430] [controller_server]: RegulatedPurePursuitController detected collision ahead!
[controller_server-2] [WARN] [1756915030.754838223] [controller_server]: RegulatedPurePursuitController detected collision ahead!
[controller_server-2] [INFO] [1756915030.854370225] [controller_server]: Passing new path to controller.
[controller_server-2] [WARN] [1756915030.854790212] [controller_server]: RegulatedPurePursuitController detected collision ahead!
[controller_server-2] [WARN] [1756915030.954840644] [controller_server]: RegulatedPurePursuitController detected collision ahead!
[controller_server-2] [WARN] [1756915031.054810308] [controller_server]: RegulatedPurePursuitController detected collision ahead!
[controller_server-2] [WARN] [1756915031.154795939] [controller_server]: RegulatedPurePursuitController detected collision ahead!
[controller_server-2] [WARN] [1756915031.254827788] [controller_server]: RegulatedPurePursuitController detected collision ahead!
[controller_server-2] [WARN] [1756915031.354832443] [controller_server]: RegulatedPurePursuitController detected collision ahead!
[controller_server-2] [WARN] [1756915031.454699687] [controller_server]: RegulatedPurePursuitController detected collision ahead!
[controller_server-2] [WARN] [1756915031.554583786] [controller_server]: RegulatedPurePursuitController detected collision ahead!
[controller_server-2] [ERROR] [1756915031.554638605] [controller_server]: Controller patience exceeded
[controller_server-2] [WARN] [1756915031.554682968] [controller_server]: [follow_path] [ActionServer] Aborting handle.
[controller_server-2] [INFO] [1756915031.573722876] [local_costmap.local_costmap]: Received request to clear entirely the local_costmap
[controller_server-2] [INFO] [1756915031.575354082] [controller_server]: Received a goal, begin computing control effort.
[controller_server-2] [WARN] [1756915031.776065973] [controller_server]: RegulatedPurePursuitController detected collision ahead!
[controller_server-2] [WARN] [1756915031.776296612] [controller_server]: Control loop missed its desired rate of 10.0000Hz
[controller_server-2] [WARN] [1756915031.776730372] [controller_server]: RegulatedPurePursuitController detected collision ahead!
[controller_server-2] [INFO] [1756915031.876911429] [controller_server]: Passing new path to controller.
[controller_server-2] [WARN] [1756915031.877650582] [controller_server]: RegulatedPurePursuitController detected collision ahead!
[controller_server-2] [WARN] [1756915031.977995297] [controller_server]: RegulatedPurePursuitController detected collision ahead!
[controller_server-2] [WARN] [1756915032.078726622] [controller_server]: RegulatedPurePursuitController detected collision ahead!
[controller_server-2] [WARN] [1756915032.179593704] [controller_server]: RegulatedPurePursuitController detected collision ahead!
[controller_server-2] [WARN] [1756915032.280291975] [controller_server]: RegulatedPurePursuitController detected collision ahead!
[controller_server-2] [WARN] [1756915032.380810578] [controller_server]: RegulatedPurePursuitController detected collision ahead!
[controller_server-2] [WARN] [1756915032.481530248] [controller_server]: RegulatedPurePursuitController detected collision ahead!
[controller_server-2] [WARN] [1756915032.582303321] [controller_server]: RegulatedPurePursuitController detected collision ahead!
[controller_server-2] [WARN] [1756915032.683137019] [controller_server]: RegulatedPurePursuitController detected collision ahead!
[controller_server-2] [WARN] [1756915032.783924000] [controller_server]: RegulatedPurePursuitController detected collision ahead!
[controller_server-2] [INFO] [1756915032.884186867] [controller_server]: Passing new path to controller.
[controller_server-2] [WARN] [1756915032.884924120] [controller_server]: RegulatedPurePursuitController detected collision ahead!
[controller_server-2] [WARN] [1756915032.985519665] [controller_server]: RegulatedPurePursuitController detected collision ahead!
[controller_server-2] [WARN] [1756915033.086266040] [controller_server]: RegulatedPurePursuitController detected collision ahead!
[controller_server-2] [WARN] [1756915033.187029550] [controller_server]: RegulatedPurePursuitController detected collision ahead!
[controller_server-2] [WARN] [1756915033.287841038] [controller_server]: RegulatedPurePursuitController detected collision ahead!
[controller_server-2] [WARN] [1756915033.388629610] [controller_server]: RegulatedPurePursuitController detected collision ahead!
[controller_server-2] [WARN] [1756915033.489396249] [controller_server]: RegulatedPurePursuitController detected collision ahead!
[controller_server-2] [WARN] [1756915033.590160009] [controller_server]: RegulatedPurePursuitController detected collision ahead!
[controller_server-2] [ERROR] [1756915033.590247821] [controller_server]: Controller patience exceeded
[controller_server-2] [WARN] [1756915033.590321086] [controller_server]: [follow_path] [ActionServer] Aborting handle.
[bt_navigator-6] [WARN] [1756915033.613253484] [bt_navigator]: [navigate_to_pose] [ActionServer] Aborting handle.
[bt_navigator-6] [ERROR] [1756915033.613483294] [bt_navigator]: Goal failed
[bt_navigator-6] [INFO] [1756915040.275032035] [bt_navigator]: Begin navigating from current location (0.73, 1.85) to (2.22, 2.45)
[controller_server-2] [INFO] [1756915040.295924005] [controller_server]: Received a goal, begin computing control effort.
[controller_server-2] [INFO] [1756915041.396214551] [controller_server]: Passing new path to controller.
[controller_server-2] [INFO] [1756915042.396148325] [controller_server]: Passing new path to controller.
[controller_server-2] [INFO] [1756915043.396146215] [controller_server]: Passing new path to controller.
[controller_server-2] [INFO] [1756915044.496144904] [controller_server]: Passing new path to controller.
[controller_server-2] [INFO] [1756915045.496216642] [controller_server]: Passing new path to controller.
[controller_server-2] [INFO] [1756915046.496129417] [controller_server]: Passing new path to controller.
[controller_server-2] [INFO] [1756915047.596209724] [controller_server]: Passing new path to controller.
[controller_server-2] [INFO] [1756915048.596152036] [controller_server]: Passing new path to controller.
[controller_server-2] [INFO] [1756915049.596135975] [controller_server]: Passing new path to controller.
[controller_server-2] [WARN] [1756915050.196668794] [controller_server]: RegulatedPurePursuitController detected collision ahead!
[controller_server-2] [WARN] [1756915050.296248872] [controller_server]: RegulatedPurePursuitController detected collision ahead!
[controller_server-2] [WARN] [1756915050.396369309] [controller_server]: RegulatedPurePursuitController detected collision ahead!
[controller_server-2] [WARN] [1756915050.496436821] [controller_server]: RegulatedPurePursuitController detected collision ahead!
[controller_server-2] [INFO] [1756915050.596204987] [controller_server]: Passing new path to controller.
[controller_server-2] [WARN] [1756915050.596905668] [controller_server]: RegulatedPurePursuitController detected collision ahead!
[controller_server-2] [WARN] [1756915050.696838704] [controller_server]: RegulatedPurePursuitController detected collision ahead!
[controller_server-2] [WARN] [1756915050.796848720] [controller_server]: RegulatedPurePursuitController detected collision ahead!
[controller_server-2] [WARN] [1756915050.896842547] [controller_server]: RegulatedPurePursuitController detected collision ahead!
[controller_server-2] [WARN] [1756915050.996817014] [controller_server]: RegulatedPurePursuitController detected collision ahead!
[controller_server-2] [WARN] [1756915051.096842632] [controller_server]: RegulatedPurePursuitController detected collision ahead!
[controller_server-2] [WARN] [1756915051.196839523] [controller_server]: RegulatedPurePursuitController detected collision ahead!
[controller_server-2] [WARN] [1756915051.296829798] [controller_server]: RegulatedPurePursuitController detected collision ahead!
[controller_server-2] [WARN] [1756915051.396840132] [controller_server]: RegulatedPurePursuitController detected collision ahead!
[controller_server-2] [WARN] [1756915051.496776144] [controller_server]: RegulatedPurePursuitController detected collision ahead!
[controller_server-2] [WARN] [1756915051.596836592] [controller_server]: RegulatedPurePursuitController detected collision ahead!
[controller_server-2] [INFO] [1756915051.696143276] [controller_server]: Passing new path to controller.
[controller_server-2] [WARN] [1756915051.696980819] [controller_server]: RegulatedPurePursuitController detected collision ahead!
[controller_server-2] [WARN] [1756915051.796761590] [controller_server]: RegulatedPurePursuitController detected collision ahead!
[controller_server-2] [WARN] [1756915051.896775160] [controller_server]: RegulatedPurePursuitController detected collision ahead!
[controller_server-2] [WARN] [1756915051.996840187] [controller_server]: RegulatedPurePursuitController detected collision ahead!
[controller_server-2] [WARN] [1756915052.096850013] [controller_server]: RegulatedPurePursuitController detected collision ahead!
[controller_server-2] [ERROR] [1756915052.096946265] [controller_server]: Controller patience exceeded
[controller_server-2] [WARN] [1756915052.097026514] [controller_server]: [follow_path] [ActionServer] Aborting handle.
[controller_server-2] [INFO] [1756915052.115434268] [local_costmap.local_costmap]: Received request to clear entirely the local_costmap
[controller_server-2] [INFO] [1756915052.117698310] [controller_server]: Received a goal, begin computing control effort.
[controller_server-2] [WARN] [1756915052.168504847] [controller_server]: RegulatedPurePursuitController detected collision ahead!
[controller_server-2] [WARN] [1756915052.218499794] [controller_server]: RegulatedPurePursuitController detected collision ahead!
[controller_server-2] [WARN] [1756915052.318516152] [controller_server]: RegulatedPurePursuitController detected collision ahead!
[controller_server-2] [WARN] [1756915052.418513195] [controller_server]: RegulatedPurePursuitController detected collision ahead!
[controller_server-2] [WARN] [1756915052.518497191] [controller_server]: RegulatedPurePursuitController detected collision ahead!
[controller_server-2] [WARN] [1756915052.618517246] [controller_server]: RegulatedPurePursuitController detected collision ahead!
[controller_server-2] [INFO] [1756915052.717901714] [controller_server]: Passing new path to controller.
[controller_server-2] [WARN] [1756915052.718694761] [controller_server]: RegulatedPurePursuitController detected collision ahead!
[controller_server-2] [WARN] [1756915052.818131196] [controller_server]: RegulatedPurePursuitController detected collision ahead!
[controller_server-2] [WARN] [1756915052.918245105] [controller_server]: RegulatedPurePursuitController detected collision ahead!
[controller_server-2] [WARN] [1756915053.018385114] [controller_server]: RegulatedPurePursuitController detected collision ahead!
[controller_server-2] [WARN] [1756915053.118492547] [controller_server]: RegulatedPurePursuitController detected collision ahead!
[controller_server-2] [WARN] [1756915053.218513999] [controller_server]: RegulatedPurePursuitController detected collision ahead!
[controller_server-2] [WARN] [1756915053.318578020] [controller_server]: RegulatedPurePursuitController detected collision ahead!
[controller_server-2] [WARN] [1756915053.418582550] [controller_server]: RegulatedPurePursuitController detected collision ahead!
[controller_server-2] [WARN] [1756915053.518419189] [controller_server]: RegulatedPurePursuitController detected collision ahead!
[controller_server-2] [WARN] [1756915053.618501720] [controller_server]: RegulatedPurePursuitController detected collision ahead!
[controller_server-2] [INFO] [1756915053.717901768] [controller_server]: Passing new path to controller.
[controller_server-2] [WARN] [1756915053.718697097] [controller_server]: RegulatedPurePursuitController detected collision ahead!
[controller_server-2] [WARN] [1756915053.818342484] [controller_server]: RegulatedPurePursuitController detected collision ahead!
[controller_server-2] [WARN] [1756915053.918486477] [controller_server]: RegulatedPurePursuitController detected collision ahead!
[controller_server-2] [WARN] [1756915054.018503354] [controller_server]: RegulatedPurePursuitController detected collision ahead!
[controller_server-2] [WARN] [1756915054.118491599] [controller_server]: RegulatedPurePursuitController detected collision ahead!
[controller_server-2] [ERROR] [1756915054.118584316] [controller_server]: Controller patience exceeded
[controller_server-2] [WARN] [1756915054.118655684] [controller_server]: [follow_path] [ActionServer] Aborting handle.
[behavior_server-5] [INFO] [1756915054.135879484] [behavior_server]: Running wait
[behavior_server-5] [INFO] [1756915059.136185448] [behavior_server]: wait completed successfully
[controller_server-2] [INFO] [1756915059.185888772] [controller_server]: Received a goal, begin computing control effort.
[controller_server-2] [WARN] [1756915059.186663468] [controller_server]: RegulatedPurePursuitController detected collision ahead!
[controller_server-2] [WARN] [1756915059.287114891] [controller_server]: RegulatedPurePursuitController detected collision ahead!
[controller_server-2] [WARN] [1756915059.386765228] [controller_server]: RegulatedPurePursuitController detected collision ahead!
[controller_server-2] [WARN] [1756915059.486998911] [controller_server]: RegulatedPurePursuitController detected collision ahead!
[controller_server-2] [WARN] [1756915059.586607487] [controller_server]: RegulatedPurePursuitController detected collision ahead!
[controller_server-2] [WARN] [1756915059.686789646] [controller_server]: RegulatedPurePursuitController detected collision ahead!
[controller_server-2] [WARN] [1756915059.787117366] [controller_server]: RegulatedPurePursuitController detected collision ahead!
[controller_server-2] [WARN] [1756915059.886830763] [controller_server]: RegulatedPurePursuitController detected collision ahead!
[controller_server-2] [WARN] [1756915059.986714693] [controller_server]: RegulatedPurePursuitController detected collision ahead!
[controller_server-2] [WARN] [1756915060.086998369] [controller_server]: RegulatedPurePursuitController detected collision ahead!
[controller_server-2] [WARN] [1756915060.186769006] [controller_server]: RegulatedPurePursuitController detected collision ahead!
[controller_server-2] [INFO] [1756915060.286113814] [controller_server]: Passing new path to controller.
[controller_server-2] [WARN] [1756915060.287191563] [controller_server]: RegulatedPurePursuitController detected collision ahead!
[controller_server-2] [WARN] [1756915060.386207260] [controller_server]: RegulatedPurePursuitController detected collision ahead!
[controller_server-2] [WARN] [1756915060.486314182] [controller_server]: RegulatedPurePursuitController detected collision ahead!
[controller_server-2] [WARN] [1756915060.587136015] [controller_server]: RegulatedPurePursuitController detected collision ahead!
[controller_server-2] [WARN] [1756915060.686754033] [controller_server]: RegulatedPurePursuitController detected collision ahead!
[controller_server-2] [WARN] [1756915060.786776450] [controller_server]: RegulatedPurePursuitController detected collision ahead!
[controller_server-2] [WARN] [1756915060.886717489] [controller_server]: RegulatedPurePursuitController detected collision ahead!
[controller_server-2] [WARN] [1756915060.986716545] [controller_server]: RegulatedPurePursuitController detected collision ahead!
[controller_server-2] [WARN] [1756915061.086709936] [controller_server]: RegulatedPurePursuitController detected collision ahead!
[controller_server-2] [WARN] [1756915061.186701247] [controller_server]: RegulatedPurePursuitController detected collision ahead!
[controller_server-2] [ERROR] [1756915061.186790692] [controller_server]: Controller patience exceeded
[controller_server-2] [WARN] [1756915061.186914631] [controller_server]: [follow_path] [ActionServer] Aborting handle.
[controller_server-2] [INFO] [1756915061.205735674] [local_costmap.local_costmap]: Received request to clear entirely the local_costmap
[controller_server-2] [INFO] [1756915061.207679471] [controller_server]: Received a goal, begin computing control effort.
[controller_server-2] [INFO] [1756915061.367874645] [controller_server]: Passing new path to controller.
[controller_server-2] [WARN] [1756915061.368684474] [controller_server]: RegulatedPurePursuitController detected collision ahead!
[controller_server-2] [WARN] [1756915061.368790193] [controller_server]: Control loop missed its desired rate of 10.0000Hz
[controller_server-2] [WARN] [1756915061.369226322] [controller_server]: RegulatedPurePursuitController detected collision ahead!
[controller_server-2] [WARN] [1756915061.408452479] [controller_server]: RegulatedPurePursuitController detected collision ahead!
[controller_server-2] [WARN] [1756915061.508498047] [controller_server]: RegulatedPurePursuitController detected collision ahead!
[controller_server-2] [WARN] [1756915061.608491510] [controller_server]: RegulatedPurePursuitController detected collision ahead!
[controller_server-2] [WARN] [1756915061.708580895] [controller_server]: RegulatedPurePursuitController detected collision ahead!
[controller_server-2] [WARN] [1756915061.808600035] [controller_server]: RegulatedPurePursuitController detected collision ahead!
[controller_server-2] [WARN] [1756915061.908586588] [controller_server]: RegulatedPurePursuitController detected collision ahead!
[controller_server-2] [WARN] [1756915062.008501498] [controller_server]: RegulatedPurePursuitController detected collision ahead!
[controller_server-2] [WARN] [1756915062.108487977] [controller_server]: RegulatedPurePursuitController detected collision ahead!
[controller_server-2] [WARN] [1756915062.208648670] [controller_server]: RegulatedPurePursuitController detected collision ahead!
[controller_server-2] [INFO] [1756915062.307953704] [controller_server]: Passing new path to controller.
[controller_server-2] [WARN] [1756915062.308794809] [controller_server]: RegulatedPurePursuitController detected collision ahead!
[controller_server-2] [WARN] [1756915062.408272690] [controller_server]: RegulatedPurePursuitController detected collision ahead!
[controller_server-2] [WARN] [1756915062.508576991] [controller_server]: RegulatedPurePursuitController detected collision ahead!
[controller_server-2] [WARN] [1756915062.608495822] [controller_server]: RegulatedPurePursuitController detected collision ahead!
[controller_server-2] [WARN] [1756915062.708507711] [controller_server]: RegulatedPurePursuitController detected collision ahead!
[controller_server-2] [WARN] [1756915062.808404262] [controller_server]: RegulatedPurePursuitController detected collision ahead!
[controller_server-2] [WARN] [1756915062.908386357] [controller_server]: RegulatedPurePursuitController detected collision ahead!
[controller_server-2] [WARN] [1756915063.008488085] [controller_server]: RegulatedPurePursuitController detected collision ahead!
[controller_server-2] [WARN] [1756915063.108457368] [controller_server]: RegulatedPurePursuitController detected collision ahead!
[controller_server-2] [WARN] [1756915063.208486899] [controller_server]: RegulatedPurePursuitController detected collision ahead!
[controller_server-2] [ERROR] [1756915063.208578689] [controller_server]: Controller patience exceeded
[controller_server-2] [WARN] [1756915063.208651754] [controller_server]: [follow_path] [ActionServer] Aborting handle.
[behavior_server-5] [INFO] [1756915063.225932247] [behavior_server]: Running backup
[behavior_server-5] [INFO] [1756915069.826331195] [behavior_server]: backup completed successfully
[controller_server-2] [INFO] [1756915069.875725658] [controller_server]: Received a goal, begin computing control effort.
[controller_server-2] [INFO] [1756915070.975993867] [controller_server]: Passing new path to controller.
[controller_server-2] [WARN] [1756915071.676565185] [controller_server]: RegulatedPurePursuitController detected collision ahead!
[controller_server-2] [WARN] [1756915071.776610568] [controller_server]: RegulatedPurePursuitController detected collision ahead!
[controller_server-2] [WARN] [1756915071.876296162] [controller_server]: RegulatedPurePursuitController detected collision ahead!
[controller_server-2] [INFO] [1756915071.975948759] [controller_server]: Passing new path to controller.
[controller_server-2] [WARN] [1756915071.976773330] [controller_server]: RegulatedPurePursuitController detected collision ahead!
[controller_server-2] [WARN] [1756915072.076734705] [controller_server]: RegulatedPurePursuitController detected collision ahead!
[controller_server-2] [WARN] [1756915072.176530563] [controller_server]: RegulatedPurePursuitController detected collision ahead!
[controller_server-2] [WARN] [1756915072.276525868] [controller_server]: RegulatedPurePursuitController detected collision ahead!
[controller_server-2] [WARN] [1756915072.376513389] [controller_server]: RegulatedPurePursuitController detected collision ahead!
[controller_server-2] [WARN] [1756915072.476525086] [controller_server]: RegulatedPurePursuitController detected collision ahead!
[controller_server-2] [WARN] [1756915072.576519066] [controller_server]: RegulatedPurePursuitController detected collision ahead!
[controller_server-2] [WARN] [1756915072.676602224] [controller_server]: RegulatedPurePursuitController detected collision ahead!
[controller_server-2] [WARN] [1756915072.776530952] [controller_server]: RegulatedPurePursuitController detected collision ahead!
[controller_server-2] [WARN] [1756915072.876599943] [controller_server]: RegulatedPurePursuitController detected collision ahead!
[controller_server-2] [INFO] [1756915072.975941548] [controller_server]: Passing new path to controller.
[controller_server-2] [WARN] [1756915072.976767703] [controller_server]: RegulatedPurePursuitController detected collision ahead!
[controller_server-2] [WARN] [1756915073.076547725] [controller_server]: RegulatedPurePursuitController detected collision ahead!
[controller_server-2] [WARN] [1756915073.176462388] [controller_server]: RegulatedPurePursuitController detected collision ahead!
[controller_server-2] [WARN] [1756915073.276519532] [controller_server]: RegulatedPurePursuitController detected collision ahead!
[controller_server-2] [WARN] [1756915073.376506861] [controller_server]: RegulatedPurePursuitController detected collision ahead!
[controller_server-2] [WARN] [1756915073.476503951] [controller_server]: RegulatedPurePursuitController detected collision ahead!
[controller_server-2] [WARN] [1756915073.576499213] [controller_server]: RegulatedPurePursuitController detected collision ahead!
[controller_server-2] [ERROR] [1756915073.576587824] [controller_server]: Controller patience exceeded
[controller_server-2] [WARN] [1756915073.576655222] [controller_server]: [follow_path] [ActionServer] Aborting handle.
[controller_server-2] [INFO] [1756915073.595514577] [local_costmap.local_costmap]: Received request to clear entirely the local_costmap
[controller_server-2] [INFO] [1756915073.597897547] [controller_server]: Received a goal, begin computing control effort.
[controller_server-2] [WARN] [1756915073.768322263] [controller_server]: RegulatedPurePursuitController detected collision ahead!
[controller_server-2] [WARN] [1756915073.768399804] [controller_server]: Control loop missed its desired rate of 10.0000Hz
[controller_server-2] [WARN] [1756915073.768560594] [controller_server]: RegulatedPurePursuitController detected collision ahead!
[controller_server-2] [WARN] [1756915073.798336818] [controller_server]: RegulatedPurePursuitController detected collision ahead!
[controller_server-2] [WARN] [1756915073.898686805] [controller_server]: RegulatedPurePursuitController detected collision ahead!
[controller_server-2] [INFO] [1756915073.998093582] [controller_server]: Passing new path to controller.
[controller_server-2] [WARN] [1756915073.998660988] [controller_server]: RegulatedPurePursuitController detected collision ahead!
[controller_server-2] [WARN] [1756915074.099056834] [controller_server]: RegulatedPurePursuitController detected collision ahead!
[controller_server-2] [WARN] [1756915074.198839570] [controller_server]: RegulatedPurePursuitController detected collision ahead!
[controller_server-2] [WARN] [1756915074.298824439] [controller_server]: RegulatedPurePursuitController detected collision ahead!
[controller_server-2] [WARN] [1756915074.398676029] [controller_server]: RegulatedPurePursuitController detected collision ahead!
[controller_server-2] [WARN] [1756915074.498755410] [controller_server]: RegulatedPurePursuitController detected collision ahead!
[controller_server-2] [WARN] [1756915074.598189621] [controller_server]: RegulatedPurePursuitController detected collision ahead!
[controller_server-2] [WARN] [1756915074.698693400] [controller_server]: RegulatedPurePursuitController detected collision ahead!
[controller_server-2] [WARN] [1756915074.798678108] [controller_server]: RegulatedPurePursuitController detected collision ahead!
[controller_server-2] [WARN] [1756915074.898773282] [controller_server]: RegulatedPurePursuitController detected collision ahead!
[controller_server-2] [WARN] [1756915074.998711245] [controller_server]: RegulatedPurePursuitController detected collision ahead!
[controller_server-2] [INFO] [1756915075.098111762] [controller_server]: Passing new path to controller.
[controller_server-2] [WARN] [1756915075.098984122] [controller_server]: RegulatedPurePursuitController detected collision ahead!
[controller_server-2] [WARN] [1756915075.198657617] [controller_server]: RegulatedPurePursuitController detected collision ahead!
[controller_server-2] [WARN] [1756915075.298680884] [controller_server]: RegulatedPurePursuitController detected collision ahead!
[controller_server-2] [WARN] [1756915075.398679325] [controller_server]: RegulatedPurePursuitController detected collision ahead!
[controller_server-2] [WARN] [1756915075.498681914] [controller_server]: RegulatedPurePursuitController detected collision ahead!
[controller_server-2] [WARN] [1756915075.598720064] [controller_server]: RegulatedPurePursuitController detected collision ahead!
[controller_server-2] [ERROR] [1756915075.598818365] [controller_server]: Controller patience exceeded
[controller_server-2] [WARN] [1756915075.598896236] [controller_server]: [follow_path] [ActionServer] Aborting handle.
[controller_server-2] [INFO] [1756915075.615669639] [local_costmap.local_costmap]: Received request to clear entirely the local_costmap
[planner_server-4] [INFO] [1756915075.616864888] [global_costmap.global_costmap]: Received request to clear entirely the global_costmap
[controller_server-2] [INFO] [1756915076.456094534] [controller_server]: Received a goal, begin computing control effort.
[controller_server-2] [WARN] [1756915076.456919710] [controller_server]: RegulatedPurePursuitController detected collision ahead!
[controller_server-2] [WARN] [1756915076.557099506] [controller_server]: RegulatedPurePursuitController detected collision ahead!
[controller_server-2] [WARN] [1756915076.657120718] [controller_server]: RegulatedPurePursuitController detected collision ahead!
[controller_server-2] [WARN] [1756915076.757399162] [controller_server]: RegulatedPurePursuitController detected collision ahead!
[controller_server-2] [WARN] [1756915076.857128258] [controller_server]: RegulatedPurePursuitController detected collision ahead!
[controller_server-2] [WARN] [1756915076.956939700] [controller_server]: RegulatedPurePursuitController detected collision ahead!
[controller_server-2] [WARN] [1756915077.056935479] [controller_server]: RegulatedPurePursuitController detected collision ahead!
[controller_server-2] [WARN] [1756915077.157011866] [controller_server]: RegulatedPurePursuitController detected collision ahead!
[controller_server-2] [WARN] [1756915077.256933141] [controller_server]: RegulatedPurePursuitController detected collision ahead!
[controller_server-2] [WARN] [1756915077.356921208] [controller_server]: RegulatedPurePursuitController detected collision ahead!
[controller_server-2] [WARN] [1756915077.456917138] [controller_server]: RegulatedPurePursuitController detected collision ahead!
[controller_server-2] [INFO] [1756915077.556320143] [controller_server]: Passing new path to controller.
[controller_server-2] [WARN] [1756915077.557106625] [controller_server]: RegulatedPurePursuitController detected collision ahead!
[controller_server-2] [WARN] [1756915077.656887337] [controller_server]: RegulatedPurePursuitController detected collision ahead!
[controller_server-2] [WARN] [1756915077.756954096] [controller_server]: RegulatedPurePursuitController detected collision ahead!
[controller_server-2] [WARN] [1756915077.856970024] [controller_server]: RegulatedPurePursuitController detected collision ahead!
[controller_server-2] [WARN] [1756915077.956908639] [controller_server]: RegulatedPurePursuitController detected collision ahead!
[controller_server-2] [WARN] [1756915078.056995472] [controller_server]: RegulatedPurePursuitController detected collision ahead!
[controller_server-2] [WARN] [1756915078.156991240] [controller_server]: RegulatedPurePursuitController detected collision ahead!
[controller_server-2] [WARN] [1756915078.257004678] [controller_server]: RegulatedPurePursuitController detected collision ahead!
[controller_server-2] [WARN] [1756915078.356908880] [controller_server]: RegulatedPurePursuitController detected collision ahead!
[controller_server-2] [WARN] [1756915078.456921859] [controller_server]: RegulatedPurePursuitController detected collision ahead!
[controller_server-2] [ERROR] [1756915078.457015845] [controller_server]: Controller patience exceeded
[controller_server-2] [WARN] [1756915078.457094711] [controller_server]: [follow_path] [ActionServer] Aborting handle.
[controller_server-2] [INFO] [1756915078.475546730] [local_costmap.local_costmap]: Received request to clear entirely the local_costmap
[controller_server-2] [INFO] [1756915078.477855935] [controller_server]: Received a goal, begin computing control effort.
[controller_server-2] [INFO] [1756915078.568056855] [controller_server]: Passing new path to controller.
[controller_server-2] [WARN] [1756915078.568902074] [controller_server]: RegulatedPurePursuitController detected collision ahead!
[controller_server-2] [WARN] [1756915078.578492279] [controller_server]: RegulatedPurePursuitController detected collision ahead!
[controller_server-2] [WARN] [1756915078.678621640] [controller_server]: RegulatedPurePursuitController detected collision ahead!
[controller_server-2] [WARN] [1756915078.778697986] [controller_server]: RegulatedPurePursuitController detected collision ahead!
[controller_server-2] [WARN] [1756915078.878641883] [controller_server]: RegulatedPurePursuitController detected collision ahead!
[controller_server-2] [WARN] [1756915078.978634245] [controller_server]: RegulatedPurePursuitController detected collision ahead!
[controller_server-2] [WARN] [1756915079.078709348] [controller_server]: RegulatedPurePursuitController detected collision ahead!
[controller_server-2] [WARN] [1756915079.178624150] [controller_server]: RegulatedPurePursuitController detected collision ahead!
[controller_server-2] [WARN] [1756915079.278636636] [controller_server]: RegulatedPurePursuitController detected collision ahead!
[controller_server-2] [WARN] [1756915079.378638835] [controller_server]: RegulatedPurePursuitController detected collision ahead!
[controller_server-2] [WARN] [1756915079.478640438] [controller_server]: RegulatedPurePursuitController detected collision ahead!
[controller_server-2] [INFO] [1756915079.578056370] [controller_server]: Passing new path to controller.
[controller_server-2] [WARN] [1756915079.578833317] [controller_server]: RegulatedPurePursuitController detected collision ahead!
[controller_server-2] [WARN] [1756915079.728824482] [controller_server]: RegulatedPurePursuitController detected collision ahead!
[controller_server-2] [WARN] [1756915079.778683590] [controller_server]: RegulatedPurePursuitController detected collision ahead!
[controller_server-2] [WARN] [1756915079.878640928] [controller_server]: RegulatedPurePursuitController detected collision ahead!
[controller_server-2] [WARN] [1756915079.978635472] [controller_server]: RegulatedPurePursuitController detected collision ahead!
[controller_server-2] [WARN] [1756915080.078662595] [controller_server]: RegulatedPurePursuitController detected collision ahead!
[controller_server-2] [WARN] [1756915080.178628705] [controller_server]: RegulatedPurePursuitController detected collision ahead!
[controller_server-2] [WARN] [1756915080.278580481] [controller_server]: RegulatedPurePursuitController detected collision ahead!
[controller_server-2] [WARN] [1756915080.378638795] [controller_server]: RegulatedPurePursuitController detected collision ahead!
[controller_server-2] [WARN] [1756915080.478689044] [controller_server]: RegulatedPurePursuitController detected collision ahead!
[controller_server-2] [ERROR] [1756915080.478782190] [controller_server]: Controller patience exceeded
[controller_server-2] [WARN] [1756915080.478863811] [controller_server]: [follow_path] [ActionServer] Aborting handle.
[behavior_server-5] [INFO] [1756915080.495712315] [behavior_server]: Running spin
[behavior_server-5] [INFO] [1756915080.495905323] [behavior_server]: Turning 1.57 for spin behavior.
[behavior_server-5] [INFO] [1756915083.496196139] [behavior_server]: spin completed successfully
[controller_server-2] [INFO] [1756915083.546040510] [controller_server]: Received a goal, begin computing control effort.
[controller_server-2] [INFO] [1756915084.646259754] [controller_server]: Passing new path to controller.
[controller_server-2] [INFO] [1756915085.646266601] [controller_server]: Passing new path to controller.
[controller_server-2] [WARN] [1756915085.647063945] [controller_server]: RegulatedPurePursuitController detected collision ahead!
[controller_server-2] [WARN] [1756915085.746833530] [controller_server]: RegulatedPurePursuitController detected collision ahead!
[controller_server-2] [WARN] [1756915085.846758182] [controller_server]: RegulatedPurePursuitController detected collision ahead!
[controller_server-2] [WARN] [1756915085.946818055] [controller_server]: RegulatedPurePursuitController detected collision ahead!
[controller_server-2] [WARN] [1756915086.046816963] [controller_server]: RegulatedPurePursuitController detected collision ahead!
[controller_server-2] [WARN] [1756915086.146808356] [controller_server]: RegulatedPurePursuitController detected collision ahead!
[controller_server-2] [WARN] [1756915086.246822536] [controller_server]: RegulatedPurePursuitController detected collision ahead!
[controller_server-2] [WARN] [1756915086.346822622] [controller_server]: RegulatedPurePursuitController detected collision ahead!
[controller_server-2] [WARN] [1756915086.446389591] [controller_server]: RegulatedPurePursuitController detected collision ahead!
[controller_server-2] [WARN] [1756915086.546797394] [controller_server]: RegulatedPurePursuitController detected collision ahead!
[controller_server-2] [INFO] [1756915086.646364651] [controller_server]: Passing new path to controller.
[controller_server-2] [WARN] [1756915086.647583303] [controller_server]: RegulatedPurePursuitController detected collision ahead!
[controller_server-2] [WARN] [1756915086.767723341] [controller_server]: RegulatedPurePursuitController detected collision ahead!
[controller_server-2] [WARN] [1756915086.847279929] [controller_server]: RegulatedPurePursuitController detected collision ahead!
[controller_server-2] [WARN] [1756915086.947280783] [controller_server]: RegulatedPurePursuitController detected collision ahead!
[controller_server-2] [WARN] [1756915087.047180814] [controller_server]: RegulatedPurePursuitController detected collision ahead!
[controller_server-2] [WARN] [1756915087.147267375] [controller_server]: RegulatedPurePursuitController detected collision ahead!
[controller_server-2] [WARN] [1756915087.247273767] [controller_server]: RegulatedPurePursuitController detected collision ahead!
[controller_server-2] [WARN] [1756915087.347169303] [controller_server]: RegulatedPurePursuitController detected collision ahead!
[controller_server-2] [WARN] [1756915087.447157314] [controller_server]: RegulatedPurePursuitController detected collision ahead!
[controller_server-2] [WARN] [1756915087.547270790] [controller_server]: RegulatedPurePursuitController detected collision ahead!
[controller_server-2] [ERROR] [1756915087.547389963] [controller_server]: Controller patience exceeded
[controller_server-2] [WARN] [1756915087.547508617] [controller_server]: [follow_path] [ActionServer] Aborting handle.
[controller_server-2] [INFO] [1756915087.565567156] [local_costmap.local_costmap]: Received request to clear entirely the local_costmap
[controller_server-2] [INFO] [1756915087.567315448] [controller_server]: Received a goal, begin computing control effort.
[controller_server-2] [INFO] [1756915087.767525627] [controller_server]: Passing new path to controller.
[controller_server-2] [WARN] [1756915087.768458825] [controller_server]: RegulatedPurePursuitController detected collision ahead!
[controller_server-2] [WARN] [1756915087.768643958] [controller_server]: Control loop missed its desired rate of 10.0000Hz
[controller_server-2] [WARN] [1756915087.769092391] [controller_server]: RegulatedPurePursuitController detected collision ahead!
[controller_server-2] [WARN] [1756915087.869782763] [controller_server]: RegulatedPurePursuitController detected collision ahead!
[controller_server-2] [WARN] [1756915087.970686778] [controller_server]: RegulatedPurePursuitController detected collision ahead!
[controller_server-2] [WARN] [1756915088.071532534] [controller_server]: RegulatedPurePursuitController detected collision ahead!
[controller_server-2] [WARN] [1756915088.172430320] [controller_server]: RegulatedPurePursuitController detected collision ahead!
[controller_server-2] [WARN] [1756915088.273359537] [controller_server]: RegulatedPurePursuitController detected collision ahead!
[controller_server-2] [WARN] [1756915088.374127777] [controller_server]: RegulatedPurePursuitController detected collision ahead!
[controller_server-2] [WARN] [1756915088.474770601] [controller_server]: RegulatedPurePursuitController detected collision ahead!
[controller_server-2] [WARN] [1756915088.575593779] [controller_server]: RegulatedPurePursuitController detected collision ahead!
[controller_server-2] [WARN] [1756915088.676438226] [controller_server]: RegulatedPurePursuitController detected collision ahead!
[controller_server-2] [INFO] [1756915088.776794182] [controller_server]: Passing new path to controller.
[controller_server-2] [WARN] [1756915088.777586052] [controller_server]: RegulatedPurePursuitController detected collision ahead!
[controller_server-2] [WARN] [1756915088.877914552] [controller_server]: RegulatedPurePursuitController detected collision ahead!
[controller_server-2] [WARN] [1756915088.978195536] [controller_server]: RegulatedPurePursuitController detected collision ahead!
[controller_server-2] [WARN] [1756915089.078790945] [controller_server]: RegulatedPurePursuitController detected collision ahead!
[controller_server-2] [WARN] [1756915089.179399249] [controller_server]: RegulatedPurePursuitController detected collision ahead!
[controller_server-2] [WARN] [1756915089.280165106] [controller_server]: RegulatedPurePursuitController detected collision ahead!
[controller_server-2] [WARN] [1756915089.381068683] [controller_server]: RegulatedPurePursuitController detected collision ahead!
[controller_server-2] [WARN] [1756915089.481984950] [controller_server]: RegulatedPurePursuitController detected collision ahead!
[controller_server-2] [WARN] [1756915089.582902232] [controller_server]: RegulatedPurePursuitController detected collision ahead!
[controller_server-2] [ERROR] [1756915089.583003056] [controller_server]: Controller patience exceeded
[controller_server-2] [WARN] [1756915089.583085902] [controller_server]: [follow_path] [ActionServer] Aborting handle.
[behavior_server-5] [INFO] [1756915089.595727083] [behavior_server]: Running wait
[explore-10] [ERROR] [1756915093.841522909] [explore_node]: Extrapolation Error looking up robot pose: Lookup would require extrapolation into the future.  Requested time 1756915093.538207 but the latest data is at time 1756915093.527051, when looking up transform from frame [base_link] to frame [map]
[explore-10] 
[behavior_server-5] [INFO] [1756915094.596015153] [behavior_server]: wait completed successfully
[controller_server-2] [INFO] [1756915094.645871775] [controller_server]: Received a goal, begin computing control effort.
[controller_server-2] [WARN] [1756915094.646611108] [controller_server]: RegulatedPurePursuitController detected collision ahead!
[controller_server-2] [WARN] [1756915094.746653417] [controller_server]: RegulatedPurePursuitController detected collision ahead!
[controller_server-2] [WARN] [1756915094.846728549] [controller_server]: RegulatedPurePursuitController detected collision ahead!
[controller_server-2] [WARN] [1756915094.946646421] [controller_server]: RegulatedPurePursuitController detected collision ahead!
[controller_server-2] [WARN] [1756915095.046745543] [controller_server]: RegulatedPurePursuitController detected collision ahead!
[controller_server-2] [WARN] [1756915095.146644235] [controller_server]: RegulatedPurePursuitController detected collision ahead!
[controller_server-2] [WARN] [1756915095.246639748] [controller_server]: RegulatedPurePursuitController detected collision ahead!
[controller_server-2] [WARN] [1756915095.387240458] [controller_server]: RegulatedPurePursuitController detected collision ahead!
[controller_server-2] [WARN] [1756915095.447060264] [controller_server]: RegulatedPurePursuitController detected collision ahead!
[controller_server-2] [WARN] [1756915095.546651664] [controller_server]: RegulatedPurePursuitController detected collision ahead!
[controller_server-2] [WARN] [1756915095.646646147] [controller_server]: RegulatedPurePursuitController detected collision ahead!
[controller_server-2] [INFO] [1756915095.746094914] [controller_server]: Passing new path to controller.
[controller_server-2] [WARN] [1756915095.746879590] [controller_server]: RegulatedPurePursuitController detected collision ahead!
[controller_server-2] [WARN] [1756915095.846658997] [controller_server]: RegulatedPurePursuitController detected collision ahead!
[controller_server-2] [WARN] [1756915095.946654318] [controller_server]: RegulatedPurePursuitController detected collision ahead!
[controller_server-2] [WARN] [1756915096.046724063] [controller_server]: RegulatedPurePursuitController detected collision ahead!
[controller_server-2] [WARN] [1756915096.146656090] [controller_server]: RegulatedPurePursuitController detected collision ahead!
[controller_server-2] [WARN] [1756915096.246240580] [controller_server]: RegulatedPurePursuitController detected collision ahead!
[controller_server-2] [WARN] [1756915096.346657307] [controller_server]: RegulatedPurePursuitController detected collision ahead!
[controller_server-2] [WARN] [1756915096.446649813] [controller_server]: RegulatedPurePursuitController detected collision ahead!
[controller_server-2] [WARN] [1756915096.546642624] [controller_server]: RegulatedPurePursuitController detected collision ahead!
[controller_server-2] [WARN] [1756915096.646692901] [controller_server]: RegulatedPurePursuitController detected collision ahead!
[controller_server-2] [ERROR] [1756915096.646787563] [controller_server]: Controller patience exceeded
[controller_server-2] [WARN] [1756915096.646869934] [controller_server]: [follow_path] [ActionServer] Aborting handle.
[controller_server-2] [INFO] [1756915096.665603774] [local_costmap.local_costmap]: Received request to clear entirely the local_costmap
[controller_server-2] [INFO] [1756915096.668226114] [controller_server]: Received a goal, begin computing control effort.
[controller_server-2] [INFO] [1756915096.768410065] [controller_server]: Passing new path to controller.
[controller_server-2] [WARN] [1756915096.769326456] [controller_server]: RegulatedPurePursuitController detected collision ahead!
[controller_server-2] [WARN] [1756915096.769455856] [controller_server]: Control loop missed its desired rate of 10.0000Hz
[controller_server-2] [WARN] [1756915096.769898569] [controller_server]: RegulatedPurePursuitController detected collision ahead!
[controller_server-2] [WARN] [1756915096.868975809] [controller_server]: RegulatedPurePursuitController detected collision ahead!
[controller_server-2] [WARN] [1756915096.969043526] [controller_server]: RegulatedPurePursuitController detected collision ahead!
[controller_server-2] [WARN] [1756915097.068976899] [controller_server]: RegulatedPurePursuitController detected collision ahead!
[controller_server-2] [WARN] [1756915097.169059319] [controller_server]: RegulatedPurePursuitController detected collision ahead!
[controller_server-2] [WARN] [1756915097.268998146] [controller_server]: RegulatedPurePursuitController detected collision ahead!
[controller_server-2] [WARN] [1756915097.389402865] [controller_server]: RegulatedPurePursuitController detected collision ahead!
[controller_server-2] [WARN] [1756915097.468823930] [controller_server]: RegulatedPurePursuitController detected collision ahead!
[controller_server-2] [WARN] [1756915097.568976571] [controller_server]: RegulatedPurePursuitController detected collision ahead!
[controller_server-2] [WARN] [1756915097.668976474] [controller_server]: RegulatedPurePursuitController detected collision ahead!
[controller_server-2] [INFO] [1756915097.768513537] [controller_server]: Passing new path to controller.
[controller_server-2] [WARN] [1756915097.769304674] [controller_server]: RegulatedPurePursuitController detected collision ahead!
[controller_server-2] [WARN] [1756915097.869072478] [controller_server]: RegulatedPurePursuitController detected collision ahead!
[controller_server-2] [WARN] [1756915097.969065600] [controller_server]: RegulatedPurePursuitController detected collision ahead!
[controller_server-2] [WARN] [1756915098.069095654] [controller_server]: RegulatedPurePursuitController detected collision ahead!
[controller_server-2] [WARN] [1756915098.169067251] [controller_server]: RegulatedPurePursuitController detected collision ahead!
[controller_server-2] [WARN] [1756915098.268928051] [controller_server]: RegulatedPurePursuitController detected collision ahead!
[controller_server-2] [WARN] [1756915098.369057169] [controller_server]: RegulatedPurePursuitController detected collision ahead!
[controller_server-2] [WARN] [1756915098.469059696] [controller_server]: RegulatedPurePursuitController detected collision ahead!
[controller_server-2] [WARN] [1756915098.568999773] [controller_server]: RegulatedPurePursuitController detected collision ahead!
[controller_server-2] [WARN] [1756915098.669072324] [controller_server]: RegulatedPurePursuitController detected collision ahead!
[controller_server-2] [ERROR] [1756915098.669172261] [controller_server]: Controller patience exceeded
[controller_server-2] [WARN] [1756915098.669256045] [controller_server]: [follow_path] [ActionServer] Aborting handle.
[behavior_server-5] [INFO] [1756915098.685917228] [behavior_server]: Running backup
[behavior_server-5] [INFO] [1756915105.586379838] [behavior_server]: backup completed successfully
[controller_server-2] [INFO] [1756915105.636051488] [controller_server]: Received a goal, begin computing control effort.
[controller_server-2] [INFO] [1756915106.736337376] [controller_server]: Passing new path to controller.
[bt_navigator-6] [INFO] [1756915107.135301042] [bt_navigator]: Received goal preemption request
[bt_navigator-6] [INFO] [1756915107.135556718] [bt_navigator]: Begin navigating from current location (1.82, 1.70) to (1.88, -0.10)
[controller_server-2] [WARN] [1756915107.187302302] [controller_server]: RegulatedPurePursuitController detected collision ahead!
[controller_server-2] [WARN] [1756915107.236663096] [controller_server]: RegulatedPurePursuitController detected collision ahead!
[controller_server-2] [WARN] [1756915107.336926740] [controller_server]: RegulatedPurePursuitController detected collision ahead!
[controller_server-2] [WARN] [1756915107.436865617] [controller_server]: RegulatedPurePursuitController detected collision ahead!
[controller_server-2] [WARN] [1756915107.536972507] [controller_server]: RegulatedPurePursuitController detected collision ahead!
[controller_server-2] [WARN] [1756915107.636880229] [controller_server]: RegulatedPurePursuitController detected collision ahead!
[controller_server-2] [INFO] [1756915107.736320876] [controller_server]: Passing new path to controller.
[controller_server-2] [INFO] [1756915108.736338611] [controller_server]: Passing new path to controller.
[controller_server-2] [INFO] [1756915109.836338556] [controller_server]: Passing new path to controller.
[controller_server-2] [INFO] [1756915110.836339904] [controller_server]: Passing new path to controller.
[controller_server-2] [INFO] [1756915111.836252888] [controller_server]: Passing new path to controller.
[controller_server-2] [INFO] [1756915112.936259672] [controller_server]: Passing new path to controller.
[explore-10] [ERROR] [1756915113.841733824] [explore_node]: Extrapolation Error looking up robot pose: Lookup would require extrapolation into the future.  Requested time 1756915113.536510 but the latest data is at time 1756915113.326787, when looking up transform from frame [base_link] to frame [map]
[explore-10] 
[controller_server-2] [INFO] [1756915113.936270663] [controller_server]: Passing new path to controller.
[controller_server-2] [INFO] [1756915114.936262914] [controller_server]: Passing new path to controller.
[controller_server-2] [INFO] [1756915115.936335560] [controller_server]: Passing new path to controller.
[controller_server-2] [INFO] [1756915117.036335095] [controller_server]: Passing new path to controller.
[controller_server-2] [INFO] [1756915118.036337009] [controller_server]: Passing new path to controller.
[controller_server-2] [INFO] [1756915119.036259965] [controller_server]: Passing new path to controller.
[controller_server-2] [INFO] [1756915120.136260649] [controller_server]: Passing new path to controller.
[bt_navigator-6] [INFO] [1756915120.275407849] [bt_navigator]: Received goal preemption request
[bt_navigator-6] [INFO] [1756915120.275767101] [bt_navigator]: Begin navigating from current location (2.06, 0.13) to (1.74, 2.64)
[controller_server-2] [INFO] [1756915121.136338001] [controller_server]: Passing new path to controller.
[controller_server-2] [INFO] [1756915122.136260950] [controller_server]: Passing new path to controller.
[controller_server-2] [INFO] [1756915123.236346982] [controller_server]: Passing new path to controller.
[controller_server-2] [INFO] [1756915124.236263596] [controller_server]: Passing new path to controller.
[controller_server-2] [INFO] [1756915125.236267659] [controller_server]: Passing new path to controller.
[controller_server-2] [INFO] [1756915126.236319075] [controller_server]: Passing new path to controller.
[controller_server-2] [INFO] [1756915127.336334431] [controller_server]: Passing new path to controller.
[controller_server-2] [INFO] [1756915128.336332756] [controller_server]: Passing new path to controller.
[controller_server-2] [INFO] [1756915129.336324181] [controller_server]: Passing new path to controller.
[controller_server-2] [ERROR] [1756915129.736376384] [controller_server]: Failed to make progress
[controller_server-2] [WARN] [1756915129.736542487] [controller_server]: [follow_path] [ActionServer] Aborting handle.
[controller_server-2] [INFO] [1756915129.755541086] [local_costmap.local_costmap]: Received request to clear entirely the local_costmap
[controller_server-2] [INFO] [1756915129.757212045] [controller_server]: Received a goal, begin computing control effort.
[controller_server-2] [INFO] [1756915130.357428604] [controller_server]: Passing new path to controller.
[controller_server-2] [INFO] [1756915131.457432880] [controller_server]: Passing new path to controller.
[controller_server-2] [INFO] [1756915132.457438369] [controller_server]: Passing new path to controller.
[controller_server-2] [INFO] [1756915133.457429876] [controller_server]: Passing new path to controller.
[bt_navigator-6] [INFO] [1756915133.845227749] [bt_navigator]: Received goal preemption request
[bt_navigator-6] [INFO] [1756915133.845471440] [bt_navigator]: Begin navigating from current location (2.22, 1.59) to (1.70, 2.61)
[controller_server-2] [INFO] [1756915134.457426939] [controller_server]: Passing new path to controller.
[controller_server-2] [INFO] [1756915135.557429049] [controller_server]: Passing new path to controller.
[controller_server-2] [INFO] [1756915136.557430919] [controller_server]: Passing new path to controller.
[controller_server-2] [INFO] [1756915137.557501495] [controller_server]: Passing new path to controller.
[controller_server-2] [INFO] [1756915138.657430617] [controller_server]: Passing new path to controller.
[controller_server-2] [INFO] [1756915139.657429642] [controller_server]: Passing new path to controller.
[explore-10] [WARN] [1756915140.283560845] [explore_node]: All frontiers traversed/tried out, stopping.
[explore-10] [INFO] [1756915140.283600070] [explore_node]: Exploration stopped.
[explore-10] [INFO] [1756915140.283670818] [explore_node]: Returning to initial pose.
[bt_navigator-6] [ERROR] [1756915140.305951577] [bt_navigator_navigate_to_pose_rclcpp_node]: Failed to get result for follow_path in node halt!
[bt_navigator-6] [INFO] [1756915140.306067758] [bt_navigator]: [navigate_to_pose] [ActionServer] Client requested to cancel the goal. Cancelling.
[bt_navigator-6] [INFO] [1756915140.306301925] [bt_navigator]: [navigate_to_pose] [ActionServer] Client requested to cancel the goal. Cancelling.
[bt_navigator-6] [INFO] [1756915140.306396333] [bt_navigator]: Goal canceled
[controller_server-2] [INFO] [1756915140.357427055] [controller_server]: Goal was canceled. Stopping the robot.
[controller_server-2] [INFO] [1756915140.357521534] [controller_server]: [follow_path] [ActionServer] Client requested to cancel the goal. Cancelling.
[explore-10] [WARN] [1756915140.374620931] [explore_node]: All frontiers traversed/tried out, stopping.
[explore-10] [INFO] [1756915140.374690614] [explore_node]: Exploration stopped.
[explore-10] [INFO] [1756915140.374793203] [explore_node]: Returning to initial pose.
[bt_navigator-6] [INFO] [1756915140.375478889] [bt_navigator]: Begin navigating from current location (1.77, 2.53) to (0.00, 0.00)
[bt_navigator-6] [INFO] [1756915140.375603803] [bt_navigator]: [navigate_to_pose] [ActionServer] Client requested to cancel the goal. Cancelling.
[bt_navigator-6] [INFO] [1756915140.375762139] [bt_navigator]: Goal canceled
[rviz2-11] [ERROR] [1756915351.676235699] [rviz2]: Lookup would require extrapolation into the future.  Requested time 1756915351.631568 but the latest data is at time 1756915351.626900, when looking up transform from frame [laser] to frame [map]
[planner_server-4] [ERROR] [1756915533.738003361] [transformPoseInTargetFrame]: Extrapolation Error looking up target frame: Lookup would require extrapolation into the past.  Requested time 1756915507.516917 but the earliest data is at time 1756915525.398805, when looking up transform from frame [base_link] to frame [map]
[planner_server-4] 
[rviz2-11] [INFO] [1756918658.909883737] [rviz2]: Trying to create a map of size 289 x 294 using 1 swatches
[controller_server-2] [INFO] [1756918658.963658758] [local_costmap.local_costmap]: StaticLayer: Resizing static layer to 289 X 294 at 0.040000 m/pix
[planner_server-4] [INFO] [1756918659.434903039] [global_costmap.global_costmap]: StaticLayer: Resizing costmap to 289 X 294 at 0.040000 m/pix
[rviz2-11] [INFO] [1756918659.455930237] [rviz2]: Trying to create a map of size 289 x 294 using 1 swatches
[ERROR] [rviz2-11]: process has died [pid 63233, exit code -11, cmd '/opt/ros/humble/lib/rviz2/rviz2 -d /opt/ros/humble/share/nav2_bringup/rviz/nav2_default_view.rviz --ros-args'].
[INFO] [explore-10]: sending signal 'SIGINT' to process[explore-10]
[INFO] [lifecycle_manager-9]: sending signal 'SIGINT' to process[lifecycle_manager-9]
[INFO] [velocity_smoother-8]: sending signal 'SIGINT' to process[velocity_smoother-8]
[INFO] [waypoint_follower-7]: sending signal 'SIGINT' to process[waypoint_follower-7]
[INFO] [bt_navigator-6]: sending signal 'SIGINT' to process[bt_navigator-6]
[INFO] [behavior_server-5]: sending signal 'SIGINT' to process[behavior_server-5]
[INFO] [planner_server-4]: sending signal 'SIGINT' to process[planner_server-4]
[INFO] [smoother_server-3]: sending signal 'SIGINT' to process[smoother_server-3]
[INFO] [controller_server-2]: sending signal 'SIGINT' to process[controller_server-2]
[INFO] [async_slam_toolbox_node-1]: sending signal 'SIGINT' to process[async_slam_toolbox_node-1]
[explore-10] [INFO] [1756918760.720838065] [rclcpp]: signal_handler(signum=2)
[explore-10] [INFO] [1756918760.720942506] [explore_node]: Exploration stopped.
[lifecycle_manager-9] [INFO] [1756918760.721476070] [rclcpp]: signal_handler(signum=2)
[lifecycle_manager-9] [INFO] [1756918760.721541965] [lifecycle_manager_navigation]: Running Nav2 LifecycleManager rcl preshutdown (lifecycle_manager_navigation)
[lifecycle_manager-9] [INFO] [1756918760.721577200] [lifecycle_manager_navigation]: [34m[1mTerminating bond timer...[0m[0m
[velocity_smoother-8] [INFO] [1756918760.722087235] [rclcpp]: signal_handler(signum=2)
[velocity_smoother-8] [INFO] [1756918760.722141956] [velocity_smoother]: Running Nav2 LifecycleNode rcl preshutdown (velocity_smoother)
[velocity_smoother-8] [INFO] [1756918760.722186664] [velocity_smoother]: Deactivating
[velocity_smoother-8] [INFO] [1756918760.722200777] [velocity_smoother]: Destroying bond (velocity_smoother) to lifecycle manager.
[waypoint_follower-7] [INFO] [1756918760.722901752] [rclcpp]: signal_handler(signum=2)
[waypoint_follower-7] [INFO] [1756918760.722961827] [waypoint_follower]: Running Nav2 LifecycleNode rcl preshutdown (waypoint_follower)
[waypoint_follower-7] [INFO] [1756918760.723008627] [waypoint_follower]: Deactivating
[waypoint_follower-7] [INFO] [1756918760.723016998] [waypoint_follower]: Destroying bond (waypoint_follower) to lifecycle manager.
[bt_navigator-6] [INFO] [1756918760.723646225] [rclcpp]: signal_handler(signum=2)
[bt_navigator-6] [INFO] [1756918760.723683023] [bt_navigator]: Running Nav2 LifecycleNode rcl preshutdown (bt_navigator)
[bt_navigator-6] [INFO] [1756918760.723721389] [bt_navigator]: Deactivating
[bt_navigator-6] [INFO] [1756918760.723732402] [bt_navigator]: Destroying bond (bt_navigator) to lifecycle manager.
[behavior_server-5] [INFO] [1756918760.724494261] [rclcpp]: signal_handler(signum=2)
[behavior_server-5] [INFO] [1756918760.724535360] [behavior_server]: Running Nav2 LifecycleNode rcl preshutdown (behavior_server)
[behavior_server-5] [INFO] [1756918760.724572664] [behavior_server]: Deactivating
[behavior_server-5] [INFO] [1756918760.724588127] [behavior_server]: Destroying bond (behavior_server) to lifecycle manager.
[planner_server-4] [INFO] [1756918760.725178431] [rclcpp]: signal_handler(signum=2)
[planner_server-4] [INFO] [1756918760.725215426] [planner_server]: Running Nav2 LifecycleNode rcl preshutdown (planner_server)
[planner_server-4] [INFO] [1756918760.725248682] [planner_server]: Deactivating
[planner_server-4] [INFO] [1756918760.725262166] [global_costmap.global_costmap]: Deactivating
[smoother_server-3] [INFO] [1756918760.725993203] [rclcpp]: signal_handler(signum=2)
[smoother_server-3] [INFO] [1756918760.726034965] [smoother_server]: Running Nav2 LifecycleNode rcl preshutdown (smoother_server)
[smoother_server-3] [INFO] [1756918760.726070606] [smoother_server]: Deactivating
[smoother_server-3] [INFO] [1756918760.726078323] [smoother_server]: Destroying bond (smoother_server) to lifecycle manager.
[controller_server-2] [INFO] [1756918760.726723638] [rclcpp]: signal_handler(signum=2)
[controller_server-2] [INFO] [1756918760.726764321] [controller_server]: Running Nav2 LifecycleNode rcl preshutdown (controller_server)
[controller_server-2] [INFO] [1756918760.726803760] [controller_server]: Deactivating
[controller_server-2] [INFO] [1756918760.726812769] [controller_server]: Deactivating controller: FollowPath of type regulated_pure_pursuit_controller::RegulatedPurePursuitController
[controller_server-2] [INFO] [1756918760.726823879] [local_costmap.local_costmap]: Deactivating
[async_slam_toolbox_node-1] [INFO] [1756918760.727458367] [rclcpp]: signal_handler(signum=2)
[velocity_smoother-8] [INFO] [1756918760.732348422] [velocity_smoother]: Cleaning up
[velocity_smoother-8] [INFO] [1756918760.732377861] [velocity_smoother]: Destroying bond (velocity_smoother) to lifecycle manager.
[waypoint_follower-7] [INFO] [1756918760.733161737] [waypoint_follower]: Cleaning up
[velocity_smoother-8] [INFO] [1756918760.733172498] [velocity_smoother]: Destroying
[bt_navigator-6] [INFO] [1756918760.733890221] [bt_navigator]: Cleaning up
[waypoint_follower-7] [INFO] [1756918760.734273816] [waypoint_follower]: Destroying bond (waypoint_follower) to lifecycle manager.
[behavior_server-5] [INFO] [1756918760.734756878] [behavior_server]: Cleaning up
[smoother_server-3] [INFO] [1756918760.736249822] [smoother_server]: Cleaning up
[behavior_server-5] [INFO] [1756918760.738810745] [behavior_server]: Destroying bond (behavior_server) to lifecycle manager.
[waypoint_follower-7] [INFO] [1756918760.739019021] [waypoint_follower]: Destroying
[smoother_server-3] [INFO] [1756918760.742050569] [smoother_server]: Destroying bond (smoother_server) to lifecycle manager.
[smoother_server-3] [INFO] [1756918760.745178950] [smoother_server]: Destroying
[behavior_server-5] [INFO] [1756918760.753729533] [behavior_server]: Destroying
[controller_server-2] [INFO] [1756918760.763537682] [controller_server]: Destroying bond (controller_server) to lifecycle manager.
[bt_navigator-6] [INFO] [1756918760.766540726] [bt_navigator]: Completed Cleaning up
[bt_navigator-6] [INFO] [1756918760.766560920] [bt_navigator]: Destroying bond (bt_navigator) to lifecycle manager.
[bt_navigator-6] [INFO] [1756918760.767752362] [bt_navigator]: Destroying
[controller_server-2] [INFO] [1756918760.773671710] [controller_server]: Cleaning up
[controller_server-2] [INFO] [1756918760.773683785] [controller_server]: Cleaning up controller: FollowPath of type regulated_pure_pursuit_controller::RegulatedPurePursuitController
[controller_server-2] [INFO] [1756918760.773703940] [local_costmap.local_costmap]: Cleaning up
[controller_server-2] [INFO] [1756918760.778517448] [controller_server]: Destroying bond (controller_server) to lifecycle manager.
[controller_server-2] [INFO] [1756918760.781282964] [local_costmap.local_costmap]: Destroying
[controller_server-2] [INFO] [1756918760.785750465] [controller_server]: Destroying
[lifecycle_manager-9] [INFO] [1756918760.799176985] [lifecycle_manager_navigation]: Destroying lifecycle_manager_navigation
[INFO] [explore-10]: process has finished cleanly [pid 63231]
[INFO] [async_slam_toolbox_node-1]: process has finished cleanly [pid 63213]
[INFO] [velocity_smoother-8]: process has finished cleanly [pid 63227]
[INFO] [waypoint_follower-7]: process has finished cleanly [pid 63225]
[INFO] [smoother_server-3]: process has finished cleanly [pid 63217]
[INFO] [behavior_server-5]: process has finished cleanly [pid 63221]
[INFO] [bt_navigator-6]: process has finished cleanly [pid 63223]
[INFO] [controller_server-2]: process has finished cleanly [pid 63215]
[INFO] [lifecycle_manager-9]: process has finished cleanly [pid 63229]
[planner_server-4] [INFO] [1756918761.435174352] [planner_server]: Deactivating plugin GridBased of type NavfnPlanner
[planner_server-4] [INFO] [1756918761.435274933] [planner_server]: Destroying bond (planner_server) to lifecycle manager.
[planner_server-4] [INFO] [1756918761.445530852] [planner_server]: Cleaning up
[planner_server-4] [INFO] [1756918761.456880042] [global_costmap.global_costmap]: Cleaning up
[planner_server-4] [INFO] [1756918761.461093722] [planner_server]: Cleaning up plugin GridBased of type NavfnPlanner
[planner_server-4] [INFO] [1756918761.461349395] [planner_server]: Destroying plugin GridBased of type NavfnPlanner
[planner_server-4] [INFO] [1756918761.468463778] [planner_server]: Destroying bond (planner_server) to lifecycle manager.
[planner_server-4] [INFO] [1756918761.473548110] [global_costmap.global_costmap]: Destroying
[planner_server-4] [INFO] [1756918761.482065348] [planner_server]: Destroying
[INFO] [planner_server-4]: process has finished cleanly [pid 63219]
