[INFO] [launch]: All log files can be found below /home/robot/.ros/log/2025-09-03-21-42-03-825346-robot-pc04-100284
[INFO] [launch]: Default logging verbosity is set to INFO
[INFO] [async_slam_toolbox_node-1]: process started with pid [100288]
[INFO] [controller_server-2]: process started with pid [100290]
[INFO] [smoother_server-3]: process started with pid [100292]
[INFO] [planner_server-4]: process started with pid [100294]
[INFO] [behavior_server-5]: process started with pid [100296]
[INFO] [bt_navigator-6]: process started with pid [100298]
[INFO] [waypoint_follower-7]: process started with pid [100300]
[INFO] [velocity_smoother-8]: process started with pid [100302]
[INFO] [lifecycle_manager-9]: process started with pid [100304]
[INFO] [explore-10]: process started with pid [100306]
[INFO] [rviz2-11]: process started with pid [100308]
[async_slam_toolbox_node-1] [INFO] [1756928523.938780561] [slam]: Node using stack size 40000000
[controller_server-2] [INFO] [1756928523.941608590] [controller_server]: 
[controller_server-2] 	controller_server lifecycle node launched. 
[controller_server-2] 	Waiting on external lifecycle transitions to activate
[controller_server-2] 	See https://design.ros2.org/articles/node_lifecycle.html for more information.
[smoother_server-3] [INFO] [1756928523.942352682] [smoother_server]: 
[smoother_server-3] 	smoother_server lifecycle node launched. 
[smoother_server-3] 	Waiting on external lifecycle transitions to activate
[smoother_server-3] 	See https://design.ros2.org/articles/node_lifecycle.html for more information.
[planner_server-4] [INFO] [1756928523.942522990] [planner_server]: 
[planner_server-4] 	planner_server lifecycle node launched. 
[planner_server-4] 	Waiting on external lifecycle transitions to activate
[planner_server-4] 	See https://design.ros2.org/articles/node_lifecycle.html for more information.
[smoother_server-3] [INFO] [1756928523.943123643] [smoother_server]: Creating smoother server
[planner_server-4] [INFO] [1756928523.943361524] [planner_server]: Creating
[velocity_smoother-8] [INFO] [1756928523.943442587] [velocity_smoother]: 
[velocity_smoother-8] 	velocity_smoother lifecycle node launched. 
[velocity_smoother-8] 	Waiting on external lifecycle transitions to activate
[velocity_smoother-8] 	See https://design.ros2.org/articles/node_lifecycle.html for more information.
[lifecycle_manager-9] [INFO] [1756928523.943934499] [lifecycle_manager_navigation]: Creating
[bt_navigator-6] [INFO] [1756928523.944021923] [bt_navigator]: 
[bt_navigator-6] 	bt_navigator lifecycle node launched. 
[bt_navigator-6] 	Waiting on external lifecycle transitions to activate
[bt_navigator-6] 	See https://design.ros2.org/articles/node_lifecycle.html for more information.
[bt_navigator-6] [INFO] [1756928523.944118029] [bt_navigator]: Creating
[controller_server-2] [INFO] [1756928523.944357676] [controller_server]: Creating controller server
[lifecycle_manager-9] [INFO] [1756928523.945519480] [lifecycle_manager_navigation]: [34m[1mCreating and initializing lifecycle service clients[0m[0m
[explore-10] [INFO] [1756928523.946184232] [explore_node]: Waiting for costmap to become available, topic: map
[waypoint_follower-7] [INFO] [1756928523.946557180] [waypoint_follower]: 
[waypoint_follower-7] 	waypoint_follower lifecycle node launched. 
[waypoint_follower-7] 	Waiting on external lifecycle transitions to activate
[waypoint_follower-7] 	See https://design.ros2.org/articles/node_lifecycle.html for more information.
[waypoint_follower-7] [INFO] [1756928523.947016934] [waypoint_follower]: Creating
[planner_server-4] [INFO] [1756928523.948297645] [global_costmap.global_costmap]: 
[planner_server-4] 	global_costmap lifecycle node launched. 
[planner_server-4] 	Waiting on external lifecycle transitions to activate
[planner_server-4] 	See https://design.ros2.org/articles/node_lifecycle.html for more information.
[planner_server-4] [INFO] [1756928523.948516792] [global_costmap.global_costmap]: Creating Costmap
[controller_server-2] [INFO] [1756928523.949024070] [local_costmap.local_costmap]: 
[controller_server-2] 	local_costmap lifecycle node launched. 
[controller_server-2] 	Waiting on external lifecycle transitions to activate
[controller_server-2] 	See https://design.ros2.org/articles/node_lifecycle.html for more information.
[controller_server-2] [INFO] [1756928523.949221732] [local_costmap.local_costmap]: Creating Costmap
[behavior_server-5] [INFO] [1756928523.952279959] [behavior_server]: 
[behavior_server-5] 	behavior_server lifecycle node launched. 
[behavior_server-5] 	Waiting on external lifecycle transitions to activate
[behavior_server-5] 	See https://design.ros2.org/articles/node_lifecycle.html for more information.
[async_slam_toolbox_node-1] [INFO] [1756928523.956415415] [slam]: Using solver plugin solver_plugins::CeresSolver
[async_slam_toolbox_node-1] [INFO] [1756928523.956630008] [slam]: CeresSolver: Using SCHUR_JACOBI preconditioner.
[lifecycle_manager-9] [INFO] [1756928524.026966238] [lifecycle_manager_navigation]: [34m[1mStarting managed nodes bringup...[0m[0m
[lifecycle_manager-9] [INFO] [1756928524.027038128] [lifecycle_manager_navigation]: [34m[1mConfiguring controller_server[0m[0m
[controller_server-2] [INFO] [1756928524.027394388] [controller_server]: Configuring controller interface
[controller_server-2] [INFO] [1756928524.027558044] [controller_server]: getting goal checker plugins..
[controller_server-2] [INFO] [1756928524.027739521] [controller_server]: Controller frequency set to 10.0000Hz
[controller_server-2] [INFO] [1756928524.027796996] [local_costmap.local_costmap]: Configuring
[controller_server-2] [INFO] [1756928524.032690097] [local_costmap.local_costmap]: Using plugin "static_layer"
[controller_server-2] [INFO] [1756928524.034825749] [local_costmap.local_costmap]: Subscribing to the map topic (/map) with transient local durability
[controller_server-2] [INFO] [1756928524.035280194] [local_costmap.local_costmap]: Initialized plugin "static_layer"
[controller_server-2] [INFO] [1756928524.035292833] [local_costmap.local_costmap]: Using plugin "obstacle_layer"
[controller_server-2] [INFO] [1756928524.035439987] [local_costmap.local_costmap]: Subscribed to Topics: scan
[controller_server-2] [INFO] [1756928524.036723092] [local_costmap.local_costmap]: Initialized plugin "obstacle_layer"
[controller_server-2] [INFO] [1756928524.036734764] [local_costmap.local_costmap]: Using plugin "inflation_layer"
[controller_server-2] [INFO] [1756928524.037172213] [local_costmap.local_costmap]: Initialized plugin "inflation_layer"
[controller_server-2] [INFO] [1756928524.039914248] [controller_server]: Created progress_checker : progress_checker of type nav2_controller::SimpleProgressChecker
[controller_server-2] [INFO] [1756928524.040135898] [controller_server]: Created goal checker : goal_checker of type nav2_controller::SimpleGoalChecker
[controller_server-2] [INFO] [1756928524.040212105] [controller_server]: Controller Server has goal_checker  goal checkers available.
[controller_server-2] [INFO] [1756928524.040425871] [controller_server]: Created controller : FollowPath of type nav2_regulated_pure_pursuit_controller::RegulatedPurePursuitController
[controller_server-2] [INFO] [1756928524.041550747] [controller_server]: Controller Server has FollowPath  controllers available.
[lifecycle_manager-9] [INFO] [1756928524.043487461] [lifecycle_manager_navigation]: [34m[1mConfiguring smoother_server[0m[0m
[smoother_server-3] [INFO] [1756928524.043581472] [smoother_server]: Configuring smoother server
[smoother_server-3] [INFO] [1756928524.046510628] [smoother_server]: Created smoother : simple_smoother of type nav2_smoother::SimpleSmoother
[smoother_server-3] [INFO] [1756928524.046628704] [smoother_server]: Smoother Server has simple_smoother  smoothers available.
[lifecycle_manager-9] [INFO] [1756928524.048166998] [lifecycle_manager_navigation]: [34m[1mConfiguring planner_server[0m[0m
[planner_server-4] [INFO] [1756928524.048296459] [planner_server]: Configuring
[planner_server-4] [INFO] [1756928524.048331679] [global_costmap.global_costmap]: Configuring
[planner_server-4] [INFO] [1756928524.051211956] [global_costmap.global_costmap]: Using plugin "static_layer"
[planner_server-4] [INFO] [1756928524.053721639] [global_costmap.global_costmap]: Subscribing to the map topic (/map) with transient local durability
[planner_server-4] [INFO] [1756928524.054536198] [global_costmap.global_costmap]: Initialized plugin "static_layer"
[planner_server-4] [INFO] [1756928524.054553625] [global_costmap.global_costmap]: Using plugin "obstacle_layer"
[planner_server-4] [INFO] [1756928524.054813084] [global_costmap.global_costmap]: Subscribed to Topics: scan
[planner_server-4] [INFO] [1756928524.056506006] [global_costmap.global_costmap]: Initialized plugin "obstacle_layer"
[planner_server-4] [INFO] [1756928524.056526897] [global_costmap.global_costmap]: Using plugin "inflation_layer"
[planner_server-4] [INFO] [1756928524.056945959] [global_costmap.global_costmap]: Initialized plugin "inflation_layer"
[planner_server-4] [INFO] [1756928524.061982401] [planner_server]: Created global planner plugin GridBased of type nav2_navfn_planner/NavfnPlanner
[planner_server-4] [INFO] [1756928524.062010809] [planner_server]: Configuring plugin GridBased of type NavfnPlanner
[planner_server-4] [INFO] [1756928524.062263836] [planner_server]: Planner Server has GridBased  planners available.
[lifecycle_manager-9] [INFO] [1756928524.065897887] [lifecycle_manager_navigation]: [34m[1mConfiguring behavior_server[0m[0m
[behavior_server-5] [INFO] [1756928524.066051880] [behavior_server]: Configuring
[behavior_server-5] [INFO] [1756928524.070011211] [behavior_server]: Creating behavior plugin spin of type nav2_behaviors/Spin
[behavior_server-5] [INFO] [1756928524.070397211] [behavior_server]: Configuring spin
[behavior_server-5] [INFO] [1756928524.071943496] [behavior_server]: Creating behavior plugin backup of type nav2_behaviors/BackUp
[behavior_server-5] [INFO] [1756928524.072259816] [behavior_server]: Configuring backup
[behavior_server-5] [INFO] [1756928524.073240018] [behavior_server]: Creating behavior plugin drive_on_heading of type nav2_behaviors/DriveOnHeading
[behavior_server-5] [INFO] [1756928524.073550374] [behavior_server]: Configuring drive_on_heading
[behavior_server-5] [INFO] [1756928524.074523048] [behavior_server]: Creating behavior plugin wait of type nav2_behaviors/Wait
[behavior_server-5] [INFO] [1756928524.074812570] [behavior_server]: Configuring wait
[behavior_server-5] [INFO] [1756928524.075752790] [behavior_server]: Creating behavior plugin assisted_teleop of type nav2_behaviors/AssistedTeleop
[behavior_server-5] [INFO] [1756928524.076459494] [behavior_server]: Configuring assisted_teleop
[lifecycle_manager-9] [INFO] [1756928524.078011038] [lifecycle_manager_navigation]: [34m[1mConfiguring bt_navigator[0m[0m
[bt_navigator-6] [INFO] [1756928524.078117141] [bt_navigator]: Configuring
[lifecycle_manager-9] [INFO] [1756928524.097389055] [lifecycle_manager_navigation]: [34m[1mConfiguring waypoint_follower[0m[0m
[waypoint_follower-7] [INFO] [1756928524.097806903] [waypoint_follower]: Configuring
[waypoint_follower-7] [INFO] [1756928524.102617011] [waypoint_follower]: Created waypoint_task_executor : wait_at_waypoint of type nav2_waypoint_follower::WaitAtWaypoint
[lifecycle_manager-9] [INFO] [1756928524.102878880] [lifecycle_manager_navigation]: [34m[1mConfiguring velocity_smoother[0m[0m
[velocity_smoother-8] [INFO] [1756928524.102979014] [velocity_smoother]: Configuring velocity smoother
[lifecycle_manager-9] [INFO] [1756928524.104873484] [lifecycle_manager_navigation]: [34m[1mActivating controller_server[0m[0m
[controller_server-2] [INFO] [1756928524.105166074] [controller_server]: Activating
[controller_server-2] [INFO] [1756928524.105234442] [local_costmap.local_costmap]: Activating
[controller_server-2] [INFO] [1756928524.105264064] [local_costmap.local_costmap]: Checking transform
[controller_server-2] [INFO] [1756928524.105314083] [local_costmap.local_costmap]: Timed out waiting for transform from base_link to odom to become available, tf error: Invalid frame ID "odom" passed to canTransform argument target_frame - frame does not exist
[rviz2-11] [INFO] [1756928524.594267062] [rviz2]: Stereo is NOT SUPPORTED
[rviz2-11] [INFO] [1756928524.594329097] [rviz2]: OpenGl version: 4.6 (GLSL 4.6)
[controller_server-2] [INFO] [1756928524.605355951] [local_costmap.local_costmap]: Timed out waiting for transform from base_link to odom to become available, tf error: Invalid frame ID "odom" passed to canTransform argument target_frame - frame does not exist
[rviz2-11] [INFO] [1756928524.766480519] [rviz2]: Stereo is NOT SUPPORTED
[controller_server-2] [INFO] [1756928525.105388724] [local_costmap.local_costmap]: Timed out waiting for transform from base_link to odom to become available, tf error: Invalid frame ID "odom" passed to canTransform argument target_frame - frame does not exist
[controller_server-2] [INFO] [1756928525.605390753] [local_costmap.local_costmap]: Timed out waiting for transform from base_link to odom to become available, tf error: Invalid frame ID "odom" passed to canTransform argument target_frame - frame does not exist
[controller_server-2] [INFO] [1756928526.105382954] [local_costmap.local_costmap]: Timed out waiting for transform from base_link to odom to become available, tf error: Invalid frame ID "odom" passed to canTransform argument target_frame - frame does not exist
[controller_server-2] [INFO] [1756928526.605482668] [local_costmap.local_costmap]: Timed out waiting for transform from base_link to odom to become available, tf error: Invalid frame ID "odom" passed to canTransform argument target_frame - frame does not exist
[controller_server-2] [INFO] [1756928527.105393958] [local_costmap.local_costmap]: Timed out waiting for transform from base_link to odom to become available, tf error: Invalid frame ID "odom" passed to canTransform argument target_frame - frame does not exist
[controller_server-2] [INFO] [1756928527.605388717] [local_costmap.local_costmap]: Timed out waiting for transform from base_link to odom to become available, tf error: Invalid frame ID "odom" passed to canTransform argument target_frame - frame does not exist
[controller_server-2] [INFO] [1756928528.105360714] [local_costmap.local_costmap]: Timed out waiting for transform from base_link to odom to become available, tf error: Invalid frame ID "odom" passed to canTransform argument target_frame - frame does not exist
[controller_server-2] [INFO] [1756928528.605384190] [local_costmap.local_costmap]: Timed out waiting for transform from base_link to odom to become available, tf error: Invalid frame ID "odom" passed to canTransform argument target_frame - frame does not exist
[controller_server-2] [INFO] [1756928529.105445843] [local_costmap.local_costmap]: Timed out waiting for transform from base_link to odom to become available, tf error: Invalid frame ID "odom" passed to canTransform argument target_frame - frame does not exist
[controller_server-2] [INFO] [1756928529.605390699] [local_costmap.local_costmap]: Timed out waiting for transform from base_link to odom to become available, tf error: Invalid frame ID "odom" passed to canTransform argument target_frame - frame does not exist
[controller_server-2] [INFO] [1756928530.105385594] [local_costmap.local_costmap]: Timed out waiting for transform from base_link to odom to become available, tf error: Invalid frame ID "odom" passed to canTransform argument target_frame - frame does not exist
[controller_server-2] [INFO] [1756928530.605481864] [local_costmap.local_costmap]: Timed out waiting for transform from base_link to odom to become available, tf error: Invalid frame ID "odom" passed to canTransform argument target_frame - frame does not exist
[controller_server-2] [INFO] [1756928531.105354149] [local_costmap.local_costmap]: Timed out waiting for transform from base_link to odom to become available, tf error: Invalid frame ID "odom" passed to canTransform argument target_frame - frame does not exist
[controller_server-2] [INFO] [1756928531.605497703] [local_costmap.local_costmap]: Timed out waiting for transform from base_link to odom to become available, tf error: Invalid frame ID "odom" passed to canTransform argument target_frame - frame does not exist
[controller_server-2] [INFO] [1756928532.105479858] [local_costmap.local_costmap]: Timed out waiting for transform from base_link to odom to become available, tf error: Invalid frame ID "odom" passed to canTransform argument target_frame - frame does not exist
[async_slam_toolbox_node-1] [WARN] [1756928532.312578349] [slam]: minimum laser range setting (0.0 m) exceeds the capabilities of the used Lidar (0.1 m)
[controller_server-2] [INFO] [1756928532.605668308] [local_costmap.local_costmap]: start
[controller_server-2] [INFO] [1756928532.807762858] [controller_server]: Activating controller: FollowPath of type regulated_pure_pursuit_controller::RegulatedPurePursuitController
[controller_server-2] [INFO] [1756928532.807858770] [controller_server]: Creating bond (controller_server) to lifecycle manager.
[lifecycle_manager-9] [INFO] [1756928532.917531493] [lifecycle_manager_navigation]: Server controller_server connected with bond.
[lifecycle_manager-9] [INFO] [1756928532.917640583] [lifecycle_manager_navigation]: [34m[1mActivating smoother_server[0m[0m
[smoother_server-3] [INFO] [1756928532.918297413] [smoother_server]: Activating
[smoother_server-3] [INFO] [1756928532.918380323] [smoother_server]: Creating bond (smoother_server) to lifecycle manager.
[lifecycle_manager-9] [INFO] [1756928533.025545451] [lifecycle_manager_navigation]: Server smoother_server connected with bond.
[lifecycle_manager-9] [INFO] [1756928533.025648395] [lifecycle_manager_navigation]: [34m[1mActivating planner_server[0m[0m
[planner_server-4] [INFO] [1756928533.026313724] [planner_server]: Activating
[planner_server-4] [INFO] [1756928533.026407355] [global_costmap.global_costmap]: Activating
[planner_server-4] [INFO] [1756928533.026429846] [global_costmap.global_costmap]: Checking transform
[planner_server-4] [INFO] [1756928533.026594693] [global_costmap.global_costmap]: start
[planner_server-4] [INFO] [1756928533.964803045] [global_costmap.global_costmap]: StaticLayer: Resizing costmap to 324 X 224 at 0.040000 m/pix
[controller_server-2] [INFO] [1756928533.964915862] [local_costmap.local_costmap]: StaticLayer: Resizing static layer to 324 X 224 at 0.040000 m/pix
[rviz2-11] [INFO] [1756928533.984891330] [rviz2]: Trying to create a map of size 324 x 224 using 1 swatches
[rviz2-11] [INFO] [1756928534.051158256] [rviz2]: Trying to create a map of size 324 x 224 using 1 swatches
[planner_server-4] [INFO] [1756928534.078056572] [planner_server]: Activating plugin GridBased of type NavfnPlanner
[planner_server-4] [INFO] [1756928534.079752722] [planner_server]: Creating bond (planner_server) to lifecycle manager.
[lifecycle_manager-9] [INFO] [1756928534.187151890] [lifecycle_manager_navigation]: Server planner_server connected with bond.
[lifecycle_manager-9] [INFO] [1756928534.187257222] [lifecycle_manager_navigation]: [34m[1mActivating behavior_server[0m[0m
[behavior_server-5] [INFO] [1756928534.188021668] [behavior_server]: Activating
[behavior_server-5] [INFO] [1756928534.188096821] [behavior_server]: Activating spin
[behavior_server-5] [INFO] [1756928534.188123221] [behavior_server]: Activating backup
[behavior_server-5] [INFO] [1756928534.188142250] [behavior_server]: Activating drive_on_heading
[behavior_server-5] [INFO] [1756928534.188160339] [behavior_server]: Activating wait
[behavior_server-5] [INFO] [1756928534.188178204] [behavior_server]: Activating assisted_teleop
[behavior_server-5] [INFO] [1756928534.188203216] [behavior_server]: Creating bond (behavior_server) to lifecycle manager.
[lifecycle_manager-9] [INFO] [1756928534.295551011] [lifecycle_manager_navigation]: Server behavior_server connected with bond.
[lifecycle_manager-9] [INFO] [1756928534.295661810] [lifecycle_manager_navigation]: [34m[1mActivating bt_navigator[0m[0m
[bt_navigator-6] [INFO] [1756928534.296347339] [bt_navigator]: Activating
[bt_navigator-6] [INFO] [1756928534.327927016] [bt_navigator]: Creating bond (bt_navigator) to lifecycle manager.
[rviz2-11] [INFO] [1756928534.404022658] [rviz2]: Trying to create a map of size 100 x 100 using 1 swatches
[lifecycle_manager-9] [INFO] [1756928534.429566906] [lifecycle_manager_navigation]: Server bt_navigator connected with bond.
[lifecycle_manager-9] [INFO] [1756928534.429605738] [lifecycle_manager_navigation]: [34m[1mActivating waypoint_follower[0m[0m
[waypoint_follower-7] [INFO] [1756928534.429972844] [waypoint_follower]: Activating
[waypoint_follower-7] [INFO] [1756928534.430028332] [waypoint_follower]: Creating bond (waypoint_follower) to lifecycle manager.
[lifecycle_manager-9] [INFO] [1756928534.534488643] [lifecycle_manager_navigation]: Server waypoint_follower connected with bond.
[lifecycle_manager-9] [INFO] [1756928534.534564997] [lifecycle_manager_navigation]: [34m[1mActivating velocity_smoother[0m[0m
[velocity_smoother-8] [INFO] [1756928534.535012646] [velocity_smoother]: Activating
[velocity_smoother-8] [INFO] [1756928534.535097261] [velocity_smoother]: Creating bond (velocity_smoother) to lifecycle manager.
[lifecycle_manager-9] [INFO] [1756928534.639568257] [lifecycle_manager_navigation]: Server velocity_smoother connected with bond.
[lifecycle_manager-9] [INFO] [1756928534.639595036] [lifecycle_manager_navigation]: [34m[1mManaged nodes are active[0m[0m
[lifecycle_manager-9] [INFO] [1756928534.639600845] [lifecycle_manager_navigation]: [34m[1mCreating bond timer...[0m[0m
[explore-10] [INFO] [1756928535.978172333] [explore_node]: Waiting to connect to move_base nav2 server
[explore-10] [INFO] [1756928535.978493214] [explore_node]: Connected to move_base nav2 server
[explore-10] [INFO] [1756928535.978506590] [explore_node]: Getting initial pose of the robot
[explore-10] [INFO] [1756928536.091604859] [explore_node]: [NAV] Remembered last goal (-4.35, 2.81, yaw from quat).
[bt_navigator-6] [INFO] [1756928536.091976115] [bt_navigator]: Begin navigating from current location (-1.72, -0.36) to (-4.35, 2.81)
[controller_server-2] [INFO] [1756928536.112708631] [controller_server]: Received a goal, begin computing control effort.
[controller_server-2] [WARN] [1756928536.112786781] [controller_server]: No goal checker was specified in parameter 'current_goal_checker'. Server will use only plugin loaded goal_checker . This warning will appear once.
[controller_server-2] [INFO] [1756928537.212887885] [controller_server]: Passing new path to controller.
[controller_server-2] [INFO] [1756928538.212888846] [controller_server]: Passing new path to controller.
[controller_server-2] [ERROR] [1756928538.914227897] [controller_server]: Exception in transformPose: Lookup would require extrapolation into the future.  Requested time 1756928538.515538 but the latest data is at time 1756928537.885810, when looking up transform from frame [odom] to frame [map]
[controller_server-2] [WARN] [1756928538.914393082] [controller_server]: Unable to transform robot pose into global plan's frame
[controller_server-2] [WARN] [1756928538.914663069] [controller_server]: Control loop missed its desired rate of 10.0000Hz
[controller_server-2] [ERROR] [1756928539.015826646] [controller_server]: Exception in transformPose: Lookup would require extrapolation into the future.  Requested time 1756928538.515538 but the latest data is at time 1756928537.885810, when looking up transform from frame [odom] to frame [map]
[controller_server-2] [WARN] [1756928539.015956137] [controller_server]: Unable to transform robot pose into global plan's frame
[controller_server-2] [WARN] [1756928539.016156600] [controller_server]: Control loop missed its desired rate of 10.0000Hz
[controller_server-2] [ERROR] [1756928539.119572218] [controller_server]: Exception in transformPose: Lookup would require extrapolation into the future.  Requested time 1756928538.515538 but the latest data is at time 1756928537.885810, when looking up transform from frame [odom] to frame [map]
[controller_server-2] [WARN] [1756928539.119704810] [controller_server]: Unable to transform robot pose into global plan's frame
[controller_server-2] [WARN] [1756928539.119916095] [controller_server]: Control loop missed its desired rate of 10.0000Hz
[controller_server-2] [ERROR] [1756928539.221408597] [controller_server]: Exception in transformPose: Lookup would require extrapolation into the future.  Requested time 1756928538.515538 but the latest data is at time 1756928537.885810, when looking up transform from frame [odom] to frame [map]
[controller_server-2] [WARN] [1756928539.221532815] [controller_server]: Unable to transform robot pose into global plan's frame
[controller_server-2] [WARN] [1756928539.221727550] [controller_server]: Control loop missed its desired rate of 10.0000Hz
[controller_server-2] [INFO] [1756928539.221754775] [controller_server]: Passing new path to controller.
[controller_server-2] [ERROR] [1756928539.324931000] [controller_server]: Exception in transformPose: Lookup would require extrapolation into the future.  Requested time 1756928538.515538 but the latest data is at time 1756928537.885810, when looking up transform from frame [odom] to frame [map]
[controller_server-2] [WARN] [1756928539.325060797] [controller_server]: Unable to transform robot pose into global plan's frame
[controller_server-2] [WARN] [1756928539.325267118] [controller_server]: Control loop missed its desired rate of 10.0000Hz
[controller_server-2] [ERROR] [1756928539.426483361] [controller_server]: Exception in transformPose: Lookup would require extrapolation into the future.  Requested time 1756928538.515538 but the latest data is at time 1756928537.885810, when looking up transform from frame [odom] to frame [map]
[controller_server-2] [WARN] [1756928539.426622760] [controller_server]: Unable to transform robot pose into global plan's frame
[controller_server-2] [WARN] [1756928539.426909430] [controller_server]: Control loop missed its desired rate of 10.0000Hz
[controller_server-2] [ERROR] [1756928539.530648154] [controller_server]: Exception in transformPose: Lookup would require extrapolation into the future.  Requested time 1756928538.515538 but the latest data is at time 1756928537.885810, when looking up transform from frame [odom] to frame [map]
[controller_server-2] [WARN] [1756928539.530767513] [controller_server]: Unable to transform robot pose into global plan's frame
[controller_server-2] [WARN] [1756928539.530973046] [controller_server]: Control loop missed its desired rate of 10.0000Hz
[controller_server-2] [ERROR] [1756928539.632439645] [controller_server]: Exception in transformPose: Lookup would require extrapolation into the future.  Requested time 1756928538.515538 but the latest data is at time 1756928537.885810, when looking up transform from frame [odom] to frame [map]
[controller_server-2] [WARN] [1756928539.632600520] [controller_server]: Unable to transform robot pose into global plan's frame
[controller_server-2] [WARN] [1756928539.632810345] [controller_server]: Control loop missed its desired rate of 10.0000Hz
[controller_server-2] [ERROR] [1756928539.736416804] [controller_server]: Exception in transformPose: Lookup would require extrapolation into the future.  Requested time 1756928538.515538 but the latest data is at time 1756928537.885810, when looking up transform from frame [odom] to frame [map]
[controller_server-2] [WARN] [1756928539.736562194] [controller_server]: Unable to transform robot pose into global plan's frame
[controller_server-2] [WARN] [1756928539.736762834] [controller_server]: Control loop missed its desired rate of 10.0000Hz
[controller_server-2] [ERROR] [1756928539.838061743] [controller_server]: Exception in transformPose: Lookup would require extrapolation into the future.  Requested time 1756928539.664015 but the latest data is at time 1756928537.885810, when looking up transform from frame [odom] to frame [map]
[controller_server-2] [WARN] [1756928539.838231781] [controller_server]: Unable to transform robot pose into global plan's frame
[controller_server-2] [WARN] [1756928539.838440194] [controller_server]: Control loop missed its desired rate of 10.0000Hz
[controller_server-2] [ERROR] [1756928539.942900382] [controller_server]: Exception in transformPose: Lookup would require extrapolation into the future.  Requested time 1756928539.664015 but the latest data is at time 1756928537.885810, when looking up transform from frame [odom] to frame [map]
[controller_server-2] [WARN] [1756928539.943027390] [controller_server]: Unable to transform robot pose into global plan's frame
[controller_server-2] [WARN] [1756928539.943232391] [controller_server]: Control loop missed its desired rate of 10.0000Hz
[controller_server-2] [ERROR] [1756928540.044734039] [controller_server]: Exception in transformPose: Lookup would require extrapolation into the future.  Requested time 1756928539.664015 but the latest data is at time 1756928537.885810, when looking up transform from frame [odom] to frame [map]
[controller_server-2] [WARN] [1756928540.044892655] [controller_server]: Unable to transform robot pose into global plan's frame
[controller_server-2] [WARN] [1756928540.045205025] [controller_server]: Control loop missed its desired rate of 10.0000Hz
[controller_server-2] [ERROR] [1756928540.149503882] [controller_server]: Exception in transformPose: Lookup would require extrapolation into the future.  Requested time 1756928539.664015 but the latest data is at time 1756928537.885810, when looking up transform from frame [odom] to frame [map]
[controller_server-2] [WARN] [1756928540.149659750] [controller_server]: Unable to transform robot pose into global plan's frame
[controller_server-2] [WARN] [1756928540.149962168] [controller_server]: Control loop missed its desired rate of 10.0000Hz
[controller_server-2] [ERROR] [1756928540.252284181] [controller_server]: Exception in transformPose: Lookup would require extrapolation into the future.  Requested time 1756928539.664015 but the latest data is at time 1756928537.885810, when looking up transform from frame [odom] to frame [map]
[controller_server-2] [WARN] [1756928540.252430292] [controller_server]: Unable to transform robot pose into global plan's frame
[controller_server-2] [WARN] [1756928540.252774722] [controller_server]: Control loop missed its desired rate of 10.0000Hz
[controller_server-2] [INFO] [1756928540.252838973] [controller_server]: Passing new path to controller.
[controller_server-2] [ERROR] [1756928540.356844283] [controller_server]: Exception in transformPose: Lookup would require extrapolation into the future.  Requested time 1756928539.664015 but the latest data is at time 1756928537.885810, when looking up transform from frame [odom] to frame [map]
[controller_server-2] [WARN] [1756928540.357002846] [controller_server]: Unable to transform robot pose into global plan's frame
[controller_server-2] [WARN] [1756928540.357312895] [controller_server]: Control loop missed its desired rate of 10.0000Hz
[controller_server-2] [ERROR] [1756928540.458849252] [controller_server]: Exception in transformPose: Lookup would require extrapolation into the future.  Requested time 1756928539.664015 but the latest data is at time 1756928539.172008, when looking up transform from frame [odom] to frame [map]
[controller_server-2] [WARN] [1756928540.458923014] [controller_server]: Unable to transform robot pose into global plan's frame
[controller_server-2] [WARN] [1756928540.459034299] [controller_server]: Control loop missed its desired rate of 10.0000Hz
[controller_server-2] [WARN] [1756928540.541656157] [controller_server]: Control loop missed its desired rate of 10.0000Hz
[controller_server-2] [INFO] [1756928541.312909269] [controller_server]: Passing new path to controller.
[rviz2-11] [INFO] [1756928541.990256576] [rviz2]: Trying to create a map of size 326 x 224 using 1 swatches
[controller_server-2] [INFO] [1756928542.005874857] [local_costmap.local_costmap]: StaticLayer: Resizing static layer to 326 X 224 at 0.040000 m/pix
[planner_server-4] [INFO] [1756928542.026819303] [global_costmap.global_costmap]: StaticLayer: Resizing costmap to 326 X 224 at 0.040000 m/pix
[rviz2-11] [INFO] [1756928542.054385653] [rviz2]: Trying to create a map of size 326 x 224 using 1 swatches
[controller_server-2] [INFO] [1756928542.312911001] [controller_server]: Passing new path to controller.
[explore-10] [ERROR] [1756928542.951234850] [explore_node]: Extrapolation Error looking up robot pose: Lookup would require extrapolation into the future.  Requested time 1756928542.644928 but the latest data is at time 1756928540.613953, when looking up transform from frame [base_link] to frame [map]
[explore-10] 
[explore-10] [INFO] [1756928542.985199269] [explore_node]: [NAV] Remembered last goal (2.86, -0.10, yaw from quat).
[bt_navigator-6] [INFO] [1756928542.992122662] [bt_navigator]: Received goal preemption request
[bt_navigator-6] [INFO] [1756928542.992226842] [bt_navigator]: Begin navigating from current location (-1.95, 0.17) to (2.86, -0.10)
[controller_server-2] [INFO] [1756928543.412905474] [controller_server]: Passing new path to controller.
[controller_server-2] [ERROR] [1756928543.614059146] [controller_server]: Exception in transformPose: Lookup would require extrapolation into the future.  Requested time 1756928543.465886 but the latest data is at time 1756928540.728906, when looking up transform from frame [odom] to frame [map]
[controller_server-2] [WARN] [1756928543.614230183] [controller_server]: Unable to transform robot pose into global plan's frame
[controller_server-2] [WARN] [1756928543.614433331] [controller_server]: Control loop missed its desired rate of 10.0000Hz
[controller_server-2] [ERROR] [1756928543.717879482] [controller_server]: Exception in transformPose: Lookup would require extrapolation into the future.  Requested time 1756928543.465886 but the latest data is at time 1756928540.728906, when looking up transform from frame [odom] to frame [map]
[controller_server-2] [WARN] [1756928543.718021723] [controller_server]: Unable to transform robot pose into global plan's frame
[controller_server-2] [WARN] [1756928543.718238945] [controller_server]: Control loop missed its desired rate of 10.0000Hz
[controller_server-2] [ERROR] [1756928543.819449752] [controller_server]: Exception in transformPose: Lookup would require extrapolation into the future.  Requested time 1756928543.465886 but the latest data is at time 1756928540.728906, when looking up transform from frame [odom] to frame [map]
[controller_server-2] [WARN] [1756928543.819581122] [controller_server]: Unable to transform robot pose into global plan's frame
[controller_server-2] [WARN] [1756928543.819867686] [controller_server]: Control loop missed its desired rate of 10.0000Hz
[controller_server-2] [ERROR] [1756928543.923956974] [controller_server]: Exception in transformPose: Lookup would require extrapolation into the future.  Requested time 1756928543.465886 but the latest data is at time 1756928540.728906, when looking up transform from frame [odom] to frame [map]
[controller_server-2] [WARN] [1756928543.924085258] [controller_server]: Unable to transform robot pose into global plan's frame
[controller_server-2] [WARN] [1756928543.924289041] [controller_server]: Control loop missed its desired rate of 10.0000Hz
[controller_server-2] [ERROR] [1756928544.025583182] [controller_server]: Exception in transformPose: Lookup would require extrapolation into the future.  Requested time 1756928543.465886 but the latest data is at time 1756928540.728906, when looking up transform from frame [odom] to frame [map]
[controller_server-2] [WARN] [1756928544.025710371] [controller_server]: Unable to transform robot pose into global plan's frame
[controller_server-2] [WARN] [1756928544.025901104] [controller_server]: Control loop missed its desired rate of 10.0000Hz
[controller_server-2] [ERROR] [1756928544.130238508] [controller_server]: Exception in transformPose: Lookup would require extrapolation into the future.  Requested time 1756928543.465886 but the latest data is at time 1756928540.728906, when looking up transform from frame [odom] to frame [map]
[controller_server-2] [WARN] [1756928544.130361987] [controller_server]: Unable to transform robot pose into global plan's frame
[controller_server-2] [WARN] [1756928544.130565791] [controller_server]: Control loop missed its desired rate of 10.0000Hz
[controller_server-2] [ERROR] [1756928544.232347178] [controller_server]: Exception in transformPose: Lookup would require extrapolation into the future.  Requested time 1756928543.465886 but the latest data is at time 1756928540.728906, when looking up transform from frame [odom] to frame [map]
[controller_server-2] [WARN] [1756928544.232501224] [controller_server]: Unable to transform robot pose into global plan's frame
[controller_server-2] [WARN] [1756928544.232710669] [controller_server]: Control loop missed its desired rate of 10.0000Hz
[controller_server-2] [ERROR] [1756928544.336107170] [controller_server]: Exception in transformPose: Lookup would require extrapolation into the future.  Requested time 1756928543.816084 but the latest data is at time 1756928540.728906, when looking up transform from frame [odom] to frame [map]
[controller_server-2] [WARN] [1756928544.336233355] [controller_server]: Unable to transform robot pose into global plan's frame
[controller_server-2] [WARN] [1756928544.336461421] [controller_server]: Control loop missed its desired rate of 10.0000Hz
[controller_server-2] [ERROR] [1756928544.438005273] [controller_server]: Exception in transformPose: Lookup would require extrapolation into the future.  Requested time 1756928543.816084 but the latest data is at time 1756928540.728906, when looking up transform from frame [odom] to frame [map]
[controller_server-2] [WARN] [1756928544.438124494] [controller_server]: Unable to transform robot pose into global plan's frame
[controller_server-2] [WARN] [1756928544.438324272] [controller_server]: Control loop missed its desired rate of 10.0000Hz
[controller_server-2] [INFO] [1756928544.438412559] [controller_server]: Passing new path to controller.
[controller_server-2] [ERROR] [1756928544.542819274] [controller_server]: Exception in transformPose: Lookup would require extrapolation into the future.  Requested time 1756928543.816084 but the latest data is at time 1756928540.728906, when looking up transform from frame [odom] to frame [map]
[controller_server-2] [WARN] [1756928544.542936837] [controller_server]: Unable to transform robot pose into global plan's frame
[controller_server-2] [WARN] [1756928544.543126624] [controller_server]: Control loop missed its desired rate of 10.0000Hz
[controller_server-2] [ERROR] [1756928544.644191050] [controller_server]: Exception in transformPose: Lookup would require extrapolation into the future.  Requested time 1756928543.816084 but the latest data is at time 1756928540.728906, when looking up transform from frame [odom] to frame [map]
[controller_server-2] [WARN] [1756928544.644324234] [controller_server]: Unable to transform robot pose into global plan's frame
[controller_server-2] [WARN] [1756928544.644546903] [controller_server]: Control loop missed its desired rate of 10.0000Hz
[controller_server-2] [ERROR] [1756928544.747982750] [controller_server]: Exception in transformPose: Lookup would require extrapolation into the future.  Requested time 1756928544.563984 but the latest data is at time 1756928540.728906, when looking up transform from frame [odom] to frame [map]
[controller_server-2] [WARN] [1756928544.748133002] [controller_server]: Unable to transform robot pose into global plan's frame
[controller_server-2] [WARN] [1756928544.748438020] [controller_server]: Control loop missed its desired rate of 10.0000Hz
[controller_server-2] [ERROR] [1756928544.850396305] [controller_server]: Exception in transformPose: Lookup would require extrapolation into the future.  Requested time 1756928544.563984 but the latest data is at time 1756928540.728906, when looking up transform from frame [odom] to frame [map]
[controller_server-2] [WARN] [1756928544.850545735] [controller_server]: Unable to transform robot pose into global plan's frame
[controller_server-2] [WARN] [1756928544.850762277] [controller_server]: Control loop missed its desired rate of 10.0000Hz
[controller_server-2] [ERROR] [1756928544.953807882] [controller_server]: Exception in transformPose: Lookup would require extrapolation into the future.  Requested time 1756928544.563984 but the latest data is at time 1756928540.728906, when looking up transform from frame [odom] to frame [map]
[controller_server-2] [WARN] [1756928544.953925277] [controller_server]: Unable to transform robot pose into global plan's frame
[controller_server-2] [WARN] [1756928544.954127707] [controller_server]: Control loop missed its desired rate of 10.0000Hz
[controller_server-2] [ERROR] [1756928545.055438408] [controller_server]: Exception in transformPose: Lookup would require extrapolation into the future.  Requested time 1756928544.563984 but the latest data is at time 1756928540.728906, when looking up transform from frame [odom] to frame [map]
[controller_server-2] [WARN] [1756928545.055576896] [controller_server]: Unable to transform robot pose into global plan's frame
[controller_server-2] [WARN] [1756928545.055774971] [controller_server]: Control loop missed its desired rate of 10.0000Hz
[controller_server-2] [ERROR] [1756928545.158837828] [controller_server]: Exception in transformPose: Lookup would require extrapolation into the future.  Requested time 1756928544.563984 but the latest data is at time 1756928540.728906, when looking up transform from frame [odom] to frame [map]
[controller_server-2] [WARN] [1756928545.158952491] [controller_server]: Unable to transform robot pose into global plan's frame
[controller_server-2] [WARN] [1756928545.159151328] [controller_server]: Control loop missed its desired rate of 10.0000Hz
[controller_server-2] [ERROR] [1756928545.260383215] [controller_server]: Exception in transformPose: Lookup would require extrapolation into the future.  Requested time 1756928544.563984 but the latest data is at time 1756928540.728906, when looking up transform from frame [odom] to frame [map]
[controller_server-2] [WARN] [1756928545.260521818] [controller_server]: Unable to transform robot pose into global plan's frame
[controller_server-2] [WARN] [1756928545.260723473] [controller_server]: Control loop missed its desired rate of 10.0000Hz
[controller_server-2] [ERROR] [1756928545.364724687] [controller_server]: Exception in transformPose: Lookup would require extrapolation into the future.  Requested time 1756928544.563984 but the latest data is at time 1756928540.728906, when looking up transform from frame [odom] to frame [map]
[controller_server-2] [WARN] [1756928545.364937134] [controller_server]: Unable to transform robot pose into global plan's frame
[controller_server-2] [WARN] [1756928545.365233900] [controller_server]: Control loop missed its desired rate of 10.0000Hz
[controller_server-2] [ERROR] [1756928545.467383183] [controller_server]: Exception in transformPose: Lookup would require extrapolation into the future.  Requested time 1756928544.563984 but the latest data is at time 1756928540.728906, when looking up transform from frame [odom] to frame [map]
[controller_server-2] [WARN] [1756928545.467541373] [controller_server]: Unable to transform robot pose into global plan's frame
[controller_server-2] [ERROR] [1756928545.467636274] [controller_server]: Controller patience exceeded
[controller_server-2] [WARN] [1756928545.467816638] [controller_server]: [follow_path] [ActionServer] Aborting handle.
[controller_server-2] [INFO] [1756928545.468025548] [controller_server]: Received a goal, begin computing control effort.
[controller_server-2] [ERROR] [1756928545.571262057] [controller_server]: Exception in transformPose: Lookup would require extrapolation into the future.  Requested time 1756928545.313957 but the latest data is at time 1756928540.728906, when looking up transform from frame [odom] to frame [map]
[controller_server-2] [WARN] [1756928545.571392018] [controller_server]: Unable to transform robot pose into global plan's frame
[controller_server-2] [WARN] [1756928545.571612809] [controller_server]: Control loop missed its desired rate of 10.0000Hz
[controller_server-2] [ERROR] [1756928545.672940764] [controller_server]: Exception in transformPose: Lookup would require extrapolation into the future.  Requested time 1756928545.414009 but the latest data is at time 1756928540.728906, when looking up transform from frame [odom] to frame [map]
[controller_server-2] [WARN] [1756928545.673067750] [controller_server]: Unable to transform robot pose into global plan's frame
[controller_server-2] [WARN] [1756928545.673293071] [controller_server]: Control loop missed its desired rate of 10.0000Hz
[controller_server-2] [ERROR] [1756928545.777025187] [controller_server]: Exception in transformPose: Lookup would require extrapolation into the future.  Requested time 1756928545.414009 but the latest data is at time 1756928540.728906, when looking up transform from frame [odom] to frame [map]
[controller_server-2] [WARN] [1756928545.777174405] [controller_server]: Unable to transform robot pose into global plan's frame
[controller_server-2] [WARN] [1756928545.777491061] [controller_server]: Control loop missed its desired rate of 10.0000Hz
[controller_server-2] [ERROR] [1756928545.879077914] [controller_server]: Exception in transformPose: Lookup would require extrapolation into the future.  Requested time 1756928545.414009 but the latest data is at time 1756928540.728906, when looking up transform from frame [odom] to frame [map]
[controller_server-2] [WARN] [1756928545.879205833] [controller_server]: Unable to transform robot pose into global plan's frame
[controller_server-2] [WARN] [1756928545.879408459] [controller_server]: Control loop missed its desired rate of 10.0000Hz
[controller_server-2] [ERROR] [1756928545.982626124] [controller_server]: Exception in transformPose: Lookup would require extrapolation into the future.  Requested time 1756928545.414009 but the latest data is at time 1756928540.728906, when looking up transform from frame [odom] to frame [map]
[controller_server-2] [WARN] [1756928545.982747812] [controller_server]: Unable to transform robot pose into global plan's frame
[controller_server-2] [WARN] [1756928545.982944241] [controller_server]: Control loop missed its desired rate of 10.0000Hz
[controller_server-2] [ERROR] [1756928546.084042807] [controller_server]: Exception in transformPose: Lookup would require extrapolation into the future.  Requested time 1756928545.913987 but the latest data is at time 1756928540.728906, when looking up transform from frame [odom] to frame [map]
[controller_server-2] [WARN] [1756928546.084174310] [controller_server]: Unable to transform robot pose into global plan's frame
[controller_server-2] [WARN] [1756928546.084370013] [controller_server]: Control loop missed its desired rate of 10.0000Hz
[controller_server-2] [ERROR] [1756928546.188252066] [controller_server]: Exception in transformPose: Lookup would require extrapolation into the future.  Requested time 1756928545.913987 but the latest data is at time 1756928540.728906, when looking up transform from frame [odom] to frame [map]
[controller_server-2] [WARN] [1756928546.188434119] [controller_server]: Unable to transform robot pose into global plan's frame
[controller_server-2] [WARN] [1756928546.188659732] [controller_server]: Control loop missed its desired rate of 10.0000Hz
[controller_server-2] [ERROR] [1756928546.290699092] [controller_server]: Exception in transformPose: Lookup would require extrapolation into the future.  Requested time 1756928545.913987 but the latest data is at time 1756928540.728906, when looking up transform from frame [odom] to frame [map]
[controller_server-2] [WARN] [1756928546.290834313] [controller_server]: Unable to transform robot pose into global plan's frame
[controller_server-2] [WARN] [1756928546.291042440] [controller_server]: Control loop missed its desired rate of 10.0000Hz
[controller_server-2] [ERROR] [1756928546.394654957] [controller_server]: Exception in transformPose: Lookup would require extrapolation into the future.  Requested time 1756928545.913987 but the latest data is at time 1756928540.728906, when looking up transform from frame [odom] to frame [map]
[controller_server-2] [WARN] [1756928546.394799689] [controller_server]: Unable to transform robot pose into global plan's frame
[controller_server-2] [WARN] [1756928546.395102571] [controller_server]: Control loop missed its desired rate of 10.0000Hz
[controller_server-2] [ERROR] [1756928546.497022655] [controller_server]: Exception in transformPose: Lookup would require extrapolation into the future.  Requested time 1756928545.913987 but the latest data is at time 1756928540.728906, when looking up transform from frame [odom] to frame [map]
[controller_server-2] [WARN] [1756928546.497180934] [controller_server]: Unable to transform robot pose into global plan's frame
[controller_server-2] [WARN] [1756928546.497500583] [controller_server]: Control loop missed its desired rate of 10.0000Hz
[controller_server-2] [INFO] [1756928546.497567513] [controller_server]: Passing new path to controller.
[controller_server-2] [ERROR] [1756928546.601315727] [controller_server]: Exception in transformPose: Lookup would require extrapolation into the future.  Requested time 1756928545.913987 but the latest data is at time 1756928540.728906, when looking up transform from frame [odom] to frame [map]
[controller_server-2] [WARN] [1756928546.601422100] [controller_server]: Unable to transform robot pose into global plan's frame
[controller_server-2] [WARN] [1756928546.601660218] [controller_server]: Control loop missed its desired rate of 10.0000Hz
[controller_server-2] [WARN] [1756928546.684374230] [controller_server]: Control loop missed its desired rate of 10.0000Hz
[controller_server-2] [INFO] [1756928547.468161577] [controller_server]: Passing new path to controller.
[rviz2-11] [INFO] [1756928547.976283524] [rviz2]: Trying to create a map of size 326 x 225 using 1 swatches
[controller_server-2] [INFO] [1756928548.005840533] [local_costmap.local_costmap]: StaticLayer: Resizing static layer to 326 X 225 at 0.040000 m/pix
[planner_server-4] [INFO] [1756928548.026920666] [global_costmap.global_costmap]: StaticLayer: Resizing costmap to 326 X 225 at 0.040000 m/pix
[rviz2-11] [INFO] [1756928548.072197997] [rviz2]: Trying to create a map of size 326 x 225 using 1 swatches
[controller_server-2] [INFO] [1756928548.568171118] [controller_server]: Passing new path to controller.
[controller_server-2] [INFO] [1756928549.568182566] [controller_server]: Passing new path to controller.
[explore-10] [ERROR] [1756928549.614020605] [explore_node]: Extrapolation Error looking up robot pose: Lookup would require extrapolation into the future.  Requested time 1756928549.310915 but the latest data is at time 1756928549.263969, when looking up transform from frame [base_link] to frame [map]
[explore-10] 
[controller_server-2] [ERROR] [1756928550.269817981] [controller_server]: Exception in transformPose: Lookup would require extrapolation into the future.  Requested time 1756928549.714018 but the latest data is at time 1756928549.505078, when looking up transform from frame [odom] to frame [map]
[controller_server-2] [WARN] [1756928550.269969471] [controller_server]: Unable to transform robot pose into global plan's frame
[controller_server-2] [WARN] [1756928550.270276612] [controller_server]: Control loop missed its desired rate of 10.0000Hz
[controller_server-2] [ERROR] [1756928550.374044107] [controller_server]: Exception in transformPose: Lookup would require extrapolation into the future.  Requested time 1756928550.163980 but the latest data is at time 1756928549.657853, when looking up transform from frame [odom] to frame [map]
[controller_server-2] [WARN] [1756928550.374163354] [controller_server]: Unable to transform robot pose into global plan's frame
[controller_server-2] [WARN] [1756928550.374425815] [controller_server]: Control loop missed its desired rate of 10.0000Hz
[controller_server-2] [INFO] [1756928550.568172865] [controller_server]: Passing new path to controller.
[controller_server-2] [INFO] [1756928551.568175219] [controller_server]: Passing new path to controller.
[controller_server-2] [ERROR] [1756928552.669234573] [controller_server]: Exception in transformPose: Lookup would require extrapolation into the future.  Requested time 1756928552.499955 but the latest data is at time 1756928551.796614, when looking up transform from frame [odom] to frame [map]
[controller_server-2] [WARN] [1756928552.669407345] [controller_server]: Unable to transform robot pose into global plan's frame
[controller_server-2] [WARN] [1756928552.669604049] [controller_server]: Control loop missed its desired rate of 10.0000Hz
[controller_server-2] [INFO] [1756928552.669633529] [controller_server]: Passing new path to controller.
[controller_server-2] [INFO] [1756928553.668180564] [controller_server]: Passing new path to controller.
[controller_server-2] [ERROR] [1756928554.269242782] [controller_server]: Exception in transformPose: Lookup would require extrapolation into the future.  Requested time 1756928554.132972 but the latest data is at time 1756928553.134144, when looking up transform from frame [odom] to frame [map]
[controller_server-2] [WARN] [1756928554.269381650] [controller_server]: Unable to transform robot pose into global plan's frame
[controller_server-2] [WARN] [1756928554.269598330] [controller_server]: Control loop missed its desired rate of 10.0000Hz
[controller_server-2] [ERROR] [1756928554.373050780] [controller_server]: Exception in transformPose: Lookup would require extrapolation into the future.  Requested time 1756928554.132972 but the latest data is at time 1756928553.213484, when looking up transform from frame [odom] to frame [map]
[controller_server-2] [WARN] [1756928554.373162648] [controller_server]: Unable to transform robot pose into global plan's frame
[controller_server-2] [WARN] [1756928554.373369530] [controller_server]: Control loop missed its desired rate of 10.0000Hz
[controller_server-2] [INFO] [1756928554.668183366] [controller_server]: Passing new path to controller.
[controller_server-2] [INFO] [1756928555.768172470] [controller_server]: Passing new path to controller.
[controller_server-2] [ERROR] [1756928555.870164483] [controller_server]: Exception in transformPose: Lookup would require extrapolation into the future.  Requested time 1756928554.964041 but the latest data is at time 1756928554.951881, when looking up transform from frame [odom] to frame [map]
[controller_server-2] [WARN] [1756928555.870293954] [controller_server]: Unable to transform robot pose into global plan's frame
[controller_server-2] [WARN] [1756928555.870524102] [controller_server]: Control loop missed its desired rate of 10.0000Hz
[controller_server-2] [ERROR] [1756928555.974356551] [controller_server]: Exception in transformPose: Lookup would require extrapolation into the future.  Requested time 1756928554.964041 but the latest data is at time 1756928554.951881, when looking up transform from frame [odom] to frame [map]
[controller_server-2] [WARN] [1756928555.974485530] [controller_server]: Unable to transform robot pose into global plan's frame
[controller_server-2] [WARN] [1756928555.974688344] [controller_server]: Control loop missed its desired rate of 10.0000Hz
[rviz2-11] [INFO] [1756928555.988057863] [rviz2]: Trying to create a map of size 326 x 228 using 1 swatches
[planner_server-4] [INFO] [1756928556.026823449] [global_costmap.global_costmap]: StaticLayer: Resizing costmap to 326 X 228 at 0.040000 m/pix
[rviz2-11] [INFO] [1756928556.051636477] [rviz2]: Trying to create a map of size 326 x 228 using 1 swatches
[controller_server-2] [ERROR] [1756928556.076217709] [controller_server]: Exception in transformPose: Lookup would require extrapolation into the future.  Requested time 1756928554.964041 but the latest data is at time 1756928554.951881, when looking up transform from frame [odom] to frame [map]
[controller_server-2] [WARN] [1756928556.076348362] [controller_server]: Unable to transform robot pose into global plan's frame
[controller_server-2] [INFO] [1756928556.076444114] [local_costmap.local_costmap]: StaticLayer: Resizing static layer to 326 X 228 at 0.040000 m/pix
[controller_server-2] [WARN] [1756928556.076602572] [controller_server]: Control loop missed its desired rate of 10.0000Hz
[controller_server-2] [ERROR] [1756928556.180535034] [controller_server]: Exception in transformPose: Lookup would require extrapolation into the future.  Requested time 1756928554.964041 but the latest data is at time 1756928554.951881, when looking up transform from frame [odom] to frame [map]
[controller_server-2] [WARN] [1756928556.180650355] [controller_server]: Unable to transform robot pose into global plan's frame
[controller_server-2] [WARN] [1756928556.180875271] [controller_server]: Control loop missed its desired rate of 10.0000Hz
[explore-10] [ERROR] [1756928556.280888306] [explore_node]: Extrapolation Error looking up robot pose: Lookup would require extrapolation into the future.  Requested time 1756928555.977063 but the latest data is at time 1756928554.964041, when looking up transform from frame [base_link] to frame [map]
[explore-10] 
[controller_server-2] [ERROR] [1756928556.282090406] [controller_server]: Exception in transformPose: Lookup would require extrapolation into the future.  Requested time 1756928554.964041 but the latest data is at time 1756928554.951881, when looking up transform from frame [odom] to frame [map]
[controller_server-2] [WARN] [1756928556.282218900] [controller_server]: Unable to transform robot pose into global plan's frame
[controller_server-2] [WARN] [1756928556.282419980] [controller_server]: Control loop missed its desired rate of 10.0000Hz
[explore-10] [INFO] [1756928556.314780797] [explore_node]: [NAV] Remembered last goal (2.85, -0.12, yaw from quat).
[bt_navigator-6] [INFO] [1756928556.322142927] [bt_navigator]: Received goal preemption request
[bt_navigator-6] [INFO] [1756928556.322267803] [bt_navigator]: Begin navigating from current location (-1.86, 0.11) to (2.85, -0.12)
[controller_server-2] [ERROR] [1756928556.386026538] [controller_server]: Exception in transformPose: Lookup would require extrapolation into the future.  Requested time 1756928554.964041 but the latest data is at time 1756928554.951881, when looking up transform from frame [odom] to frame [map]
[controller_server-2] [WARN] [1756928556.386173380] [controller_server]: Unable to transform robot pose into global plan's frame
[controller_server-2] [WARN] [1756928556.386486068] [controller_server]: Control loop missed its desired rate of 10.0000Hz
[controller_server-2] [ERROR] [1756928556.488467658] [controller_server]: Exception in transformPose: Lookup would require extrapolation into the future.  Requested time 1756928554.964041 but the latest data is at time 1756928554.951881, when looking up transform from frame [odom] to frame [map]
[controller_server-2] [WARN] [1756928556.488698474] [controller_server]: Unable to transform robot pose into global plan's frame
[controller_server-2] [WARN] [1756928556.488952981] [controller_server]: Control loop missed its desired rate of 10.0000Hz
[controller_server-2] [ERROR] [1756928556.591954349] [controller_server]: Exception in transformPose: Lookup would require extrapolation into the future.  Requested time 1756928555.314061 but the latest data is at time 1756928555.184901, when looking up transform from frame [odom] to frame [map]
[controller_server-2] [WARN] [1756928556.592059548] [controller_server]: Unable to transform robot pose into global plan's frame
[controller_server-2] [WARN] [1756928556.592234907] [controller_server]: Control loop missed its desired rate of 10.0000Hz
[controller_server-2] [ERROR] [1756928556.693906612] [controller_server]: Exception in transformPose: Lookup would require extrapolation into the future.  Requested time 1756928556.514608 but the latest data is at time 1756928555.265768, when looking up transform from frame [odom] to frame [map]
[controller_server-2] [WARN] [1756928556.694061122] [controller_server]: Unable to transform robot pose into global plan's frame
[controller_server-2] [WARN] [1756928556.694404746] [controller_server]: Control loop missed its desired rate of 10.0000Hz
[controller_server-2] [ERROR] [1756928556.797683044] [controller_server]: Exception in transformPose: Lookup would require extrapolation into the future.  Requested time 1756928556.564510 but the latest data is at time 1756928555.265768, when looking up transform from frame [odom] to frame [map]
[controller_server-2] [WARN] [1756928556.797808434] [controller_server]: Unable to transform robot pose into global plan's frame
[controller_server-2] [WARN] [1756928556.798030451] [controller_server]: Control loop missed its desired rate of 10.0000Hz
[controller_server-2] [INFO] [1756928556.798058505] [controller_server]: Passing new path to controller.
[controller_server-2] [ERROR] [1756928556.899517288] [controller_server]: Exception in transformPose: Lookup would require extrapolation into the future.  Requested time 1756928556.614057 but the latest data is at time 1756928555.265768, when looking up transform from frame [odom] to frame [map]
[controller_server-2] [WARN] [1756928556.899644369] [controller_server]: Unable to transform robot pose into global plan's frame
[controller_server-2] [WARN] [1756928556.899898595] [controller_server]: Control loop missed its desired rate of 10.0000Hz
[controller_server-2] [ERROR] [1756928557.003429048] [controller_server]: Exception in transformPose: Lookup would require extrapolation into the future.  Requested time 1756928556.614057 but the latest data is at time 1756928555.265768, when looking up transform from frame [odom] to frame [map]
[controller_server-2] [WARN] [1756928557.003584864] [controller_server]: Unable to transform robot pose into global plan's frame
[controller_server-2] [WARN] [1756928557.003953757] [controller_server]: Control loop missed its desired rate of 10.0000Hz
[controller_server-2] [ERROR] [1756928557.105751243] [controller_server]: Exception in transformPose: Lookup would require extrapolation into the future.  Requested time 1756928556.614057 but the latest data is at time 1756928555.265768, when looking up transform from frame [odom] to frame [map]
[controller_server-2] [WARN] [1756928557.105795535] [controller_server]: Unable to transform robot pose into global plan's frame
[controller_server-2] [WARN] [1756928557.105872726] [controller_server]: Control loop missed its desired rate of 10.0000Hz
[controller_server-2] [ERROR] [1756928557.269482331] [controller_server]: Exception in transformPose: Lookup would require extrapolation into the future.  Requested time 1756928556.964190 but the latest data is at time 1756928556.719944, when looking up transform from frame [odom] to frame [map]
[controller_server-2] [WARN] [1756928557.269529074] [controller_server]: Unable to transform robot pose into global plan's frame
[controller_server-2] [WARN] [1756928557.269576330] [controller_server]: Control loop missed its desired rate of 10.0000Hz
[controller_server-2] [ERROR] [1756928557.370559530] [controller_server]: Exception in transformPose: Lookup would require extrapolation into the future.  Requested time 1756928557.114377 but the latest data is at time 1756928556.719944, when looking up transform from frame [odom] to frame [map]
[controller_server-2] [WARN] [1756928557.370608208] [controller_server]: Unable to transform robot pose into global plan's frame
[controller_server-2] [WARN] [1756928557.370675064] [controller_server]: Control loop missed its desired rate of 10.0000Hz
[controller_server-2] [ERROR] [1756928557.471493726] [controller_server]: Exception in transformPose: Lookup would require extrapolation into the future.  Requested time 1756928557.114377 but the latest data is at time 1756928556.719944, when looking up transform from frame [odom] to frame [map]
[controller_server-2] [WARN] [1756928557.471529952] [controller_server]: Unable to transform robot pose into global plan's frame
[controller_server-2] [WARN] [1756928557.471579316] [controller_server]: Control loop missed its desired rate of 10.0000Hz
[controller_server-2] [ERROR] [1756928557.572836440] [controller_server]: Exception in transformPose: Lookup would require extrapolation into the future.  Requested time 1756928557.114377 but the latest data is at time 1756928556.719944, when looking up transform from frame [odom] to frame [map]
[controller_server-2] [WARN] [1756928557.572888366] [controller_server]: Unable to transform robot pose into global plan's frame
[controller_server-2] [WARN] [1756928557.572983778] [controller_server]: Control loop missed its desired rate of 10.0000Hz
[controller_server-2] [ERROR] [1756928557.673973568] [controller_server]: Exception in transformPose: Lookup would require extrapolation into the future.  Requested time 1756928557.114377 but the latest data is at time 1756928556.719944, when looking up transform from frame [odom] to frame [map]
[controller_server-2] [WARN] [1756928557.674011367] [controller_server]: Unable to transform robot pose into global plan's frame
[controller_server-2] [WARN] [1756928557.674062644] [controller_server]: Control loop missed its desired rate of 10.0000Hz
[controller_server-2] [ERROR] [1756928557.775125638] [controller_server]: Exception in transformPose: Lookup would require extrapolation into the future.  Requested time 1756928557.114377 but the latest data is at time 1756928556.719944, when looking up transform from frame [odom] to frame [map]
[controller_server-2] [WARN] [1756928557.775181571] [controller_server]: Unable to transform robot pose into global plan's frame
[controller_server-2] [WARN] [1756928557.775226207] [controller_server]: Control loop missed its desired rate of 10.0000Hz
[controller_server-2] [INFO] [1756928557.775232240] [controller_server]: Passing new path to controller.
[controller_server-2] [ERROR] [1756928557.875863902] [controller_server]: Exception in transformPose: Lookup would require extrapolation into the future.  Requested time 1756928557.114377 but the latest data is at time 1756928556.719944, when looking up transform from frame [odom] to frame [map]
[controller_server-2] [WARN] [1756928557.875919945] [controller_server]: Unable to transform robot pose into global plan's frame
[controller_server-2] [WARN] [1756928557.875967882] [controller_server]: Control loop missed its desired rate of 10.0000Hz
[controller_server-2] [ERROR] [1756928557.976995262] [controller_server]: Exception in transformPose: Lookup would require extrapolation into the future.  Requested time 1756928557.114377 but the latest data is at time 1756928556.719944, when looking up transform from frame [odom] to frame [map]
[controller_server-2] [WARN] [1756928557.977052597] [controller_server]: Unable to transform robot pose into global plan's frame
[controller_server-2] [WARN] [1756928557.977100848] [controller_server]: Control loop missed its desired rate of 10.0000Hz
[controller_server-2] [ERROR] [1756928558.077728829] [controller_server]: Exception in transformPose: Lookup would require extrapolation into the future.  Requested time 1756928557.114377 but the latest data is at time 1756928556.719944, when looking up transform from frame [odom] to frame [map]
[controller_server-2] [WARN] [1756928558.077807732] [controller_server]: Unable to transform robot pose into global plan's frame
[controller_server-2] [WARN] [1756928558.077859661] [controller_server]: Control loop missed its desired rate of 10.0000Hz
[controller_server-2] [ERROR] [1756928558.179275153] [controller_server]: Exception in transformPose: Lookup would require extrapolation into the future.  Requested time 1756928557.114377 but the latest data is at time 1756928556.719944, when looking up transform from frame [odom] to frame [map]
[controller_server-2] [WARN] [1756928558.179433326] [controller_server]: Unable to transform robot pose into global plan's frame
[controller_server-2] [WARN] [1756928558.179748641] [controller_server]: Control loop missed its desired rate of 10.0000Hz
[controller_server-2] [ERROR] [1756928558.280640104] [controller_server]: Exception in transformPose: Lookup would require extrapolation into the future.  Requested time 1756928557.114377 but the latest data is at time 1756928556.719944, when looking up transform from frame [odom] to frame [map]
[controller_server-2] [WARN] [1756928558.280685434] [controller_server]: Unable to transform robot pose into global plan's frame
[controller_server-2] [WARN] [1756928558.280750759] [controller_server]: Control loop missed its desired rate of 10.0000Hz
[controller_server-2] [ERROR] [1756928558.381984594] [controller_server]: Exception in transformPose: Lookup would require extrapolation into the future.  Requested time 1756928557.114377 but the latest data is at time 1756928556.719944, when looking up transform from frame [odom] to frame [map]
[controller_server-2] [WARN] [1756928558.382019147] [controller_server]: Unable to transform robot pose into global plan's frame
[controller_server-2] [WARN] [1756928558.382064747] [controller_server]: Control loop missed its desired rate of 10.0000Hz
[controller_server-2] [ERROR] [1756928558.482679534] [controller_server]: Exception in transformPose: Lookup would require extrapolation into the future.  Requested time 1756928558.351562 but the latest data is at time 1756928556.719944, when looking up transform from frame [odom] to frame [map]
[controller_server-2] [WARN] [1756928558.482717836] [controller_server]: Unable to transform robot pose into global plan's frame
[controller_server-2] [WARN] [1756928558.482795022] [controller_server]: Control loop missed its desired rate of 10.0000Hz
[controller_server-2] [ERROR] [1756928558.583789993] [controller_server]: Exception in transformPose: Lookup would require extrapolation into the future.  Requested time 1756928558.351562 but the latest data is at time 1756928556.719944, when looking up transform from frame [odom] to frame [map]
[controller_server-2] [WARN] [1756928558.583822069] [controller_server]: Unable to transform robot pose into global plan's frame
[controller_server-2] [WARN] [1756928558.583870288] [controller_server]: Control loop missed its desired rate of 10.0000Hz
[controller_server-2] [ERROR] [1756928558.684743207] [controller_server]: Exception in transformPose: Lookup would require extrapolation into the future.  Requested time 1756928558.351562 but the latest data is at time 1756928556.719944, when looking up transform from frame [odom] to frame [map]
[controller_server-2] [WARN] [1756928558.684778437] [controller_server]: Unable to transform robot pose into global plan's frame
[controller_server-2] [WARN] [1756928558.684831697] [controller_server]: Control loop missed its desired rate of 10.0000Hz
[controller_server-2] [ERROR] [1756928558.785806434] [controller_server]: Exception in transformPose: Lookup would require extrapolation into the future.  Requested time 1756928558.351562 but the latest data is at time 1756928556.719944, when looking up transform from frame [odom] to frame [map]
[controller_server-2] [WARN] [1756928558.785846709] [controller_server]: Unable to transform robot pose into global plan's frame
[controller_server-2] [WARN] [1756928558.785918612] [controller_server]: Control loop missed its desired rate of 10.0000Hz
[controller_server-2] [INFO] [1756928558.785926886] [controller_server]: Passing new path to controller.
[controller_server-2] [ERROR] [1756928559.869206188] [controller_server]: Exception in transformPose: Lookup would require extrapolation into the future.  Requested time 1756928559.746354 but the latest data is at time 1756928559.213318, when looking up transform from frame [odom] to frame [map]
[controller_server-2] [WARN] [1756928559.869303504] [controller_server]: Unable to transform robot pose into global plan's frame
[controller_server-2] [WARN] [1756928559.869501845] [controller_server]: Control loop missed its desired rate of 10.0000Hz
[controller_server-2] [INFO] [1756928559.869523022] [controller_server]: Passing new path to controller.
[controller_server-2] [INFO] [1756928560.868232174] [controller_server]: Passing new path to controller.
[controller_server-2] [ERROR] [1756928561.269315863] [controller_server]: Exception in transformPose: Lookup would require extrapolation into the future.  Requested time 1756928560.764106 but the latest data is at time 1756928560.572331, when looking up transform from frame [odom] to frame [map]
[controller_server-2] [WARN] [1756928561.269443357] [controller_server]: Unable to transform robot pose into global plan's frame
[controller_server-2] [WARN] [1756928561.269652661] [controller_server]: Control loop missed its desired rate of 10.0000Hz
[controller_server-2] [INFO] [1756928561.868218354] [controller_server]: Passing new path to controller.
[rviz2-11] [INFO] [1756928561.984725785] [rviz2]: Trying to create a map of size 326 x 229 using 1 swatches
[controller_server-2] [INFO] [1756928562.005943076] [local_costmap.local_costmap]: StaticLayer: Resizing static layer to 326 X 229 at 0.040000 m/pix
[planner_server-4] [INFO] [1756928562.026852136] [global_costmap.global_costmap]: StaticLayer: Resizing costmap to 326 X 229 at 0.040000 m/pix
[rviz2-11] [INFO] [1756928562.044499690] [rviz2]: Trying to create a map of size 326 x 229 using 1 swatches
[controller_server-2] [ERROR] [1756928562.569234911] [controller_server]: Exception in transformPose: Lookup would require extrapolation into the future.  Requested time 1756928561.914716 but the latest data is at time 1756928561.890955, when looking up transform from frame [odom] to frame [map]
[controller_server-2] [WARN] [1756928562.569336437] [controller_server]: Unable to transform robot pose into global plan's frame
[controller_server-2] [WARN] [1756928562.569504721] [controller_server]: Control loop missed its desired rate of 10.0000Hz
[explore-10] [INFO] [1756928562.738297343] [explore_node]: [NAV] Remembered last goal (-7.40, 3.47, yaw from quat).
[bt_navigator-6] [INFO] [1756928562.742129204] [bt_navigator]: Received goal preemption request
[bt_navigator-6] [INFO] [1756928562.742239454] [bt_navigator]: Begin navigating from current location (-1.40, -0.89) to (-7.40, 3.47)
[controller_server-2] [INFO] [1756928562.968256607] [controller_server]: Passing new path to controller.
[controller_server-2] [ERROR] [1756928563.670035739] [controller_server]: Exception in transformPose: Lookup would require extrapolation into the future.  Requested time 1756928563.213954 but the latest data is at time 1756928562.996580, when looking up transform from frame [odom] to frame [map]
[controller_server-2] [WARN] [1756928563.670172944] [controller_server]: Unable to transform robot pose into global plan's frame
[controller_server-2] [WARN] [1756928563.670400416] [controller_server]: Control loop missed its desired rate of 10.0000Hz
[controller_server-2] [ERROR] [1756928563.773791940] [controller_server]: Exception in transformPose: Lookup would require extrapolation into the future.  Requested time 1756928563.513963 but the latest data is at time 1756928562.996580, when looking up transform from frame [odom] to frame [map]
[controller_server-2] [WARN] [1756928563.773916565] [controller_server]: Unable to transform robot pose into global plan's frame
[controller_server-2] [WARN] [1756928563.774114427] [controller_server]: Control loop missed its desired rate of 10.0000Hz
[controller_server-2] [ERROR] [1756928563.875128693] [controller_server]: Exception in transformPose: Lookup would require extrapolation into the future.  Requested time 1756928563.513963 but the latest data is at time 1756928562.996580, when looking up transform from frame [odom] to frame [map]
[controller_server-2] [WARN] [1756928563.875171342] [controller_server]: Unable to transform robot pose into global plan's frame
[controller_server-2] [WARN] [1756928563.875229453] [controller_server]: Control loop missed its desired rate of 10.0000Hz
[controller_server-2] [ERROR] [1756928563.977104586] [controller_server]: Exception in transformPose: Lookup would require extrapolation into the future.  Requested time 1756928563.513963 but the latest data is at time 1756928562.996580, when looking up transform from frame [odom] to frame [map]
[controller_server-2] [WARN] [1756928563.977219438] [controller_server]: Unable to transform robot pose into global plan's frame
[controller_server-2] [WARN] [1756928563.977390681] [controller_server]: Control loop missed its desired rate of 10.0000Hz
[controller_server-2] [INFO] [1756928563.977413726] [controller_server]: Passing new path to controller.
[planner_server-4] [INFO] [1756928564.026846205] [global_costmap.global_costmap]: StaticLayer: Resizing costmap to 326 X 229 at 0.040000 m/pix
[controller_server-2] [ERROR] [1756928564.078669770] [controller_server]: Exception in transformPose: Lookup would require extrapolation into the future.  Requested time 1756928563.513963 but the latest data is at time 1756928562.996580, when looking up transform from frame [odom] to frame [map]
[controller_server-2] [WARN] [1756928564.078799499] [controller_server]: Unable to transform robot pose into global plan's frame
[controller_server-2] [INFO] [1756928564.078828909] [local_costmap.local_costmap]: StaticLayer: Resizing static layer to 326 X 229 at 0.040000 m/pix
[controller_server-2] [WARN] [1756928564.079072594] [controller_server]: Control loop missed its desired rate of 10.0000Hz
[controller_server-2] [ERROR] [1756928564.183168992] [controller_server]: Exception in transformPose: Lookup would require extrapolation into the future.  Requested time 1756928563.513963 but the latest data is at time 1756928562.996580, when looking up transform from frame [odom] to frame [map]
[controller_server-2] [WARN] [1756928564.183300013] [controller_server]: Unable to transform robot pose into global plan's frame
[controller_server-2] [WARN] [1756928564.183554245] [controller_server]: Control loop missed its desired rate of 10.0000Hz
[controller_server-2] [INFO] [1756928564.968162901] [controller_server]: Passing new path to controller.
[controller_server-2] [WARN] [1756928565.169997575] [controller_server]: Control loop missed its desired rate of 10.0000Hz
[controller_server-2] [ERROR] [1756928565.969456603] [controller_server]: Exception in transformPose: Lookup would require extrapolation into the future.  Requested time 1756928565.515129 but the latest data is at time 1756928565.447122, when looking up transform from frame [odom] to frame [map]
[controller_server-2] [WARN] [1756928565.969566285] [controller_server]: Unable to transform robot pose into global plan's frame
[controller_server-2] [WARN] [1756928565.969763037] [controller_server]: Control loop missed its desired rate of 10.0000Hz
[controller_server-2] [ERROR] [1756928566.071128572] [controller_server]: Exception in transformPose: Lookup would require extrapolation into the future.  Requested time 1756928565.863972 but the latest data is at time 1756928565.447122, when looking up transform from frame [odom] to frame [map]
[controller_server-2] [WARN] [1756928566.071285497] [controller_server]: Unable to transform robot pose into global plan's frame
[controller_server-2] [WARN] [1756928566.071592303] [controller_server]: Control loop missed its desired rate of 10.0000Hz
[controller_server-2] [INFO] [1756928566.071647725] [controller_server]: Passing new path to controller.
[controller_server-2] [ERROR] [1756928566.176715273] [controller_server]: Exception in transformPose: Lookup would require extrapolation into the future.  Requested time 1756928565.863972 but the latest data is at time 1756928565.447122, when looking up transform from frame [odom] to frame [map]
[controller_server-2] [WARN] [1756928566.176873651] [controller_server]: Unable to transform robot pose into global plan's frame
[controller_server-2] [WARN] [1756928566.177189427] [controller_server]: Control loop missed its desired rate of 10.0000Hz
[controller_server-2] [ERROR] [1756928566.279393156] [controller_server]: Exception in transformPose: Lookup would require extrapolation into the future.  Requested time 1756928565.863972 but the latest data is at time 1756928565.447122, when looking up transform from frame [odom] to frame [map]
[controller_server-2] [WARN] [1756928566.279470443] [controller_server]: Unable to transform robot pose into global plan's frame
[controller_server-2] [WARN] [1756928566.279576004] [controller_server]: Control loop missed its desired rate of 10.0000Hz
[controller_server-2] [ERROR] [1756928566.382801366] [controller_server]: Exception in transformPose: Lookup would require extrapolation into the future.  Requested time 1756928565.863972 but the latest data is at time 1756928565.447122, when looking up transform from frame [odom] to frame [map]
[controller_server-2] [WARN] [1756928566.382926284] [controller_server]: Unable to transform robot pose into global plan's frame
[controller_server-2] [WARN] [1756928566.383127030] [controller_server]: Control loop missed its desired rate of 10.0000Hz
[controller_server-2] [ERROR] [1756928566.484458150] [controller_server]: Exception in transformPose: Lookup would require extrapolation into the future.  Requested time 1756928565.863972 but the latest data is at time 1756928565.447122, when looking up transform from frame [odom] to frame [map]
[controller_server-2] [WARN] [1756928566.484664316] [controller_server]: Unable to transform robot pose into global plan's frame
[controller_server-2] [WARN] [1756928566.484877223] [controller_server]: Control loop missed its desired rate of 10.0000Hz
[controller_server-2] [ERROR] [1756928566.588326418] [controller_server]: Exception in transformPose: Lookup would require extrapolation into the future.  Requested time 1756928565.863972 but the latest data is at time 1756928565.447122, when looking up transform from frame [odom] to frame [map]
[controller_server-2] [WARN] [1756928566.588452552] [controller_server]: Unable to transform robot pose into global plan's frame
[controller_server-2] [WARN] [1756928566.588675682] [controller_server]: Control loop missed its desired rate of 10.0000Hz
[controller_server-2] [WARN] [1756928566.681215538] [controller_server]: Control loop missed its desired rate of 10.0000Hz
[controller_server-2] [INFO] [1756928567.068182230] [controller_server]: Passing new path to controller.
[controller_server-2] [INFO] [1756928568.168170554] [controller_server]: Passing new path to controller.
[controller_server-2] [ERROR] [1756928568.369266781] [controller_server]: Exception in transformPose: Lookup would require extrapolation into the future.  Requested time 1756928568.213945 but the latest data is at time 1756928567.264310, when looking up transform from frame [odom] to frame [map]
[controller_server-2] [WARN] [1756928568.369382542] [controller_server]: Unable to transform robot pose into global plan's frame
[controller_server-2] [WARN] [1756928568.369578740] [controller_server]: Control loop missed its desired rate of 10.0000Hz
[controller_server-2] [ERROR] [1756928568.470572343] [controller_server]: Exception in transformPose: Lookup would require extrapolation into the future.  Requested time 1756928568.313969 but the latest data is at time 1756928567.264310, when looking up transform from frame [odom] to frame [map]
[controller_server-2] [WARN] [1756928568.470693756] [controller_server]: Unable to transform robot pose into global plan's frame
[controller_server-2] [WARN] [1756928568.470892783] [controller_server]: Control loop missed its desired rate of 10.0000Hz
[controller_server-2] [ERROR] [1756928568.574658020] [controller_server]: Exception in transformPose: Lookup would require extrapolation into the future.  Requested time 1756928568.313969 but the latest data is at time 1756928567.264310, when looking up transform from frame [odom] to frame [map]
[controller_server-2] [WARN] [1756928568.574785738] [controller_server]: Unable to transform robot pose into global plan's frame
[controller_server-2] [WARN] [1756928568.574979731] [controller_server]: Control loop missed its desired rate of 10.0000Hz
[controller_server-2] [ERROR] [1756928568.676899586] [controller_server]: Exception in transformPose: Lookup would require extrapolation into the future.  Requested time 1756928568.313969 but the latest data is at time 1756928567.264310, when looking up transform from frame [odom] to frame [map]
[controller_server-2] [WARN] [1756928568.677015339] [controller_server]: Unable to transform robot pose into global plan's frame
[controller_server-2] [WARN] [1756928568.677206504] [controller_server]: Control loop missed its desired rate of 10.0000Hz
[controller_server-2] [ERROR] [1756928568.780977155] [controller_server]: Exception in transformPose: Lookup would require extrapolation into the future.  Requested time 1756928568.313969 but the latest data is at time 1756928567.264310, when looking up transform from frame [odom] to frame [map]
[controller_server-2] [WARN] [1756928568.781096022] [controller_server]: Unable to transform robot pose into global plan's frame
[controller_server-2] [WARN] [1756928568.781288019] [controller_server]: Control loop missed its desired rate of 10.0000Hz
[controller_server-2] [ERROR] [1756928568.883334547] [controller_server]: Exception in transformPose: Lookup would require extrapolation into the future.  Requested time 1756928568.313969 but the latest data is at time 1756928567.264310, when looking up transform from frame [odom] to frame [map]
[controller_server-2] [WARN] [1756928568.883552585] [controller_server]: Unable to transform robot pose into global plan's frame
[controller_server-2] [WARN] [1756928568.883891411] [controller_server]: Control loop missed its desired rate of 10.0000Hz
[controller_server-2] [ERROR] [1756928568.988231985] [controller_server]: Exception in transformPose: Lookup would require extrapolation into the future.  Requested time 1756928568.313969 but the latest data is at time 1756928567.264310, when looking up transform from frame [odom] to frame [map]
[controller_server-2] [WARN] [1756928568.988398441] [controller_server]: Unable to transform robot pose into global plan's frame
[controller_server-2] [WARN] [1756928568.988780114] [controller_server]: Control loop missed its desired rate of 10.0000Hz
[controller_server-2] [ERROR] [1756928569.090941434] [controller_server]: Exception in transformPose: Lookup would require extrapolation into the future.  Requested time 1756928568.313969 but the latest data is at time 1756928567.264310, when looking up transform from frame [odom] to frame [map]
[controller_server-2] [WARN] [1756928569.091097112] [controller_server]: Unable to transform robot pose into global plan's frame
[controller_server-2] [WARN] [1756928569.091397439] [controller_server]: Control loop missed its desired rate of 10.0000Hz
[controller_server-2] [ERROR] [1756928569.194515831] [controller_server]: Exception in transformPose: Lookup would require extrapolation into the future.  Requested time 1756928568.313969 but the latest data is at time 1756928567.264310, when looking up transform from frame [odom] to frame [map]
[controller_server-2] [WARN] [1756928569.194668062] [controller_server]: Unable to transform robot pose into global plan's frame
[controller_server-2] [WARN] [1756928569.194983385] [controller_server]: Control loop missed its desired rate of 10.0000Hz
[controller_server-2] [INFO] [1756928569.195039984] [controller_server]: Passing new path to controller.
[controller_server-2] [ERROR] [1756928569.297618804] [controller_server]: Exception in transformPose: Lookup would require extrapolation into the future.  Requested time 1756928568.313969 but the latest data is at time 1756928567.264310, when looking up transform from frame [odom] to frame [map]
[controller_server-2] [WARN] [1756928569.297776917] [controller_server]: Unable to transform robot pose into global plan's frame
[controller_server-2] [WARN] [1756928569.298106566] [controller_server]: Control loop missed its desired rate of 10.0000Hz
[controller_server-2] [ERROR] [1756928569.402147605] [controller_server]: Exception in transformPose: Lookup would require extrapolation into the future.  Requested time 1756928568.313969 but the latest data is at time 1756928567.264310, when looking up transform from frame [odom] to frame [map]
[controller_server-2] [WARN] [1756928569.402308321] [controller_server]: Unable to transform robot pose into global plan's frame
[controller_server-2] [WARN] [1756928569.402693858] [controller_server]: Control loop missed its desired rate of 10.0000Hz
[controller_server-2] [ERROR] [1756928569.503911592] [controller_server]: Exception in transformPose: Lookup would require extrapolation into the future.  Requested time 1756928568.313969 but the latest data is at time 1756928567.264310, when looking up transform from frame [odom] to frame [map]
[controller_server-2] [WARN] [1756928569.504057965] [controller_server]: Unable to transform robot pose into global plan's frame
[controller_server-2] [WARN] [1756928569.504269093] [controller_server]: Control loop missed its desired rate of 10.0000Hz
[controller_server-2] [ERROR] [1756928569.607338824] [controller_server]: Exception in transformPose: Lookup would require extrapolation into the future.  Requested time 1756928568.313969 but the latest data is at time 1756928567.264310, when looking up transform from frame [odom] to frame [map]
[controller_server-2] [WARN] [1756928569.607425749] [controller_server]: Unable to transform robot pose into global plan's frame
[controller_server-2] [WARN] [1756928569.607578065] [controller_server]: Control loop missed its desired rate of 10.0000Hz
[explore-10] [ERROR] [1756928569.612703533] [explore_node]: Extrapolation Error looking up robot pose: Lookup would require extrapolation into the future.  Requested time 1756928569.309268 but the latest data is at time 1756928568.313969, when looking up transform from frame [base_link] to frame [map]
[explore-10] 
[explore-10] [INFO] [1756928569.654454470] [explore_node]: [NAV] Remembered last goal (-7.12, 3.37, yaw from quat).
[bt_navigator-6] [INFO] [1756928569.662116857] [bt_navigator]: Received goal preemption request
[bt_navigator-6] [INFO] [1756928569.662163243] [bt_navigator]: Begin navigating from current location (-1.34, -0.92) to (-7.12, 3.37)
[controller_server-2] [ERROR] [1756928569.708458465] [controller_server]: Exception in transformPose: Lookup would require extrapolation into the future.  Requested time 1756928568.313969 but the latest data is at time 1756928567.264310, when looking up transform from frame [odom] to frame [map]
[controller_server-2] [WARN] [1756928569.708541948] [controller_server]: Unable to transform robot pose into global plan's frame
[controller_server-2] [WARN] [1756928569.708727425] [controller_server]: Control loop missed its desired rate of 10.0000Hz
[controller_server-2] [ERROR] [1756928569.811166496] [controller_server]: Exception in transformPose: Lookup would require extrapolation into the future.  Requested time 1756928568.313969 but the latest data is at time 1756928567.264310, when looking up transform from frame [odom] to frame [map]
[controller_server-2] [WARN] [1756928569.811291889] [controller_server]: Unable to transform robot pose into global plan's frame
[controller_server-2] [WARN] [1756928569.811497844] [controller_server]: Control loop missed its desired rate of 10.0000Hz
[controller_server-2] [ERROR] [1756928569.914798562] [controller_server]: Exception in transformPose: Lookup would require extrapolation into the future.  Requested time 1756928568.313969 but the latest data is at time 1756928567.264310, when looking up transform from frame [odom] to frame [map]
[controller_server-2] [WARN] [1756928569.914917085] [controller_server]: Unable to transform robot pose into global plan's frame
[controller_server-2] [WARN] [1756928569.915165709] [controller_server]: Control loop missed its desired rate of 10.0000Hz
[controller_server-2] [ERROR] [1756928570.016163385] [controller_server]: Exception in transformPose: Lookup would require extrapolation into the future.  Requested time 1756928568.313969 but the latest data is at time 1756928567.264310, when looking up transform from frame [odom] to frame [map]
[controller_server-2] [WARN] [1756928570.016233173] [controller_server]: Unable to transform robot pose into global plan's frame
[controller_server-2] [WARN] [1756928570.016347320] [controller_server]: Control loop missed its desired rate of 10.0000Hz
[controller_server-2] [ERROR] [1756928570.118538077] [controller_server]: Exception in transformPose: Lookup would require extrapolation into the future.  Requested time 1756928568.313969 but the latest data is at time 1756928567.264310, when looking up transform from frame [odom] to frame [map]
[controller_server-2] [WARN] [1756928570.118637144] [controller_server]: Unable to transform robot pose into global plan's frame
[controller_server-2] [WARN] [1756928570.118780651] [controller_server]: Control loop missed its desired rate of 10.0000Hz
[controller_server-2] [ERROR] [1756928570.219815610] [controller_server]: Exception in transformPose: Lookup would require extrapolation into the future.  Requested time 1756928568.313969 but the latest data is at time 1756928567.264310, when looking up transform from frame [odom] to frame [map]
[controller_server-2] [WARN] [1756928570.219932642] [controller_server]: Unable to transform robot pose into global plan's frame
[controller_server-2] [ERROR] [1756928570.219978425] [controller_server]: Controller patience exceeded
[controller_server-2] [WARN] [1756928570.220056346] [controller_server]: [follow_path] [ActionServer] Aborting handle.
[controller_server-2] [INFO] [1756928570.220194487] [controller_server]: Received a goal, begin computing control effort.
[controller_server-2] [ERROR] [1756928570.324668873] [controller_server]: Exception in transformPose: Lookup would require extrapolation into the future.  Requested time 1756928568.313969 but the latest data is at time 1756928567.264310, when looking up transform from frame [odom] to frame [map]
[controller_server-2] [WARN] [1756928570.324800135] [controller_server]: Unable to transform robot pose into global plan's frame
[controller_server-2] [WARN] [1756928570.325041029] [controller_server]: Control loop missed its desired rate of 10.0000Hz
[controller_server-2] [ERROR] [1756928570.427032705] [controller_server]: Exception in transformPose: Lookup would require extrapolation into the future.  Requested time 1756928568.313969 but the latest data is at time 1756928567.264310, when looking up transform from frame [odom] to frame [map]
[controller_server-2] [WARN] [1756928570.427158755] [controller_server]: Unable to transform robot pose into global plan's frame
[controller_server-2] [WARN] [1756928570.427383673] [controller_server]: Control loop missed its desired rate of 10.0000Hz
[controller_server-2] [ERROR] [1756928570.531366055] [controller_server]: Exception in transformPose: Lookup would require extrapolation into the future.  Requested time 1756928568.313969 but the latest data is at time 1756928567.264310, when looking up transform from frame [odom] to frame [map]
[controller_server-2] [WARN] [1756928570.531445712] [controller_server]: Unable to transform robot pose into global plan's frame
[controller_server-2] [WARN] [1756928570.531572740] [controller_server]: Control loop missed its desired rate of 10.0000Hz
[controller_server-2] [ERROR] [1756928570.632572706] [controller_server]: Exception in transformPose: Lookup would require extrapolation into the future.  Requested time 1756928568.313969 but the latest data is at time 1756928567.264310, when looking up transform from frame [odom] to frame [map]
[controller_server-2] [WARN] [1756928570.632682884] [controller_server]: Unable to transform robot pose into global plan's frame
[controller_server-2] [WARN] [1756928570.632851901] [controller_server]: Control loop missed its desired rate of 10.0000Hz
[controller_server-2] [ERROR] [1756928570.735691511] [controller_server]: Exception in transformPose: Lookup would require extrapolation into the future.  Requested time 1756928568.313969 but the latest data is at time 1756928567.264310, when looking up transform from frame [odom] to frame [map]
[controller_server-2] [WARN] [1756928570.735790214] [controller_server]: Unable to transform robot pose into global plan's frame
[controller_server-2] [WARN] [1756928570.735987348] [controller_server]: Control loop missed its desired rate of 10.0000Hz
[controller_server-2] [ERROR] [1756928570.836985826] [controller_server]: Exception in transformPose: Lookup would require extrapolation into the future.  Requested time 1756928568.313969 but the latest data is at time 1756928567.264310, when looking up transform from frame [odom] to frame [map]
[controller_server-2] [WARN] [1756928570.837110437] [controller_server]: Unable to transform robot pose into global plan's frame
[controller_server-2] [WARN] [1756928570.837312305] [controller_server]: Control loop missed its desired rate of 10.0000Hz
[controller_server-2] [ERROR] [1756928570.940590201] [controller_server]: Exception in transformPose: Lookup would require extrapolation into the future.  Requested time 1756928568.313969 but the latest data is at time 1756928567.264310, when looking up transform from frame [odom] to frame [map]
[controller_server-2] [WARN] [1756928570.940719066] [controller_server]: Unable to transform robot pose into global plan's frame
[controller_server-2] [WARN] [1756928570.940927696] [controller_server]: Control loop missed its desired rate of 10.0000Hz
[controller_server-2] [ERROR] [1756928571.041996109] [controller_server]: Exception in transformPose: Lookup would require extrapolation into the future.  Requested time 1756928568.313969 but the latest data is at time 1756928567.264310, when looking up transform from frame [odom] to frame [map]
[controller_server-2] [WARN] [1756928571.042083943] [controller_server]: Unable to transform robot pose into global plan's frame
[controller_server-2] [WARN] [1756928571.042214983] [controller_server]: Control loop missed its desired rate of 10.0000Hz
[controller_server-2] [ERROR] [1756928571.144288565] [controller_server]: Exception in transformPose: Lookup would require extrapolation into the future.  Requested time 1756928568.313969 but the latest data is at time 1756928567.264310, when looking up transform from frame [odom] to frame [map]
[controller_server-2] [WARN] [1756928571.144393818] [controller_server]: Unable to transform robot pose into global plan's frame
[controller_server-2] [WARN] [1756928571.144575713] [controller_server]: Control loop missed its desired rate of 10.0000Hz
[controller_server-2] [ERROR] [1756928571.245483476] [controller_server]: Exception in transformPose: Lookup would require extrapolation into the future.  Requested time 1756928569.163976 but the latest data is at time 1756928567.264310, when looking up transform from frame [odom] to frame [map]
[controller_server-2] [WARN] [1756928571.245601913] [controller_server]: Unable to transform robot pose into global plan's frame
[controller_server-2] [WARN] [1756928571.245798674] [controller_server]: Control loop missed its desired rate of 10.0000Hz
[controller_server-2] [INFO] [1756928571.245825477] [controller_server]: Passing new path to controller.
[controller_server-2] [ERROR] [1756928571.348957086] [controller_server]: Exception in transformPose: Lookup would require extrapolation into the future.  Requested time 1756928569.163976 but the latest data is at time 1756928567.264310, when looking up transform from frame [odom] to frame [map]
[controller_server-2] [WARN] [1756928571.349073265] [controller_server]: Unable to transform robot pose into global plan's frame
[controller_server-2] [WARN] [1756928571.349305466] [controller_server]: Control loop missed its desired rate of 10.0000Hz
[controller_server-2] [ERROR] [1756928571.450882732] [controller_server]: Exception in transformPose: Lookup would require extrapolation into the future.  Requested time 1756928569.163976 but the latest data is at time 1756928567.264310, when looking up transform from frame [odom] to frame [map]
[controller_server-2] [WARN] [1756928571.451052491] [controller_server]: Unable to transform robot pose into global plan's frame
[controller_server-2] [WARN] [1756928571.451266183] [controller_server]: Control loop missed its desired rate of 10.0000Hz
[controller_server-2] [ERROR] [1756928571.554442389] [controller_server]: Exception in transformPose: Lookup would require extrapolation into the future.  Requested time 1756928569.163976 but the latest data is at time 1756928567.264310, when looking up transform from frame [odom] to frame [map]
[controller_server-2] [WARN] [1756928571.554501905] [controller_server]: Unable to transform robot pose into global plan's frame
[controller_server-2] [WARN] [1756928571.554598682] [controller_server]: Control loop missed its desired rate of 10.0000Hz
[controller_server-2] [ERROR] [1756928571.655678343] [controller_server]: Exception in transformPose: Lookup would require extrapolation into the future.  Requested time 1756928569.163976 but the latest data is at time 1756928567.264310, when looking up transform from frame [odom] to frame [map]
[controller_server-2] [WARN] [1756928571.655733013] [controller_server]: Unable to transform robot pose into global plan's frame
[controller_server-2] [WARN] [1756928571.655815573] [controller_server]: Control loop missed its desired rate of 10.0000Hz
[controller_server-2] [ERROR] [1756928571.757465443] [controller_server]: Exception in transformPose: Lookup would require extrapolation into the future.  Requested time 1756928571.514105 but the latest data is at time 1756928567.264310, when looking up transform from frame [odom] to frame [map]
[controller_server-2] [WARN] [1756928571.757586160] [controller_server]: Unable to transform robot pose into global plan's frame
[controller_server-2] [WARN] [1756928571.757829823] [controller_server]: Control loop missed its desired rate of 10.0000Hz
[controller_server-2] [ERROR] [1756928571.858926779] [controller_server]: Exception in transformPose: Lookup would require extrapolation into the future.  Requested time 1756928571.633428 but the latest data is at time 1756928567.264310, when looking up transform from frame [odom] to frame [map]
[controller_server-2] [WARN] [1756928571.859048638] [controller_server]: Unable to transform robot pose into global plan's frame
[controller_server-2] [WARN] [1756928571.859243897] [controller_server]: Control loop missed its desired rate of 10.0000Hz
[controller_server-2] [ERROR] [1756928571.962508209] [controller_server]: Exception in transformPose: Lookup would require extrapolation into the future.  Requested time 1756928571.633428 but the latest data is at time 1756928567.264310, when looking up transform from frame [odom] to frame [map]
[controller_server-2] [WARN] [1756928571.962624800] [controller_server]: Unable to transform robot pose into global plan's frame
[controller_server-2] [WARN] [1756928571.962827657] [controller_server]: Control loop missed its desired rate of 10.0000Hz
[controller_server-2] [ERROR] [1756928572.064317462] [controller_server]: Exception in transformPose: Lookup would require extrapolation into the future.  Requested time 1756928571.633428 but the latest data is at time 1756928567.264310, when looking up transform from frame [odom] to frame [map]
[controller_server-2] [WARN] [1756928572.064472980] [controller_server]: Unable to transform robot pose into global plan's frame
[controller_server-2] [WARN] [1756928572.064898883] [controller_server]: Control loop missed its desired rate of 10.0000Hz
[controller_server-2] [ERROR] [1756928572.168281303] [controller_server]: Exception in transformPose: Lookup would require extrapolation into the future.  Requested time 1756928571.633428 but the latest data is at time 1756928567.264310, when looking up transform from frame [odom] to frame [map]
[controller_server-2] [WARN] [1756928572.168386915] [controller_server]: Unable to transform robot pose into global plan's frame
[controller_server-2] [WARN] [1756928572.168565211] [controller_server]: Control loop missed its desired rate of 10.0000Hz
[controller_server-2] [ERROR] [1756928572.269499369] [controller_server]: Exception in transformPose: Lookup would require extrapolation into the future.  Requested time 1756928571.633428 but the latest data is at time 1756928567.264310, when looking up transform from frame [odom] to frame [map]
[controller_server-2] [WARN] [1756928572.269584886] [controller_server]: Unable to transform robot pose into global plan's frame
[controller_server-2] [ERROR] [1756928572.269645233] [controller_server]: Controller patience exceeded
[controller_server-2] [WARN] [1756928572.269712152] [controller_server]: [follow_path] [ActionServer] Aborting handle.
[controller_server-2] [INFO] [1756928572.269813683] [controller_server]: Received a goal, begin computing control effort.
[controller_server-2] [ERROR] [1756928572.372807848] [controller_server]: Exception in transformPose: Lookup would require extrapolation into the future.  Requested time 1756928571.633428 but the latest data is at time 1756928567.264310, when looking up transform from frame [odom] to frame [map]
[controller_server-2] [WARN] [1756928572.372913700] [controller_server]: Unable to transform robot pose into global plan's frame
[controller_server-2] [WARN] [1756928572.373091734] [controller_server]: Control loop missed its desired rate of 10.0000Hz
[controller_server-2] [ERROR] [1756928572.474178262] [controller_server]: Exception in transformPose: Lookup would require extrapolation into the future.  Requested time 1756928571.633428 but the latest data is at time 1756928567.264310, when looking up transform from frame [odom] to frame [map]
[controller_server-2] [WARN] [1756928572.474248047] [controller_server]: Unable to transform robot pose into global plan's frame
[controller_server-2] [WARN] [1756928572.474364526] [controller_server]: Control loop missed its desired rate of 10.0000Hz
[controller_server-2] [INFO] [1756928573.270011821] [controller_server]: Passing new path to controller.
[controller_server-2] [ERROR] [1756928573.671231566] [controller_server]: Exception in transformPose: Lookup would require extrapolation into the future.  Requested time 1756928573.511857 but the latest data is at time 1756928572.756865, when looking up transform from frame [odom] to frame [map]
[controller_server-2] [WARN] [1756928573.671266722] [controller_server]: Unable to transform robot pose into global plan's frame
[controller_server-2] [WARN] [1756928573.671319330] [controller_server]: Control loop missed its desired rate of 10.0000Hz
[controller_server-2] [ERROR] [1756928573.772844238] [controller_server]: Exception in transformPose: Lookup would require extrapolation into the future.  Requested time 1756928573.511857 but the latest data is at time 1756928572.756865, when looking up transform from frame [odom] to frame [map]
[controller_server-2] [WARN] [1756928573.772966262] [controller_server]: Unable to transform robot pose into global plan's frame
[controller_server-2] [WARN] [1756928573.773175315] [controller_server]: Control loop missed its desired rate of 10.0000Hz
[controller_server-2] [ERROR] [1756928573.874378758] [controller_server]: Exception in transformPose: Lookup would require extrapolation into the future.  Requested time 1756928573.511857 but the latest data is at time 1756928572.756865, when looking up transform from frame [odom] to frame [map]
[controller_server-2] [WARN] [1756928573.874502413] [controller_server]: Unable to transform robot pose into global plan's frame
[controller_server-2] [WARN] [1756928573.874706416] [controller_server]: Control loop missed its desired rate of 10.0000Hz
[controller_server-2] [ERROR] [1756928573.978909878] [controller_server]: Exception in transformPose: Lookup would require extrapolation into the future.  Requested time 1756928573.511857 but the latest data is at time 1756928572.756865, when looking up transform from frame [odom] to frame [map]
[controller_server-2] [WARN] [1756928573.978982568] [controller_server]: Unable to transform robot pose into global plan's frame
[controller_server-2] [WARN] [1756928573.979094833] [controller_server]: Control loop missed its desired rate of 10.0000Hz
[controller_server-2] [ERROR] [1756928574.080358036] [controller_server]: Exception in transformPose: Lookup would require extrapolation into the future.  Requested time 1756928573.511857 but the latest data is at time 1756928572.756865, when looking up transform from frame [odom] to frame [map]
[controller_server-2] [WARN] [1756928574.080441791] [controller_server]: Unable to transform robot pose into global plan's frame
[controller_server-2] [WARN] [1756928574.080588374] [controller_server]: Control loop missed its desired rate of 10.0000Hz
[controller_server-2] [ERROR] [1756928574.184837333] [controller_server]: Exception in transformPose: Lookup would require extrapolation into the future.  Requested time 1756928573.511857 but the latest data is at time 1756928572.756865, when looking up transform from frame [odom] to frame [map]
[controller_server-2] [WARN] [1756928574.184944085] [controller_server]: Unable to transform robot pose into global plan's frame
[controller_server-2] [WARN] [1756928574.185056955] [controller_server]: Control loop missed its desired rate of 10.0000Hz
[controller_server-2] [ERROR] [1756928574.286093700] [controller_server]: Exception in transformPose: Lookup would require extrapolation into the future.  Requested time 1756928573.511857 but the latest data is at time 1756928572.756865, when looking up transform from frame [odom] to frame [map]
[controller_server-2] [WARN] [1756928574.286203687] [controller_server]: Unable to transform robot pose into global plan's frame
[controller_server-2] [WARN] [1756928574.286388998] [controller_server]: Control loop missed its desired rate of 10.0000Hz
[controller_server-2] [INFO] [1756928574.286413198] [controller_server]: Passing new path to controller.
[controller_server-2] [ERROR] [1756928574.390111388] [controller_server]: Exception in transformPose: Lookup would require extrapolation into the future.  Requested time 1756928573.511857 but the latest data is at time 1756928572.762640, when looking up transform from frame [odom] to frame [map]
[controller_server-2] [WARN] [1756928574.390238463] [controller_server]: Unable to transform robot pose into global plan's frame
[controller_server-2] [WARN] [1756928574.390447499] [controller_server]: Control loop missed its desired rate of 10.0000Hz
[controller_server-2] [ERROR] [1756928574.491379591] [controller_server]: Exception in transformPose: Lookup would require extrapolation into the future.  Requested time 1756928573.511857 but the latest data is at time 1756928572.762640, when looking up transform from frame [odom] to frame [map]
[controller_server-2] [WARN] [1756928574.491503534] [controller_server]: Unable to transform robot pose into global plan's frame
[controller_server-2] [WARN] [1756928574.491708188] [controller_server]: Control loop missed its desired rate of 10.0000Hz
[controller_server-2] [ERROR] [1756928574.594539495] [controller_server]: Exception in transformPose: Lookup would require extrapolation into the future.  Requested time 1756928574.413937 but the latest data is at time 1756928573.652270, when looking up transform from frame [odom] to frame [map]
[controller_server-2] [WARN] [1756928574.594586878] [controller_server]: Unable to transform robot pose into global plan's frame
[controller_server-2] [WARN] [1756928574.594679044] [controller_server]: Control loop missed its desired rate of 10.0000Hz
[controller_server-2] [INFO] [1756928575.369991113] [controller_server]: Passing new path to controller.
[controller_server-2] [ERROR] [1756928576.271099405] [controller_server]: Exception in transformPose: Lookup would require extrapolation into the future.  Requested time 1756928575.264078 but the latest data is at time 1756928574.922291, when looking up transform from frame [odom] to frame [map]
[controller_server-2] [WARN] [1756928576.271217608] [controller_server]: Unable to transform robot pose into global plan's frame
[controller_server-2] [WARN] [1756928576.271415816] [controller_server]: Control loop missed its desired rate of 10.0000Hz
[explore-10] [ERROR] [1756928576.282016256] [explore_node]: Extrapolation Error looking up robot pose: Lookup would require extrapolation into the future.  Requested time 1756928575.977314 but the latest data is at time 1756928574.922291, when looking up transform from frame [base_link] to frame [map]
[explore-10] 
[controller_server-2] [ERROR] [1756928576.374426462] [controller_server]: Exception in transformPose: Lookup would require extrapolation into the future.  Requested time 1756928576.171572 but the latest data is at time 1756928574.922291, when looking up transform from frame [odom] to frame [map]
[controller_server-2] [WARN] [1756928576.374542322] [controller_server]: Unable to transform robot pose into global plan's frame
[controller_server-2] [WARN] [1756928576.374742239] [controller_server]: Control loop missed its desired rate of 10.0000Hz
[controller_server-2] [INFO] [1756928576.374768294] [controller_server]: Passing new path to controller.
[controller_server-2] [ERROR] [1756928576.475870458] [controller_server]: Exception in transformPose: Lookup would require extrapolation into the future.  Requested time 1756928576.171572 but the latest data is at time 1756928574.922291, when looking up transform from frame [odom] to frame [map]
[controller_server-2] [WARN] [1756928576.475994893] [controller_server]: Unable to transform robot pose into global plan's frame
[controller_server-2] [WARN] [1756928576.476224874] [controller_server]: Control loop missed its desired rate of 10.0000Hz
[controller_server-2] [ERROR] [1756928576.579855173] [controller_server]: Exception in transformPose: Lookup would require extrapolation into the future.  Requested time 1756928576.171572 but the latest data is at time 1756928574.922291, when looking up transform from frame [odom] to frame [map]
[controller_server-2] [WARN] [1756928576.579965991] [controller_server]: Unable to transform robot pose into global plan's frame
[controller_server-2] [WARN] [1756928576.580090726] [controller_server]: Control loop missed its desired rate of 10.0000Hz
[controller_server-2] [ERROR] [1756928576.681944161] [controller_server]: Exception in transformPose: Lookup would require extrapolation into the future.  Requested time 1756928576.171572 but the latest data is at time 1756928574.922291, when looking up transform from frame [odom] to frame [map]
[controller_server-2] [WARN] [1756928576.682069145] [controller_server]: Unable to transform robot pose into global plan's frame
[controller_server-2] [WARN] [1756928576.682278843] [controller_server]: Control loop missed its desired rate of 10.0000Hz
[controller_server-2] [ERROR] [1756928576.785826487] [controller_server]: Exception in transformPose: Lookup would require extrapolation into the future.  Requested time 1756928576.171572 but the latest data is at time 1756928574.922291, when looking up transform from frame [odom] to frame [map]
[controller_server-2] [WARN] [1756928576.785898591] [controller_server]: Unable to transform robot pose into global plan's frame
[controller_server-2] [WARN] [1756928576.786012446] [controller_server]: Control loop missed its desired rate of 10.0000Hz
[controller_server-2] [ERROR] [1756928576.886881296] [controller_server]: Exception in transformPose: Lookup would require extrapolation into the future.  Requested time 1756928576.713936 but the latest data is at time 1756928574.922291, when looking up transform from frame [odom] to frame [map]
[controller_server-2] [WARN] [1756928576.886997705] [controller_server]: Unable to transform robot pose into global plan's frame
[controller_server-2] [WARN] [1756928576.887205225] [controller_server]: Control loop missed its desired rate of 10.0000Hz
[controller_server-2] [ERROR] [1756928576.990362376] [controller_server]: Exception in transformPose: Lookup would require extrapolation into the future.  Requested time 1756928576.713936 but the latest data is at time 1756928574.922291, when looking up transform from frame [odom] to frame [map]
[controller_server-2] [WARN] [1756928576.990477594] [controller_server]: Unable to transform robot pose into global plan's frame
[controller_server-2] [WARN] [1756928576.990666039] [controller_server]: Control loop missed its desired rate of 10.0000Hz
[controller_server-2] [ERROR] [1756928577.092021874] [controller_server]: Exception in transformPose: Lookup would require extrapolation into the future.  Requested time 1756928576.713936 but the latest data is at time 1756928574.922291, when looking up transform from frame [odom] to frame [map]
[controller_server-2] [WARN] [1756928577.092094878] [controller_server]: Unable to transform robot pose into global plan's frame
[controller_server-2] [WARN] [1756928577.092216213] [controller_server]: Control loop missed its desired rate of 10.0000Hz
[controller_server-2] [ERROR] [1756928577.195047609] [controller_server]: Exception in transformPose: Lookup would require extrapolation into the future.  Requested time 1756928576.713936 but the latest data is at time 1756928574.922291, when looking up transform from frame [odom] to frame [map]
[controller_server-2] [WARN] [1756928577.195135991] [controller_server]: Unable to transform robot pose into global plan's frame
[controller_server-2] [WARN] [1756928577.195273409] [controller_server]: Control loop missed its desired rate of 10.0000Hz
[controller_server-2] [ERROR] [1756928577.296720491] [controller_server]: Exception in transformPose: Lookup would require extrapolation into the future.  Requested time 1756928576.713936 but the latest data is at time 1756928574.922291, when looking up transform from frame [odom] to frame [map]
[controller_server-2] [WARN] [1756928577.296861032] [controller_server]: Unable to transform robot pose into global plan's frame
[controller_server-2] [WARN] [1756928577.297113734] [controller_server]: Control loop missed its desired rate of 10.0000Hz
[controller_server-2] [ERROR] [1756928577.400327144] [controller_server]: Exception in transformPose: Lookup would require extrapolation into the future.  Requested time 1756928576.713936 but the latest data is at time 1756928574.922291, when looking up transform from frame [odom] to frame [map]
[controller_server-2] [WARN] [1756928577.400449551] [controller_server]: Unable to transform robot pose into global plan's frame
[controller_server-2] [WARN] [1756928577.400648247] [controller_server]: Control loop missed its desired rate of 10.0000Hz
[controller_server-2] [INFO] [1756928577.400731113] [controller_server]: Passing new path to controller.
[controller_server-2] [ERROR] [1756928577.501828157] [controller_server]: Exception in transformPose: Lookup would require extrapolation into the future.  Requested time 1756928577.113987 but the latest data is at time 1756928574.922291, when looking up transform from frame [odom] to frame [map]
[controller_server-2] [WARN] [1756928577.501946771] [controller_server]: Unable to transform robot pose into global plan's frame
[controller_server-2] [WARN] [1756928577.502151976] [controller_server]: Control loop missed its desired rate of 10.0000Hz
[controller_server-2] [ERROR] [1756928577.605085120] [controller_server]: Exception in transformPose: Lookup would require extrapolation into the future.  Requested time 1756928577.113987 but the latest data is at time 1756928574.922291, when looking up transform from frame [odom] to frame [map]
[controller_server-2] [WARN] [1756928577.605152548] [controller_server]: Unable to transform robot pose into global plan's frame
[controller_server-2] [WARN] [1756928577.605259994] [controller_server]: Control loop missed its desired rate of 10.0000Hz
[controller_server-2] [ERROR] [1756928577.706218923] [controller_server]: Exception in transformPose: Lookup would require extrapolation into the future.  Requested time 1756928577.113987 but the latest data is at time 1756928574.922291, when looking up transform from frame [odom] to frame [map]
[controller_server-2] [WARN] [1756928577.706317184] [controller_server]: Unable to transform robot pose into global plan's frame
[controller_server-2] [WARN] [1756928577.706476562] [controller_server]: Control loop missed its desired rate of 10.0000Hz
[controller_server-2] [ERROR] [1756928577.809612933] [controller_server]: Exception in transformPose: Lookup would require extrapolation into the future.  Requested time 1756928577.113987 but the latest data is at time 1756928574.922291, when looking up transform from frame [odom] to frame [map]
[controller_server-2] [WARN] [1756928577.809737718] [controller_server]: Unable to transform robot pose into global plan's frame
[controller_server-2] [WARN] [1756928577.809945595] [controller_server]: Control loop missed its desired rate of 10.0000Hz
[controller_server-2] [ERROR] [1756928577.913857134] [controller_server]: Exception in transformPose: Lookup would require extrapolation into the future.  Requested time 1756928577.113987 but the latest data is at time 1756928574.922291, when looking up transform from frame [odom] to frame [map]
[controller_server-2] [WARN] [1756928577.913981766] [controller_server]: Unable to transform robot pose into global plan's frame
[controller_server-2] [WARN] [1756928577.914276120] [controller_server]: Control loop missed its desired rate of 10.0000Hz
[controller_server-2] [ERROR] [1756928578.015699061] [controller_server]: Exception in transformPose: Lookup would require extrapolation into the future.  Requested time 1756928577.113987 but the latest data is at time 1756928574.922291, when looking up transform from frame [odom] to frame [map]
[controller_server-2] [WARN] [1756928578.015861287] [controller_server]: Unable to transform robot pose into global plan's frame
[controller_server-2] [WARN] [1756928578.016176540] [controller_server]: Control loop missed its desired rate of 10.0000Hz
[controller_server-2] [ERROR] [1756928578.120409237] [controller_server]: Exception in transformPose: Lookup would require extrapolation into the future.  Requested time 1756928577.113987 but the latest data is at time 1756928574.922291, when looking up transform from frame [odom] to frame [map]
[controller_server-2] [WARN] [1756928578.120571589] [controller_server]: Unable to transform robot pose into global plan's frame
[controller_server-2] [ERROR] [1756928578.120643340] [controller_server]: Controller patience exceeded
[controller_server-2] [WARN] [1756928578.120760469] [controller_server]: [follow_path] [ActionServer] Aborting handle.
[controller_server-2] [INFO] [1756928578.132542118] [local_costmap.local_costmap]: Received request to clear entirely the local_costmap
[controller_server-2] [INFO] [1756928578.135373080] [controller_server]: Received a goal, begin computing control effort.
[controller_server-2] [INFO] [1756928578.435600383] [controller_server]: Passing new path to controller.
[controller_server-2] [INFO] [1756928579.435693545] [controller_server]: Passing new path to controller.
[rviz2-11] [INFO] [1756928580.002296847] [rviz2]: Trying to create a map of size 329 x 229 using 1 swatches
[controller_server-2] [INFO] [1756928580.005886484] [local_costmap.local_costmap]: StaticLayer: Resizing static layer to 329 X 229 at 0.040000 m/pix
[planner_server-4] [INFO] [1756928580.026833509] [global_costmap.global_costmap]: StaticLayer: Resizing costmap to 329 X 229 at 0.040000 m/pix
[rviz2-11] [INFO] [1756928580.067712879] [rviz2]: Trying to create a map of size 329 x 229 using 1 swatches
[controller_server-2] [ERROR] [1756928580.136885568] [controller_server]: Exception in transformPose: Lookup would require extrapolation into the future.  Requested time 1756928579.614011 but the latest data is at time 1756928579.504084, when looking up transform from frame [odom] to frame [map]
[controller_server-2] [WARN] [1756928580.136976337] [controller_server]: Unable to transform robot pose into global plan's frame
[controller_server-2] [WARN] [1756928580.137070623] [controller_server]: Control loop missed its desired rate of 10.0000Hz
[controller_server-2] [INFO] [1756928580.535607776] [controller_server]: Passing new path to controller.
[controller_server-2] [ERROR] [1756928580.937987951] [controller_server]: Exception in transformPose: Lookup would require extrapolation into the future.  Requested time 1756928580.614032 but the latest data is at time 1756928580.456528, when looking up transform from frame [odom] to frame [map]
[controller_server-2] [WARN] [1756928580.938128188] [controller_server]: Unable to transform robot pose into global plan's frame
[controller_server-2] [WARN] [1756928580.938432152] [controller_server]: Control loop missed its desired rate of 10.0000Hz
[controller_server-2] [ERROR] [1756928581.040728680] [controller_server]: Exception in transformPose: Lookup would require extrapolation into the future.  Requested time 1756928580.614032 but the latest data is at time 1756928580.456528, when looking up transform from frame [odom] to frame [map]
[controller_server-2] [WARN] [1756928581.040898761] [controller_server]: Unable to transform robot pose into global plan's frame
[controller_server-2] [WARN] [1756928581.041210279] [controller_server]: Control loop missed its desired rate of 10.0000Hz
[controller_server-2] [ERROR] [1756928581.145249054] [controller_server]: Exception in transformPose: Lookup would require extrapolation into the future.  Requested time 1756928580.614032 but the latest data is at time 1756928580.456528, when looking up transform from frame [odom] to frame [map]
[controller_server-2] [WARN] [1756928581.145301183] [controller_server]: Unable to transform robot pose into global plan's frame
[controller_server-2] [WARN] [1756928581.145402134] [controller_server]: Control loop missed its desired rate of 10.0000Hz
[controller_server-2] [ERROR] [1756928581.247441902] [controller_server]: Exception in transformPose: Lookup would require extrapolation into the future.  Requested time 1756928580.614032 but the latest data is at time 1756928580.456528, when looking up transform from frame [odom] to frame [map]
[controller_server-2] [WARN] [1756928581.247558586] [controller_server]: Unable to transform robot pose into global plan's frame
[controller_server-2] [WARN] [1756928581.247731422] [controller_server]: Control loop missed its desired rate of 10.0000Hz
[controller_server-2] [ERROR] [1756928581.350244632] [controller_server]: Exception in transformPose: Lookup would require extrapolation into the future.  Requested time 1756928580.814001 but the latest data is at time 1756928580.615210, when looking up transform from frame [odom] to frame [map]
[controller_server-2] [WARN] [1756928581.350317138] [controller_server]: Unable to transform robot pose into global plan's frame
[controller_server-2] [WARN] [1756928581.350448814] [controller_server]: Control loop missed its desired rate of 10.0000Hz
[controller_server-2] [ERROR] [1756928581.451477385] [controller_server]: Exception in transformPose: Lookup would require extrapolation into the future.  Requested time 1756928581.214608 but the latest data is at time 1756928580.615210, when looking up transform from frame [odom] to frame [map]
[controller_server-2] [WARN] [1756928581.451593247] [controller_server]: Unable to transform robot pose into global plan's frame
[controller_server-2] [WARN] [1756928581.451793509] [controller_server]: Control loop missed its desired rate of 10.0000Hz
[controller_server-2] [ERROR] [1756928581.554857733] [controller_server]: Exception in transformPose: Lookup would require extrapolation into the future.  Requested time 1756928581.214608 but the latest data is at time 1756928580.615210, when looking up transform from frame [odom] to frame [map]
[controller_server-2] [WARN] [1756928581.554982755] [controller_server]: Unable to transform robot pose into global plan's frame
[controller_server-2] [WARN] [1756928581.555206414] [controller_server]: Control loop missed its desired rate of 10.0000Hz
[controller_server-2] [INFO] [1756928581.555248990] [controller_server]: Passing new path to controller.
[controller_server-2] [ERROR] [1756928581.656807316] [controller_server]: Exception in transformPose: Lookup would require extrapolation into the future.  Requested time 1756928581.214608 but the latest data is at time 1756928580.615210, when looking up transform from frame [odom] to frame [map]
[controller_server-2] [WARN] [1756928581.656966665] [controller_server]: Unable to transform robot pose into global plan's frame
[controller_server-2] [WARN] [1756928581.657160496] [controller_server]: Control loop missed its desired rate of 10.0000Hz
[controller_server-2] [ERROR] [1756928581.760258533] [controller_server]: Exception in transformPose: Lookup would require extrapolation into the future.  Requested time 1756928581.214608 but the latest data is at time 1756928580.615210, when looking up transform from frame [odom] to frame [map]
[controller_server-2] [WARN] [1756928581.760363331] [controller_server]: Unable to transform robot pose into global plan's frame
[controller_server-2] [WARN] [1756928581.760556329] [controller_server]: Control loop missed its desired rate of 10.0000Hz
[controller_server-2] [ERROR] [1756928581.861583512] [controller_server]: Exception in transformPose: Lookup would require extrapolation into the future.  Requested time 1756928581.214608 but the latest data is at time 1756928580.615210, when looking up transform from frame [odom] to frame [map]
[controller_server-2] [WARN] [1756928581.861699647] [controller_server]: Unable to transform robot pose into global plan's frame
[controller_server-2] [WARN] [1756928581.861891120] [controller_server]: Control loop missed its desired rate of 10.0000Hz
[controller_server-2] [ERROR] [1756928581.964981146] [controller_server]: Exception in transformPose: Lookup would require extrapolation into the future.  Requested time 1756928581.214608 but the latest data is at time 1756928580.615210, when looking up transform from frame [odom] to frame [map]
[controller_server-2] [WARN] [1756928581.965102827] [controller_server]: Unable to transform robot pose into global plan's frame
[controller_server-2] [WARN] [1756928581.965301496] [controller_server]: Control loop missed its desired rate of 10.0000Hz
[controller_server-2] [ERROR] [1756928582.066348958] [controller_server]: Exception in transformPose: Lookup would require extrapolation into the future.  Requested time 1756928581.214608 but the latest data is at time 1756928580.615210, when looking up transform from frame [odom] to frame [map]
[controller_server-2] [WARN] [1756928582.066472622] [controller_server]: Unable to transform robot pose into global plan's frame
[controller_server-2] [WARN] [1756928582.066670295] [controller_server]: Control loop missed its desired rate of 10.0000Hz
[controller_server-2] [ERROR] [1756928582.170239776] [controller_server]: Exception in transformPose: Lookup would require extrapolation into the future.  Requested time 1756928581.214608 but the latest data is at time 1756928580.615210, when looking up transform from frame [odom] to frame [map]
[controller_server-2] [WARN] [1756928582.170363054] [controller_server]: Unable to transform robot pose into global plan's frame
[controller_server-2] [WARN] [1756928582.170571508] [controller_server]: Control loop missed its desired rate of 10.0000Hz
[controller_server-2] [ERROR] [1756928582.272728603] [controller_server]: Exception in transformPose: Lookup would require extrapolation into the future.  Requested time 1756928581.214608 but the latest data is at time 1756928580.615210, when looking up transform from frame [odom] to frame [map]
[controller_server-2] [WARN] [1756928582.272859714] [controller_server]: Unable to transform robot pose into global plan's frame
[controller_server-2] [WARN] [1756928582.273063697] [controller_server]: Control loop missed its desired rate of 10.0000Hz
[controller_server-2] [ERROR] [1756928582.376829041] [controller_server]: Exception in transformPose: Lookup would require extrapolation into the future.  Requested time 1756928581.214608 but the latest data is at time 1756928580.615210, when looking up transform from frame [odom] to frame [map]
[controller_server-2] [WARN] [1756928582.376955978] [controller_server]: Unable to transform robot pose into global plan's frame
[controller_server-2] [WARN] [1756928582.377160344] [controller_server]: Control loop missed its desired rate of 10.0000Hz
[controller_server-2] [ERROR] [1756928582.478734485] [controller_server]: Exception in transformPose: Lookup would require extrapolation into the future.  Requested time 1756928581.214608 but the latest data is at time 1756928580.615210, when looking up transform from frame [odom] to frame [map]
[controller_server-2] [WARN] [1756928582.478855077] [controller_server]: Unable to transform robot pose into global plan's frame
[controller_server-2] [WARN] [1756928582.479103395] [controller_server]: Control loop missed its desired rate of 10.0000Hz
[controller_server-2] [ERROR] [1756928582.582421046] [controller_server]: Exception in transformPose: Lookup would require extrapolation into the future.  Requested time 1756928581.214608 but the latest data is at time 1756928580.615210, when looking up transform from frame [odom] to frame [map]
[controller_server-2] [WARN] [1756928582.582545237] [controller_server]: Unable to transform robot pose into global plan's frame
[controller_server-2] [WARN] [1756928582.582750326] [controller_server]: Control loop missed its desired rate of 10.0000Hz
[controller_server-2] [INFO] [1756928582.582778649] [controller_server]: Passing new path to controller.
[controller_server-2] [ERROR] [1756928582.683964591] [controller_server]: Exception in transformPose: Lookup would require extrapolation into the future.  Requested time 1756928581.214608 but the latest data is at time 1756928580.615210, when looking up transform from frame [odom] to frame [map]
[controller_server-2] [WARN] [1756928582.684087273] [controller_server]: Unable to transform robot pose into global plan's frame
[controller_server-2] [WARN] [1756928582.684287737] [controller_server]: Control loop missed its desired rate of 10.0000Hz
[controller_server-2] [ERROR] [1756928582.787413718] [controller_server]: Exception in transformPose: Lookup would require extrapolation into the future.  Requested time 1756928581.214608 but the latest data is at time 1756928580.615210, when looking up transform from frame [odom] to frame [map]
[controller_server-2] [WARN] [1756928582.787527149] [controller_server]: Unable to transform robot pose into global plan's frame
[controller_server-2] [ERROR] [1756928582.787567719] [controller_server]: Controller patience exceeded
[controller_server-2] [WARN] [1756928582.787637090] [controller_server]: [follow_path] [ActionServer] Aborting handle.
[controller_server-2] [INFO] [1756928582.802445960] [local_costmap.local_costmap]: Received request to clear entirely the local_costmap
[planner_server-4] [INFO] [1756928582.804332367] [global_costmap.global_costmap]: Received request to clear entirely the global_costmap
[explore-10] [ERROR] [1756928582.946843221] [explore_node]: Extrapolation Error looking up robot pose: Lookup would require extrapolation into the future.  Requested time 1756928582.641495 but the latest data is at time 1756928581.214608, when looking up transform from frame [base_link] to frame [map]
[explore-10] 
[explore-10] [INFO] [1756928582.969039035] [explore_node]: [NAV] Remembered last goal (-3.24, 3.99, yaw from quat).
[bt_navigator-6] [INFO] [1756928582.972114524] [bt_navigator]: Received goal preemption request
[bt_navigator-6] [INFO] [1756928582.972174003] [bt_navigator]: Begin navigating from current location (-1.71, -0.07) to (-3.24, 3.99)
[controller_server-2] [INFO] [1756928583.073285809] [controller_server]: Received a goal, begin computing control effort.
[controller_server-2] [ERROR] [1756928583.275454934] [controller_server]: Exception in transformPose: Lookup would require extrapolation into the future.  Requested time 1756928583.114029 but the latest data is at time 1756928583.102940, when looking up transform from frame [odom] to frame [map]
[controller_server-2] [WARN] [1756928583.275597054] [controller_server]: Unable to transform robot pose into global plan's frame
[controller_server-2] [WARN] [1756928583.275819301] [controller_server]: Control loop missed its desired rate of 10.0000Hz
[controller_server-2] [ERROR] [1756928583.378838544] [controller_server]: Exception in transformPose: Lookup would require extrapolation into the future.  Requested time 1756928583.114029 but the latest data is at time 1756928583.102940, when looking up transform from frame [odom] to frame [map]
[controller_server-2] [WARN] [1756928583.378953908] [controller_server]: Unable to transform robot pose into global plan's frame
[controller_server-2] [WARN] [1756928583.379171989] [controller_server]: Control loop missed its desired rate of 10.0000Hz
[controller_server-2] [ERROR] [1756928583.480872054] [controller_server]: Exception in transformPose: Lookup would require extrapolation into the future.  Requested time 1756928583.114029 but the latest data is at time 1756928583.102940, when looking up transform from frame [odom] to frame [map]
[controller_server-2] [WARN] [1756928583.481014167] [controller_server]: Unable to transform robot pose into global plan's frame
[controller_server-2] [WARN] [1756928583.481311378] [controller_server]: Control loop missed its desired rate of 10.0000Hz
[controller_server-2] [ERROR] [1756928583.584284282] [controller_server]: Exception in transformPose: Lookup would require extrapolation into the future.  Requested time 1756928583.114029 but the latest data is at time 1756928583.102940, when looking up transform from frame [odom] to frame [map]
[controller_server-2] [WARN] [1756928583.584416340] [controller_server]: Unable to transform robot pose into global plan's frame
[controller_server-2] [WARN] [1756928583.584676277] [controller_server]: Control loop missed its desired rate of 10.0000Hz
[controller_server-2] [ERROR] [1756928583.685926122] [controller_server]: Exception in transformPose: Lookup would require extrapolation into the future.  Requested time 1756928583.114029 but the latest data is at time 1756928583.102940, when looking up transform from frame [odom] to frame [map]
[controller_server-2] [WARN] [1756928583.686123283] [controller_server]: Unable to transform robot pose into global plan's frame
[controller_server-2] [WARN] [1756928583.686338668] [controller_server]: Control loop missed its desired rate of 10.0000Hz
[controller_server-2] [ERROR] [1756928583.789200948] [controller_server]: Exception in transformPose: Lookup would require extrapolation into the future.  Requested time 1756928583.114029 but the latest data is at time 1756928583.102940, when looking up transform from frame [odom] to frame [map]
[controller_server-2] [WARN] [1756928583.789318353] [controller_server]: Unable to transform robot pose into global plan's frame
[controller_server-2] [WARN] [1756928583.789522147] [controller_server]: Control loop missed its desired rate of 10.0000Hz
[controller_server-2] [ERROR] [1756928583.891690787] [controller_server]: Exception in transformPose: Lookup would require extrapolation into the future.  Requested time 1756928583.114029 but the latest data is at time 1756928583.102940, when looking up transform from frame [odom] to frame [map]
[controller_server-2] [WARN] [1756928583.891834836] [controller_server]: Unable to transform robot pose into global plan's frame
[controller_server-2] [WARN] [1756928583.892132103] [controller_server]: Control loop missed its desired rate of 10.0000Hz
[controller_server-2] [WARN] [1756928583.987990003] [controller_server]: Control loop missed its desired rate of 10.0000Hz
[controller_server-2] [INFO] [1756928584.173589536] [controller_server]: Passing new path to controller.
[controller_server-2] [INFO] [1756928585.173584910] [controller_server]: Passing new path to controller.
[controller_server-2] [INFO] [1756928586.173597658] [controller_server]: Passing new path to controller.
[controller_server-2] [INFO] [1756928587.273591046] [controller_server]: Passing new path to controller.
[controller_server-2] [ERROR] [1756928587.575057679] [controller_server]: Exception in transformPose: Lookup would require extrapolation into the future.  Requested time 1756928587.414919 but the latest data is at time 1756928584.159234, when looking up transform from frame [odom] to frame [map]
[controller_server-2] [WARN] [1756928587.575188490] [controller_server]: Unable to transform robot pose into global plan's frame
[controller_server-2] [WARN] [1756928587.575381171] [controller_server]: Control loop missed its desired rate of 10.0000Hz
[controller_server-2] [INFO] [1756928588.273550509] [controller_server]: Passing new path to controller.
[controller_server-2] [ERROR] [1756928589.174517184] [controller_server]: Exception in transformPose: Lookup would require extrapolation into the future.  Requested time 1756928588.714024 but the latest data is at time 1756928588.276208, when looking up transform from frame [odom] to frame [map]
[controller_server-2] [WARN] [1756928589.174668813] [controller_server]: Unable to transform robot pose into global plan's frame
[controller_server-2] [WARN] [1756928589.174951901] [controller_server]: Control loop missed its desired rate of 10.0000Hz
[controller_server-2] [ERROR] [1756928589.276257825] [controller_server]: Exception in transformPose: Lookup would require extrapolation into the future.  Requested time 1756928589.064278 but the latest data is at time 1756928588.353027, when looking up transform from frame [odom] to frame [map]
[controller_server-2] [WARN] [1756928589.276421482] [controller_server]: Unable to transform robot pose into global plan's frame
[controller_server-2] [WARN] [1756928589.276729482] [controller_server]: Control loop missed its desired rate of 10.0000Hz
[controller_server-2] [INFO] [1756928589.276772108] [controller_server]: Passing new path to controller.
[controller_server-2] [ERROR] [1756928589.380798553] [controller_server]: Exception in transformPose: Lookup would require extrapolation into the future.  Requested time 1756928589.114680 but the latest data is at time 1756928588.353027, when looking up transform from frame [odom] to frame [map]
[controller_server-2] [WARN] [1756928589.380920256] [controller_server]: Unable to transform robot pose into global plan's frame
[controller_server-2] [WARN] [1756928589.381110313] [controller_server]: Control loop missed its desired rate of 10.0000Hz
[controller_server-2] [ERROR] [1756928589.482524556] [controller_server]: Exception in transformPose: Lookup would require extrapolation into the future.  Requested time 1756928589.114680 but the latest data is at time 1756928588.353027, when looking up transform from frame [odom] to frame [map]
[controller_server-2] [WARN] [1756928589.482662710] [controller_server]: Unable to transform robot pose into global plan's frame
[controller_server-2] [WARN] [1756928589.483128539] [controller_server]: Control loop missed its desired rate of 10.0000Hz
[controller_server-2] [ERROR] [1756928589.586342879] [controller_server]: Exception in transformPose: Lookup would require extrapolation into the future.  Requested time 1756928589.114680 but the latest data is at time 1756928588.353027, when looking up transform from frame [odom] to frame [map]
[controller_server-2] [WARN] [1756928589.586464455] [controller_server]: Unable to transform robot pose into global plan's frame
[controller_server-2] [WARN] [1756928589.586696906] [controller_server]: Control loop missed its desired rate of 10.0000Hz
[explore-10] [ERROR] [1756928589.611644999] [explore_node]: Extrapolation Error looking up robot pose: Lookup would require extrapolation into the future.  Requested time 1756928589.307643 but the latest data is at time 1756928589.114680, when looking up transform from frame [base_link] to frame [map]
[explore-10] 
[explore-10] [INFO] [1756928589.650351042] [explore_node]: [NAV] Remembered last goal (-3.25, 4.00, yaw from quat).
[bt_navigator-6] [INFO] [1756928589.652114513] [bt_navigator]: Received goal preemption request
[bt_navigator-6] [INFO] [1756928589.652160485] [bt_navigator]: Begin navigating from current location (-2.00, 1.33) to (-3.25, 4.00)
[controller_server-2] [ERROR] [1756928589.688203175] [controller_server]: Exception in transformPose: Lookup would require extrapolation into the future.  Requested time 1756928589.114680 but the latest data is at time 1756928588.353027, when looking up transform from frame [odom] to frame [map]
[controller_server-2] [WARN] [1756928589.688319041] [controller_server]: Unable to transform robot pose into global plan's frame
[controller_server-2] [WARN] [1756928589.688588867] [controller_server]: Control loop missed its desired rate of 10.0000Hz
[controller_server-2] [ERROR] [1756928589.791517471] [controller_server]: Exception in transformPose: Lookup would require extrapolation into the future.  Requested time 1756928589.114680 but the latest data is at time 1756928588.353027, when looking up transform from frame [odom] to frame [map]
[controller_server-2] [WARN] [1756928589.791568675] [controller_server]: Unable to transform robot pose into global plan's frame
[controller_server-2] [WARN] [1756928589.791648320] [controller_server]: Control loop missed its desired rate of 10.0000Hz
[controller_server-2] [ERROR] [1756928589.892709655] [controller_server]: Exception in transformPose: Lookup would require extrapolation into the future.  Requested time 1756928589.114680 but the latest data is at time 1756928588.353027, when looking up transform from frame [odom] to frame [map]
[controller_server-2] [WARN] [1756928589.892835377] [controller_server]: Unable to transform robot pose into global plan's frame
[controller_server-2] [WARN] [1756928589.893090643] [controller_server]: Control loop missed its desired rate of 10.0000Hz
[controller_server-2] [INFO] [1756928590.373483379] [controller_server]: Passing new path to controller.
[controller_server-2] [INFO] [1756928591.373549916] [controller_server]: Passing new path to controller.
[controller_server-2] [ERROR] [1756928591.875292036] [controller_server]: Exception in transformPose: Lookup would require extrapolation into the future.  Requested time 1756928591.714127 but the latest data is at time 1756928591.672123, when looking up transform from frame [odom] to frame [map]
[controller_server-2] [WARN] [1756928591.875422272] [controller_server]: Unable to transform robot pose into global plan's frame
[controller_server-2] [WARN] [1756928591.875607751] [controller_server]: Control loop missed its desired rate of 10.0000Hz
[controller_server-2] [ERROR] [1756928591.979262067] [controller_server]: Exception in transformPose: Lookup would require extrapolation into the future.  Requested time 1756928591.714127 but the latest data is at time 1756928591.672123, when looking up transform from frame [odom] to frame [map]
[controller_server-2] [WARN] [1756928591.979324569] [controller_server]: Unable to transform robot pose into global plan's frame
[controller_server-2] [WARN] [1756928591.979410037] [controller_server]: Control loop missed its desired rate of 10.0000Hz
[controller_server-2] [ERROR] [1756928592.081000849] [controller_server]: Exception in transformPose: Lookup would require extrapolation into the future.  Requested time 1756928591.714127 but the latest data is at time 1756928591.672123, when looking up transform from frame [odom] to frame [map]
[controller_server-2] [WARN] [1756928592.081124448] [controller_server]: Unable to transform robot pose into global plan's frame
[controller_server-2] [WARN] [1756928592.081303978] [controller_server]: Control loop missed its desired rate of 10.0000Hz
[controller_server-2] [ERROR] [1756928592.185310912] [controller_server]: Exception in transformPose: Lookup would require extrapolation into the future.  Requested time 1756928591.714127 but the latest data is at time 1756928591.672123, when looking up transform from frame [odom] to frame [map]
[controller_server-2] [WARN] [1756928592.185427126] [controller_server]: Unable to transform robot pose into global plan's frame
[controller_server-2] [WARN] [1756928592.185607666] [controller_server]: Control loop missed its desired rate of 10.0000Hz
[controller_server-2] [ERROR] [1756928592.286594960] [controller_server]: Exception in transformPose: Lookup would require extrapolation into the future.  Requested time 1756928591.714127 but the latest data is at time 1756928591.672123, when looking up transform from frame [odom] to frame [map]
[controller_server-2] [WARN] [1756928592.286636220] [controller_server]: Unable to transform robot pose into global plan's frame
[controller_server-2] [WARN] [1756928592.286694099] [controller_server]: Control loop missed its desired rate of 10.0000Hz
[controller_server-2] [ERROR] [1756928592.388298277] [controller_server]: Exception in transformPose: Lookup would require extrapolation into the future.  Requested time 1756928591.714127 but the latest data is at time 1756928591.672123, when looking up transform from frame [odom] to frame [map]
[controller_server-2] [WARN] [1756928592.388402407] [controller_server]: Unable to transform robot pose into global plan's frame
[controller_server-2] [WARN] [1756928592.388541254] [controller_server]: Control loop missed its desired rate of 10.0000Hz
[controller_server-2] [INFO] [1756928592.388565133] [controller_server]: Passing new path to controller.
[controller_server-2] [ERROR] [1756928592.489570297] [controller_server]: Exception in transformPose: Lookup would require extrapolation into the future.  Requested time 1756928591.714127 but the latest data is at time 1756928591.672123, when looking up transform from frame [odom] to frame [map]
[controller_server-2] [WARN] [1756928592.489623713] [controller_server]: Unable to transform robot pose into global plan's frame
[controller_server-2] [WARN] [1756928592.489674277] [controller_server]: Control loop missed its desired rate of 10.0000Hz
[controller_server-2] [ERROR] [1756928592.590833704] [controller_server]: Exception in transformPose: Lookup would require extrapolation into the future.  Requested time 1756928591.714127 but the latest data is at time 1756928591.672123, when looking up transform from frame [odom] to frame [map]
[controller_server-2] [WARN] [1756928592.590943245] [controller_server]: Unable to transform robot pose into global plan's frame
[controller_server-2] [WARN] [1756928592.591123431] [controller_server]: Control loop missed its desired rate of 10.0000Hz
[controller_server-2] [ERROR] [1756928592.692202193] [controller_server]: Exception in transformPose: Lookup would require extrapolation into the future.  Requested time 1756928591.714127 but the latest data is at time 1756928591.672123, when looking up transform from frame [odom] to frame [map]
[controller_server-2] [WARN] [1756928592.692317444] [controller_server]: Unable to transform robot pose into global plan's frame
[controller_server-2] [WARN] [1756928592.692516704] [controller_server]: Control loop missed its desired rate of 10.0000Hz
[controller_server-2] [ERROR] [1756928592.795852020] [controller_server]: Exception in transformPose: Lookup would require extrapolation into the future.  Requested time 1756928591.714127 but the latest data is at time 1756928591.672123, when looking up transform from frame [odom] to frame [map]
[controller_server-2] [WARN] [1756928592.795959772] [controller_server]: Unable to transform robot pose into global plan's frame
[controller_server-2] [WARN] [1756928592.796133336] [controller_server]: Control loop missed its desired rate of 10.0000Hz
[controller_server-2] [ERROR] [1756928592.897286743] [controller_server]: Exception in transformPose: Lookup would require extrapolation into the future.  Requested time 1756928591.714127 but the latest data is at time 1756928591.672123, when looking up transform from frame [odom] to frame [map]
[controller_server-2] [WARN] [1756928592.897401686] [controller_server]: Unable to transform robot pose into global plan's frame
[controller_server-2] [WARN] [1756928592.897614748] [controller_server]: Control loop missed its desired rate of 10.0000Hz
[controller_server-2] [WARN] [1756928593.003131067] [controller_server]: Control loop missed its desired rate of 10.0000Hz
[controller_server-2] [ERROR] [1756928593.104643209] [controller_server]: Exception in transformPose: Lookup would require extrapolation into the future.  Requested time 1756928592.114155 but the latest data is at time 1756928591.943527, when looking up transform from frame [odom] to frame [map]
[controller_server-2] [WARN] [1756928593.104777453] [controller_server]: Unable to transform robot pose into global plan's frame
[controller_server-2] [WARN] [1756928593.104972564] [controller_server]: Control loop missed its desired rate of 10.0000Hz
[controller_server-2] [INFO] [1756928593.373477100] [controller_server]: Passing new path to controller.
[rviz2-11] [INFO] [1756928593.977392365] [rviz2]: Trying to create a map of size 329 x 230 using 1 swatches
[controller_server-2] [INFO] [1756928594.005866323] [local_costmap.local_costmap]: StaticLayer: Resizing static layer to 329 X 230 at 0.040000 m/pix
[planner_server-4] [INFO] [1756928594.026921691] [global_costmap.global_costmap]: StaticLayer: Resizing costmap to 329 X 230 at 0.040000 m/pix
[rviz2-11] [INFO] [1756928594.045881186] [rviz2]: Trying to create a map of size 329 x 230 using 1 swatches
[controller_server-2] [INFO] [1756928594.473549808] [controller_server]: Passing new path to controller.
[controller_server-2] [ERROR] [1756928595.374609040] [controller_server]: Exception in transformPose: Lookup would require extrapolation into the future.  Requested time 1756928595.213937 but the latest data is at time 1756928593.475463, when looking up transform from frame [odom] to frame [map]
[controller_server-2] [WARN] [1756928595.374737346] [controller_server]: Unable to transform robot pose into global plan's frame
[controller_server-2] [WARN] [1756928595.374929250] [controller_server]: Control loop missed its desired rate of 10.0000Hz
[controller_server-2] [ERROR] [1756928595.477128583] [controller_server]: Exception in transformPose: Lookup would require extrapolation into the future.  Requested time 1756928595.213937 but the latest data is at time 1756928593.475463, when looking up transform from frame [odom] to frame [map]
[controller_server-2] [WARN] [1756928595.477276801] [controller_server]: Unable to transform robot pose into global plan's frame
[controller_server-2] [WARN] [1756928595.477581967] [controller_server]: Control loop missed its desired rate of 10.0000Hz
[controller_server-2] [INFO] [1756928595.477636094] [controller_server]: Passing new path to controller.
[controller_server-2] [ERROR] [1756928595.582289185] [controller_server]: Exception in transformPose: Lookup would require extrapolation into the future.  Requested time 1756928595.213937 but the latest data is at time 1756928593.475463, when looking up transform from frame [odom] to frame [map]
[controller_server-2] [WARN] [1756928595.582447269] [controller_server]: Unable to transform robot pose into global plan's frame
[controller_server-2] [WARN] [1756928595.582731995] [controller_server]: Control loop missed its desired rate of 10.0000Hz
[controller_server-2] [ERROR] [1756928595.684895944] [controller_server]: Exception in transformPose: Lookup would require extrapolation into the future.  Requested time 1756928595.213937 but the latest data is at time 1756928593.475463, when looking up transform from frame [odom] to frame [map]
[controller_server-2] [WARN] [1756928595.685047347] [controller_server]: Unable to transform robot pose into global plan's frame
[controller_server-2] [WARN] [1756928595.685240190] [controller_server]: Control loop missed its desired rate of 10.0000Hz
[controller_server-2] [ERROR] [1756928595.788578030] [controller_server]: Exception in transformPose: Lookup would require extrapolation into the future.  Requested time 1756928595.213937 but the latest data is at time 1756928593.475463, when looking up transform from frame [odom] to frame [map]
[controller_server-2] [WARN] [1756928595.788621632] [controller_server]: Unable to transform robot pose into global plan's frame
[controller_server-2] [WARN] [1756928595.788682679] [controller_server]: Control loop missed its desired rate of 10.0000Hz
[rviz2-11] [INFO] [1756928595.997508855] [rviz2]: Trying to create a map of size 329 x 236 using 1 swatches
[controller_server-2] [INFO] [1756928596.005928662] [local_costmap.local_costmap]: StaticLayer: Resizing static layer to 329 X 236 at 0.040000 m/pix
[planner_server-4] [INFO] [1756928596.026922834] [global_costmap.global_costmap]: StaticLayer: Resizing costmap to 329 X 236 at 0.040000 m/pix
[rviz2-11] [INFO] [1756928596.061614290] [rviz2]: Trying to create a map of size 329 x 236 using 1 swatches
[explore-10] [ERROR] [1756928596.278187196] [explore_node]: Extrapolation Error looking up robot pose: Lookup would require extrapolation into the future.  Requested time 1756928595.973834 but the latest data is at time 1756928595.813924, when looking up transform from frame [base_link] to frame [map]
[explore-10] 
[explore-10] [INFO] [1756928596.300346988] [explore_node]: [NAV] Remembered last goal (-3.26, 4.04, yaw from quat).
[bt_navigator-6] [INFO] [1756928596.302211673] [bt_navigator]: Received goal preemption request
[bt_navigator-6] [INFO] [1756928596.302312891] [bt_navigator]: Begin navigating from current location (-2.79, 2.47) to (-3.26, 4.04)
[controller_server-2] [INFO] [1756928596.473479501] [controller_server]: Passing new path to controller.
[explore-10] [INFO] [1756928596.638671454] [explore_node]: [NAV] Remembered last goal (-3.24, 4.11, yaw from quat).
[bt_navigator-6] [INFO] [1756928596.642117734] [bt_navigator]: Received goal preemption request
[bt_navigator-6] [INFO] [1756928596.642172592] [bt_navigator]: Begin navigating from current location (-2.79, 2.47) to (-3.24, 4.11)
[controller_server-2] [ERROR] [1756928596.874415756] [controller_server]: Exception in transformPose: Lookup would require extrapolation into the future.  Requested time 1756928596.663920 but the latest data is at time 1756928596.083976, when looking up transform from frame [odom] to frame [map]
[controller_server-2] [WARN] [1756928596.874532064] [controller_server]: Unable to transform robot pose into global plan's frame
[controller_server-2] [WARN] [1756928596.874794892] [controller_server]: Control loop missed its desired rate of 10.0000Hz
[controller_server-2] [ERROR] [1756928596.977925877] [controller_server]: Exception in transformPose: Lookup would require extrapolation into the future.  Requested time 1756928596.663920 but the latest data is at time 1756928596.083976, when looking up transform from frame [odom] to frame [map]
[controller_server-2] [WARN] [1756928596.977950796] [controller_server]: Unable to transform robot pose into global plan's frame
[controller_server-2] [WARN] [1756928596.977984302] [controller_server]: Control loop missed its desired rate of 10.0000Hz
[controller_server-2] [ERROR] [1756928597.078940780] [controller_server]: Exception in transformPose: Lookup would require extrapolation into the future.  Requested time 1756928596.663920 but the latest data is at time 1756928596.083976, when looking up transform from frame [odom] to frame [map]
[controller_server-2] [WARN] [1756928597.079070431] [controller_server]: Unable to transform robot pose into global plan's frame
[controller_server-2] [WARN] [1756928597.079260529] [controller_server]: Control loop missed its desired rate of 10.0000Hz
[controller_server-2] [ERROR] [1756928597.182397916] [controller_server]: Exception in transformPose: Lookup would require extrapolation into the future.  Requested time 1756928596.663920 but the latest data is at time 1756928596.159534, when looking up transform from frame [odom] to frame [map]
[controller_server-2] [WARN] [1756928597.182523755] [controller_server]: Unable to transform robot pose into global plan's frame
[controller_server-2] [WARN] [1756928597.182711715] [controller_server]: Control loop missed its desired rate of 10.0000Hz
[controller_server-2] [ERROR] [1756928597.284743354] [controller_server]: Exception in transformPose: Lookup would require extrapolation into the future.  Requested time 1756928597.063970 but the latest data is at time 1756928596.159534, when looking up transform from frame [odom] to frame [map]
[controller_server-2] [WARN] [1756928597.284890065] [controller_server]: Unable to transform robot pose into global plan's frame
[controller_server-2] [WARN] [1756928597.285388774] [controller_server]: Control loop missed its desired rate of 10.0000Hz
[controller_server-2] [ERROR] [1756928597.389343870] [controller_server]: Exception in transformPose: Lookup would require extrapolation into the future.  Requested time 1756928597.063970 but the latest data is at time 1756928596.159534, when looking up transform from frame [odom] to frame [map]
[controller_server-2] [WARN] [1756928597.389460723] [controller_server]: Unable to transform robot pose into global plan's frame
[controller_server-2] [WARN] [1756928597.389637437] [controller_server]: Control loop missed its desired rate of 10.0000Hz
[controller_server-2] [ERROR] [1756928597.491456371] [controller_server]: Exception in transformPose: Lookup would require extrapolation into the future.  Requested time 1756928597.063970 but the latest data is at time 1756928596.159534, when looking up transform from frame [odom] to frame [map]
[controller_server-2] [WARN] [1756928597.491598144] [controller_server]: Unable to transform robot pose into global plan's frame
[controller_server-2] [WARN] [1756928597.491890894] [controller_server]: Control loop missed its desired rate of 10.0000Hz
[controller_server-2] [ERROR] [1756928597.595690263] [controller_server]: Exception in transformPose: Lookup would require extrapolation into the future.  Requested time 1756928597.063970 but the latest data is at time 1756928596.159534, when looking up transform from frame [odom] to frame [map]
[controller_server-2] [WARN] [1756928597.595845051] [controller_server]: Unable to transform robot pose into global plan's frame
[controller_server-2] [WARN] [1756928597.596134294] [controller_server]: Control loop missed its desired rate of 10.0000Hz
[controller_server-2] [INFO] [1756928597.596189031] [controller_server]: Passing new path to controller.
[controller_server-2] [ERROR] [1756928597.697737313] [controller_server]: Exception in transformPose: Lookup would require extrapolation into the future.  Requested time 1756928597.063970 but the latest data is at time 1756928596.159534, when looking up transform from frame [odom] to frame [map]
[controller_server-2] [WARN] [1756928597.697855708] [controller_server]: Unable to transform robot pose into global plan's frame
[controller_server-2] [WARN] [1756928597.698039745] [controller_server]: Control loop missed its desired rate of 10.0000Hz
[controller_server-2] [ERROR] [1756928597.801327011] [controller_server]: Exception in transformPose: Lookup would require extrapolation into the future.  Requested time 1756928597.063970 but the latest data is at time 1756928596.159534, when looking up transform from frame [odom] to frame [map]
[controller_server-2] [WARN] [1756928597.801501494] [controller_server]: Unable to transform robot pose into global plan's frame
[controller_server-2] [WARN] [1756928597.801732116] [controller_server]: Control loop missed its desired rate of 10.0000Hz
[controller_server-2] [ERROR] [1756928597.902781654] [controller_server]: Exception in transformPose: Lookup would require extrapolation into the future.  Requested time 1756928597.663948 but the latest data is at time 1756928596.159534, when looking up transform from frame [odom] to frame [map]
[controller_server-2] [WARN] [1756928597.902894156] [controller_server]: Unable to transform robot pose into global plan's frame
[controller_server-2] [WARN] [1756928597.903069192] [controller_server]: Control loop missed its desired rate of 10.0000Hz
[controller_server-2] [ERROR] [1756928598.006213989] [controller_server]: Exception in transformPose: Lookup would require extrapolation into the future.  Requested time 1756928597.663948 but the latest data is at time 1756928596.159534, when looking up transform from frame [odom] to frame [map]
[controller_server-2] [WARN] [1756928598.006334731] [controller_server]: Unable to transform robot pose into global plan's frame
[controller_server-2] [WARN] [1756928598.006515123] [controller_server]: Control loop missed its desired rate of 10.0000Hz
[controller_server-2] [ERROR] [1756928598.110245412] [controller_server]: Exception in transformPose: Lookup would require extrapolation into the future.  Requested time 1756928597.663948 but the latest data is at time 1756928596.159534, when looking up transform from frame [odom] to frame [map]
[controller_server-2] [WARN] [1756928598.110353913] [controller_server]: Unable to transform robot pose into global plan's frame
[controller_server-2] [WARN] [1756928598.110529867] [controller_server]: Control loop missed its desired rate of 10.0000Hz
[controller_server-2] [ERROR] [1756928598.212723739] [controller_server]: Exception in transformPose: Lookup would require extrapolation into the future.  Requested time 1756928597.663948 but the latest data is at time 1756928596.159534, when looking up transform from frame [odom] to frame [map]
[controller_server-2] [WARN] [1756928598.212866376] [controller_server]: Unable to transform robot pose into global plan's frame
[controller_server-2] [WARN] [1756928598.213155213] [controller_server]: Control loop missed its desired rate of 10.0000Hz
[controller_server-2] [ERROR] [1756928598.375749309] [controller_server]: Exception in transformPose: Lookup would require extrapolation into the future.  Requested time 1756928598.114281 but the latest data is at time 1756928598.049471, when looking up transform from frame [odom] to frame [map]
[controller_server-2] [WARN] [1756928598.375882058] [controller_server]: Unable to transform robot pose into global plan's frame
[controller_server-2] [WARN] [1756928598.376148787] [controller_server]: Control loop missed its desired rate of 10.0000Hz
[controller_server-2] [ERROR] [1756928598.478355202] [controller_server]: Exception in transformPose: Lookup would require extrapolation into the future.  Requested time 1756928598.263996 but the latest data is at time 1756928598.049471, when looking up transform from frame [odom] to frame [map]
[controller_server-2] [WARN] [1756928598.478507522] [controller_server]: Unable to transform robot pose into global plan's frame
[controller_server-2] [WARN] [1756928598.478804631] [controller_server]: Control loop missed its desired rate of 10.0000Hz
[controller_server-2] [ERROR] [1756928598.583621250] [controller_server]: Exception in transformPose: Lookup would require extrapolation into the future.  Requested time 1756928598.263996 but the latest data is at time 1756928598.049471, when looking up transform from frame [odom] to frame [map]
[controller_server-2] [WARN] [1756928598.583757822] [controller_server]: Unable to transform robot pose into global plan's frame
[controller_server-2] [WARN] [1756928598.583959735] [controller_server]: Control loop missed its desired rate of 10.0000Hz
[controller_server-2] [INFO] [1756928598.583987209] [controller_server]: Passing new path to controller.
[controller_server-2] [ERROR] [1756928598.686264745] [controller_server]: Exception in transformPose: Lookup would require extrapolation into the future.  Requested time 1756928598.263996 but the latest data is at time 1756928598.049471, when looking up transform from frame [odom] to frame [map]
[controller_server-2] [WARN] [1756928598.686394409] [controller_server]: Unable to transform robot pose into global plan's frame
[controller_server-2] [WARN] [1756928598.686580558] [controller_server]: Control loop missed its desired rate of 10.0000Hz
[controller_server-2] [ERROR] [1756928598.790183561] [controller_server]: Exception in transformPose: Lookup would require extrapolation into the future.  Requested time 1756928598.263996 but the latest data is at time 1756928598.049471, when looking up transform from frame [odom] to frame [map]
[controller_server-2] [WARN] [1756928598.790309664] [controller_server]: Unable to transform robot pose into global plan's frame
[controller_server-2] [WARN] [1756928598.790501305] [controller_server]: Control loop missed its desired rate of 10.0000Hz
[controller_server-2] [ERROR] [1756928598.891939240] [controller_server]: Exception in transformPose: Lookup would require extrapolation into the future.  Requested time 1756928598.263996 but the latest data is at time 1756928598.049471, when looking up transform from frame [odom] to frame [map]
[controller_server-2] [WARN] [1756928598.892061859] [controller_server]: Unable to transform robot pose into global plan's frame
[controller_server-2] [WARN] [1756928598.892248190] [controller_server]: Control loop missed its desired rate of 10.0000Hz
[controller_server-2] [ERROR] [1756928598.996447346] [controller_server]: Exception in transformPose: Lookup would require extrapolation into the future.  Requested time 1756928598.263996 but the latest data is at time 1756928598.049471, when looking up transform from frame [odom] to frame [map]
[controller_server-2] [WARN] [1756928598.996593584] [controller_server]: Unable to transform robot pose into global plan's frame
[controller_server-2] [WARN] [1756928598.996778508] [controller_server]: Control loop missed its desired rate of 10.0000Hz
[controller_server-2] [ERROR] [1756928599.098440843] [controller_server]: Exception in transformPose: Lookup would require extrapolation into the future.  Requested time 1756928598.263996 but the latest data is at time 1756928598.049471, when looking up transform from frame [odom] to frame [map]
[controller_server-2] [WARN] [1756928599.098559151] [controller_server]: Unable to transform robot pose into global plan's frame
[controller_server-2] [WARN] [1756928599.098746304] [controller_server]: Control loop missed its desired rate of 10.0000Hz
[controller_server-2] [ERROR] [1756928599.201917739] [controller_server]: Exception in transformPose: Lookup would require extrapolation into the future.  Requested time 1756928598.614008 but the latest data is at time 1756928598.543305, when looking up transform from frame [odom] to frame [map]
[controller_server-2] [WARN] [1756928599.201971302] [controller_server]: Unable to transform robot pose into global plan's frame
[controller_server-2] [WARN] [1756928599.202048149] [controller_server]: Control loop missed its desired rate of 10.0000Hz
[controller_server-2] [ERROR] [1756928599.303046980] [controller_server]: Exception in transformPose: Lookup would require extrapolation into the future.  Requested time 1756928599.114082 but the latest data is at time 1756928598.543305, when looking up transform from frame [odom] to frame [map]
[controller_server-2] [WARN] [1756928599.303162537] [controller_server]: Unable to transform robot pose into global plan's frame
[controller_server-2] [WARN] [1756928599.303344560] [controller_server]: Control loop missed its desired rate of 10.0000Hz
[controller_server-2] [ERROR] [1756928599.406710654] [controller_server]: Exception in transformPose: Lookup would require extrapolation into the future.  Requested time 1756928599.164236 but the latest data is at time 1756928598.543305, when looking up transform from frame [odom] to frame [map]
[controller_server-2] [WARN] [1756928599.406825668] [controller_server]: Unable to transform robot pose into global plan's frame
[controller_server-2] [WARN] [1756928599.407003272] [controller_server]: Control loop missed its desired rate of 10.0000Hz
[controller_server-2] [ERROR] [1756928599.510504220] [controller_server]: Exception in transformPose: Lookup would require extrapolation into the future.  Requested time 1756928599.164236 but the latest data is at time 1756928598.543305, when looking up transform from frame [odom] to frame [map]
[controller_server-2] [WARN] [1756928599.510623375] [controller_server]: Unable to transform robot pose into global plan's frame
[controller_server-2] [WARN] [1756928599.510845809] [controller_server]: Control loop missed its desired rate of 10.0000Hz
[controller_server-2] [ERROR] [1756928599.612156148] [controller_server]: Exception in transformPose: Lookup would require extrapolation into the future.  Requested time 1756928599.164236 but the latest data is at time 1756928598.543305, when looking up transform from frame [odom] to frame [map]
[controller_server-2] [WARN] [1756928599.612264438] [controller_server]: Unable to transform robot pose into global plan's frame
[controller_server-2] [WARN] [1756928599.612449260] [controller_server]: Control loop missed its desired rate of 10.0000Hz
[controller_server-2] [INFO] [1756928599.612495451] [controller_server]: Passing new path to controller.
[controller_server-2] [ERROR] [1756928599.715904374] [controller_server]: Exception in transformPose: Lookup would require extrapolation into the future.  Requested time 1756928599.164236 but the latest data is at time 1756928598.543305, when looking up transform from frame [odom] to frame [map]
[controller_server-2] [WARN] [1756928599.716024592] [controller_server]: Unable to transform robot pose into global plan's frame
[controller_server-2] [WARN] [1756928599.716202547] [controller_server]: Control loop missed its desired rate of 10.0000Hz
[controller_server-2] [ERROR] [1756928599.817930004] [controller_server]: Exception in transformPose: Lookup would require extrapolation into the future.  Requested time 1756928599.164236 but the latest data is at time 1756928598.543305, when looking up transform from frame [odom] to frame [map]
[controller_server-2] [WARN] [1756928599.818057730] [controller_server]: Unable to transform robot pose into global plan's frame
[controller_server-2] [WARN] [1756928599.818241353] [controller_server]: Control loop missed its desired rate of 10.0000Hz
[controller_server-2] [WARN] [1756928599.923193581] [controller_server]: Control loop missed its desired rate of 10.0000Hz
[controller_server-2] [ERROR] [1756928600.024332995] [controller_server]: Exception in transformPose: Lookup would require extrapolation into the future.  Requested time 1756928599.564022 but the latest data is at time 1756928599.553858, when looking up transform from frame [odom] to frame [map]
[controller_server-2] [WARN] [1756928600.024460070] [controller_server]: Unable to transform robot pose into global plan's frame
[controller_server-2] [WARN] [1756928600.024653023] [controller_server]: Control loop missed its desired rate of 10.0000Hz
[controller_server-2] [WARN] [1756928600.108910326] [controller_server]: Control loop missed its desired rate of 10.0000Hz
[controller_server-2] [INFO] [1756928600.673558202] [controller_server]: Passing new path to controller.
[controller_server-2] [INFO] [1756928601.673484443] [controller_server]: Passing new path to controller.
[controller_server-2] [ERROR] [1756928602.475092268] [controller_server]: Exception in transformPose: Lookup would require extrapolation into the future.  Requested time 1756928602.264019 but the latest data is at time 1756928601.844819, when looking up transform from frame [odom] to frame [map]
[controller_server-2] [WARN] [1756928602.475212781] [controller_server]: Unable to transform robot pose into global plan's frame
[controller_server-2] [WARN] [1756928602.475404930] [controller_server]: Control loop missed its desired rate of 10.0000Hz
[controller_server-2] [WARN] [1756928602.488198779] [controller_server]: RegulatedPurePursuitController detected collision ahead!
[controller_server-2] [WARN] [1756928602.574289429] [controller_server]: RegulatedPurePursuitController detected collision ahead!
[controller_server-2] [INFO] [1756928602.673533137] [controller_server]: Passing new path to controller.
[controller_server-2] [WARN] [1756928602.674520246] [controller_server]: RegulatedPurePursuitController detected collision ahead!
[controller_server-2] [WARN] [1756928602.774314812] [controller_server]: RegulatedPurePursuitController detected collision ahead!
[controller_server-2] [WARN] [1756928602.874267722] [controller_server]: RegulatedPurePursuitController detected collision ahead!
[controller_server-2] [WARN] [1756928602.974240811] [controller_server]: RegulatedPurePursuitController detected collision ahead!
[controller_server-2] [WARN] [1756928603.073802647] [controller_server]: RegulatedPurePursuitController detected collision ahead!
[controller_server-2] [WARN] [1756928603.174326817] [controller_server]: RegulatedPurePursuitController detected collision ahead!
[controller_server-2] [WARN] [1756928603.274322312] [controller_server]: RegulatedPurePursuitController detected collision ahead!
[controller_server-2] [WARN] [1756928603.374319172] [controller_server]: RegulatedPurePursuitController detected collision ahead!
[controller_server-2] [WARN] [1756928603.474259733] [controller_server]: RegulatedPurePursuitController detected collision ahead!
[controller_server-2] [WARN] [1756928603.574307638] [controller_server]: RegulatedPurePursuitController detected collision ahead!
[controller_server-2] [INFO] [1756928603.673488786] [controller_server]: Passing new path to controller.
[controller_server-2] [WARN] [1756928603.674435094] [controller_server]: RegulatedPurePursuitController detected collision ahead!
[controller_server-2] [WARN] [1756928603.865252153] [controller_server]: RegulatedPurePursuitController detected collision ahead!
[controller_server-2] [WARN] [1756928603.904430115] [controller_server]: RegulatedPurePursuitController detected collision ahead!
[controller_server-2] [WARN] [1756928603.973983656] [controller_server]: RegulatedPurePursuitController detected collision ahead!
[rviz2-11] [INFO] [1756928603.996861627] [rviz2]: Trying to create a map of size 329 x 240 using 1 swatches
[controller_server-2] [INFO] [1756928604.005818250] [local_costmap.local_costmap]: StaticLayer: Resizing static layer to 329 X 240 at 0.040000 m/pix
[planner_server-4] [INFO] [1756928604.026837542] [global_costmap.global_costmap]: StaticLayer: Resizing costmap to 329 X 240 at 0.040000 m/pix
[rviz2-11] [INFO] [1756928604.061595857] [rviz2]: Trying to create a map of size 329 x 240 using 1 swatches
[controller_server-2] [WARN] [1756928604.074053901] [controller_server]: RegulatedPurePursuitController detected collision ahead!
[controller_server-2] [WARN] [1756928604.174216345] [controller_server]: RegulatedPurePursuitController detected collision ahead!
[controller_server-2] [WARN] [1756928604.274278537] [controller_server]: RegulatedPurePursuitController detected collision ahead!
[controller_server-2] [ERROR] [1756928604.274374789] [controller_server]: Controller patience exceeded
[controller_server-2] [WARN] [1756928604.274450876] [controller_server]: [follow_path] [ActionServer] Aborting handle.
[controller_server-2] [INFO] [1756928604.292577823] [local_costmap.local_costmap]: Received request to clear entirely the local_costmap
[controller_server-2] [INFO] [1756928604.294149833] [controller_server]: Received a goal, begin computing control effort.
[controller_server-2] [WARN] [1756928604.415233744] [controller_server]: RegulatedPurePursuitController detected collision ahead!
[controller_server-2] [WARN] [1756928604.415429452] [controller_server]: Control loop missed its desired rate of 10.0000Hz
[controller_server-2] [WARN] [1756928604.416067274] [controller_server]: RegulatedPurePursuitController detected collision ahead!
[controller_server-2] [WARN] [1756928604.495150622] [controller_server]: RegulatedPurePursuitController detected collision ahead!
[controller_server-2] [WARN] [1756928604.595143396] [controller_server]: RegulatedPurePursuitController detected collision ahead!
[controller_server-2] [INFO] [1756928604.694348005] [controller_server]: Passing new path to controller.
[controller_server-2] [WARN] [1756928604.695314988] [controller_server]: RegulatedPurePursuitController detected collision ahead!
[controller_server-2] [WARN] [1756928604.794846103] [controller_server]: RegulatedPurePursuitController detected collision ahead!
[controller_server-2] [WARN] [1756928604.895093815] [controller_server]: RegulatedPurePursuitController detected collision ahead!
[controller_server-2] [WARN] [1756928604.995095626] [controller_server]: RegulatedPurePursuitController detected collision ahead!
[controller_server-2] [WARN] [1756928605.095092369] [controller_server]: RegulatedPurePursuitController detected collision ahead!
[controller_server-2] [WARN] [1756928605.195085699] [controller_server]: RegulatedPurePursuitController detected collision ahead!
[controller_server-2] [WARN] [1756928605.295098587] [controller_server]: RegulatedPurePursuitController detected collision ahead!
[controller_server-2] [ERROR] [1756928605.495774525] [controller_server]: Exception in transformPose: Lookup would require extrapolation into the future.  Requested time 1756928605.314166 but the latest data is at time 1756928604.595673, when looking up transform from frame [odom] to frame [map]
[controller_server-2] [WARN] [1756928605.495942399] [controller_server]: Unable to transform robot pose into global plan's frame
[controller_server-2] [WARN] [1756928605.496244251] [controller_server]: Control loop missed its desired rate of 10.0000Hz
[controller_server-2] [ERROR] [1756928605.600264419] [controller_server]: Exception in transformPose: Lookup would require extrapolation into the future.  Requested time 1756928605.384583 but the latest data is at time 1756928604.595673, when looking up transform from frame [odom] to frame [map]
[controller_server-2] [WARN] [1756928605.600406532] [controller_server]: Unable to transform robot pose into global plan's frame
[controller_server-2] [WARN] [1756928605.600898687] [controller_server]: Control loop missed its desired rate of 10.0000Hz
[controller_server-2] [ERROR] [1756928605.703299535] [controller_server]: Exception in transformPose: Lookup would require extrapolation into the future.  Requested time 1756928605.384583 but the latest data is at time 1756928604.595673, when looking up transform from frame [odom] to frame [map]
[controller_server-2] [WARN] [1756928605.703423921] [controller_server]: Unable to transform robot pose into global plan's frame
[controller_server-2] [WARN] [1756928605.703611909] [controller_server]: Control loop missed its desired rate of 10.0000Hz
[controller_server-2] [ERROR] [1756928605.807470290] [controller_server]: Exception in transformPose: Lookup would require extrapolation into the future.  Requested time 1756928605.384583 but the latest data is at time 1756928604.595673, when looking up transform from frame [odom] to frame [map]
[controller_server-2] [WARN] [1756928605.807594638] [controller_server]: Unable to transform robot pose into global plan's frame
[controller_server-2] [WARN] [1756928605.807779214] [controller_server]: Control loop missed its desired rate of 10.0000Hz
[controller_server-2] [INFO] [1756928605.807807007] [controller_server]: Passing new path to controller.
[controller_server-2] [ERROR] [1756928605.910847008] [controller_server]: Exception in transformPose: Lookup would require extrapolation into the future.  Requested time 1756928605.384583 but the latest data is at time 1756928604.595673, when looking up transform from frame [odom] to frame [map]
[controller_server-2] [WARN] [1756928605.910961833] [controller_server]: Unable to transform robot pose into global plan's frame
[controller_server-2] [WARN] [1756928605.911149887] [controller_server]: Control loop missed its desired rate of 10.0000Hz
[controller_server-2] [ERROR] [1756928606.012648524] [controller_server]: Exception in transformPose: Lookup would require extrapolation into the future.  Requested time 1756928605.384583 but the latest data is at time 1756928604.595673, when looking up transform from frame [odom] to frame [map]
[controller_server-2] [WARN] [1756928606.012773567] [controller_server]: Unable to transform robot pose into global plan's frame
[controller_server-2] [WARN] [1756928606.013250010] [controller_server]: Control loop missed its desired rate of 10.0000Hz
[controller_server-2] [ERROR] [1756928606.117802217] [controller_server]: Exception in transformPose: Lookup would require extrapolation into the future.  Requested time 1756928605.384583 but the latest data is at time 1756928604.595673, when looking up transform from frame [odom] to frame [map]
[controller_server-2] [WARN] [1756928606.117938108] [controller_server]: Unable to transform robot pose into global plan's frame
[controller_server-2] [WARN] [1756928606.118155861] [controller_server]: Control loop missed its desired rate of 10.0000Hz
[controller_server-2] [ERROR] [1756928606.220086429] [controller_server]: Exception in transformPose: Lookup would require extrapolation into the future.  Requested time 1756928605.384583 but the latest data is at time 1756928604.595673, when looking up transform from frame [odom] to frame [map]
[controller_server-2] [WARN] [1756928606.220206041] [controller_server]: Unable to transform robot pose into global plan's frame
[controller_server-2] [WARN] [1756928606.220383062] [controller_server]: Control loop missed its desired rate of 10.0000Hz
[controller_server-2] [ERROR] [1756928606.324202103] [controller_server]: Exception in transformPose: Lookup would require extrapolation into the future.  Requested time 1756928605.384583 but the latest data is at time 1756928604.595673, when looking up transform from frame [odom] to frame [map]
[controller_server-2] [WARN] [1756928606.324318116] [controller_server]: Unable to transform robot pose into global plan's frame
[controller_server-2] [ERROR] [1756928606.324360963] [controller_server]: Controller patience exceeded
[controller_server-2] [WARN] [1756928606.324434140] [controller_server]: [follow_path] [ActionServer] Aborting handle.
[behavior_server-5] [INFO] [1756928606.343139355] [behavior_server]: Running spin
[behavior_server-5] [INFO] [1756928606.343495374] [behavior_server]: Turning 1.57 for spin behavior.
[explore-10] [INFO] [1756928609.492368703] [explore_node]: [NAV] Remembered last goal (-0.83, 4.70, yaw from quat).
[bt_navigator-6] [INFO] [1756928609.502166645] [bt_navigator]: Received goal preemption request
[bt_navigator-6] [INFO] [1756928609.502237989] [bt_navigator]: Begin navigating from current location (-3.04, 2.91) to (-0.83, 4.70)
[behavior_server-5] [INFO] [1756928609.543726662] [behavior_server]: spin completed successfully
[controller_server-2] [INFO] [1756928609.593217326] [controller_server]: Received a goal, begin computing control effort.
[controller_server-2] [ERROR] [1756928610.695478269] [controller_server]: Exception in transformPose: Lookup would require extrapolation into the future.  Requested time 1756928610.514014 but the latest data is at time 1756928610.178149, when looking up transform from frame [odom] to frame [map]
[controller_server-2] [WARN] [1756928610.695578513] [controller_server]: Unable to transform robot pose into global plan's frame
[controller_server-2] [WARN] [1756928610.695728829] [controller_server]: Control loop missed its desired rate of 10.0000Hz
[controller_server-2] [INFO] [1756928610.695755633] [controller_server]: Passing new path to controller.
[controller_server-2] [INFO] [1756928611.693561841] [controller_server]: Passing new path to controller.
[controller_server-2] [INFO] [1756928612.693493796] [controller_server]: Passing new path to controller.
[controller_server-2] [ERROR] [1756928612.794902131] [controller_server]: Exception in transformPose: Lookup would require extrapolation into the future.  Requested time 1756928611.164014 but the latest data is at time 1756928610.834795, when looking up transform from frame [odom] to frame [map]
[controller_server-2] [WARN] [1756928612.795023511] [controller_server]: Unable to transform robot pose into global plan's frame
[controller_server-2] [WARN] [1756928612.795223840] [controller_server]: Control loop missed its desired rate of 10.0000Hz
[controller_server-2] [INFO] [1756928613.793528128] [controller_server]: Passing new path to controller.
[controller_server-2] [WARN] [1756928614.294331814] [controller_server]: RegulatedPurePursuitController detected collision ahead!
[controller_server-2] [WARN] [1756928614.394433367] [controller_server]: RegulatedPurePursuitController detected collision ahead!
[controller_server-2] [WARN] [1756928614.494439136] [controller_server]: RegulatedPurePursuitController detected collision ahead!
[controller_server-2] [WARN] [1756928614.594193789] [controller_server]: RegulatedPurePursuitController detected collision ahead!
[controller_server-2] [WARN] [1756928614.694067794] [controller_server]: RegulatedPurePursuitController detected collision ahead!
[controller_server-2] [INFO] [1756928614.793528987] [controller_server]: Passing new path to controller.
[controller_server-2] [WARN] [1756928614.794233001] [controller_server]: RegulatedPurePursuitController detected collision ahead!
[controller_server-2] [WARN] [1756928614.894450940] [controller_server]: RegulatedPurePursuitController detected collision ahead!
[controller_server-2] [WARN] [1756928614.994517304] [controller_server]: RegulatedPurePursuitController detected collision ahead!
[controller_server-2] [WARN] [1756928615.093988057] [controller_server]: RegulatedPurePursuitController detected collision ahead!
[controller_server-2] [WARN] [1756928615.194424283] [controller_server]: RegulatedPurePursuitController detected collision ahead!
[controller_server-2] [WARN] [1756928615.294443935] [controller_server]: RegulatedPurePursuitController detected collision ahead!
[controller_server-2] [WARN] [1756928615.404636659] [controller_server]: RegulatedPurePursuitController detected collision ahead!
[controller_server-2] [ERROR] [1756928615.594496858] [controller_server]: Exception in transformPose: Lookup would require extrapolation into the future.  Requested time 1756928615.413944 but the latest data is at time 1756928615.219528, when looking up transform from frame [odom] to frame [map]
[controller_server-2] [WARN] [1756928615.594616091] [controller_server]: Unable to transform robot pose into global plan's frame
[controller_server-2] [WARN] [1756928615.594816630] [controller_server]: Control loop missed its desired rate of 10.0000Hz
[controller_server-2] [ERROR] [1756928615.696182880] [controller_server]: Exception in transformPose: Lookup would require extrapolation into the future.  Requested time 1756928615.413944 but the latest data is at time 1756928615.219528, when looking up transform from frame [odom] to frame [map]
[controller_server-2] [WARN] [1756928615.696304101] [controller_server]: Unable to transform robot pose into global plan's frame
[controller_server-2] [WARN] [1756928615.696512528] [controller_server]: Control loop missed its desired rate of 10.0000Hz
[controller_server-2] [ERROR] [1756928615.799656104] [controller_server]: Exception in transformPose: Lookup would require extrapolation into the future.  Requested time 1756928615.413944 but the latest data is at time 1756928615.219528, when looking up transform from frame [odom] to frame [map]
[controller_server-2] [WARN] [1756928615.799837217] [controller_server]: Unable to transform robot pose into global plan's frame
[controller_server-2] [WARN] [1756928615.800061601] [controller_server]: Control loop missed its desired rate of 10.0000Hz
[controller_server-2] [INFO] [1756928615.800091216] [controller_server]: Passing new path to controller.
[controller_server-2] [ERROR] [1756928615.901263762] [controller_server]: Exception in transformPose: Lookup would require extrapolation into the future.  Requested time 1756928615.413944 but the latest data is at time 1756928615.219528, when looking up transform from frame [odom] to frame [map]
[controller_server-2] [WARN] [1756928615.901374411] [controller_server]: Unable to transform robot pose into global plan's frame
[controller_server-2] [WARN] [1756928615.901554369] [controller_server]: Control loop missed its desired rate of 10.0000Hz
[controller_server-2] [ERROR] [1756928616.005296148] [controller_server]: Exception in transformPose: Lookup would require extrapolation into the future.  Requested time 1756928615.413944 but the latest data is at time 1756928615.219528, when looking up transform from frame [odom] to frame [map]
[controller_server-2] [WARN] [1756928616.005401135] [controller_server]: Unable to transform robot pose into global plan's frame
[controller_server-2] [WARN] [1756928616.005538304] [controller_server]: Control loop missed its desired rate of 10.0000Hz
[controller_server-2] [ERROR] [1756928616.106738610] [controller_server]: Exception in transformPose: Lookup would require extrapolation into the future.  Requested time 1756928615.413944 but the latest data is at time 1756928615.219528, when looking up transform from frame [odom] to frame [map]
[controller_server-2] [WARN] [1756928616.106859857] [controller_server]: Unable to transform robot pose into global plan's frame
[controller_server-2] [WARN] [1756928616.107057493] [controller_server]: Control loop missed its desired rate of 10.0000Hz
[controller_server-2] [ERROR] [1756928616.211463052] [controller_server]: Exception in transformPose: Lookup would require extrapolation into the future.  Requested time 1756928615.413944 but the latest data is at time 1756928615.219528, when looking up transform from frame [odom] to frame [map]
[controller_server-2] [WARN] [1756928616.211594096] [controller_server]: Unable to transform robot pose into global plan's frame
[controller_server-2] [ERROR] [1756928616.211636036] [controller_server]: Controller patience exceeded
[controller_server-2] [WARN] [1756928616.211717656] [controller_server]: [follow_path] [ActionServer] Aborting handle.
[controller_server-2] [INFO] [1756928616.222529114] [local_costmap.local_costmap]: Received request to clear entirely the local_costmap
[controller_server-2] [INFO] [1756928616.224118181] [controller_server]: Received a goal, begin computing control effort.
[explore-10] [ERROR] [1756928616.277601109] [explore_node]: Extrapolation Error looking up robot pose: Lookup would require extrapolation into the future.  Requested time 1756928615.972209 but the latest data is at time 1756928615.657416, when looking up transform from frame [base_link] to frame [map]
[explore-10] 
[controller_server-2] [ERROR] [1756928616.515277613] [controller_server]: Exception in transformPose: Lookup would require extrapolation into the future.  Requested time 1756928616.263977 but the latest data is at time 1756928615.692591, when looking up transform from frame [odom] to frame [map]
[controller_server-2] [WARN] [1756928616.515391930] [controller_server]: Unable to transform robot pose into global plan's frame
[controller_server-2] [WARN] [1756928616.515550780] [controller_server]: Control loop missed its desired rate of 10.0000Hz
[controller_server-2] [ERROR] [1756928616.616520831] [controller_server]: Exception in transformPose: Lookup would require extrapolation into the future.  Requested time 1756928616.263977 but the latest data is at time 1756928615.692591, when looking up transform from frame [odom] to frame [map]
[controller_server-2] [WARN] [1756928616.616637974] [controller_server]: Unable to transform robot pose into global plan's frame
[controller_server-2] [ERROR] [1756928616.817128164] [controller_server]: Exception in transformPose: Lookup would require extrapolation into the future.  Requested time 1756928616.263977 but the latest data is at time 1756928615.692591, when looking up transform from frame [odom] to frame [map]
[controller_server-2] [WARN] [1756928616.817284453] [controller_server]: Unable to transform robot pose into global plan's frame
[controller_server-2] [WARN] [1756928616.817587627] [controller_server]: Control loop missed its desired rate of 10.0000Hz
[controller_server-2] [INFO] [1756928616.817645285] [controller_server]: Passing new path to controller.
[controller_server-2] [ERROR] [1756928616.921969316] [controller_server]: Exception in transformPose: Lookup would require extrapolation into the future.  Requested time 1756928616.263977 but the latest data is at time 1756928615.692591, when looking up transform from frame [odom] to frame [map]
[controller_server-2] [WARN] [1756928616.922188244] [controller_server]: Unable to transform robot pose into global plan's frame
[controller_server-2] [WARN] [1756928616.922547005] [controller_server]: Control loop missed its desired rate of 10.0000Hz
[controller_server-2] [ERROR] [1756928617.024846055] [controller_server]: Exception in transformPose: Lookup would require extrapolation into the future.  Requested time 1756928616.263977 but the latest data is at time 1756928615.692591, when looking up transform from frame [odom] to frame [map]
[controller_server-2] [WARN] [1756928617.024972521] [controller_server]: Unable to transform robot pose into global plan's frame
[controller_server-2] [WARN] [1756928617.025201726] [controller_server]: Control loop missed its desired rate of 10.0000Hz
[controller_server-2] [ERROR] [1756928617.128214290] [controller_server]: Exception in transformPose: Lookup would require extrapolation into the future.  Requested time 1756928616.314233 but the latest data is at time 1756928615.692591, when looking up transform from frame [odom] to frame [map]
[controller_server-2] [WARN] [1756928617.128353731] [controller_server]: Unable to transform robot pose into global plan's frame
[controller_server-2] [WARN] [1756928617.128581551] [controller_server]: Control loop missed its desired rate of 10.0000Hz
[controller_server-2] [ERROR] [1756928617.230808717] [controller_server]: Exception in transformPose: Lookup would require extrapolation into the future.  Requested time 1756928616.314233 but the latest data is at time 1756928615.692591, when looking up transform from frame [odom] to frame [map]
[controller_server-2] [WARN] [1756928617.230950918] [controller_server]: Unable to transform robot pose into global plan's frame
[controller_server-2] [WARN] [1756928617.231247314] [controller_server]: Control loop missed its desired rate of 10.0000Hz
[controller_server-2] [ERROR] [1756928617.335674882] [controller_server]: Exception in transformPose: Lookup would require extrapolation into the future.  Requested time 1756928616.314233 but the latest data is at time 1756928615.692591, when looking up transform from frame [odom] to frame [map]
[controller_server-2] [WARN] [1756928617.335822010] [controller_server]: Unable to transform robot pose into global plan's frame
[controller_server-2] [WARN] [1756928617.336127492] [controller_server]: Control loop missed its desired rate of 10.0000Hz
[controller_server-2] [ERROR] [1756928617.438670927] [controller_server]: Exception in transformPose: Lookup would require extrapolation into the future.  Requested time 1756928616.314233 but the latest data is at time 1756928615.692591, when looking up transform from frame [odom] to frame [map]
[controller_server-2] [WARN] [1756928617.438823244] [controller_server]: Unable to transform robot pose into global plan's frame
[controller_server-2] [WARN] [1756928617.439141341] [controller_server]: Control loop missed its desired rate of 10.0000Hz
[controller_server-2] [ERROR] [1756928617.543302372] [controller_server]: Exception in transformPose: Lookup would require extrapolation into the future.  Requested time 1756928616.314233 but the latest data is at time 1756928615.692591, when looking up transform from frame [odom] to frame [map]
[controller_server-2] [WARN] [1756928617.543453800] [controller_server]: Unable to transform robot pose into global plan's frame
[controller_server-2] [WARN] [1756928617.543800887] [controller_server]: Control loop missed its desired rate of 10.0000Hz
[controller_server-2] [ERROR] [1756928617.646261227] [controller_server]: Exception in transformPose: Lookup would require extrapolation into the future.  Requested time 1756928616.314233 but the latest data is at time 1756928615.692591, when looking up transform from frame [odom] to frame [map]
[controller_server-2] [WARN] [1756928617.646410629] [controller_server]: Unable to transform robot pose into global plan's frame
[controller_server-2] [WARN] [1756928617.646712610] [controller_server]: Control loop missed its desired rate of 10.0000Hz
[controller_server-2] [ERROR] [1756928617.750440466] [controller_server]: Exception in transformPose: Lookup would require extrapolation into the future.  Requested time 1756928616.664174 but the latest data is at time 1756928615.692591, when looking up transform from frame [odom] to frame [map]
[controller_server-2] [WARN] [1756928617.750659486] [controller_server]: Unable to transform robot pose into global plan's frame
[controller_server-2] [WARN] [1756928617.750975234] [controller_server]: Control loop missed its desired rate of 10.0000Hz
[controller_server-2] [ERROR] [1756928617.853663171] [controller_server]: Exception in transformPose: Lookup would require extrapolation into the future.  Requested time 1756928616.664174 but the latest data is at time 1756928615.692591, when looking up transform from frame [odom] to frame [map]
[controller_server-2] [WARN] [1756928617.853820856] [controller_server]: Unable to transform robot pose into global plan's frame
[controller_server-2] [WARN] [1756928617.854130910] [controller_server]: Control loop missed its desired rate of 10.0000Hz
[controller_server-2] [INFO] [1756928617.854187752] [controller_server]: Passing new path to controller.
[controller_server-2] [ERROR] [1756928617.957975171] [controller_server]: Exception in transformPose: Lookup would require extrapolation into the future.  Requested time 1756928616.664174 but the latest data is at time 1756928615.692591, when looking up transform from frame [odom] to frame [map]
[controller_server-2] [WARN] [1756928617.958110668] [controller_server]: Unable to transform robot pose into global plan's frame
[controller_server-2] [WARN] [1756928617.958315924] [controller_server]: Control loop missed its desired rate of 10.0000Hz
[controller_server-2] [ERROR] [1756928618.060254945] [controller_server]: Exception in transformPose: Lookup would require extrapolation into the future.  Requested time 1756928616.664174 but the latest data is at time 1756928615.692591, when looking up transform from frame [odom] to frame [map]
[controller_server-2] [WARN] [1756928618.060402147] [controller_server]: Unable to transform robot pose into global plan's frame
[controller_server-2] [WARN] [1756928618.060744363] [controller_server]: Control loop missed its desired rate of 10.0000Hz
[controller_server-2] [ERROR] [1756928618.164164310] [controller_server]: Exception in transformPose: Lookup would require extrapolation into the future.  Requested time 1756928617.366651 but the latest data is at time 1756928615.692591, when looking up transform from frame [odom] to frame [map]
[controller_server-2] [WARN] [1756928618.164290012] [controller_server]: Unable to transform robot pose into global plan's frame
[controller_server-2] [WARN] [1756928618.164507298] [controller_server]: Control loop missed its desired rate of 10.0000Hz
[controller_server-2] [ERROR] [1756928618.265492451] [controller_server]: Exception in transformPose: Lookup would require extrapolation into the future.  Requested time 1756928617.366651 but the latest data is at time 1756928615.692591, when looking up transform from frame [odom] to frame [map]
[controller_server-2] [WARN] [1756928618.265605752] [controller_server]: Unable to transform robot pose into global plan's frame
[controller_server-2] [ERROR] [1756928618.265646639] [controller_server]: Controller patience exceeded
[controller_server-2] [WARN] [1756928618.265721393] [controller_server]: [follow_path] [ActionServer] Aborting handle.
[behavior_server-5] [INFO] [1756928618.283058942] [behavior_server]: Running wait
[behavior_server-5] [INFO] [1756928623.283342736] [behavior_server]: wait completed successfully
[controller_server-2] [INFO] [1756928623.332742283] [controller_server]: Received a goal, begin computing control effort.
[controller_server-2] [WARN] [1756928623.333303711] [controller_server]: RegulatedPurePursuitController detected collision ahead!
[controller_server-2] [WARN] [1756928623.433307591] [controller_server]: RegulatedPurePursuitController detected collision ahead!
[controller_server-2] [WARN] [1756928623.533854993] [controller_server]: RegulatedPurePursuitController detected collision ahead!
[controller_server-2] [WARN] [1756928623.633850342] [controller_server]: RegulatedPurePursuitController detected collision ahead!
[controller_server-2] [WARN] [1756928623.733874705] [controller_server]: RegulatedPurePursuitController detected collision ahead!
[controller_server-2] [WARN] [1756928623.833868698] [controller_server]: RegulatedPurePursuitController detected collision ahead!
[controller_server-2] [WARN] [1756928623.933852777] [controller_server]: RegulatedPurePursuitController detected collision ahead!
[controller_server-2] [WARN] [1756928624.033570892] [controller_server]: RegulatedPurePursuitController detected collision ahead!
[controller_server-2] [WARN] [1756928624.133876588] [controller_server]: RegulatedPurePursuitController detected collision ahead!
[controller_server-2] [WARN] [1756928624.233678136] [controller_server]: RegulatedPurePursuitController detected collision ahead!
[controller_server-2] [WARN] [1756928624.333853609] [controller_server]: RegulatedPurePursuitController detected collision ahead!
[controller_server-2] [INFO] [1756928624.432926148] [controller_server]: Passing new path to controller.
[controller_server-2] [WARN] [1756928624.434103323] [controller_server]: RegulatedPurePursuitController detected collision ahead!
[controller_server-2] [WARN] [1756928624.533857606] [controller_server]: RegulatedPurePursuitController detected collision ahead!
[controller_server-2] [WARN] [1756928624.633858228] [controller_server]: RegulatedPurePursuitController detected collision ahead!
[controller_server-2] [WARN] [1756928624.803906770] [controller_server]: RegulatedPurePursuitController detected collision ahead!
[controller_server-2] [WARN] [1756928624.833440257] [controller_server]: RegulatedPurePursuitController detected collision ahead!
[controller_server-2] [WARN] [1756928624.933682798] [controller_server]: RegulatedPurePursuitController detected collision ahead!
[controller_server-2] [WARN] [1756928625.033394010] [controller_server]: RegulatedPurePursuitController detected collision ahead!
[controller_server-2] [WARN] [1756928625.133890020] [controller_server]: RegulatedPurePursuitController detected collision ahead!
[controller_server-2] [WARN] [1756928625.233378914] [controller_server]: RegulatedPurePursuitController detected collision ahead!
[controller_server-2] [WARN] [1756928625.333735007] [controller_server]: RegulatedPurePursuitController detected collision ahead!
[controller_server-2] [ERROR] [1756928625.333818036] [controller_server]: Controller patience exceeded
[controller_server-2] [WARN] [1756928625.333890018] [controller_server]: [follow_path] [ActionServer] Aborting handle.
[controller_server-2] [INFO] [1756928625.352397112] [local_costmap.local_costmap]: Received request to clear entirely the local_costmap
[controller_server-2] [INFO] [1756928625.353930299] [controller_server]: Received a goal, begin computing control effort.
[controller_server-2] [INFO] [1756928625.414111236] [controller_server]: Passing new path to controller.
[controller_server-2] [WARN] [1756928625.414783271] [controller_server]: RegulatedPurePursuitController detected collision ahead!
[controller_server-2] [WARN] [1756928625.455087429] [controller_server]: RegulatedPurePursuitController detected collision ahead!
[controller_server-2] [WARN] [1756928625.555090203] [controller_server]: RegulatedPurePursuitController detected collision ahead!
[controller_server-2] [ERROR] [1756928625.755314175] [controller_server]: Exception in transformPose: Lookup would require extrapolation into the future.  Requested time 1756928625.613956 but the latest data is at time 1756928625.039376, when looking up transform from frame [odom] to frame [map]
[controller_server-2] [WARN] [1756928625.755449208] [controller_server]: Unable to transform robot pose into global plan's frame
[controller_server-2] [WARN] [1756928625.755650174] [controller_server]: Control loop missed its desired rate of 10.0000Hz
[controller_server-2] [ERROR] [1756928625.857254182] [controller_server]: Exception in transformPose: Lookup would require extrapolation into the future.  Requested time 1756928625.613956 but the latest data is at time 1756928625.039376, when looking up transform from frame [odom] to frame [map]
[controller_server-2] [WARN] [1756928625.857380360] [controller_server]: Unable to transform robot pose into global plan's frame
[controller_server-2] [WARN] [1756928625.857588816] [controller_server]: Control loop missed its desired rate of 10.0000Hz
[controller_server-2] [ERROR] [1756928625.961266552] [controller_server]: Exception in transformPose: Lookup would require extrapolation into the future.  Requested time 1756928625.613956 but the latest data is at time 1756928625.039376, when looking up transform from frame [odom] to frame [map]
[controller_server-2] [WARN] [1756928625.961383203] [controller_server]: Unable to transform robot pose into global plan's frame
[controller_server-2] [WARN] [1756928625.961596681] [controller_server]: Control loop missed its desired rate of 10.0000Hz
[controller_server-2] [ERROR] [1756928626.062703890] [controller_server]: Exception in transformPose: Lookup would require extrapolation into the future.  Requested time 1756928625.613956 but the latest data is at time 1756928625.039376, when looking up transform from frame [odom] to frame [map]
[controller_server-2] [WARN] [1756928626.062887925] [controller_server]: Unable to transform robot pose into global plan's frame
[controller_server-2] [WARN] [1756928626.063092572] [controller_server]: Control loop missed its desired rate of 10.0000Hz
[controller_server-2] [ERROR] [1756928626.167759848] [controller_server]: Exception in transformPose: Lookup would require extrapolation into the future.  Requested time 1756928625.613956 but the latest data is at time 1756928625.039376, when looking up transform from frame [odom] to frame [map]
[controller_server-2] [WARN] [1756928626.167874582] [controller_server]: Unable to transform robot pose into global plan's frame
[controller_server-2] [WARN] [1756928626.168072062] [controller_server]: Control loop missed its desired rate of 10.0000Hz
[controller_server-2] [ERROR] [1756928626.269267113] [controller_server]: Exception in transformPose: Lookup would require extrapolation into the future.  Requested time 1756928625.613956 but the latest data is at time 1756928625.039376, when looking up transform from frame [odom] to frame [map]
[controller_server-2] [WARN] [1756928626.269389456] [controller_server]: Unable to transform robot pose into global plan's frame
[controller_server-2] [WARN] [1756928626.269598205] [controller_server]: Control loop missed its desired rate of 10.0000Hz
[controller_server-2] [ERROR] [1756928626.373235090] [controller_server]: Exception in transformPose: Lookup would require extrapolation into the future.  Requested time 1756928625.613956 but the latest data is at time 1756928625.039376, when looking up transform from frame [odom] to frame [map]
[controller_server-2] [WARN] [1756928626.373358111] [controller_server]: Unable to transform robot pose into global plan's frame
[controller_server-2] [WARN] [1756928626.373555537] [controller_server]: Control loop missed its desired rate of 10.0000Hz
[controller_server-2] [ERROR] [1756928626.474899526] [controller_server]: Exception in transformPose: Lookup would require extrapolation into the future.  Requested time 1756928625.613956 but the latest data is at time 1756928625.039376, when looking up transform from frame [odom] to frame [map]
[controller_server-2] [WARN] [1756928626.475019326] [controller_server]: Unable to transform robot pose into global plan's frame
[controller_server-2] [WARN] [1756928626.475218926] [controller_server]: Control loop missed its desired rate of 10.0000Hz
[controller_server-2] [INFO] [1756928626.475246554] [controller_server]: Passing new path to controller.
[controller_server-2] [ERROR] [1756928626.578613103] [controller_server]: Exception in transformPose: Lookup would require extrapolation into the future.  Requested time 1756928625.613956 but the latest data is at time 1756928625.039376, when looking up transform from frame [odom] to frame [map]
[controller_server-2] [WARN] [1756928626.578735223] [controller_server]: Unable to transform robot pose into global plan's frame
[controller_server-2] [WARN] [1756928626.578928304] [controller_server]: Control loop missed its desired rate of 10.0000Hz
[controller_server-2] [ERROR] [1756928626.680278645] [controller_server]: Exception in transformPose: Lookup would require extrapolation into the future.  Requested time 1756928625.613956 but the latest data is at time 1756928625.039376, when looking up transform from frame [odom] to frame [map]
[controller_server-2] [WARN] [1756928626.680405670] [controller_server]: Unable to transform robot pose into global plan's frame
[controller_server-2] [WARN] [1756928626.680618802] [controller_server]: Control loop missed its desired rate of 10.0000Hz
[controller_server-2] [ERROR] [1756928626.784058996] [controller_server]: Exception in transformPose: Lookup would require extrapolation into the future.  Requested time 1756928625.613956 but the latest data is at time 1756928625.039376, when looking up transform from frame [odom] to frame [map]
[controller_server-2] [WARN] [1756928626.784181788] [controller_server]: Unable to transform robot pose into global plan's frame
[controller_server-2] [WARN] [1756928626.784374244] [controller_server]: Control loop missed its desired rate of 10.0000Hz
[controller_server-2] [ERROR] [1756928626.885778241] [controller_server]: Exception in transformPose: Lookup would require extrapolation into the future.  Requested time 1756928625.613956 but the latest data is at time 1756928625.039376, when looking up transform from frame [odom] to frame [map]
[controller_server-2] [WARN] [1756928626.885895996] [controller_server]: Unable to transform robot pose into global plan's frame
[controller_server-2] [WARN] [1756928626.886095520] [controller_server]: Control loop missed its desired rate of 10.0000Hz
[controller_server-2] [ERROR] [1756928626.989384820] [controller_server]: Exception in transformPose: Lookup would require extrapolation into the future.  Requested time 1756928625.613956 but the latest data is at time 1756928625.039376, when looking up transform from frame [odom] to frame [map]
[controller_server-2] [WARN] [1756928626.989510855] [controller_server]: Unable to transform robot pose into global plan's frame
[controller_server-2] [WARN] [1756928626.989708528] [controller_server]: Control loop missed its desired rate of 10.0000Hz
[controller_server-2] [WARN] [1756928627.082188438] [controller_server]: RegulatedPurePursuitController detected collision ahead!
[controller_server-2] [WARN] [1756928627.082427626] [controller_server]: Control loop missed its desired rate of 10.0000Hz
[controller_server-2] [ERROR] [1756928627.185594172] [controller_server]: Exception in transformPose: Lookup would require extrapolation into the future.  Requested time 1756928626.013964 but the latest data is at time 1756928625.910364, when looking up transform from frame [odom] to frame [map]
[controller_server-2] [WARN] [1756928627.185716436] [controller_server]: Unable to transform robot pose into global plan's frame
[controller_server-2] [WARN] [1756928627.185916328] [controller_server]: Control loop missed its desired rate of 10.0000Hz
[controller_server-2] [WARN] [1756928627.247240478] [controller_server]: RegulatedPurePursuitController detected collision ahead!
[controller_server-2] [WARN] [1756928627.254950018] [controller_server]: RegulatedPurePursuitController detected collision ahead!
[controller_server-2] [WARN] [1756928627.355087909] [controller_server]: RegulatedPurePursuitController detected collision ahead!
[controller_server-2] [ERROR] [1756928627.355179637] [controller_server]: Controller patience exceeded
[controller_server-2] [WARN] [1756928627.355256457] [controller_server]: [follow_path] [ActionServer] Aborting handle.
[behavior_server-5] [INFO] [1756928627.373198584] [behavior_server]: Running backup
[behavior_server-5] [INFO] [1756928627.373626038] [behavior_server]: DriveOnHeading: no acceleration or deceleration limits set
[behavior_server-5] [WARN] [1756928627.373960243] [behavior_server]: Collision Ahead - Exiting DriveOnHeading
[behavior_server-5] [WARN] [1756928627.373981330] [behavior_server]: backup failed
[behavior_server-5] [WARN] [1756928627.374004824] [behavior_server]: [backup] [ActionServer] Aborting handle.
[controller_server-2] [INFO] [1756928627.402422360] [local_costmap.local_costmap]: Received request to clear entirely the local_costmap
[planner_server-4] [INFO] [1756928627.403408883] [global_costmap.global_costmap]: Received request to clear entirely the global_costmap
[controller_server-2] [INFO] [1756928628.062781581] [controller_server]: Received a goal, begin computing control effort.
[controller_server-2] [WARN] [1756928628.063666270] [controller_server]: RegulatedPurePursuitController detected collision ahead!
[controller_server-2] [WARN] [1756928628.163811069] [controller_server]: RegulatedPurePursuitController detected collision ahead!
[controller_server-2] [WARN] [1756928628.264097843] [controller_server]: RegulatedPurePursuitController detected collision ahead!
[controller_server-2] [ERROR] [1756928628.463974373] [controller_server]: Exception in transformPose: Lookup would require extrapolation into the future.  Requested time 1756928628.314047 but the latest data is at time 1756928627.963034, when looking up transform from frame [odom] to frame [map]
[controller_server-2] [WARN] [1756928628.464115683] [controller_server]: Unable to transform robot pose into global plan's frame
[controller_server-2] [WARN] [1756928628.464304615] [controller_server]: Control loop missed its desired rate of 10.0000Hz
[controller_server-2] [ERROR] [1756928628.568579682] [controller_server]: Exception in transformPose: Lookup would require extrapolation into the future.  Requested time 1756928628.314047 but the latest data is at time 1756928627.963034, when looking up transform from frame [odom] to frame [map]
[controller_server-2] [WARN] [1756928628.568699173] [controller_server]: Unable to transform robot pose into global plan's frame
[controller_server-2] [WARN] [1756928628.568904987] [controller_server]: Control loop missed its desired rate of 10.0000Hz
[controller_server-2] [ERROR] [1756928628.670852650] [controller_server]: Exception in transformPose: Lookup would require extrapolation into the future.  Requested time 1756928628.314047 but the latest data is at time 1756928627.963034, when looking up transform from frame [odom] to frame [map]
[controller_server-2] [WARN] [1756928628.670981449] [controller_server]: Unable to transform robot pose into global plan's frame
[controller_server-2] [WARN] [1756928628.671195107] [controller_server]: Control loop missed its desired rate of 10.0000Hz
[controller_server-2] [ERROR] [1756928628.775746834] [controller_server]: Exception in transformPose: Lookup would require extrapolation into the future.  Requested time 1756928628.314047 but the latest data is at time 1756928627.963034, when looking up transform from frame [odom] to frame [map]
[controller_server-2] [WARN] [1756928628.775915418] [controller_server]: Unable to transform robot pose into global plan's frame
[controller_server-2] [WARN] [1756928628.776117104] [controller_server]: Control loop missed its desired rate of 10.0000Hz
[controller_server-2] [ERROR] [1756928628.878108088] [controller_server]: Exception in transformPose: Lookup would require extrapolation into the future.  Requested time 1756928628.314047 but the latest data is at time 1756928627.963034, when looking up transform from frame [odom] to frame [map]
[controller_server-2] [WARN] [1756928628.878234058] [controller_server]: Unable to transform robot pose into global plan's frame
[controller_server-2] [WARN] [1756928628.878445442] [controller_server]: Control loop missed its desired rate of 10.0000Hz
[controller_server-2] [ERROR] [1756928628.982824941] [controller_server]: Exception in transformPose: Lookup would require extrapolation into the future.  Requested time 1756928628.314047 but the latest data is at time 1756928627.963034, when looking up transform from frame [odom] to frame [map]
[controller_server-2] [WARN] [1756928628.982949553] [controller_server]: Unable to transform robot pose into global plan's frame
[controller_server-2] [WARN] [1756928628.983196476] [controller_server]: Control loop missed its desired rate of 10.0000Hz
[controller_server-2] [ERROR] [1756928629.085005558] [controller_server]: Exception in transformPose: Lookup would require extrapolation into the future.  Requested time 1756928628.314047 but the latest data is at time 1756928627.963034, when looking up transform from frame [odom] to frame [map]
[controller_server-2] [WARN] [1756928629.085135104] [controller_server]: Unable to transform robot pose into global plan's frame
[controller_server-2] [WARN] [1756928629.085551228] [controller_server]: Control loop missed its desired rate of 10.0000Hz
[controller_server-2] [ERROR] [1756928629.188751354] [controller_server]: Exception in transformPose: Lookup would require extrapolation into the future.  Requested time 1756928628.314047 but the latest data is at time 1756928627.963034, when looking up transform from frame [odom] to frame [map]
[controller_server-2] [WARN] [1756928629.188856500] [controller_server]: Unable to transform robot pose into global plan's frame
[controller_server-2] [WARN] [1756928629.189031349] [controller_server]: Control loop missed its desired rate of 10.0000Hz
[controller_server-2] [INFO] [1756928629.189056501] [controller_server]: Passing new path to controller.
[controller_server-2] [ERROR] [1756928629.290946317] [controller_server]: Exception in transformPose: Lookup would require extrapolation into the future.  Requested time 1756928628.314047 but the latest data is at time 1756928627.963034, when looking up transform from frame [odom] to frame [map]
[controller_server-2] [WARN] [1756928629.291066163] [controller_server]: Unable to transform robot pose into global plan's frame
[controller_server-2] [WARN] [1756928629.291259449] [controller_server]: Control loop missed its desired rate of 10.0000Hz
[controller_server-2] [ERROR] [1756928629.394805120] [controller_server]: Exception in transformPose: Lookup would require extrapolation into the future.  Requested time 1756928628.314047 but the latest data is at time 1756928627.963034, when looking up transform from frame [odom] to frame [map]
[controller_server-2] [WARN] [1756928629.394934567] [controller_server]: Unable to transform robot pose into global plan's frame
[controller_server-2] [WARN] [1756928629.395141210] [controller_server]: Control loop missed its desired rate of 10.0000Hz
[controller_server-2] [ERROR] [1756928629.496955197] [controller_server]: Exception in transformPose: Lookup would require extrapolation into the future.  Requested time 1756928628.314047 but the latest data is at time 1756928627.963034, when looking up transform from frame [odom] to frame [map]
[controller_server-2] [WARN] [1756928629.497081019] [controller_server]: Unable to transform robot pose into global plan's frame
[controller_server-2] [WARN] [1756928629.497280958] [controller_server]: Control loop missed its desired rate of 10.0000Hz
[controller_server-2] [ERROR] [1756928629.601194177] [controller_server]: Exception in transformPose: Lookup would require extrapolation into the future.  Requested time 1756928628.314047 but the latest data is at time 1756928627.963034, when looking up transform from frame [odom] to frame [map]
[controller_server-2] [WARN] [1756928629.601328696] [controller_server]: Unable to transform robot pose into global plan's frame
[controller_server-2] [WARN] [1756928629.601629725] [controller_server]: Control loop missed its desired rate of 10.0000Hz
[explore-10] [ERROR] [1756928629.608437742] [explore_node]: Extrapolation Error looking up robot pose: Lookup would require extrapolation into the future.  Requested time 1756928629.304372 but the latest data is at time 1756928628.314047, when looking up transform from frame [base_link] to frame [map]
[explore-10] 
[controller_server-2] [ERROR] [1756928629.703273758] [controller_server]: Exception in transformPose: Lookup would require extrapolation into the future.  Requested time 1756928628.314047 but the latest data is at time 1756928627.963034, when looking up transform from frame [odom] to frame [map]
[controller_server-2] [WARN] [1756928629.703385430] [controller_server]: Unable to transform robot pose into global plan's frame
[controller_server-2] [WARN] [1756928629.703561061] [controller_server]: Control loop missed its desired rate of 10.0000Hz
[controller_server-2] [ERROR] [1756928629.807269029] [controller_server]: Exception in transformPose: Lookup would require extrapolation into the future.  Requested time 1756928628.314047 but the latest data is at time 1756928627.963034, when looking up transform from frame [odom] to frame [map]
[controller_server-2] [WARN] [1756928629.807396674] [controller_server]: Unable to transform robot pose into global plan's frame
[controller_server-2] [WARN] [1756928629.807595604] [controller_server]: Control loop missed its desired rate of 10.0000Hz
[controller_server-2] [ERROR] [1756928629.911466027] [controller_server]: Exception in transformPose: Lookup would require extrapolation into the future.  Requested time 1756928628.314047 but the latest data is at time 1756928627.963034, when looking up transform from frame [odom] to frame [map]
[controller_server-2] [WARN] [1756928629.911608356] [controller_server]: Unable to transform robot pose into global plan's frame
[controller_server-2] [WARN] [1756928629.911902320] [controller_server]: Control loop missed its desired rate of 10.0000Hz
[controller_server-2] [WARN] [1756928629.964461802] [controller_server]: RegulatedPurePursuitController detected collision ahead!
[controller_server-2] [WARN] [1756928629.964826060] [controller_server]: Control loop missed its desired rate of 10.0000Hz
[controller_server-2] [ERROR] [1756928630.065907599] [controller_server]: Exception in transformPose: Lookup would require extrapolation into the future.  Requested time 1756928629.913972 but the latest data is at time 1756928628.593400, when looking up transform from frame [odom] to frame [map]
[controller_server-2] [WARN] [1756928630.066040820] [controller_server]: Unable to transform robot pose into global plan's frame
[controller_server-2] [ERROR] [1756928630.066089505] [controller_server]: Controller patience exceeded
[controller_server-2] [WARN] [1756928630.066169872] [controller_server]: [follow_path] [ActionServer] Aborting handle.
[controller_server-2] [INFO] [1756928630.082279620] [local_costmap.local_costmap]: Received request to clear entirely the local_costmap
[controller_server-2] [INFO] [1756928630.083176159] [controller_server]: Received a goal, begin computing control effort.
[controller_server-2] [INFO] [1756928630.213373159] [controller_server]: Passing new path to controller.
[controller_server-2] [ERROR] [1756928630.315572412] [controller_server]: Exception in transformPose: Lookup would require extrapolation into the future.  Requested time 1756928629.913972 but the latest data is at time 1756928628.593400, when looking up transform from frame [odom] to frame [map]
[controller_server-2] [WARN] [1756928630.315697026] [controller_server]: Unable to transform robot pose into global plan's frame
[controller_server-2] [WARN] [1756928630.315869657] [controller_server]: Control loop missed its desired rate of 10.0000Hz
[controller_server-2] [ERROR] [1756928630.417792409] [controller_server]: Exception in transformPose: Lookup would require extrapolation into the future.  Requested time 1756928629.913972 but the latest data is at time 1756928628.593400, when looking up transform from frame [odom] to frame [map]
[controller_server-2] [WARN] [1756928630.417916824] [controller_server]: Unable to transform robot pose into global plan's frame
[controller_server-2] [ERROR] [1756928630.617147782] [controller_server]: Exception in transformPose: Lookup would require extrapolation into the future.  Requested time 1756928629.913972 but the latest data is at time 1756928628.593400, when looking up transform from frame [odom] to frame [map]
[controller_server-2] [WARN] [1756928630.617177632] [controller_server]: Unable to transform robot pose into global plan's frame
[controller_server-2] [WARN] [1756928630.617219376] [controller_server]: Control loop missed its desired rate of 10.0000Hz
[controller_server-2] [ERROR] [1756928630.719112589] [controller_server]: Exception in transformPose: Lookup would require extrapolation into the future.  Requested time 1756928629.913972 but the latest data is at time 1756928628.593400, when looking up transform from frame [odom] to frame [map]
[controller_server-2] [WARN] [1756928630.719268096] [controller_server]: Unable to transform robot pose into global plan's frame
[controller_server-2] [WARN] [1756928630.719456675] [controller_server]: Control loop missed its desired rate of 10.0000Hz
[controller_server-2] [ERROR] [1756928630.822622164] [controller_server]: Exception in transformPose: Lookup would require extrapolation into the future.  Requested time 1756928630.313983 but the latest data is at time 1756928628.593400, when looking up transform from frame [odom] to frame [map]
[controller_server-2] [WARN] [1756928630.822731880] [controller_server]: Unable to transform robot pose into global plan's frame
[controller_server-2] [WARN] [1756928630.822901784] [controller_server]: Control loop missed its desired rate of 10.0000Hz
[controller_server-2] [ERROR] [1756928630.924980765] [controller_server]: Exception in transformPose: Lookup would require extrapolation into the future.  Requested time 1756928630.714030 but the latest data is at time 1756928628.593400, when looking up transform from frame [odom] to frame [map]
[controller_server-2] [WARN] [1756928630.925130383] [controller_server]: Unable to transform robot pose into global plan's frame
[controller_server-2] [WARN] [1756928630.925422636] [controller_server]: Control loop missed its desired rate of 10.0000Hz
[controller_server-2] [ERROR] [1756928631.028530478] [controller_server]: Exception in transformPose: Lookup would require extrapolation into the future.  Requested time 1756928630.714030 but the latest data is at time 1756928628.593400, when looking up transform from frame [odom] to frame [map]
[controller_server-2] [WARN] [1756928631.028671434] [controller_server]: Unable to transform robot pose into global plan's frame
[controller_server-2] [WARN] [1756928631.028893079] [controller_server]: Control loop missed its desired rate of 10.0000Hz
[controller_server-2] [ERROR] [1756928631.133905057] [controller_server]: Exception in transformPose: Lookup would require extrapolation into the future.  Requested time 1756928630.714030 but the latest data is at time 1756928628.593400, when looking up transform from frame [odom] to frame [map]
[controller_server-2] [WARN] [1756928631.134052318] [controller_server]: Unable to transform robot pose into global plan's frame
[controller_server-2] [WARN] [1756928631.134417295] [controller_server]: Control loop missed its desired rate of 10.0000Hz
[controller_server-2] [ERROR] [1756928631.236784554] [controller_server]: Exception in transformPose: Lookup would require extrapolation into the future.  Requested time 1756928630.714030 but the latest data is at time 1756928628.593400, when looking up transform from frame [odom] to frame [map]
[controller_server-2] [WARN] [1756928631.236933859] [controller_server]: Unable to transform robot pose into global plan's frame
[controller_server-2] [WARN] [1756928631.237254196] [controller_server]: Control loop missed its desired rate of 10.0000Hz
[controller_server-2] [INFO] [1756928631.237328520] [controller_server]: Passing new path to controller.
[controller_server-2] [ERROR] [1756928631.341583859] [controller_server]: Exception in transformPose: Lookup would require extrapolation into the future.  Requested time 1756928630.714030 but the latest data is at time 1756928628.593400, when looking up transform from frame [odom] to frame [map]
[controller_server-2] [WARN] [1756928631.341704588] [controller_server]: Unable to transform robot pose into global plan's frame
[controller_server-2] [WARN] [1756928631.341916439] [controller_server]: Control loop missed its desired rate of 10.0000Hz
[controller_server-2] [ERROR] [1756928631.444175680] [controller_server]: Exception in transformPose: Lookup would require extrapolation into the future.  Requested time 1756928630.714030 but the latest data is at time 1756928628.593400, when looking up transform from frame [odom] to frame [map]
[controller_server-2] [WARN] [1756928631.444319519] [controller_server]: Unable to transform robot pose into global plan's frame
[controller_server-2] [WARN] [1756928631.444715569] [controller_server]: Control loop missed its desired rate of 10.0000Hz
[controller_server-2] [ERROR] [1756928631.548775858] [controller_server]: Exception in transformPose: Lookup would require extrapolation into the future.  Requested time 1756928631.314133 but the latest data is at time 1756928628.593400, when looking up transform from frame [odom] to frame [map]
[controller_server-2] [WARN] [1756928631.548964595] [controller_server]: Unable to transform robot pose into global plan's frame
[controller_server-2] [WARN] [1756928631.549174563] [controller_server]: Control loop missed its desired rate of 10.0000Hz
[controller_server-2] [ERROR] [1756928631.651231394] [controller_server]: Exception in transformPose: Lookup would require extrapolation into the future.  Requested time 1756928631.314133 but the latest data is at time 1756928628.593400, when looking up transform from frame [odom] to frame [map]
[controller_server-2] [WARN] [1756928631.651382903] [controller_server]: Unable to transform robot pose into global plan's frame
[controller_server-2] [WARN] [1756928631.651699596] [controller_server]: Control loop missed its desired rate of 10.0000Hz
[controller_server-2] [ERROR] [1756928631.756036692] [controller_server]: Exception in transformPose: Lookup would require extrapolation into the future.  Requested time 1756928631.314133 but the latest data is at time 1756928628.593400, when looking up transform from frame [odom] to frame [map]
[controller_server-2] [WARN] [1756928631.756185656] [controller_server]: Unable to transform robot pose into global plan's frame
[controller_server-2] [WARN] [1756928631.756539844] [controller_server]: Control loop missed its desired rate of 10.0000Hz
[controller_server-2] [ERROR] [1756928631.858366664] [controller_server]: Exception in transformPose: Lookup would require extrapolation into the future.  Requested time 1756928631.314133 but the latest data is at time 1756928628.593400, when looking up transform from frame [odom] to frame [map]
[controller_server-2] [WARN] [1756928631.858498432] [controller_server]: Unable to transform robot pose into global plan's frame
[controller_server-2] [WARN] [1756928631.858712503] [controller_server]: Control loop missed its desired rate of 10.0000Hz
[controller_server-2] [ERROR] [1756928631.962051126] [controller_server]: Exception in transformPose: Lookup would require extrapolation into the future.  Requested time 1756928631.314133 but the latest data is at time 1756928628.593400, when looking up transform from frame [odom] to frame [map]
[controller_server-2] [WARN] [1756928631.962201022] [controller_server]: Unable to transform robot pose into global plan's frame
[controller_server-2] [WARN] [1756928631.962545220] [controller_server]: Control loop missed its desired rate of 10.0000Hz
[controller_server-2] [ERROR] [1756928632.064146564] [controller_server]: Exception in transformPose: Lookup would require extrapolation into the future.  Requested time 1756928631.913944 but the latest data is at time 1756928628.593400, when looking up transform from frame [odom] to frame [map]
[controller_server-2] [WARN] [1756928632.064246902] [controller_server]: Unable to transform robot pose into global plan's frame
[controller_server-2] [WARN] [1756928632.064408421] [controller_server]: Control loop missed its desired rate of 10.0000Hz
[controller_server-2] [ERROR] [1756928632.169031052] [controller_server]: Exception in transformPose: Lookup would require extrapolation into the future.  Requested time 1756928631.913944 but the latest data is at time 1756928628.593400, when looking up transform from frame [odom] to frame [map]
[controller_server-2] [WARN] [1756928632.169155065] [controller_server]: Unable to transform robot pose into global plan's frame
[controller_server-2] [ERROR] [1756928632.169198611] [controller_server]: Controller patience exceeded
[controller_server-2] [WARN] [1756928632.169276825] [controller_server]: [follow_path] [ActionServer] Aborting handle.
[behavior_server-5] [INFO] [1756928632.182994240] [behavior_server]: Running spin
[behavior_server-5] [INFO] [1756928632.183172247] [behavior_server]: Turning 1.57 for spin behavior.
[behavior_server-5] [WARN] [1756928635.383331304] [behavior_server]: Collision Ahead - Exiting Spin
[behavior_server-5] [WARN] [1756928635.383353980] [behavior_server]: spin failed
[behavior_server-5] [WARN] [1756928635.383359296] [behavior_server]: [spin] [ActionServer] Aborting handle.
[behavior_server-5] [INFO] [1756928635.412370694] [behavior_server]: Running wait
[explore-10] [ERROR] [1756928636.275214807] [explore_node]: Extrapolation Error looking up robot pose: Lookup would require extrapolation into the future.  Requested time 1756928635.970521 but the latest data is at time 1756928635.363951, when looking up transform from frame [base_link] to frame [map]
[explore-10] 
[behavior_server-5] [INFO] [1756928640.412597419] [behavior_server]: wait completed successfully
[controller_server-2] [INFO] [1756928640.462789316] [controller_server]: Received a goal, begin computing control effort.
[controller_server-2] [ERROR] [1756928640.564093004] [controller_server]: Exception in transformPose: Lookup would require extrapolation into the future.  Requested time 1756928639.714037 but the latest data is at time 1756928636.799190, when looking up transform from frame [odom] to frame [map]
[controller_server-2] [WARN] [1756928640.564225460] [controller_server]: Unable to transform robot pose into global plan's frame
[controller_server-2] [WARN] [1756928640.564413098] [controller_server]: Control loop missed its desired rate of 10.0000Hz
[controller_server-2] [INFO] [1756928640.564440927] [controller_server]: Passing new path to controller.
[controller_server-2] [ERROR] [1756928640.666197069] [controller_server]: Exception in transformPose: Lookup would require extrapolation into the future.  Requested time 1756928639.714037 but the latest data is at time 1756928636.799190, when looking up transform from frame [odom] to frame [map]
[controller_server-2] [WARN] [1756928640.666415767] [controller_server]: Unable to transform robot pose into global plan's frame
[controller_server-2] [WARN] [1756928640.666692210] [controller_server]: Control loop missed its desired rate of 10.0000Hz
[controller_server-2] [ERROR] [1756928640.770064521] [controller_server]: Exception in transformPose: Lookup would require extrapolation into the future.  Requested time 1756928639.714037 but the latest data is at time 1756928636.799190, when looking up transform from frame [odom] to frame [map]
[controller_server-2] [WARN] [1756928640.770167610] [controller_server]: Unable to transform robot pose into global plan's frame
[controller_server-2] [WARN] [1756928640.770337839] [controller_server]: Control loop missed its desired rate of 10.0000Hz
[controller_server-2] [ERROR] [1756928640.872284762] [controller_server]: Exception in transformPose: Lookup would require extrapolation into the future.  Requested time 1756928639.714037 but the latest data is at time 1756928636.799190, when looking up transform from frame [odom] to frame [map]
[controller_server-2] [WARN] [1756928640.872406408] [controller_server]: Unable to transform robot pose into global plan's frame
[controller_server-2] [WARN] [1756928640.872616750] [controller_server]: Control loop missed its desired rate of 10.0000Hz
[controller_server-2] [ERROR] [1756928640.976706015] [controller_server]: Exception in transformPose: Lookup would require extrapolation into the future.  Requested time 1756928639.714037 but the latest data is at time 1756928636.799190, when looking up transform from frame [odom] to frame [map]
[controller_server-2] [WARN] [1756928640.976825212] [controller_server]: Unable to transform robot pose into global plan's frame
[controller_server-2] [WARN] [1756928640.977061146] [controller_server]: Control loop missed its desired rate of 10.0000Hz
[controller_server-2] [ERROR] [1756928641.078773620] [controller_server]: Exception in transformPose: Lookup would require extrapolation into the future.  Requested time 1756928639.714037 but the latest data is at time 1756928636.799190, when looking up transform from frame [odom] to frame [map]
[controller_server-2] [WARN] [1756928641.078908188] [controller_server]: Unable to transform robot pose into global plan's frame
[controller_server-2] [WARN] [1756928641.079109177] [controller_server]: Control loop missed its desired rate of 10.0000Hz
[controller_server-2] [ERROR] [1756928641.182945088] [controller_server]: Exception in transformPose: Lookup would require extrapolation into the future.  Requested time 1756928639.714037 but the latest data is at time 1756928636.799190, when looking up transform from frame [odom] to frame [map]
[controller_server-2] [WARN] [1756928641.183056174] [controller_server]: Unable to transform robot pose into global plan's frame
[controller_server-2] [WARN] [1756928641.183249797] [controller_server]: Control loop missed its desired rate of 10.0000Hz
[controller_server-2] [ERROR] [1756928641.285254918] [controller_server]: Exception in transformPose: Lookup would require extrapolation into the future.  Requested time 1756928641.155073 but the latest data is at time 1756928636.799190, when looking up transform from frame [odom] to frame [map]
[controller_server-2] [WARN] [1756928641.285403176] [controller_server]: Unable to transform robot pose into global plan's frame
[controller_server-2] [WARN] [1756928641.285708380] [controller_server]: Control loop missed its desired rate of 10.0000Hz
[controller_server-2] [WARN] [1756928641.371297524] [controller_server]: Control loop missed its desired rate of 10.0000Hz
[controller_server-2] [INFO] [1756928641.563029395] [controller_server]: Passing new path to controller.
[controller_server-2] [INFO] [1756928642.563017835] [controller_server]: Passing new path to controller.
[explore-10] [ERROR] [1756928642.940773453] [explore_node]: Extrapolation Error looking up robot pose: Lookup would require extrapolation into the future.  Requested time 1756928642.636645 but the latest data is at time 1756928642.412154, when looking up transform from frame [base_link] to frame [map]
[explore-10] 
[controller_server-2] [ERROR] [1756928642.964106778] [controller_server]: Exception in transformPose: Lookup would require extrapolation into the future.  Requested time 1756928642.813985 but the latest data is at time 1756928642.412154, when looking up transform from frame [odom] to frame [map]
[controller_server-2] [WARN] [1756928642.964133877] [controller_server]: Unable to transform robot pose into global plan's frame
[controller_server-2] [WARN] [1756928642.964175851] [controller_server]: Control loop missed its desired rate of 10.0000Hz
[controller_server-2] [INFO] [1756928643.563022822] [controller_server]: Passing new path to controller.
[explore-10] [ERROR] [1756928644.064247936] [explore_node]: Extrapolation Error looking up robot pose: Lookup would require extrapolation into the future.  Requested time 1756928643.760031 but the latest data is at time 1756928643.413982, when looking up transform from frame [base_link] to frame [map]
[explore-10] 
[controller_server-2] [INFO] [1756928644.663019639] [controller_server]: Passing new path to controller.
[explore-10] [ERROR] [1756928645.379414353] [explore_node]: Extrapolation Error looking up robot pose: Lookup would require extrapolation into the future.  Requested time 1756928645.074643 but the latest data is at time 1756928643.520258, when looking up transform from frame [base_link] to frame [map]
[explore-10] 
[controller_server-2] [ERROR] [1756928645.463980480] [controller_server]: Exception in transformPose: Lookup would require extrapolation into the future.  Requested time 1756928643.914367 but the latest data is at time 1756928643.671629, when looking up transform from frame [odom] to frame [map]
[controller_server-2] [WARN] [1756928645.464100601] [controller_server]: Unable to transform robot pose into global plan's frame
[controller_server-2] [WARN] [1756928645.464290984] [controller_server]: Control loop missed its desired rate of 10.0000Hz
[controller_server-2] [ERROR] [1756928645.567499055] [controller_server]: Exception in transformPose: Lookup would require extrapolation into the future.  Requested time 1756928645.331577 but the latest data is at time 1756928643.671629, when looking up transform from frame [odom] to frame [map]
[controller_server-2] [WARN] [1756928645.567607719] [controller_server]: Unable to transform robot pose into global plan's frame
[controller_server-2] [WARN] [1756928645.567790322] [controller_server]: Control loop missed its desired rate of 10.0000Hz
[controller_server-2] [ERROR] [1756928645.669359184] [controller_server]: Exception in transformPose: Lookup would require extrapolation into the future.  Requested time 1756928645.331577 but the latest data is at time 1756928643.671629, when looking up transform from frame [odom] to frame [map]
[controller_server-2] [WARN] [1756928645.669465582] [controller_server]: Unable to transform robot pose into global plan's frame
[controller_server-2] [WARN] [1756928645.669641119] [controller_server]: Control loop missed its desired rate of 10.0000Hz
[controller_server-2] [INFO] [1756928645.669669202] [controller_server]: Passing new path to controller.
[controller_server-2] [WARN] [1756928645.763160163] [controller_server]: Control loop missed its desired rate of 10.0000Hz
[controller_server-2] [WARN] [1756928645.763541697] [controller_server]: RegulatedPurePursuitController detected collision ahead!
[controller_server-2] [WARN] [1756928645.863488634] [controller_server]: RegulatedPurePursuitController detected collision ahead!
[controller_server-2] [WARN] [1756928645.963982213] [controller_server]: RegulatedPurePursuitController detected collision ahead!
[controller_server-2] [WARN] [1756928646.063698680] [controller_server]: RegulatedPurePursuitController detected collision ahead!
[controller_server-2] [WARN] [1756928646.164015483] [controller_server]: RegulatedPurePursuitController detected collision ahead!
[controller_server-2] [WARN] [1756928646.263992050] [controller_server]: RegulatedPurePursuitController detected collision ahead!
[controller_server-2] [WARN] [1756928646.363999576] [controller_server]: RegulatedPurePursuitController detected collision ahead!
[controller_server-2] [WARN] [1756928646.463847912] [controller_server]: RegulatedPurePursuitController detected collision ahead!
[controller_server-2] [WARN] [1756928646.563495689] [controller_server]: RegulatedPurePursuitController detected collision ahead!
[controller_server-2] [INFO] [1756928646.663010719] [controller_server]: Passing new path to controller.
[controller_server-2] [WARN] [1756928646.663829106] [controller_server]: RegulatedPurePursuitController detected collision ahead!
[controller_server-2] [WARN] [1756928646.763982403] [controller_server]: RegulatedPurePursuitController detected collision ahead!
[controller_server-2] [WARN] [1756928646.863974321] [controller_server]: RegulatedPurePursuitController detected collision ahead!
[controller_server-2] [WARN] [1756928646.963973932] [controller_server]: RegulatedPurePursuitController detected collision ahead!
[controller_server-2] [WARN] [1756928647.063985902] [controller_server]: RegulatedPurePursuitController detected collision ahead!
[controller_server-2] [WARN] [1756928647.164003989] [controller_server]: RegulatedPurePursuitController detected collision ahead!
[controller_server-2] [WARN] [1756928647.263990173] [controller_server]: RegulatedPurePursuitController detected collision ahead!
[controller_server-2] [WARN] [1756928647.364030040] [controller_server]: RegulatedPurePursuitController detected collision ahead!
[explore-10] [ERROR] [1756928647.424668759] [explore_node]: Extrapolation Error looking up robot pose: Lookup would require extrapolation into the future.  Requested time 1756928647.119817 but the latest data is at time 1756928647.113915, when looking up transform from frame [base_link] to frame [map]
[explore-10] 
[controller_server-2] [WARN] [1756928647.463365502] [controller_server]: RegulatedPurePursuitController detected collision ahead!
[controller_server-2] [WARN] [1756928647.563980469] [controller_server]: RegulatedPurePursuitController detected collision ahead!
[controller_server-2] [WARN] [1756928647.663675874] [controller_server]: RegulatedPurePursuitController detected collision ahead!
[controller_server-2] [INFO] [1756928647.763006994] [controller_server]: Passing new path to controller.
[controller_server-2] [WARN] [1756928647.804655818] [controller_server]: RegulatedPurePursuitController detected collision ahead!
[controller_server-2] [ERROR] [1756928647.804742903] [controller_server]: Controller patience exceeded
[controller_server-2] [WARN] [1756928647.804817802] [controller_server]: [follow_path] [ActionServer] Aborting handle.
[controller_server-2] [INFO] [1756928647.822301654] [local_costmap.local_costmap]: Received request to clear entirely the local_costmap
[controller_server-2] [INFO] [1756928647.822905368] [controller_server]: Received a goal, begin computing control effort.
[controller_server-2] [WARN] [1756928648.014020483] [controller_server]: RegulatedPurePursuitController detected collision ahead!
[controller_server-2] [WARN] [1756928648.014233976] [controller_server]: Control loop missed its desired rate of 10.0000Hz
[controller_server-2] [WARN] [1756928648.015161957] [controller_server]: RegulatedPurePursuitController detected collision ahead!
[controller_server-2] [WARN] [1756928648.023968608] [controller_server]: RegulatedPurePursuitController detected collision ahead!
[controller_server-2] [WARN] [1756928648.124018349] [controller_server]: RegulatedPurePursuitController detected collision ahead!
[controller_server-2] [WARN] [1756928648.224041845] [controller_server]: RegulatedPurePursuitController detected collision ahead!
[controller_server-2] [WARN] [1756928648.323746582] [controller_server]: RegulatedPurePursuitController detected collision ahead!
[controller_server-2] [WARN] [1756928648.423156318] [controller_server]: RegulatedPurePursuitController detected collision ahead!
[controller_server-2] [WARN] [1756928648.524020806] [controller_server]: RegulatedPurePursuitController detected collision ahead!
[controller_server-2] [WARN] [1756928648.623996350] [controller_server]: RegulatedPurePursuitController detected collision ahead!
[controller_server-2] [INFO] [1756928648.723003086] [controller_server]: Passing new path to controller.
[controller_server-2] [WARN] [1756928648.724321677] [controller_server]: RegulatedPurePursuitController detected collision ahead!
[explore-10] [ERROR] [1756928648.726603918] [explore_node]: Extrapolation Error looking up robot pose: Lookup would require extrapolation into the future.  Requested time 1756928648.421317 but the latest data is at time 1756928647.713921, when looking up transform from frame [base_link] to frame [map]
[explore-10] 
[controller_server-2] [WARN] [1756928648.824006403] [controller_server]: RegulatedPurePursuitController detected collision ahead!
[controller_server-2] [WARN] [1756928648.924009487] [controller_server]: RegulatedPurePursuitController detected collision ahead!
[controller_server-2] [WARN] [1756928649.024057370] [controller_server]: RegulatedPurePursuitController detected collision ahead!
[controller_server-2] [WARN] [1756928649.124021412] [controller_server]: RegulatedPurePursuitController detected collision ahead!
[controller_server-2] [WARN] [1756928649.223993951] [controller_server]: RegulatedPurePursuitController detected collision ahead!
[controller_server-2] [WARN] [1756928649.323991436] [controller_server]: RegulatedPurePursuitController detected collision ahead!
[controller_server-2] [WARN] [1756928649.423163860] [controller_server]: RegulatedPurePursuitController detected collision ahead!
[controller_server-2] [WARN] [1756928649.584668727] [controller_server]: RegulatedPurePursuitController detected collision ahead!
[controller_server-2] [WARN] [1756928649.623465468] [controller_server]: RegulatedPurePursuitController detected collision ahead!
[controller_server-2] [WARN] [1756928649.724026318] [controller_server]: RegulatedPurePursuitController detected collision ahead!
[controller_server-2] [INFO] [1756928649.823069213] [controller_server]: Passing new path to controller.
[controller_server-2] [WARN] [1756928649.823902294] [controller_server]: RegulatedPurePursuitController detected collision ahead!
[controller_server-2] [ERROR] [1756928649.823934852] [controller_server]: Controller patience exceeded
[controller_server-2] [WARN] [1756928649.824009560] [controller_server]: [follow_path] [ActionServer] Aborting handle.
[behavior_server-5] [INFO] [1756928649.852964618] [behavior_server]: Running backup
[behavior_server-5] [WARN] [1756928649.853353215] [behavior_server]: Collision Ahead - Exiting DriveOnHeading
[behavior_server-5] [WARN] [1756928649.853388003] [behavior_server]: backup failed
[behavior_server-5] [WARN] [1756928649.853406603] [behavior_server]: [backup] [ActionServer] Aborting handle.
[controller_server-2] [INFO] [1756928649.882649101] [local_costmap.local_costmap]: Received request to clear entirely the local_costmap
[planner_server-4] [INFO] [1756928649.884025147] [global_costmap.global_costmap]: Received request to clear entirely the global_costmap
[explore-10] [ERROR] [1756928649.949811488] [explore_node]: Extrapolation Error looking up robot pose: Lookup would require extrapolation into the future.  Requested time 1756928649.645583 but the latest data is at time 1756928649.613963, when looking up transform from frame [base_link] to frame [map]
[explore-10] 
[controller_server-2] [INFO] [1756928650.062903827] [controller_server]: Received a goal, begin computing control effort.
[controller_server-2] [WARN] [1756928650.064384690] [controller_server]: RegulatedPurePursuitController detected collision ahead!
[controller_server-2] [WARN] [1756928650.164281824] [controller_server]: RegulatedPurePursuitController detected collision ahead!
[controller_server-2] [WARN] [1756928650.264266886] [controller_server]: RegulatedPurePursuitController detected collision ahead!
[controller_server-2] [WARN] [1756928650.364193841] [controller_server]: RegulatedPurePursuitController detected collision ahead!
[controller_server-2] [WARN] [1756928650.464183786] [controller_server]: RegulatedPurePursuitController detected collision ahead!
[controller_server-2] [WARN] [1756928650.563934519] [controller_server]: RegulatedPurePursuitController detected collision ahead!
[controller_server-2] [WARN] [1756928650.663775247] [controller_server]: RegulatedPurePursuitController detected collision ahead!
[controller_server-2] [ERROR] [1756928650.865003204] [controller_server]: Exception in transformPose: Lookup would require extrapolation into the future.  Requested time 1756928650.463989 but the latest data is at time 1756928649.831231, when looking up transform from frame [odom] to frame [map]
[controller_server-2] [WARN] [1756928650.865170713] [controller_server]: Unable to transform robot pose into global plan's frame
[controller_server-2] [WARN] [1756928650.865476285] [controller_server]: Control loop missed its desired rate of 10.0000Hz
[explore-10] [ERROR] [1756928650.950855266] [explore_node]: Extrapolation Error looking up robot pose: Lookup would require extrapolation into the future.  Requested time 1756928650.647409 but the latest data is at time 1756928650.463989, when looking up transform from frame [base_link] to frame [map]
[explore-10] 
[controller_server-2] [ERROR] [1756928650.969638115] [controller_server]: Exception in transformPose: Lookup would require extrapolation into the future.  Requested time 1756928650.463989 but the latest data is at time 1756928649.831231, when looking up transform from frame [odom] to frame [map]
[controller_server-2] [WARN] [1756928650.969712804] [controller_server]: Unable to transform robot pose into global plan's frame
[controller_server-2] [WARN] [1756928650.969864085] [controller_server]: Control loop missed its desired rate of 10.0000Hz
[controller_server-2] [ERROR] [1756928651.071608638] [controller_server]: Exception in transformPose: Lookup would require extrapolation into the future.  Requested time 1756928650.463989 but the latest data is at time 1756928649.831231, when looking up transform from frame [odom] to frame [map]
[controller_server-2] [WARN] [1756928651.071764934] [controller_server]: Unable to transform robot pose into global plan's frame
[controller_server-2] [WARN] [1756928651.072082995] [controller_server]: Control loop missed its desired rate of 10.0000Hz
[controller_server-2] [ERROR] [1756928651.175876052] [controller_server]: Exception in transformPose: Lookup would require extrapolation into the future.  Requested time 1756928650.463989 but the latest data is at time 1756928649.831231, when looking up transform from frame [odom] to frame [map]
[controller_server-2] [WARN] [1756928651.176024604] [controller_server]: Unable to transform robot pose into global plan's frame
[controller_server-2] [WARN] [1756928651.176325047] [controller_server]: Control loop missed its desired rate of 10.0000Hz
[controller_server-2] [INFO] [1756928651.176380517] [controller_server]: Passing new path to controller.
[controller_server-2] [ERROR] [1756928651.277956551] [controller_server]: Exception in transformPose: Lookup would require extrapolation into the future.  Requested time 1756928650.463989 but the latest data is at time 1756928649.831231, when looking up transform from frame [odom] to frame [map]
[controller_server-2] [WARN] [1756928651.278096626] [controller_server]: Unable to transform robot pose into global plan's frame
[controller_server-2] [WARN] [1756928651.278295569] [controller_server]: Control loop missed its desired rate of 10.0000Hz
[controller_server-2] [WARN] [1756928651.382551378] [controller_server]: RegulatedPurePursuitController detected collision ahead!
[controller_server-2] [WARN] [1756928651.382737278] [controller_server]: Control loop missed its desired rate of 10.0000Hz
[controller_server-2] [WARN] [1756928651.383741348] [controller_server]: RegulatedPurePursuitController detected collision ahead!
[controller_server-2] [WARN] [1756928651.465176249] [controller_server]: RegulatedPurePursuitController detected collision ahead!
[controller_server-2] [WARN] [1756928651.564127792] [controller_server]: RegulatedPurePursuitController detected collision ahead!
[controller_server-2] [WARN] [1756928651.665000626] [controller_server]: RegulatedPurePursuitController detected collision ahead!
[controller_server-2] [WARN] [1756928651.763422817] [controller_server]: RegulatedPurePursuitController detected collision ahead!
[controller_server-2] [WARN] [1756928651.864202669] [controller_server]: RegulatedPurePursuitController detected collision ahead!
[controller_server-2] [WARN] [1756928651.964184852] [controller_server]: RegulatedPurePursuitController detected collision ahead!
[controller_server-2] [WARN] [1756928652.063300289] [controller_server]: RegulatedPurePursuitController detected collision ahead!
[controller_server-2] [ERROR] [1756928652.063328999] [controller_server]: Controller patience exceeded
[controller_server-2] [WARN] [1756928652.063347105] [controller_server]: [follow_path] [ActionServer] Aborting handle.
[controller_server-2] [INFO] [1756928652.082424151] [local_costmap.local_costmap]: Received request to clear entirely the local_costmap
[controller_server-2] [INFO] [1756928652.083896851] [controller_server]: Received a goal, begin computing control effort.
[controller_server-2] [INFO] [1756928652.214087866] [controller_server]: Passing new path to controller.
[controller_server-2] [WARN] [1756928652.214356007] [controller_server]: RegulatedPurePursuitController detected collision ahead!
[controller_server-2] [WARN] [1756928652.214382942] [controller_server]: Control loop missed its desired rate of 10.0000Hz
[controller_server-2] [WARN] [1756928652.214544945] [controller_server]: RegulatedPurePursuitController detected collision ahead!
[controller_server-2] [WARN] [1756928652.285268303] [controller_server]: RegulatedPurePursuitController detected collision ahead!
[controller_server-2] [WARN] [1756928652.385276330] [controller_server]: RegulatedPurePursuitController detected collision ahead!
[controller_server-2] [WARN] [1756928652.485145765] [controller_server]: RegulatedPurePursuitController detected collision ahead!
[controller_server-2] [WARN] [1756928652.585266960] [controller_server]: RegulatedPurePursuitController detected collision ahead!
[controller_server-2] [WARN] [1756928652.685086258] [controller_server]: RegulatedPurePursuitController detected collision ahead!
[controller_server-2] [WARN] [1756928652.785274669] [controller_server]: RegulatedPurePursuitController detected collision ahead!
[controller_server-2] [WARN] [1756928652.885225298] [controller_server]: RegulatedPurePursuitController detected collision ahead!
[controller_server-2] [WARN] [1756928652.985245292] [controller_server]: RegulatedPurePursuitController detected collision ahead!
[controller_server-2] [WARN] [1756928653.084358381] [controller_server]: RegulatedPurePursuitController detected collision ahead!
[controller_server-2] [INFO] [1756928653.184097109] [controller_server]: Passing new path to controller.
[controller_server-2] [WARN] [1756928653.184595792] [controller_server]: RegulatedPurePursuitController detected collision ahead!
[controller_server-2] [WARN] [1756928653.285332712] [controller_server]: RegulatedPurePursuitContro